date,sh.000001,sh.601288,sh.601398,sh.601939,sh.601988
2011-01-04,2852.65000000,2.67000000,4.24000000,4.66000000,3.26000000
2011-01-05,2838.59000000,2.63000000,4.19000000,4.65000000,3.23000000
2011-01-06,2824.20000000,2.61000000,4.16000000,4.58000000,3.22000000
2011-01-07,2838.80000000,2.65000000,4.30000000,4.73000000,3.27000000
2011-01-10,2791.81000000,2.63000000,4.24000000,4.77000000,3.23000000
2011-01-11,2804.05000000,2.63000000,4.26000000,4.84000000,3.25000000
2011-01-12,2821.30000000,2.66000000,4.29000000,4.85000000,3.27000000
2011-01-13,2827.71000000,2.67000000,4.34000000,4.92000000,3.28000000
2011-01-14,2791.34000000,2.65000000,4.35000000,4.91000000,3.25000000
2011-01-17,2706.66000000,2.59000000,4.23000000,4.71000000,3.20000000
2011-01-18,2708.98000000,2.60000000,4.26000000,4.74000000,3.21000000
2011-01-19,2758.10000000,2.61000000,4.23000000,4.77000000,3.21000000
2011-01-20,2677.65000000,2.58000000,4.15000000,4.66000000,3.17000000
2011-01-21,2715.29000000,2.62000000,4.22000000,4.72000000,3.21000000
2011-01-24,2695.72000000,2.59000000,4.19000000,4.67000000,3.20000000
2011-01-25,2677.43000000,2.60000000,4.19000000,4.65000000,3.23000000
2011-01-26,2708.81000000,2.61000000,4.20000000,4.66000000,3.24000000
2011-01-27,2749.15000000,2.62000000,4.24000000,4.71000000,3.25000000
2011-01-28,2752.75000000,2.61000000,4.21000000,4.66000000,
2011-01-31,2790.69000000,2.62000000,4.25000000,4.80000000,3.24000000
2011-02-01,2798.96000000,2.62000000,4.26000000,4.82000000,3.24000000
2011-02-09,2774.06000000,2.60000000,4.24000000,4.81000000,3.22000000
2011-02-10,2818.16000000,2.61000000,4.27000000,4.86000000,3.24000000
2011-02-11,2827.33000000,2.61000000,4.29000000,4.88000000,3.24000000
2011-02-14,2899.13000000,2.68000000,4.37000000,4.95000000,3.29000000
2011-02-15,2899.24000000,2.66000000,4.34000000,4.94000000,3.28000000
2011-02-16,2923.90000000,2.67000000,4.34000000,4.90000000,3.29000000
2011-02-17,2926.96000000,2.67000000,4.33000000,4.90000000,3.29000000
2011-02-18,2899.79000000,2.65000000,4.33000000,4.90000000,3.28000000
2011-02-21,2932.25000000,2.65000000,4.30000000,4.90000000,3.27000000
2011-02-22,2855.52000000,2.60000000,4.23000000,4.85000000,3.24000000
2011-02-23,2862.63000000,2.60000000,4.23000000,4.85000000,3.23000000
2011-02-24,2878.60000000,2.60000000,4.24000000,4.85000000,3.23000000
2011-02-25,2878.56000000,2.61000000,4.27000000,4.88000000,3.24000000
2011-02-28,2905.05000000,2.61000000,4.26000000,4.82000000,3.24000000
2011-03-01,2918.92000000,2.62000000,4.27000000,4.85000000,3.25000000
2011-03-02,2913.81000000,,4.28000000,4.87000000,3.27000000
2011-03-03,2902.98000000,2.67000000,4.30000000,4.94000000,3.30000000
2011-03-04,2942.31000000,2.68000000,4.35000000,4.96000000,3.31000000
2011-03-07,2996.21000000,2.70000000,4.40000000,4.99000000,3.33000000
2011-03-08,2999.94000000,2.70000000,4.41000000,5.00000000,3.34000000
2011-03-09,3002.15000000,2.69000000,4.42000000,4.99000000,3.41000000
2011-03-10,2957.14000000,2.66000000,4.35000000,4.94000000,3.34000000
2011-03-11,2933.80000000,2.64000000,4.30000000,4.90000000,3.31000000
2011-03-14,2937.63000000,2.63000000,4.29000000,4.89000000,3.27000000
2011-03-15,2896.26000000,2.63000000,4.27000000,4.86000000,3.26000000
2011-03-16,2930.80000000,2.64000000,4.31000000,4.89000000,3.27000000
2011-03-17,2897.30000000,2.62000000,4.27000000,4.89000000,3.24000000
2011-03-18,2906.89000000,2.63000000,4.26000000,4.86000000,3.23000000
2011-03-21,2909.14000000,2.65000000,4.34000000,4.89000000,3.24000000
2011-03-22,2919.14000000,2.66000000,4.36000000,4.92000000,3.26000000
2011-03-23,2948.48000000,2.67000000,4.40000000,4.97000000,3.28000000
2011-03-24,2946.71000000,2.68000000,4.41000000,4.99000000,3.29000000
2011-03-25,2977.81000000,2.70000000,4.46000000,5.04000000,3.35000000
2011-03-28,2984.00000000,2.72000000,4.50000000,5.03000000,3.35000000
2011-03-29,2958.08000000,2.74000000,4.51000000,5.02000000,3.34000000
2011-03-30,2955.77000000,2.75000000,4.52000000,5.03000000,3.36000000
2011-03-31,2928.11000000,2.76000000,4.47000000,4.97000000,3.33000000
2011-04-01,2967.41000000,2.79000000,4.50000000,5.01000000,3.37000000
2011-04-06,3001.36000000,2.86000000,4.58000000,5.09000000,3.41000000
2011-04-07,3007.91000000,2.87000000,4.57000000,5.09000000,3.41000000
2011-04-08,3030.02000000,2.86000000,4.55000000,5.10000000,3.40000000
2011-04-11,3022.75000000,2.87000000,4.59000000,5.13000000,3.38000000
2011-04-12,3021.37000000,2.84000000,4.61000000,5.12000000,3.39000000
2011-04-13,3050.40000000,2.90000000,4.63000000,5.17000000,3.43000000
2011-04-14,3042.64000000,2.96000000,4.63000000,5.22000000,3.44000000
2011-04-15,3050.53000000,2.98000000,4.70000000,5.28000000,3.46000000
2011-04-18,3057.33000000,2.98000000,4.67000000,5.34000000,3.46000000
2011-04-19,2999.04000000,2.91000000,4.56000000,5.23000000,3.40000000
2011-04-20,3007.04000000,2.94000000,4.56000000,5.23000000,3.40000000
2011-04-21,3026.67000000,2.92000000,4.58000000,5.24000000,3.40000000
2011-04-22,3010.52000000,2.88000000,4.54000000,5.18000000,3.39000000
2011-04-25,2964.95000000,2.88000000,4.49000000,5.15000000,3.36000000
2011-04-26,2938.98000000,2.88000000,4.50000000,5.12000000,3.35000000
2011-04-27,2925.41000000,2.90000000,4.54000000,5.16000000,3.37000000
2011-04-28,2887.04000000,2.96000000,4.59000000,5.19000000,3.38000000
2011-04-29,2911.51000000,2.94000000,4.56000000,5.21000000,3.37000000
2011-05-03,2932.19000000,2.92000000,4.57000000,5.20000000,3.40000000
2011-05-04,2866.02000000,2.86000000,4.53000000,5.12000000,3.37000000
2011-05-05,2872.40000000,2.93000000,4.60000000,5.19000000,3.41000000
2011-05-06,2863.89000000,2.92000000,4.58000000,5.14000000,3.39000000
2011-05-09,2872.46000000,2.89000000,4.57000000,5.10000000,3.38000000
2011-05-10,2890.63000000,2.93000000,4.57000000,5.14000000,3.38000000
2011-05-11,2883.42000000,2.91000000,4.54000000,5.13000000,3.38000000
2011-05-12,2844.08000000,2.88000000,4.49000000,5.07000000,3.36000000
2011-05-13,2871.03000000,2.90000000,4.58000000,5.12000000,3.38000000
2011-05-16,2849.07000000,2.88000000,4.51000000,5.07000000,3.36000000
2011-05-17,2852.77000000,2.89000000,4.50000000,5.06000000,3.36000000
2011-05-18,2872.77000000,2.92000000,4.56000000,5.10000000,3.39000000
2011-05-19,2859.57000000,2.92000000,4.57000000,5.12000000,3.38000000
2011-05-20,2858.46000000,2.93000000,4.54000000,5.12000000,3.38000000
2011-05-23,2774.57000000,2.87000000,4.46000000,4.99000000,3.33000000
2011-05-24,2767.06000000,2.85000000,4.44000000,4.97000000,3.31000000
2011-05-25,2741.74000000,2.78000000,4.36000000,4.91000000,3.28000000
2011-05-26,2736.53000000,2.80000000,4.41000000,4.96000000,3.30000000
2011-05-27,2709.95000000,2.78000000,4.39000000,4.93000000,
2011-05-30,2706.36000000,2.84000000,4.56000000,5.00000000,3.34000000
2011-05-31,2743.47000000,2.84000000,,5.04000000,3.34000000
2011-06-01,2743.57000000,2.84000000,4.48000000,5.05000000,3.33000000
2011-06-02,2705.18000000,2.77000000,4.44000000,4.88000000,3.29000000
2011-06-03,2728.02000000,2.80000000,4.41000000,4.95000000,3.31000000
2011-06-07,2744.30000000,2.78000000,4.43000000,4.95000000,3.33000000
2011-06-08,2750.29000000,,4.42000000,4.93000000,3.34000000
2011-06-09,2703.34000000,2.73000000,4.37000000,,3.34000000
2011-06-10,2705.14000000,2.73000000,4.42000000,4.91000000,3.16000000
2011-06-13,2700.38000000,2.73000000,4.52000000,4.93000000,3.14000000
2011-06-14,2730.04000000,2.73000000,4.45000000,4.91000000,3.14000000
2011-06-15,2705.43000000,2.71000000,4.27000000,4.90000000,3.12000000
2011-06-16,2664.28000000,2.71000000,4.28000000,4.87000000,3.10000000
2011-06-17,2642.82000000,2.64000000,4.29000000,4.92000000,3.09000000
2011-06-20,2621.25000000,2.64000000,4.26000000,4.92000000,3.05000000
2011-06-21,2646.48000000,2.65000000,4.30000000,4.94000000,3.05000000
2011-06-22,2649.32000000,2.70000000,4.33000000,4.99000000,3.10000000
2011-06-23,2688.25000000,2.73000000,4.38000000,5.06000000,3.17000000
2011-06-24,2746.21000000,2.79000000,4.48000000,4.96000000,3.25000000
2011-06-27,2758.23000000,2.80000000,4.48000000,5.00000000,3.22000000
2011-06-28,2759.20000000,2.79000000,4.50000000,4.99000000,3.19000000
2011-06-29,2728.48000000,2.78000000,4.46000000,4.95000000,3.15000000
2011-06-30,2762.08000000,2.80000000,4.46000000,4.94000000,3.14000000
2011-07-01,2759.36000000,2.74000000,4.38000000,4.92000000,3.14000000
2011-07-04,2812.82000000,2.77000000,4.42000000,4.95000000,3.17000000
2011-07-05,2816.35000000,2.74000000,4.41000000,4.90000000,3.16000000
2011-07-06,2810.48000000,2.70000000,4.37000000,4.83000000,3.12000000
2011-07-07,2794.27000000,2.67000000,4.31000000,4.83000000,3.11000000
2011-07-08,2797.77000000,2.69000000,4.34000000,4.84000000,3.13000000
2011-07-11,2802.69000000,2.68000000,4.33000000,4.82000000,3.13000000
2011-07-12,2754.58000000,2.66000000,4.29000000,4.77000000,3.09000000
2011-07-13,2795.48000000,2.71000000,4.34000000,4.84000000,3.13000000
2011-07-14,2810.44000000,2.70000000,4.38000000,4.87000000,3.13000000
2011-07-15,2820.17000000,2.70000000,4.40000000,4.89000000,3.12000000
2011-07-18,2816.69000000,2.73000000,4.36000000,4.90000000,3.11000000
2011-07-19,2796.98000000,2.72000000,4.36000000,4.88000000,3.10000000
2011-07-20,2794.21000000,2.72000000,4.37000000,4.88000000,3.09000000
2011-07-21,2765.89000000,2.71000000,4.37000000,4.87000000,3.08000000
2011-07-22,2770.79000000,2.69000000,4.36000000,4.81000000,3.09000000
2011-07-25,2688.75000000,2.64000000,4.29000000,4.74000000,3.05000000
2011-07-26,2703.03000000,2.65000000,4.29000000,4.73000000,3.06000000
2011-07-27,2723.49000000,2.65000000,4.28000000,4.71000000,3.05000000
2011-07-28,2708.78000000,2.64000000,4.20000000,4.66000000,3.03000000
2011-07-29,2701.73000000,2.68000000,4.25000000,4.71000000,3.08000000
2011-08-01,2703.78000000,2.68000000,4.24000000,4.71000000,3.05000000
2011-08-02,2679.26000000,2.65000000,4.20000000,4.67000000,3.03000000
2011-08-03,2678.49000000,2.67000000,4.18000000,4.63000000,3.02000000
2011-08-04,2684.04000000,2.66000000,4.16000000,4.62000000,3.03000000
2011-08-05,2626.42000000,2.62000000,4.11000000,4.53000000,2.99000000
2011-08-08,2526.82000000,2.58000000,4.03000000,4.49000000,2.93000000
2011-08-09,2526.07000000,2.59000000,4.10000000,4.51000000,2.94000000
2011-08-10,2549.18000000,2.59000000,4.15000000,4.51000000,2.95000000
2011-08-11,2581.51000000,2.62000000,4.16000000,4.54000000,2.97000000
2011-08-12,2593.17000000,2.62000000,4.14000000,4.53000000,2.98000000
2011-08-15,2626.77000000,2.64000000,4.19000000,4.58000000,3.00000000
2011-08-16,2608.17000000,2.63000000,4.16000000,4.55000000,2.99000000
2011-08-17,2601.26000000,2.63000000,4.18000000,4.57000000,2.99000000
2011-08-18,2559.47000000,2.59000000,4.18000000,,2.96000000
2011-08-19,2534.36000000,2.57000000,4.13000000,4.49000000,2.94000000
2011-08-22,2515.86000000,2.57000000,4.08000000,4.45000000,2.93000000
2011-08-23,2554.02000000,2.60000000,4.11000000,4.48000000,2.96000000
2011-08-24,2541.09000000,2.58000000,4.08000000,4.49000000,2.95000000
2011-08-25,2615.26000000,2.64000000,4.18000000,4.61000000,3.02000000
2011-08-26,2612.19000000,2.62000000,4.16000000,4.56000000,3.00000000
2011-08-29,2576.41000000,2.60000000,4.08000000,4.50000000,2.97000000
2011-08-30,2566.59000000,2.60000000,4.10000000,4.54000000,2.99000000
2011-08-31,2567.34000000,2.61000000,4.14000000,4.59000000,3.00000000
2011-09-01,2556.04000000,2.60000000,4.13000000,4.57000000,3.00000000
2011-09-02,2528.28000000,2.58000000,4.10000000,4.53000000,2.97000000
2011-09-05,2478.74000000,2.55000000,4.08000000,4.49000000,2.93000000
2011-09-06,2470.52000000,2.56000000,4.07000000,4.50000000,2.92000000
2011-09-07,2516.09000000,2.58000000,4.12000000,4.54000000,2.95000000
2011-09-08,2498.94000000,2.58000000,4.15000000,4.55000000,2.94000000
2011-09-09,2497.75000000,2.58000000,4.18000000,4.57000000,2.95000000
2011-09-13,2471.30000000,2.57000000,4.14000000,4.53000000,2.94000000
2011-09-14,2484.83000000,2.56000000,4.09000000,4.54000000,2.93000000
2011-09-15,2479.05000000,2.54000000,4.08000000,4.49000000,2.93000000
2011-09-16,2482.34000000,2.55000000,4.10000000,4.51000000,2.95000000
2011-09-19,2437.79000000,2.52000000,4.07000000,4.47000000,2.91000000
2011-09-20,2447.75000000,2.53000000,4.07000000,4.48000000,2.91000000
2011-09-21,2512.96000000,2.56000000,4.12000000,4.53000000,2.94000000
2011-09-22,2443.06000000,2.52000000,4.00000000,4.44000000,2.89000000
2011-09-23,2433.16000000,2.51000000,4.01000000,4.43000000,2.89000000
2011-09-26,2393.18000000,2.48000000,3.95000000,4.34000000,2.85000000
2011-09-27,2415.05000000,2.48000000,4.00000000,4.38000000,2.88000000
2011-09-28,2392.06000000,2.47000000,3.99000000,4.35000000,2.86000000
2011-09-29,2365.34000000,2.46000000,3.98000000,4.37000000,2.85000000
2011-09-30,2359.22000000,2.46000000,3.98000000,4.40000000,2.85000000
2011-10-10,2344.79000000,2.47000000,3.99000000,4.41000000,2.87000000
2011-10-11,2348.52000000,2.52000000,4.05000000,4.52000000,2.93000000
2011-10-12,2420.00000000,2.58000000,4.12000000,4.59000000,2.97000000
2011-10-13,2438.79000000,2.59000000,4.13000000,4.60000000,2.99000000
2011-10-14,2431.38000000,2.60000000,4.14000000,4.62000000,3.00000000
2011-10-17,2440.40000000,2.61000000,4.15000000,4.64000000,3.01000000
2011-10-18,2383.49000000,2.62000000,4.17000000,4.65000000,3.02000000
2011-10-19,2377.51000000,2.59000000,4.18000000,4.64000000,2.99000000
2011-10-20,2331.37000000,2.55000000,4.16000000,4.56000000,2.95000000
2011-10-21,2317.27000000,2.58000000,4.15000000,4.58000000,2.96000000
2011-10-24,2370.33000000,2.63000000,4.19000000,4.65000000,3.00000000
2011-10-25,2409.67000000,2.66000000,4.24000000,4.74000000,3.01000000
2011-10-26,2427.48000000,2.65000000,4.26000000,4.74000000,3.01000000
2011-10-27,2435.61000000,2.68000000,4.30000000,4.80000000,3.01000000
2011-10-28,2473.41000000,2.68000000,4.30000000,4.80000000,3.02000000
2011-10-31,2468.25000000,2.68000000,4.32000000,4.82000000,3.00000000
2011-11-01,2470.02000000,2.67000000,4.30000000,4.85000000,3.00000000
2011-11-02,2504.11000000,2.68000000,4.32000000,4.90000000,3.02000000
2011-11-03,2508.09000000,2.66000000,4.32000000,4.87000000,3.02000000
2011-11-04,2528.29000000,2.67000000,4.34000000,4.89000000,3.04000000
2011-11-07,2509.80000000,2.64000000,4.31000000,4.86000000,3.02000000
2011-11-08,2503.84000000,2.64000000,4.33000000,4.88000000,3.01000000
2011-11-09,2524.92000000,2.66000000,4.36000000,4.88000000,3.01000000
2011-11-10,2479.54000000,2.63000000,4.24000000,4.74000000,2.99000000
2011-11-11,2481.08000000,2.65000000,4.29000000,4.78000000,2.99000000
2011-11-14,2528.71000000,2.66000000,4.35000000,4.86000000,3.02000000
2011-11-15,2529.76000000,2.64000000,4.32000000,4.84000000,3.00000000
2011-11-16,2466.96000000,2.59000000,4.28000000,4.75000000,2.95000000
2011-11-17,2463.05000000,2.59000000,4.30000000,4.76000000,2.96000000
2011-11-18,2416.56000000,2.55000000,4.30000000,4.72000000,2.93000000
2011-11-21,2415.13000000,2.54000000,4.25000000,4.71000000,2.91000000
2011-11-22,2412.62000000,2.54000000,4.22000000,4.68000000,2.91000000
2011-11-23,2395.06000000,2.56000000,4.24000000,4.72000000,2.89000000
2011-11-24,2397.55000000,2.57000000,4.28000000,4.75000000,2.90000000
2011-11-25,2380.22000000,2.54000000,4.22000000,4.73000000,2.89000000
2011-11-28,2383.03000000,2.55000000,4.23000000,4.71000000,2.90000000
2011-11-29,2412.39000000,2.57000000,,4.73000000,2.93000000
2011-11-30,2333.41000000,2.54000000,4.19000000,4.69000000,2.88000000
2011-12-01,2386.86000000,2.60000000,4.28000000,4.77000000,2.95000000
2011-12-02,2359.35000000,2.57000000,4.25000000,4.75000000,2.95000000
2011-12-05,2332.05000000,2.59000000,4.28000000,4.82000000,2.96000000
2011-12-06,2325.91000000,2.56000000,4.20000000,4.79000000,2.93000000
2011-12-07,2332.73000000,2.57000000,4.17000000,4.77000000,2.91000000
2011-12-08,2329.82000000,2.58000000,4.16000000,4.76000000,2.92000000
2011-12-09,2315.27000000,2.59000000,4.17000000,4.77000000,2.92000000
2011-12-12,2291.54000000,2.57000000,4.12000000,4.73000000,2.90000000
2011-12-13,2260.48000000,2.57000000,4.14000000,4.73000000,2.89000000
2011-12-14,2231.82000000,2.54000000,4.10000000,4.68000000,2.87000000
2011-12-15,2192.37000000,2.51000000,4.12000000,4.64000000,2.87000000
2011-12-16,2224.84000000,2.57000000,4.17000000,4.66000000,2.93000000
2011-12-19,2218.24000000,2.56000000,4.17000000,4.62000000,2.92000000
2011-12-20,2215.93000000,2.58000000,4.15000000,4.56000000,2.91000000
2011-12-21,2191.15000000,2.60000000,4.13000000,4.52000000,2.91000000
2011-12-22,2186.30000000,2.60000000,4.15000000,4.53000000,2.89000000
2011-12-23,2204.78000000,2.58000000,4.17000000,4.56000000,2.90000000
2011-12-26,2190.11000000,2.58000000,4.17000000,4.54000000,2.88000000
2011-12-27,2166.21000000,2.59000000,4.17000000,4.50000000,2.88000000
2011-12-28,2170.01000000,2.59000000,4.19000000,4.52000000,2.89000000
2011-12-29,2173.56000000,2.60000000,4.20000000,4.51000000,2.91000000
2011-12-30,2199.42000000,2.62000000,4.24000000,4.54000000,2.92000000
2012-01-04,2169.39000000,2.60000000,4.22000000,4.50000000,2.91000000
2012-01-05,2148.45000000,2.65000000,4.25000000,4.58000000,2.96000000
2012-01-06,2163.40000000,2.66000000,4.28000000,4.65000000,
2012-01-09,2225.89000000,2.68000000,4.31000000,4.74000000,2.98000000
2012-01-10,2285.74000000,2.69000000,4.35000000,4.78000000,2.99000000
2012-01-11,2276.05000000,2.67000000,4.35000000,4.77000000,2.98000000
2012-01-12,2275.01000000,2.65000000,4.33000000,4.77000000,2.98000000
2012-01-13,2244.58000000,2.65000000,4.34000000,4.77000000,2.98000000
2012-01-16,2206.19000000,,4.31000000,,2.97000000
2012-01-17,2298.38000000,2.69000000,4.36000000,4.84000000,3.01000000
2012-01-18,2266.38000000,2.69000000,4.31000000,4.81000000,2.98000000
2012-01-19,2296.07000000,2.70000000,4.36000000,4.85000000,3.01000000
2012-01-20,2319.12000000,2.72000000,4.36000000,4.88000000,3.03000000
2012-01-30,2285.04000000,2.68000000,4.27000000,4.74000000,2.99000000
2012-01-31,2292.61000000,2.70000000,4.30000000,4.77000000,3.00000000
2012-02-01,2268.08000000,2.68000000,4.28000000,4.74000000,2.98000000
2012-02-02,2312.56000000,2.73000000,4.38000000,4.85000000,3.04000000
2012-02-03,2330.41000000,2.75000000,4.41000000,4.89000000,3.06000000
2012-02-06,2331.14000000,2.75000000,4.41000000,4.87000000,3.03000000
2012-02-07,2291.90000000,2.72000000,4.33000000,4.82000000,3.00000000
2012-02-08,2347.53000000,2.75000000,4.41000000,4.88000000,3.04000000
2012-02-09,2349.59000000,2.73000000,4.42000000,4.93000000,3.05000000
2012-02-10,2351.98000000,2.72000000,4.39000000,4.89000000,3.04000000
2012-02-13,2351.85000000,2.71000000,4.37000000,4.86000000,3.03000000
2012-02-14,2344.77000000,2.70000000,4.35000000,4.82000000,3.02000000
2012-02-15,2366.70000000,2.70000000,4.37000000,4.85000000,3.02000000
2012-02-16,2356.86000000,2.69000000,4.39000000,4.84000000,3.01000000
2012-02-17,2357.18000000,2.70000000,4.39000000,4.87000000,3.02000000
2012-02-20,2363.60000000,2.72000000,4.40000000,4.85000000,3.03000000
2012-02-21,2381.43000000,2.72000000,4.46000000,4.88000000,3.08000000
2012-02-22,2403.59000000,2.72000000,4.44000000,4.87000000,3.06000000
2012-02-23,2409.55000000,2.71000000,,4.85000000,3.05000000
2012-02-24,2439.63000000,2.74000000,4.44000000,4.88000000,3.07000000
2012-02-27,2447.06000000,2.74000000,4.44000000,4.89000000,3.06000000
2012-02-28,2451.86000000,2.76000000,4.45000000,4.91000000,3.07000000
2012-02-29,2428.49000000,2.75000000,4.43000000,4.88000000,3.07000000
2012-03-01,2426.11000000,2.74000000,4.41000000,4.86000000,3.06000000
2012-03-02,2460.69000000,2.74000000,4.43000000,4.89000000,3.07000000
2012-03-05,2445.00000000,2.73000000,4.38000000,4.84000000,3.04000000
2012-03-06,2410.45000000,2.71000000,4.34000000,4.81000000,3.02000000
2012-03-07,2394.79000000,2.69000000,4.32000000,4.78000000,3.01000000
2012-03-08,2420.28000000,2.71000000,4.33000000,4.78000000,3.02000000
2012-03-09,2439.46000000,2.71000000,4.33000000,4.77000000,3.01000000
2012-03-12,2434.86000000,2.70000000,4.33000000,4.75000000,3.01000000
2012-03-13,2455.79000000,2.71000000,4.34000000,4.78000000,3.03000000
2012-03-14,2391.23000000,2.70000000,4.32000000,4.76000000,3.04000000
2012-03-15,2373.77000000,2.67000000,4.31000000,4.74000000,3.03000000
2012-03-16,2404.74000000,2.68000000,4.32000000,4.75000000,3.02000000
2012-03-19,2410.18000000,2.65000000,4.32000000,4.74000000,3.01000000
2012-03-20,2376.84000000,2.62000000,4.32000000,4.70000000,2.99000000
2012-03-21,2378.20000000,2.62000000,4.31000000,4.72000000,2.98000000
2012-03-22,2375.77000000,2.65000000,4.34000000,4.71000000,2.98000000
2012-03-23,2349.54000000,2.64000000,4.30000000,4.70000000,2.95000000
2012-03-26,2350.60000000,2.66000000,4.31000000,4.70000000,2.94000000
2012-03-27,2347.18000000,2.65000000,4.33000000,4.74000000,2.95000000
2012-03-28,2284.88000000,2.65000000,4.31000000,4.74000000,2.93000000
2012-03-29,2252.16000000,2.65000000,4.28000000,4.75000000,2.92000000
2012-03-30,2262.79000000,2.68000000,4.33000000,4.83000000,2.98000000
2012-04-05,2302.24000000,2.65000000,4.30000000,4.79000000,3.00000000
2012-04-06,2306.55000000,2.64000000,4.29000000,4.73000000,3.02000000
2012-04-09,2285.78000000,2.63000000,4.28000000,4.67000000,3.01000000
2012-04-10,2305.86000000,2.64000000,4.29000000,4.74000000,3.02000000
2012-04-11,2308.93000000,2.64000000,4.29000000,4.70000000,3.03000000
2012-04-12,2350.86000000,2.68000000,4.36000000,4.76000000,3.05000000
2012-04-13,2359.16000000,2.68000000,4.36000000,4.74000000,3.06000000
2012-04-16,2357.03000000,2.66000000,4.36000000,4.73000000,3.04000000
2012-04-17,2334.99000000,2.68000000,4.34000000,4.68000000,3.05000000
2012-04-18,2380.85000000,2.71000000,4.38000000,4.74000000,3.08000000
2012-04-19,2378.63000000,2.71000000,4.35000000,4.72000000,3.05000000
2012-04-20,2406.86000000,2.73000000,4.42000000,4.74000000,3.06000000
2012-04-23,2388.59000000,2.71000000,4.39000000,4.73000000,3.06000000
2012-04-24,2388.83000000,2.74000000,4.41000000,4.77000000,3.07000000
2012-04-25,2406.81000000,2.74000000,4.42000000,4.81000000,3.05000000
2012-04-26,2404.70000000,2.73000000,4.39000000,4.79000000,3.05000000
2012-04-27,2396.32000000,2.72000000,4.37000000,4.79000000,3.05000000
2012-05-02,2438.44000000,2.73000000,4.41000000,4.77000000,3.07000000
2012-05-03,2440.08000000,2.73000000,4.36000000,4.73000000,3.06000000
2012-05-04,2452.01000000,2.73000000,4.38000000,4.76000000,3.06000000
2012-05-07,2451.95000000,2.73000000,4.42000000,4.76000000,3.08000000
2012-05-08,2448.88000000,2.76000000,4.42000000,4.75000000,3.07000000
2012-05-09,2408.59000000,2.72000000,4.38000000,4.71000000,3.05000000
2012-05-10,2410.23000000,2.74000000,4.40000000,4.69000000,3.07000000
2012-05-11,2394.98000000,2.73000000,4.36000000,4.68000000,3.06000000
2012-05-14,2380.73000000,2.69000000,4.37000000,4.61000000,3.03000000
2012-05-15,2374.84000000,2.69000000,4.33000000,4.59000000,3.02000000
2012-05-16,2346.19000000,2.67000000,4.30000000,4.51000000,3.00000000
2012-05-17,2378.89000000,2.70000000,4.33000000,4.53000000,3.01000000
2012-05-18,2344.52000000,2.65000000,4.25000000,4.50000000,2.99000000
2012-05-21,2348.30000000,2.65000000,4.23000000,4.52000000,3.00000000
2012-05-22,2373.31000000,2.66000000,4.23000000,4.54000000,2.99000000
2012-05-23,2363.44000000,2.65000000,4.18000000,4.50000000,2.99000000
2012-05-24,2350.97000000,2.65000000,4.19000000,4.49000000,3.00000000
2012-05-25,2333.55000000,2.64000000,4.18000000,4.48000000,3.00000000
2012-05-28,2361.37000000,2.66000000,4.20000000,4.50000000,3.02000000
2012-05-29,2389.64000000,2.69000000,4.22000000,4.53000000,3.03000000
2012-05-30,2384.67000000,2.69000000,4.22000000,4.50000000,
2012-05-31,2372.23000000,2.64000000,,4.49000000,3.03000000
2012-06-01,2373.44000000,2.65000000,4.24000000,4.49000000,3.03000000
2012-06-04,2308.55000000,2.61000000,4.17000000,4.44000000,3.00000000
2012-06-05,2311.92000000,2.62000000,4.20000000,4.46000000,3.01000000
2012-06-06,2309.55000000,2.64000000,4.20000000,4.49000000,3.02000000
2012-06-07,2293.13000000,2.63000000,4.19000000,,3.01000000
2012-06-08,2281.45000000,,4.16000000,4.45000000,3.00000000
2012-06-11,2305.86000000,2.62000000,4.17000000,4.45000000,3.02000000
2012-06-12,2289.79000000,2.61000000,4.17000000,4.42000000,3.01000000
2012-06-13,2318.92000000,2.62000000,4.20000000,4.44000000,2.86000000
2012-06-14,2295.95000000,2.62000000,3.95000000,4.42000000,2.83000000
2012-06-15,2306.85000000,2.65000000,3.98000000,4.48000000,2.85000000
2012-06-18,2316.05000000,2.67000000,3.95000000,4.50000000,2.85000000
2012-06-19,2300.79000000,2.67000000,3.94000000,4.51000000,2.85000000
2012-06-20,2292.88000000,2.55000000,3.94000000,4.53000000,2.85000000
2012-06-21,2260.88000000,2.54000000,3.91000000,4.52000000,2.84000000
2012-06-25,2224.11000000,2.54000000,3.94000000,4.22000000,2.83000000
2012-06-26,2222.07000000,2.55000000,3.93000000,4.21000000,2.83000000
2012-06-27,2216.93000000,2.56000000,3.94000000,4.21000000,2.82000000
2012-06-28,2195.84000000,2.55000000,3.92000000,4.17000000,2.81000000
2012-06-29,2225.43000000,2.59000000,3.95000000,4.20000000,2.82000000
2012-07-02,2226.11000000,2.58000000,3.94000000,4.18000000,2.81000000
2012-07-03,2229.19000000,2.57000000,3.92000000,4.18000000,2.81000000
2012-07-04,2227.31000000,2.57000000,3.94000000,4.20000000,2.82000000
2012-07-05,2201.35000000,2.57000000,3.95000000,4.19000000,2.82000000
2012-07-06,2223.58000000,2.55000000,3.91000000,4.16000000,2.81000000
2012-07-09,2170.81000000,2.51000000,3.80000000,4.11000000,2.81000000
2012-07-10,2164.44000000,2.50000000,3.79000000,4.10000000,2.79000000
2012-07-11,2175.38000000,2.48000000,3.77000000,4.05000000,2.78000000
2012-07-12,2185.49000000,2.46000000,3.75000000,4.01000000,2.76000000
2012-07-13,2185.90000000,2.47000000,3.76000000,4.03000000,2.77000000
2012-07-16,2147.96000000,2.48000000,3.79000000,4.00000000,2.75000000
2012-07-17,2161.19000000,2.49000000,3.81000000,4.02000000,2.75000000
2012-07-18,2169.10000000,2.49000000,3.83000000,4.01000000,2.77000000
2012-07-19,2184.84000000,2.49000000,3.80000000,4.03000000,2.76000000
2012-07-20,2168.64000000,2.49000000,3.77000000,4.01000000,2.74000000
2012-07-23,2141.40000000,2.46000000,3.72000000,3.94000000,2.70000000
2012-07-24,2146.59000000,2.44000000,3.68000000,3.89000000,2.68000000
2012-07-25,2136.15000000,2.45000000,3.67000000,3.87000000,2.69000000
2012-07-26,2126.00000000,2.45000000,3.67000000,3.87000000,2.69000000
2012-07-27,2128.76000000,2.48000000,3.72000000,3.93000000,2.72000000
2012-07-30,2109.91000000,2.49000000,3.71000000,3.93000000,2.72000000
2012-07-31,2103.63000000,2.52000000,3.75000000,3.97000000,2.73000000
2012-08-01,2123.36000000,2.50000000,3.77000000,4.00000000,2.76000000
2012-08-02,2111.18000000,2.51000000,3.78000000,4.01000000,2.75000000
2012-08-03,2132.80000000,2.52000000,3.79000000,4.01000000,2.76000000
2012-08-06,2154.92000000,2.50000000,3.77000000,4.02000000,2.75000000
2012-08-07,2157.62000000,2.50000000,3.74000000,4.02000000,2.74000000
2012-08-08,2160.99000000,2.51000000,3.78000000,4.04000000,2.78000000
2012-08-09,2174.10000000,2.53000000,3.76000000,4.06000000,2.76000000
2012-08-10,2168.81000000,2.53000000,3.79000000,4.05000000,2.77000000
2012-08-13,2136.08000000,2.53000000,3.81000000,4.06000000,2.77000000
2012-08-14,2142.52000000,2.54000000,3.83000000,4.06000000,2.78000000
2012-08-15,2118.95000000,2.51000000,3.80000000,4.03000000,2.76000000
2012-08-16,2112.20000000,2.52000000,3.80000000,4.02000000,2.77000000
2012-08-17,2114.89000000,2.51000000,3.83000000,4.03000000,2.77000000
2012-08-20,2106.96000000,2.50000000,3.84000000,4.04000000,2.78000000
2012-08-21,2118.27000000,2.48000000,3.83000000,4.06000000,2.76000000
2012-08-22,2107.71000000,2.49000000,3.83000000,4.03000000,2.79000000
2012-08-23,2113.07000000,2.48000000,3.81000000,4.01000000,2.78000000
2012-08-24,2092.10000000,2.48000000,3.81000000,3.98000000,2.78000000
2012-08-27,2055.71000000,2.49000000,3.82000000,3.98000000,2.77000000
2012-08-28,2073.15000000,2.49000000,3.85000000,4.02000000,2.77000000
2012-08-29,2053.24000000,2.50000000,3.84000000,4.01000000,2.77000000
2012-08-30,2052.58000000,2.49000000,3.85000000,4.05000000,2.80000000
2012-08-31,2047.52000000,2.48000000,3.82000000,4.02000000,2.78000000
2012-09-03,2059.15000000,2.45000000,3.77000000,3.98000000,2.75000000
2012-09-04,2043.65000000,2.45000000,3.74000000,3.90000000,2.75000000
2012-09-05,2037.68000000,2.42000000,3.70000000,3.88000000,2.70000000
2012-09-06,2051.92000000,2.43000000,3.71000000,3.89000000,2.70000000
2012-09-07,2127.76000000,2.49000000,3.80000000,4.01000000,2.74000000
2012-09-10,2134.89000000,2.48000000,3.80000000,3.97000000,2.74000000
2012-09-11,2120.55000000,2.47000000,3.79000000,3.94000000,2.72000000
2012-09-12,2126.55000000,2.46000000,3.75000000,3.93000000,2.71000000
2012-09-13,2110.38000000,2.45000000,3.75000000,3.93000000,2.69000000
2012-09-14,2123.85000000,2.48000000,3.78000000,3.99000000,2.70000000
2012-09-17,2078.50000000,2.46000000,3.75000000,3.94000000,2.67000000
2012-09-18,2059.54000000,2.44000000,3.70000000,3.90000000,2.66000000
2012-09-19,2067.83000000,2.44000000,3.70000000,3.90000000,2.65000000
2012-09-20,2024.84000000,2.43000000,3.68000000,3.88000000,2.63000000
2012-09-21,2026.69000000,2.41000000,3.66000000,3.87000000,2.63000000
2012-09-24,2033.19000000,2.41000000,3.64000000,3.85000000,2.62000000
2012-09-25,2029.29000000,2.41000000,3.65000000,3.83000000,2.61000000
2012-09-26,2004.17000000,2.40000000,3.64000000,3.84000000,2.58000000
2012-09-27,2056.32000000,2.45000000,3.73000000,3.92000000,2.66000000
2012-09-28,2086.17000000,2.46000000,3.75000000,3.98000000,2.70000000
2012-10-08,2074.42000000,2.47000000,3.75000000,3.98000000,2.71000000
2012-10-09,2115.23000000,2.49000000,3.80000000,4.06000000,2.74000000
2012-10-10,2119.94000000,2.48000000,3.80000000,4.06000000,2.73000000
2012-10-11,2102.87000000,2.49000000,3.82000000,4.07000000,2.74000000
2012-10-12,2104.93000000,2.50000000,3.84000000,4.14000000,2.74000000
2012-10-15,2098.70000000,2.51000000,3.82000000,4.15000000,2.75000000
2012-10-16,2098.81000000,2.50000000,3.82000000,4.18000000,2.74000000
2012-10-17,2105.62000000,2.51000000,3.85000000,4.18000000,2.75000000
2012-10-18,2131.69000000,2.51000000,3.89000000,4.19000000,2.76000000
2012-10-19,2128.30000000,2.52000000,3.91000000,4.16000000,2.74000000
2012-10-22,2132.76000000,2.52000000,3.91000000,4.18000000,2.74000000
2012-10-23,2114.45000000,2.51000000,3.90000000,4.17000000,2.74000000
2012-10-24,2115.99000000,2.51000000,3.89000000,4.16000000,2.75000000
2012-10-25,2101.58000000,2.50000000,3.86000000,4.16000000,2.74000000
2012-10-26,2066.21000000,2.47000000,3.84000000,4.13000000,2.71000000
2012-10-29,2058.94000000,2.47000000,3.81000000,4.13000000,2.72000000
2012-10-30,2062.35000000,2.48000000,3.81000000,4.13000000,2.73000000
2012-10-31,2068.88000000,2.50000000,3.82000000,4.13000000,2.73000000
2012-11-01,2104.43000000,2.53000000,3.87000000,4.19000000,2.77000000
2012-11-02,2117.05000000,2.55000000,3.91000000,4.25000000,2.79000000
2012-11-05,2114.03000000,2.56000000,3.90000000,4.23000000,2.77000000
2012-11-06,2106.00000000,2.57000000,3.88000000,4.25000000,2.80000000
2012-11-07,2105.73000000,2.57000000,3.88000000,4.26000000,2.81000000
2012-11-08,2071.51000000,2.57000000,3.87000000,4.28000000,2.82000000
2012-11-09,2069.07000000,2.58000000,3.88000000,4.29000000,2.83000000
2012-11-12,2079.27000000,2.58000000,3.90000000,4.31000000,2.83000000
2012-11-13,2047.89000000,2.57000000,3.86000000,4.32000000,2.83000000
2012-11-14,2055.42000000,2.58000000,3.87000000,4.28000000,2.83000000
2012-11-15,2030.29000000,2.58000000,3.84000000,4.18000000,2.81000000
2012-11-16,2014.72000000,2.58000000,3.83000000,4.20000000,2.75000000
2012-11-19,2016.98000000,2.56000000,3.85000000,4.21000000,2.76000000
2012-11-20,2008.92000000,2.57000000,3.83000000,4.16000000,2.78000000
2012-11-21,2030.32000000,2.58000000,3.84000000,4.17000000,2.75000000
2012-11-22,2015.61000000,2.58000000,3.84000000,4.15000000,2.76000000
2012-11-23,2027.38000000,2.58000000,3.85000000,4.15000000,2.76000000
2012-11-26,2017.46000000,2.61000000,3.85000000,4.16000000,2.74000000
2012-11-27,1991.17000000,2.61000000,3.86000000,4.18000000,2.75000000
2012-11-28,1973.52000000,2.64000000,3.87000000,4.19000000,2.75000000
2012-11-29,1963.49000000,2.64000000,3.88000000,4.16000000,2.76000000
2012-11-30,1980.12000000,2.60000000,3.88000000,4.17000000,2.76000000
2012-12-03,1959.77000000,2.61000000,3.86000000,4.17000000,2.74000000
2012-12-04,1975.14000000,2.58000000,3.84000000,4.17000000,2.74000000
2012-12-05,2031.91000000,2.62000000,3.90000000,4.25000000,2.77000000
2012-12-06,2029.24000000,2.62000000,3.92000000,4.29000000,2.77000000
2012-12-07,2061.79000000,2.62000000,3.93000000,4.30000000,2.79000000
2012-12-10,2083.77000000,2.67000000,3.95000000,4.34000000,2.83000000
2012-12-11,2074.70000000,2.67000000,3.95000000,4.35000000,2.84000000
2012-12-12,2082.73000000,2.68000000,4.00000000,4.38000000,2.84000000
2012-12-13,2061.48000000,2.68000000,3.95000000,4.34000000,2.83000000
2012-12-14,2150.62000000,2.79000000,4.10000000,4.50000000,2.92000000
2012-12-17,2160.34000000,2.74000000,4.09000000,4.50000000,2.89000000
2012-12-18,2162.46000000,2.77000000,4.12000000,4.52000000,2.90000000
2012-12-19,2162.24000000,2.75000000,4.10000000,4.53000000,2.89000000
2012-12-20,2168.35000000,2.74000000,4.07000000,4.53000000,2.87000000
2012-12-21,2153.31000000,2.71000000,4.01000000,4.41000000,2.85000000
2012-12-24,2159.05000000,2.73000000,4.02000000,4.42000000,2.86000000
2012-12-25,2213.61000000,2.80000000,4.14000000,4.58000000,2.92000000
2012-12-26,2219.13000000,2.77000000,4.08000000,4.58000000,2.89000000
2012-12-27,2205.90000000,2.74000000,4.05000000,4.51000000,2.87000000
2012-12-28,2233.25000000,2.76000000,4.10000000,4.53000000,2.89000000
2012-12-31,2269.13000000,2.80000000,4.15000000,4.60000000,2.92000000
2013-01-04,2276.99000000,2.89000000,4.22000000,4.70000000,2.96000000
2013-01-07,2285.36000000,2.87000000,4.23000000,4.73000000,2.95000000
2013-01-08,2276.07000000,2.84000000,4.14000000,4.65000000,2.94000000
2013-01-09,2275.34000000,2.82000000,4.15000000,4.60000000,2.93000000
2013-01-10,2283.66000000,2.82000000,4.23000000,4.62000000,2.94000000
2013-01-11,2243.00000000,2.79000000,4.20000000,4.63000000,2.93000000
2013-01-14,2311.74000000,2.84000000,4.29000000,4.75000000,2.98000000
2013-01-15,2325.68000000,2.84000000,4.26000000,4.73000000,2.97000000
2013-01-16,2309.50000000,2.78000000,4.27000000,4.67000000,2.95000000
2013-01-17,2284.91000000,2.77000000,4.19000000,4.61000000,2.95000000
2013-01-18,2317.07000000,2.80000000,4.22000000,4.65000000,2.97000000
2013-01-21,2328.22000000,2.78000000,4.20000000,4.62000000,2.96000000
2013-01-22,2315.14000000,2.81000000,4.25000000,4.65000000,2.98000000
2013-01-23,2320.91000000,2.83000000,4.19000000,4.69000000,2.97000000
2013-01-24,2302.60000000,2.86000000,4.25000000,4.74000000,2.99000000
2013-01-25,2291.30000000,2.82000000,4.23000000,4.69000000,2.96000000
2013-01-28,2346.50000000,2.91000000,4.29000000,4.79000000,3.02000000
2013-01-29,2358.98000000,2.91000000,4.29000000,4.78000000,3.03000000
2013-01-30,2382.48000000,3.01000000,4.39000000,4.90000000,3.11000000
2013-01-31,2385.42000000,3.08000000,4.40000000,4.97000000,3.12000000
2013-02-01,2419.02000000,3.14000000,4.45000000,5.05000000,3.17000000
2013-02-04,2428.15000000,3.23000000,4.47000000,5.08000000,3.22000000
2013-02-05,2433.13000000,3.19000000,4.41000000,5.01000000,3.16000000
2013-02-06,2434.48000000,3.20000000,4.42000000,5.02000000,3.15000000
2013-02-07,2418.53000000,3.14000000,4.33000000,4.89000000,3.08000000
2013-02-08,2432.40000000,3.10000000,4.35000000,4.90000000,3.09000000
2013-02-18,2421.56000000,3.09000000,4.31000000,4.88000000,3.08000000
2013-02-19,2382.91000000,3.07000000,4.26000000,4.84000000,3.05000000
2013-02-20,2397.18000000,3.05000000,4.24000000,4.81000000,3.04000000
2013-02-21,2325.95000000,2.95000000,4.18000000,4.67000000,2.97000000
2013-02-22,2314.16000000,2.91000000,4.14000000,4.62000000,2.97000000
2013-02-25,2325.82000000,2.90000000,4.14000000,4.62000000,2.98000000
2013-02-26,2293.34000000,2.87000000,4.10000000,4.58000000,2.96000000
2013-02-27,2313.22000000,2.93000000,4.18000000,4.63000000,2.98000000
2013-02-28,2365.59000000,3.00000000,4.21000000,4.71000000,3.01000000
2013-03-01,2359.51000000,2.95000000,4.17000000,4.70000000,2.99000000
2013-03-04,2273.40000000,2.85000000,4.08000000,4.57000000,2.91000000
2013-03-05,2326.31000000,2.97000000,4.18000000,4.67000000,2.97000000
2013-03-06,2347.18000000,2.94000000,4.17000000,4.67000000,2.97000000
2013-03-07,2324.29000000,2.87000000,4.13000000,4.57000000,2.94000000
2013-03-08,2318.61000000,2.87000000,4.12000000,4.59000000,2.95000000
2013-03-11,2310.59000000,2.85000000,4.12000000,4.58000000,2.95000000
2013-03-12,2286.60000000,2.82000000,4.13000000,4.57000000,2.95000000
2013-03-13,2263.97000000,2.80000000,4.13000000,4.57000000,2.92000000
2013-03-14,2270.28000000,2.84000000,4.16000000,4.60000000,2.94000000
2013-03-15,2278.40000000,2.87000000,4.18000000,4.69000000,2.97000000
2013-03-18,2240.02000000,2.80000000,4.07000000,4.55000000,2.92000000
2013-03-19,2257.43000000,2.81000000,4.08000000,4.58000000,2.92000000
2013-03-20,2317.37000000,2.89000000,4.17000000,4.70000000,2.98000000
2013-03-21,2324.24000000,2.88000000,4.17000000,4.70000000,2.98000000
2013-03-22,2328.28000000,2.88000000,4.18000000,4.71000000,2.98000000
2013-03-25,2326.72000000,2.90000000,4.19000000,4.79000000,2.99000000
2013-03-26,2297.67000000,2.86000000,4.13000000,4.68000000,2.99000000
2013-03-27,2301.26000000,2.82000000,4.12000000,4.68000000,2.98000000
2013-03-28,2236.30000000,2.70000000,4.01000000,4.56000000,2.90000000
2013-03-29,2236.62000000,2.70000000,4.05000000,4.58000000,2.92000000
2013-04-01,2234.40000000,2.68000000,4.06000000,4.58000000,2.91000000
2013-04-02,2227.74000000,2.69000000,4.06000000,4.64000000,2.93000000
2013-04-03,2225.29000000,2.73000000,4.09000000,4.67000000,2.94000000
2013-04-08,2211.59000000,2.71000000,4.07000000,4.67000000,2.91000000
2013-04-09,2225.77000000,2.72000000,4.07000000,4.67000000,2.91000000
2013-04-10,2226.13000000,2.71000000,4.07000000,4.66000000,2.91000000
2013-04-11,2219.55000000,2.70000000,4.08000000,4.68000000,2.91000000
2013-04-12,2206.78000000,2.71000000,4.07000000,4.69000000,2.92000000
2013-04-15,2181.94000000,2.72000000,4.04000000,4.70000000,2.91000000
2013-04-16,2194.85000000,2.71000000,4.04000000,4.68000000,2.89000000
2013-04-17,2193.80000000,2.69000000,4.04000000,4.59000000,2.88000000
2013-04-18,2197.60000000,2.69000000,4.06000000,4.56000000,2.88000000
2013-04-19,2244.64000000,2.74000000,4.11000000,4.68000000,2.92000000
2013-04-22,2242.17000000,2.73000000,4.10000000,4.69000000,2.91000000
2013-04-23,2184.54000000,2.69000000,4.07000000,4.65000000,2.87000000
2013-04-24,2218.32000000,2.74000000,4.10000000,4.65000000,2.90000000
2013-04-25,2199.31000000,2.71000000,4.08000000,4.68000000,2.90000000
2013-04-26,2177.91000000,2.69000000,4.05000000,4.65000000,2.87000000
2013-05-02,2174.12000000,2.70000000,4.07000000,4.71000000,2.86000000
2013-05-03,2205.50000000,2.72000000,4.08000000,4.80000000,2.89000000
2013-05-06,2231.17000000,2.72000000,4.10000000,4.80000000,2.90000000
2013-05-07,2235.57000000,2.73000000,4.09000000,4.79000000,2.90000000
2013-05-08,2246.30000000,2.75000000,4.10000000,4.85000000,2.91000000
2013-05-09,2232.97000000,2.74000000,4.09000000,4.85000000,2.90000000
2013-05-10,2246.83000000,2.74000000,4.11000000,4.85000000,2.91000000
2013-05-13,2241.92000000,2.73000000,4.10000000,4.82000000,2.90000000
2013-05-14,2217.01000000,2.70000000,4.08000000,4.76000000,2.88000000
2013-05-15,2224.80000000,2.71000000,4.06000000,4.76000000,2.89000000
2013-05-16,2251.81000000,2.72000000,4.09000000,4.81000000,2.91000000
2013-05-17,2282.87000000,2.75000000,4.16000000,4.90000000,2.93000000
2013-05-20,2299.99000000,2.76000000,4.19000000,4.90000000,2.96000000
2013-05-21,2305.11000000,2.76000000,4.20000000,4.88000000,2.96000000
2013-05-22,2302.40000000,2.76000000,4.16000000,4.87000000,2.96000000
2013-05-23,2275.67000000,2.73000000,4.16000000,4.81000000,2.93000000
2013-05-24,2288.53000000,2.73000000,4.16000000,4.78000000,2.94000000
2013-05-27,2293.08000000,2.72000000,4.13000000,4.79000000,2.95000000
2013-05-28,2321.32000000,2.74000000,4.19000000,4.86000000,2.98000000
2013-05-29,2324.02000000,2.74000000,4.21000000,4.84000000,2.97000000
2013-05-30,2317.75000000,2.73000000,4.20000000,4.82000000,2.96000000
2013-05-31,2300.59000000,2.73000000,4.18000000,4.80000000,2.95000000
2013-06-03,2299.25000000,2.74000000,4.21000000,4.81000000,2.96000000
2013-06-04,2272.42000000,2.73000000,4.22000000,4.79000000,2.95000000
2013-06-05,2270.93000000,2.74000000,4.21000000,4.78000000,2.95000000
2013-06-06,2242.11000000,2.72000000,4.15000000,4.75000000,2.93000000
2013-06-07,2210.90000000,2.70000000,4.17000000,4.74000000,2.91000000
2013-06-13,2148.35000000,2.69000000,4.14000000,4.67000000,2.88000000
2013-06-14,2162.04000000,2.71000000,4.16000000,4.69000000,2.90000000
2013-06-17,2156.22000000,2.67000000,4.12000000,4.63000000,2.92000000
2013-06-18,2159.29000000,2.69000000,4.16000000,4.65000000,2.73000000
2013-06-19,2143.45000000,2.67000000,4.15000000,4.60000000,2.70000000
2013-06-20,2084.02000000,2.60000000,4.06000000,4.51000000,2.64000000
2013-06-21,2073.09000000,2.57000000,4.02000000,4.08000000,2.62000000
2013-06-24,1963.23000000,2.48000000,3.90000000,3.96000000,2.54000000
2013-06-25,1959.51000000,2.51000000,3.96000000,3.99000000,2.57000000
2013-06-26,1951.49000000,2.52000000,3.74000000,4.01000000,2.58000000
2013-06-27,1950.01000000,2.56000000,3.81000000,4.08000000,2.65000000
2013-06-28,1979.21000000,2.46000000,4.02000000,4.15000000,2.71000000
2013-07-01,1995.24000000,2.49000000,4.03000000,4.30000000,2.72000000
2013-07-02,2006.56000000,2.50000000,4.02000000,4.34000000,2.70000000
2013-07-03,1994.27000000,2.47000000,3.94000000,4.34000000,2.66000000
2013-07-04,2006.10000000,2.47000000,3.91000000,4.36000000,2.65000000
2013-07-05,2007.20000000,2.48000000,3.95000000,4.46000000,2.64000000
2013-07-08,1958.27000000,2.49000000,3.95000000,4.40000000,2.61000000
2013-07-09,1965.45000000,2.49000000,3.95000000,4.41000000,2.64000000
2013-07-10,2008.13000000,2.51000000,3.93000000,4.39000000,2.65000000
2013-07-11,2072.99000000,2.57000000,3.98000000,4.52000000,2.72000000
2013-07-12,2039.49000000,2.51000000,3.96000000,4.48000000,2.68000000
2013-07-15,2059.39000000,2.52000000,3.94000000,4.43000000,2.69000000
2013-07-16,2065.72000000,2.53000000,3.95000000,4.46000000,2.69000000
2013-07-17,2044.92000000,2.54000000,3.95000000,4.37000000,2.68000000
2013-07-18,2023.40000000,2.52000000,3.93000000,4.34000000,2.66000000
2013-07-19,1992.65000000,2.52000000,3.95000000,4.36000000,2.64000000
2013-07-22,2004.76000000,2.52000000,3.93000000,4.35000000,2.65000000
2013-07-23,2043.88000000,2.53000000,3.93000000,4.34000000,2.67000000
2013-07-24,2033.33000000,2.52000000,3.92000000,4.32000000,2.67000000
2013-07-25,2021.17000000,2.51000000,3.91000000,4.28000000,2.68000000
2013-07-26,2010.85000000,2.48000000,3.91000000,4.29000000,2.66000000
2013-07-29,1976.31000000,2.44000000,3.89000000,4.21000000,2.62000000
2013-07-30,1990.06000000,2.45000000,3.91000000,4.28000000,2.66000000
2013-07-31,1993.80000000,2.45000000,3.89000000,4.29000000,2.66000000
2013-08-01,2029.07000000,2.48000000,3.91000000,4.32000000,2.69000000
2013-08-02,2029.42000000,2.46000000,3.91000000,4.33000000,2.68000000
2013-08-05,2050.48000000,2.47000000,3.92000000,4.37000000,2.69000000
2013-08-06,2060.50000000,2.47000000,3.90000000,4.35000000,2.69000000
2013-08-07,2046.78000000,2.45000000,3.89000000,4.32000000,2.67000000
2013-08-08,2044.90000000,2.45000000,3.90000000,4.31000000,2.66000000
2013-08-09,2052.24000000,2.46000000,3.91000000,4.31000000,2.66000000
2013-08-12,2101.28000000,2.49000000,3.95000000,4.36000000,2.69000000
2013-08-13,2106.16000000,2.49000000,3.95000000,4.36000000,2.68000000
2013-08-14,2100.14000000,2.49000000,3.94000000,4.35000000,2.69000000
2013-08-15,2081.88000000,2.48000000,3.95000000,4.33000000,2.68000000
2013-08-16,2068.45000000,2.50000000,3.95000000,4.36000000,2.70000000
2013-08-19,2085.60000000,2.50000000,3.93000000,4.33000000,2.70000000
2013-08-20,2072.59000000,2.51000000,3.92000000,4.29000000,2.66000000
2013-08-21,2072.96000000,2.49000000,3.92000000,4.29000000,2.65000000
2013-08-22,2067.12000000,2.48000000,3.91000000,4.28000000,2.63000000
2013-08-23,2057.46000000,2.47000000,3.89000000,4.26000000,2.62000000
2013-08-26,2096.47000000,2.48000000,3.93000000,4.30000000,2.64000000
2013-08-27,2103.57000000,2.47000000,3.90000000,4.28000000,2.64000000
2013-08-28,2101.30000000,2.45000000,3.88000000,4.24000000,2.63000000
2013-08-29,2097.23000000,2.46000000,3.87000000,4.23000000,2.63000000
2013-08-30,2098.38000000,2.47000000,3.90000000,4.25000000,2.65000000
2013-09-02,2098.45000000,2.46000000,3.89000000,4.24000000,2.65000000
2013-09-03,2123.11000000,2.49000000,3.94000000,4.29000000,2.67000000
2013-09-04,2127.62000000,2.48000000,3.93000000,4.29000000,2.67000000
2013-09-05,2122.43000000,2.47000000,3.91000000,4.30000000,2.67000000
2013-09-06,2139.99000000,2.47000000,3.91000000,4.30000000,2.68000000
2013-09-09,2212.52000000,2.72000000,4.08000000,4.53000000,2.85000000
2013-09-10,2237.98000000,2.68000000,3.98000000,4.47000000,2.84000000
2013-09-11,2241.27000000,2.64000000,3.99000000,4.43000000,2.81000000
2013-09-12,2255.60000000,2.67000000,4.05000000,4.52000000,2.87000000
2013-09-13,2236.22000000,2.63000000,3.99000000,4.46000000,2.83000000
2013-09-16,2231.40000000,2.63000000,3.98000000,4.46000000,2.83000000
2013-09-17,2185.56000000,2.55000000,3.93000000,4.40000000,2.78000000
2013-09-18,2191.85000000,2.54000000,3.91000000,4.41000000,2.77000000
2013-09-23,2221.04000000,2.56000000,3.91000000,4.42000000,2.78000000
2013-09-24,2207.53000000,2.52000000,3.89000000,4.35000000,2.77000000
2013-09-25,2198.51000000,2.52000000,3.88000000,4.33000000,2.79000000
2013-09-26,2155.81000000,2.49000000,3.85000000,4.28000000,2.77000000
2013-09-27,2160.03000000,2.49000000,3.86000000,4.28000000,2.78000000
2013-09-30,2174.67000000,2.50000000,3.86000000,4.30000000,2.78000000
2013-10-08,2198.20000000,2.51000000,3.87000000,4.29000000,2.79000000
2013-10-09,2211.77000000,2.51000000,3.86000000,4.30000000,2.82000000
2013-10-10,2190.93000000,2.48000000,3.86000000,4.27000000,2.80000000
2013-10-11,2228.15000000,2.51000000,3.89000000,4.36000000,2.84000000
2013-10-14,2237.77000000,2.51000000,3.88000000,4.32000000,2.83000000
2013-10-15,2233.41000000,2.49000000,3.84000000,4.25000000,2.79000000
2013-10-16,2193.07000000,2.49000000,3.86000000,4.26000000,2.80000000
2013-10-17,2188.54000000,2.49000000,3.86000000,4.26000000,2.81000000
2013-10-18,2193.78000000,2.49000000,3.84000000,4.27000000,2.80000000
2013-10-21,2229.24000000,2.51000000,3.86000000,4.30000000,2.85000000
2013-10-22,2210.65000000,2.50000000,3.84000000,4.27000000,2.82000000
2013-10-23,2183.11000000,2.50000000,3.84000000,4.27000000,2.82000000
2013-10-24,2164.32000000,2.48000000,3.81000000,4.23000000,2.79000000
2013-10-25,2132.96000000,2.48000000,3.78000000,4.21000000,2.78000000
2013-10-28,2133.87000000,2.49000000,3.76000000,4.21000000,2.78000000
2013-10-29,2128.86000000,2.54000000,3.80000000,4.27000000,2.81000000
2013-10-30,2160.46000000,2.57000000,3.81000000,4.28000000,2.82000000
2013-10-31,2141.61000000,2.55000000,3.82000000,4.28000000,2.82000000
2013-11-01,2149.56000000,2.56000000,3.84000000,4.32000000,2.83000000
2013-11-04,2149.63000000,2.56000000,3.84000000,4.31000000,2.83000000
2013-11-05,2157.24000000,2.56000000,3.83000000,4.31000000,2.81000000
2013-11-06,2139.61000000,2.53000000,3.80000000,4.29000000,2.78000000
2013-11-07,2129.40000000,2.55000000,3.83000000,4.32000000,2.80000000
2013-11-08,2106.13000000,2.55000000,3.82000000,4.31000000,2.79000000
2013-11-11,2109.47000000,2.55000000,3.83000000,4.34000000,2.80000000
2013-11-12,2126.77000000,2.55000000,3.83000000,4.34000000,2.81000000
2013-11-13,2087.94000000,2.52000000,3.80000000,4.28000000,2.78000000
2013-11-14,2100.51000000,2.52000000,3.79000000,4.31000000,2.79000000
2013-11-15,2135.83000000,2.54000000,3.79000000,4.32000000,2.80000000
2013-11-18,2197.22000000,2.59000000,3.83000000,4.38000000,2.83000000
2013-11-19,2193.12000000,2.58000000,3.82000000,4.34000000,2.82000000
2013-11-20,2206.61000000,2.59000000,3.83000000,4.38000000,2.83000000
2013-11-21,2205.77000000,2.62000000,3.89000000,4.41000000,2.84000000
2013-11-22,2196.38000000,2.60000000,3.86000000,4.46000000,2.83000000
2013-11-25,2186.11000000,2.60000000,3.81000000,4.41000000,2.81000000
2013-11-26,2183.07000000,2.59000000,3.79000000,4.37000000,2.80000000
2013-11-27,2201.07000000,2.59000000,3.79000000,4.39000000,2.81000000
2013-11-28,2219.37000000,2.62000000,3.80000000,4.41000000,2.81000000
2013-11-29,2220.50000000,2.62000000,3.80000000,4.38000000,2.81000000
2013-12-02,2207.37000000,2.67000000,3.87000000,4.48000000,2.87000000
2013-12-03,2222.67000000,2.66000000,3.82000000,4.47000000,2.83000000
2013-12-04,2251.76000000,2.66000000,3.83000000,4.46000000,2.84000000
2013-12-05,2247.06000000,2.64000000,3.81000000,4.44000000,2.83000000
2013-12-06,2237.11000000,2.64000000,3.81000000,4.45000000,2.83000000
2013-12-09,2238.20000000,2.61000000,3.80000000,4.42000000,2.82000000
2013-12-10,2237.49000000,2.61000000,3.80000000,4.44000000,2.82000000
2013-12-11,2204.17000000,2.57000000,3.78000000,4.37000000,2.79000000
2013-12-12,2202.80000000,2.55000000,3.76000000,4.36000000,2.79000000
2013-12-13,2196.07000000,2.53000000,3.72000000,4.32000000,2.76000000
2013-12-16,2160.86000000,2.53000000,3.69000000,4.28000000,2.72000000
2013-12-17,2151.08000000,2.54000000,3.68000000,4.27000000,2.70000000
2013-12-18,2148.28000000,2.53000000,3.67000000,4.23000000,2.70000000
2013-12-19,2127.79000000,2.52000000,3.63000000,4.22000000,2.68000000
2013-12-20,2084.79000000,2.45000000,3.57000000,3.96000000,2.62000000
2013-12-23,2089.71000000,2.47000000,3.58000000,4.17000000,2.66000000
2013-12-24,2092.91000000,2.46000000,3.58000000,4.14000000,2.65000000
2013-12-25,2106.35000000,2.47000000,3.59000000,4.14000000,2.66000000
2013-12-26,2073.10000000,2.44000000,3.55000000,4.08000000,2.63000000
2013-12-27,2101.25000000,2.46000000,3.58000000,4.13000000,2.66000000
2013-12-30,2097.53000000,2.46000000,3.55000000,4.09000000,2.61000000
2013-12-31,2115.98000000,2.48000000,3.58000000,4.14000000,2.62000000
2014-01-02,2109.39000000,2.47000000,3.58000000,4.11000000,2.61000000
2014-01-03,2083.14000000,2.46000000,3.56000000,4.07000000,2.56000000
2014-01-06,2045.71000000,2.44000000,3.55000000,4.08000000,2.53000000
2014-01-07,2047.32000000,2.43000000,3.55000000,4.01000000,2.52000000
2014-01-08,2044.34000000,2.42000000,3.57000000,3.98000000,2.51000000
2014-01-09,2027.62000000,2.41000000,3.53000000,3.95000000,2.50000000
2014-01-10,2013.30000000,2.41000000,3.53000000,3.96000000,2.49000000
2014-01-13,2009.56000000,2.41000000,3.54000000,4.01000000,2.52000000
2014-01-14,2026.84000000,2.41000000,3.52000000,4.00000000,2.51000000
2014-01-15,2023.35000000,2.39000000,3.46000000,3.97000000,2.51000000
2014-01-16,2023.70000000,2.38000000,3.43000000,3.94000000,2.50000000
2014-01-17,2004.95000000,2.36000000,3.41000000,3.93000000,2.48000000
2014-01-20,1991.25000000,2.36000000,3.40000000,3.90000000,2.47000000
2014-01-21,2008.31000000,2.37000000,3.40000000,3.92000000,2.47000000
2014-01-22,2051.75000000,2.39000000,3.43000000,3.96000000,2.51000000
2014-01-23,2042.18000000,2.36000000,3.40000000,3.92000000,2.48000000
2014-01-24,2054.39000000,2.37000000,3.40000000,3.92000000,2.49000000
2014-01-27,2033.30000000,2.36000000,3.36000000,3.91000000,2.48000000
2014-01-28,2038.51000000,2.37000000,3.39000000,3.93000000,2.49000000
2014-01-29,2049.91000000,2.40000000,3.44000000,3.96000000,2.53000000
2014-01-30,2033.08000000,2.38000000,3.41000000,3.94000000,2.51000000
2014-02-07,2044.50000000,2.37000000,3.40000000,3.93000000,2.49000000
2014-02-10,2086.07000000,2.38000000,3.42000000,3.95000000,2.51000000
2014-02-11,2103.67000000,2.41000000,3.45000000,4.00000000,2.55000000
2014-02-12,2109.96000000,2.41000000,3.44000000,3.98000000,2.54000000
2014-02-13,2098.40000000,2.41000000,3.44000000,3.99000000,2.55000000
2014-02-14,2115.85000000,2.41000000,3.43000000,4.00000000,2.54000000
2014-02-17,2135.42000000,2.40000000,3.44000000,4.01000000,2.55000000
2014-02-18,2119.07000000,2.38000000,3.43000000,3.96000000,2.54000000
2014-02-19,2142.55000000,2.41000000,3.48000000,4.02000000,2.63000000
2014-02-20,2138.78000000,2.38000000,3.44000000,3.99000000,2.61000000
2014-02-21,2113.69000000,2.38000000,3.44000000,3.96000000,2.58000000
2014-02-24,2076.69000000,2.35000000,3.37000000,3.89000000,2.53000000
2014-02-25,2034.22000000,2.34000000,3.37000000,3.87000000,2.54000000
2014-02-26,2041.25000000,2.34000000,3.34000000,3.86000000,2.51000000
2014-02-27,2047.35000000,2.34000000,3.36000000,3.89000000,2.53000000
2014-02-28,2056.30000000,2.33000000,3.34000000,3.86000000,2.51000000
2014-03-03,2075.24000000,2.33000000,3.33000000,3.84000000,2.50000000
2014-03-04,2071.47000000,2.34000000,3.34000000,3.84000000,2.50000000
2014-03-05,2053.08000000,2.32000000,3.32000000,3.83000000,2.49000000
2014-03-06,2059.58000000,2.32000000,3.33000000,3.85000000,2.50000000
2014-03-07,2057.91000000,2.33000000,3.33000000,3.83000000,2.49000000
2014-03-10,1999.06000000,2.29000000,3.26000000,3.78000000,2.46000000
2014-03-11,2001.16000000,2.29000000,3.23000000,3.78000000,2.46000000
2014-03-12,1997.69000000,2.29000000,3.23000000,3.78000000,2.45000000
2014-03-13,2019.11000000,2.36000000,3.27000000,3.82000000,2.49000000
2014-03-14,2004.34000000,2.36000000,3.24000000,3.81000000,2.47000000
2014-03-17,2023.67000000,2.34000000,3.25000000,3.82000000,2.48000000
2014-03-18,2025.20000000,2.34000000,3.26000000,3.81000000,2.47000000
2014-03-19,2021.73000000,2.33000000,3.28000000,3.78000000,2.47000000
2014-03-20,1993.48000000,2.33000000,3.28000000,3.78000000,2.46000000
2014-03-21,2047.62000000,2.40000000,3.34000000,3.87000000,2.53000000
2014-03-24,2066.28000000,2.40000000,3.38000000,3.89000000,2.54000000
2014-03-25,2067.31000000,2.40000000,3.36000000,3.87000000,2.54000000
2014-03-26,2063.67000000,2.40000000,3.40000000,3.89000000,2.54000000
2014-03-27,2046.59000000,2.40000000,3.38000000,3.92000000,2.56000000
2014-03-28,2041.71000000,2.43000000,3.46000000,3.99000000,2.58000000
2014-03-31,2033.31000000,2.42000000,3.45000000,4.00000000,2.59000000
2014-04-01,2047.46000000,2.42000000,3.45000000,4.02000000,2.59000000
2014-04-02,2058.99000000,2.44000000,3.44000000,4.02000000,2.60000000
2014-04-03,2043.70000000,2.39000000,3.42000000,3.95000000,2.58000000
2014-04-04,2058.83000000,2.40000000,3.43000000,3.99000000,2.60000000
2014-04-08,2098.28000000,2.44000000,3.50000000,4.03000000,2.64000000
2014-04-09,2105.24000000,2.45000000,3.48000000,4.03000000,2.63000000
2014-04-10,2134.30000000,2.46000000,3.55000000,4.08000000,2.67000000
2014-04-11,2130.54000000,2.47000000,3.52000000,4.06000000,2.68000000
2014-04-14,2131.54000000,2.47000000,3.50000000,4.05000000,2.67000000
2014-04-15,2101.60000000,2.43000000,3.46000000,4.00000000,2.62000000
2014-04-16,2105.12000000,2.44000000,3.50000000,4.02000000,2.63000000
2014-04-17,2098.89000000,2.44000000,3.48000000,3.99000000,2.63000000
2014-04-18,2097.75000000,2.42000000,3.47000000,3.98000000,2.63000000
2014-04-21,2065.83000000,2.40000000,3.44000000,3.95000000,2.60000000
2014-04-22,2072.83000000,2.41000000,3.45000000,3.97000000,2.63000000
2014-04-23,2066.36000000,2.41000000,3.44000000,3.96000000,2.61000000
2014-04-24,2057.03000000,2.40000000,3.42000000,3.96000000,2.60000000
2014-04-25,2036.52000000,2.41000000,3.45000000,3.97000000,2.61000000
2014-04-28,2003.49000000,2.42000000,3.46000000,3.98000000,2.62000000
2014-04-29,2020.34000000,2.43000000,3.45000000,3.98000000,2.61000000
2014-04-30,2026.36000000,2.42000000,3.44000000,3.96000000,2.60000000
2014-05-05,2027.35000000,2.39000000,3.42000000,3.95000000,2.60000000
2014-05-06,2028.04000000,2.39000000,3.40000000,3.94000000,2.59000000
2014-05-07,2010.08000000,2.38000000,3.42000000,3.94000000,2.60000000
2014-05-08,2015.27000000,2.39000000,3.43000000,3.96000000,2.61000000
2014-05-09,2011.14000000,2.40000000,3.45000000,3.97000000,2.61000000
2014-05-12,2052.87000000,2.42000000,3.48000000,4.00000000,2.64000000
2014-05-13,2050.73000000,2.43000000,3.46000000,3.98000000,2.65000000
2014-05-14,2047.91000000,2.43000000,3.45000000,3.97000000,2.65000000
2014-05-15,2024.97000000,2.44000000,3.47000000,3.99000000,2.65000000
2014-05-16,2026.50000000,2.45000000,3.48000000,4.00000000,2.65000000
2014-05-19,2005.18000000,2.44000000,3.46000000,3.99000000,2.65000000
2014-05-20,2008.12000000,2.45000000,3.47000000,3.99000000,2.65000000
2014-05-21,2024.95000000,2.46000000,3.49000000,4.00000000,2.66000000
2014-05-22,2021.29000000,2.46000000,3.50000000,4.01000000,2.67000000
2014-05-23,2034.57000000,2.47000000,3.52000000,4.02000000,2.68000000
2014-05-26,2041.48000000,2.46000000,3.51000000,4.02000000,2.69000000
2014-05-27,2034.56000000,2.47000000,3.53000000,4.02000000,2.68000000
2014-05-28,2050.23000000,2.48000000,3.57000000,4.06000000,2.69000000
2014-05-29,2040.59000000,2.49000000,3.57000000,4.05000000,2.69000000
2014-05-30,2039.21000000,2.49000000,3.56000000,4.03000000,2.67000000
2014-06-03,2038.31000000,2.51000000,3.58000000,4.05000000,2.72000000
2014-06-04,2024.83000000,2.48000000,3.57000000,4.02000000,2.72000000
2014-06-05,2040.88000000,2.52000000,3.63000000,4.07000000,2.73000000
2014-06-06,2029.96000000,2.51000000,3.61000000,4.05000000,2.70000000
2014-06-09,2030.50000000,2.52000000,3.66000000,4.09000000,2.72000000
2014-06-10,2052.53000000,2.55000000,3.73000000,4.13000000,2.74000000
2014-06-11,2054.95000000,2.55000000,3.72000000,4.13000000,2.74000000
2014-06-12,2051.71000000,2.55000000,3.71000000,4.13000000,2.76000000
2014-06-13,2070.72000000,2.58000000,3.74000000,4.16000000,2.80000000
2014-06-16,2085.98000000,2.58000000,3.78000000,4.19000000,2.81000000
2014-06-17,2066.70000000,2.57000000,3.73000000,4.15000000,2.78000000
2014-06-18,2055.52000000,2.52000000,3.74000000,4.14000000,2.76000000
2014-06-19,2023.73000000,2.49000000,3.71000000,4.11000000,2.72000000
2014-06-20,2026.67000000,2.51000000,3.45000000,4.14000000,2.75000000
2014-06-23,2024.36000000,2.50000000,3.41000000,4.12000000,2.73000000
2014-06-24,2033.93000000,2.50000000,3.42000000,4.12000000,2.75000000
2014-06-25,2025.50000000,2.51000000,3.38000000,4.10000000,2.77000000
2014-06-26,2038.68000000,2.53000000,3.39000000,4.11000000,2.77000000
2014-06-27,2036.51000000,2.52000000,3.39000000,4.11000000,2.54000000
2014-06-30,2048.33000000,2.52000000,3.39000000,4.13000000,2.55000000
2014-07-01,2050.38000000,2.53000000,3.39000000,4.13000000,2.56000000
2014-07-02,2059.42000000,2.52000000,3.41000000,4.13000000,2.58000000
2014-07-03,2063.23000000,2.36000000,3.42000000,4.17000000,2.59000000
2014-07-04,2059.38000000,2.36000000,3.42000000,4.19000000,2.59000000
2014-07-07,2059.93000000,2.37000000,3.45000000,4.20000000,2.58000000
2014-07-08,2064.02000000,2.37000000,3.47000000,4.22000000,2.58000000
2014-07-09,2038.61000000,2.35000000,3.42000000,4.20000000,2.56000000
2014-07-10,2038.34000000,2.36000000,3.45000000,3.87000000,2.54000000
2014-07-11,2046.96000000,2.35000000,3.44000000,3.90000000,2.55000000
2014-07-14,2066.65000000,2.36000000,3.45000000,3.90000000,2.56000000
2014-07-15,2070.36000000,2.37000000,3.47000000,3.93000000,2.57000000
2014-07-16,2067.28000000,2.37000000,3.46000000,3.93000000,2.57000000
2014-07-17,2055.59000000,2.37000000,3.45000000,3.91000000,2.57000000
2014-07-18,2059.07000000,2.36000000,3.45000000,3.90000000,2.57000000
2014-07-21,2054.48000000,2.36000000,3.42000000,3.90000000,2.57000000
2014-07-22,2075.48000000,2.36000000,3.43000000,3.90000000,2.57000000
2014-07-23,2078.49000000,2.36000000,3.44000000,3.93000000,2.56000000
2014-07-24,2105.06000000,2.40000000,3.48000000,3.99000000,2.59000000
2014-07-25,2126.61000000,2.45000000,3.52000000,4.02000000,2.61000000
2014-07-28,2177.95000000,2.53000000,3.60000000,4.16000000,2.70000000
2014-07-29,2183.19000000,2.52000000,3.59000000,4.16000000,2.72000000
2014-07-30,2181.24000000,2.49000000,3.57000000,4.11000000,2.68000000
2014-07-31,2201.56000000,2.52000000,3.60000000,4.15000000,2.71000000
2014-08-01,2185.30000000,2.52000000,3.59000000,4.15000000,2.71000000
2014-08-04,2223.33000000,2.53000000,3.61000000,4.17000000,2.73000000
2014-08-05,2219.95000000,2.53000000,3.59000000,4.18000000,2.72000000
2014-08-06,2217.47000000,2.53000000,3.58000000,4.14000000,2.71000000
2014-08-07,2187.67000000,2.49000000,3.52000000,4.09000000,2.68000000
2014-08-08,2194.43000000,2.50000000,3.51000000,4.09000000,2.69000000
2014-08-11,2224.65000000,2.52000000,3.56000000,4.12000000,2.71000000
2014-08-12,2221.59000000,2.51000000,3.53000000,4.10000000,2.70000000
2014-08-13,2222.88000000,2.51000000,3.51000000,4.13000000,2.70000000
2014-08-14,2206.47000000,2.50000000,3.51000000,4.10000000,2.69000000
2014-08-15,2226.73000000,2.52000000,3.52000000,4.11000000,2.70000000
2014-08-18,2239.47000000,2.50000000,3.51000000,4.11000000,2.70000000
2014-08-19,2245.33000000,2.51000000,3.52000000,4.10000000,2.69000000
2014-08-20,2240.21000000,2.50000000,3.52000000,4.09000000,2.70000000
2014-08-21,2230.46000000,2.48000000,3.50000000,4.07000000,2.69000000
2014-08-22,2240.81000000,2.48000000,3.51000000,4.07000000,2.71000000
2014-08-25,2229.27000000,2.46000000,3.50000000,4.05000000,2.70000000
2014-08-26,2207.11000000,2.46000000,3.49000000,4.06000000,2.68000000
2014-08-27,2209.47000000,2.45000000,3.49000000,4.04000000,2.67000000
2014-08-28,2195.82000000,2.41000000,3.44000000,4.00000000,2.63000000
2014-08-29,2217.20000000,2.43000000,3.46000000,4.02000000,2.68000000
2014-09-01,2235.51000000,2.44000000,3.48000000,4.01000000,2.66000000
2014-09-02,2266.05000000,2.47000000,3.52000000,4.07000000,2.69000000
2014-09-03,2288.63000000,2.50000000,3.55000000,4.11000000,2.71000000
2014-09-04,2306.86000000,2.51000000,3.59000000,4.13000000,2.72000000
2014-09-05,2326.43000000,2.52000000,3.61000000,4.16000000,2.74000000
2014-09-09,2326.53000000,2.51000000,3.59000000,4.15000000,2.73000000
2014-09-10,2318.30000000,2.49000000,3.56000000,4.11000000,2.71000000
2014-09-11,2311.68000000,2.48000000,3.55000000,4.11000000,2.70000000
2014-09-12,2331.95000000,2.50000000,3.57000000,4.13000000,2.72000000
2014-09-15,2339.14000000,2.48000000,3.57000000,4.12000000,2.71000000
2014-09-16,2296.55000000,2.50000000,3.55000000,4.11000000,2.72000000
2014-09-17,2307.89000000,2.49000000,3.56000000,4.11000000,2.70000000
2014-09-18,2315.93000000,2.50000000,3.56000000,4.11000000,2.72000000
2014-09-19,2329.45000000,2.50000000,3.56000000,4.12000000,2.72000000
2014-09-22,2289.87000000,2.45000000,3.49000000,4.05000000,2.67000000
2014-09-23,2309.72000000,2.46000000,3.50000000,4.05000000,2.68000000
2014-09-24,2343.57000000,2.48000000,3.54000000,4.11000000,2.70000000
2014-09-25,2345.10000000,2.49000000,3.55000000,4.10000000,2.70000000
2014-09-26,2347.72000000,2.49000000,3.55000000,4.11000000,2.69000000
2014-09-29,2357.71000000,2.48000000,3.52000000,4.08000000,2.68000000
2014-09-30,2363.87000000,2.49000000,3.53000000,4.07000000,2.70000000
2014-10-08,2382.79000000,2.49000000,3.53000000,4.09000000,2.69000000
2014-10-09,2389.37000000,2.49000000,3.52000000,4.09000000,2.70000000
2014-10-10,2374.54000000,2.48000000,3.51000000,4.07000000,2.69000000
2014-10-13,2366.01000000,2.46000000,3.48000000,4.04000000,2.67000000
2014-10-14,2359.48000000,2.46000000,3.48000000,4.06000000,2.66000000
2014-10-15,2373.67000000,2.47000000,3.50000000,4.06000000,2.67000000
2014-10-16,2356.50000000,2.48000000,3.52000000,4.08000000,2.67000000
2014-10-17,2341.18000000,2.46000000,3.52000000,4.08000000,2.67000000
2014-10-20,2356.73000000,2.47000000,3.52000000,4.09000000,2.68000000
2014-10-21,2339.66000000,2.46000000,3.51000000,4.06000000,2.67000000
2014-10-22,2326.55000000,2.47000000,3.50000000,4.06000000,2.68000000
2014-10-23,2302.42000000,2.45000000,3.52000000,4.06000000,2.67000000
2014-10-24,2302.28000000,2.45000000,3.52000000,4.05000000,2.66000000
2014-10-27,2290.44000000,2.43000000,3.49000000,3.99000000,2.61000000
2014-10-28,2337.87000000,2.45000000,3.52000000,4.04000000,2.64000000
2014-10-29,2373.03000000,2.48000000,3.54000000,4.07000000,2.69000000
2014-10-30,2391.08000000,2.50000000,3.59000000,4.09000000,2.71000000
2014-10-31,2420.18000000,2.56000000,3.66000000,4.18000000,2.80000000
2014-11-03,2430.03000000,2.54000000,3.63000000,4.14000000,2.78000000
2014-11-04,2430.68000000,2.54000000,3.64000000,4.16000000,2.79000000
2014-11-05,2419.25000000,2.50000000,3.58000000,4.13000000,2.76000000
2014-11-06,2425.86000000,2.50000000,3.57000000,4.13000000,2.75000000
2014-11-07,2418.17000000,2.49000000,3.57000000,4.14000000,2.77000000
2014-11-10,2473.67000000,2.55000000,3.67000000,4.20000000,2.86000000
2014-11-11,2469.67000000,2.69000000,3.81000000,4.34000000,3.15000000
2014-11-12,2494.48000000,2.65000000,3.76000000,4.31000000,3.08000000
2014-11-13,2485.61000000,2.64000000,3.76000000,4.30000000,3.10000000
2014-11-14,2478.82000000,2.67000000,3.78000000,4.37000000,3.09000000
2014-11-17,2474.01000000,2.61000000,3.75000000,4.29000000,3.02000000
2014-11-18,2456.37000000,2.54000000,3.72000000,4.20000000,2.93000000
2014-11-19,2450.99000000,2.54000000,3.69000000,4.19000000,2.92000000
2014-11-20,2452.66000000,2.54000000,3.68000000,4.17000000,2.92000000
2014-11-21,2486.79000000,2.57000000,3.73000000,4.22000000,2.95000000
2014-11-24,2532.88000000,2.56000000,3.73000000,4.24000000,2.94000000
2014-11-25,2567.60000000,2.61000000,3.77000000,4.28000000,2.97000000
2014-11-26,2604.34000000,2.66000000,3.82000000,4.35000000,3.05000000
2014-11-27,2630.49000000,2.69000000,3.83000000,4.39000000,3.08000000
2014-11-28,2682.83000000,2.85000000,4.04000000,4.70000000,3.33000000
2014-12-01,2680.16000000,2.82000000,4.01000000,4.79000000,3.38000000
2014-12-02,2763.54000000,2.96000000,4.18000000,5.07000000,3.56000000
2014-12-03,2779.52000000,2.92000000,4.10000000,4.94000000,3.41000000
2014-12-04,2899.46000000,3.05000000,4.27000000,5.18000000,3.53000000
2014-12-05,2937.65000000,3.31000000,4.59000000,5.70000000,3.69000000
2014-12-08,3020.26000000,3.36000000,4.63000000,6.11000000,3.66000000
2014-12-09,2856.27000000,3.05000000,4.20000000,5.52000000,3.33000000
2014-12-10,2940.01000000,3.10000000,4.30000000,5.64000000,3.39000000
2014-12-11,2925.74000000,3.05000000,4.20000000,5.46000000,3.34000000
2014-12-12,2938.17000000,3.04000000,4.21000000,5.44000000,3.34000000
2014-12-15,2953.42000000,3.00000000,4.13000000,5.30000000,3.29000000
2014-12-16,3021.52000000,3.10000000,4.25000000,5.64000000,3.40000000
2014-12-17,3061.02000000,3.24000000,4.47000000,5.94000000,3.54000000
2014-12-18,3057.52000000,3.16000000,4.35000000,5.76000000,3.46000000
2014-12-19,3108.60000000,3.24000000,4.41000000,6.09000000,3.54000000
2014-12-22,3127.45000000,3.56000000,4.71000000,6.59000000,3.89000000
2014-12-23,3032.61000000,3.36000000,4.48000000,6.26000000,3.72000000
2014-12-24,2972.53000000,3.21000000,4.33000000,5.92000000,3.57000000
2014-12-25,3072.54000000,3.34000000,4.46000000,6.32000000,3.72000000
2014-12-26,3157.60000000,3.46000000,4.62000000,6.48000000,3.82000000
2014-12-29,3168.02000000,3.44000000,4.61000000,6.42000000,3.85000000
2014-12-30,3165.81000000,3.54000000,4.71000000,6.57000000,3.94000000
2014-12-31,3234.68000000,3.71000000,4.87000000,6.73000000,4.15000000
2015-01-05,3350.52000000,3.89000000,5.06000000,6.92000000,4.42000000
2015-01-06,3351.45000000,3.95000000,5.10000000,6.82000000,4.56000000
2015-01-07,3373.95000000,3.89000000,5.04000000,6.63000000,4.54000000
2015-01-08,3293.46000000,3.73000000,4.83000000,6.35000000,4.33000000
2015-01-09,3285.41000000,3.76000000,4.88000000,6.40000000,4.47000000
2015-01-12,3229.32000000,3.67000000,4.82000000,6.25000000,4.40000000
2015-01-13,3235.30000000,3.66000000,4.82000000,6.18000000,4.44000000
2015-01-14,3222.44000000,3.73000000,4.89000000,6.33000000,4.59000000
2015-01-15,3336.46000000,3.86000000,5.09000000,6.55000000,4.87000000
2015-01-16,3376.50000000,3.94000000,5.15000000,6.64000000,4.98000000
2015-01-19,3116.35000000,3.55000000,4.64000000,5.98000000,4.48000000
2015-01-20,3173.05000000,3.57000000,4.64000000,5.94000000,4.45000000
2015-01-21,3323.61000000,3.77000000,4.92000000,6.27000000,4.89000000
2015-01-22,3343.34000000,3.73000000,4.88000000,6.20000000,4.84000000
2015-01-23,3351.76000000,3.74000000,4.98000000,6.21000000,4.84000000
2015-01-26,3383.18000000,3.71000000,4.93000000,6.15000000,4.78000000
2015-01-27,3352.96000000,3.62000000,4.78000000,6.02000000,4.63000000
2015-01-28,3305.74000000,3.58000000,4.69000000,5.97000000,4.55000000
2015-01-29,3262.30000000,3.50000000,4.56000000,5.88000000,4.40000000
2015-01-30,3210.36000000,3.46000000,4.54000000,5.85000000,4.40000000
2015-02-02,3128.30000000,3.33000000,4.41000000,5.67000000,4.13000000
2015-02-03,3204.91000000,3.40000000,4.50000000,5.81000000,4.28000000
2015-02-04,3174.13000000,3.36000000,4.41000000,5.72000000,4.13000000
2015-02-05,3136.53000000,3.32000000,4.40000000,5.64000000,4.13000000
2015-02-06,3075.91000000,3.22000000,4.30000000,5.49000000,4.01000000
2015-02-09,3095.12000000,3.23000000,4.30000000,5.52000000,4.03000000
2015-02-10,3141.59000000,3.27000000,4.36000000,5.58000000,4.10000000
2015-02-11,3157.70000000,3.26000000,4.33000000,5.56000000,4.07000000
2015-02-12,3173.42000000,3.25000000,4.34000000,5.54000000,4.06000000
2015-02-13,3203.83000000,3.31000000,4.44000000,5.59000000,4.11000000
2015-02-16,3222.36000000,3.29000000,4.42000000,5.58000000,4.09000000
2015-02-17,3246.91000000,3.31000000,4.49000000,5.60000000,4.10000000
2015-02-25,3228.84000000,3.29000000,4.49000000,5.54000000,4.05000000
2015-02-26,3298.36000000,3.35000000,4.59000000,5.68000000,4.14000000
2015-02-27,3310.30000000,3.34000000,4.58000000,5.69000000,4.11000000
2015-03-02,3336.28000000,3.36000000,4.57000000,5.73000000,4.11000000
2015-03-03,3263.05000000,3.24000000,4.40000000,5.53000000,3.97000000
2015-03-04,3279.53000000,3.22000000,4.38000000,5.50000000,3.91000000
2015-03-05,3248.48000000,3.14000000,4.31000000,5.35000000,3.80000000
2015-03-06,3241.19000000,3.15000000,4.34000000,5.39000000,3.83000000
2015-03-09,3302.41000000,3.29000000,4.52000000,5.70000000,4.03000000
2015-03-10,3286.07000000,3.20000000,4.42000000,5.57000000,3.93000000
2015-03-11,3290.90000000,3.22000000,4.46000000,5.64000000,4.01000000
2015-03-12,3349.32000000,3.32000000,4.57000000,5.84000000,4.18000000
2015-03-13,3372.91000000,3.32000000,4.57000000,5.81000000,4.15000000
2015-03-16,3449.30000000,3.36000000,4.60000000,5.87000000,4.18000000
2015-03-17,3502.85000000,3.40000000,4.63000000,5.93000000,4.21000000
2015-03-18,3577.30000000,3.52000000,4.73000000,6.11000000,4.33000000
2015-03-19,3582.27000000,3.48000000,4.69000000,6.04000000,4.27000000
2015-03-20,3617.32000000,3.56000000,4.72000000,6.11000000,4.38000000
2015-03-23,3687.73000000,3.62000000,4.78000000,6.18000000,4.43000000
2015-03-24,3691.41000000,3.73000000,4.80000000,6.14000000,4.44000000
2015-03-25,3660.73000000,3.64000000,4.69000000,5.98000000,4.30000000
2015-03-26,3682.09000000,3.65000000,4.72000000,5.98000000,4.31000000
2015-03-27,3691.09600000,3.64000000,4.71000000,5.99000000,4.32000000
2015-03-30,3786.57000000,3.74000000,4.92000000,6.19000000,4.46000000
2015-03-31,3747.90000000,3.67000000,4.86000000,6.10000000,4.38000000
2015-04-01,3810.29000000,3.69000000,4.89000000,6.15000000,4.41000000
2015-04-02,3825.78000000,3.65000000,4.85000000,6.11000000,4.36000000
2015-04-03,3863.93000000,3.66000000,4.87000000,6.12000000,4.37000000
2015-04-07,3961.38000000,3.77000000,5.00000000,6.28000000,4.47000000
2015-04-08,3994.81000000,3.81000000,5.04000000,6.36000000,4.53000000
2015-04-09,3957.53000000,3.77000000,5.03000000,6.38000000,4.49000000
2015-04-10,4034.31000000,3.81000000,5.10000000,6.49000000,4.56000000
2015-04-13,4121.71000000,3.92000000,5.32000000,6.95000000,4.68000000
2015-04-14,4135.56000000,3.87000000,5.26000000,6.91000000,4.63000000
2015-04-15,4084.16000000,3.90000000,5.43000000,7.04000000,4.71000000
2015-04-16,4194.82000000,3.97000000,5.62000000,7.20000000,4.80000000
2015-04-17,4287.30000000,4.03000000,5.64000000,7.19000000,4.93000000
2015-04-20,4217.08000000,3.95000000,5.42000000,6.84000000,4.74000000
2015-04-21,4293.62000000,3.99000000,5.44000000,6.91000000,4.78000000
2015-04-22,4398.49000000,4.04000000,5.52000000,7.00000000,4.86000000
2015-04-23,4414.51000000,4.01000000,5.48000000,6.90000000,4.80000000
2015-04-24,4393.69000000,3.92000000,5.33000000,6.71000000,4.66000000
2015-04-27,4527.40000000,4.00000000,5.50000000,6.98000000,4.81000000
2015-04-28,4476.21000000,4.11000000,5.64000000,7.14000000,5.06000000
2015-04-29,4476.62000000,4.02000000,5.53000000,6.98000000,4.97000000
2015-04-30,4441.65000000,3.96000000,5.41000000,6.85000000,4.84000000
2015-05-04,4480.46000000,3.95000000,5.39000000,6.90000000,4.83000000
2015-05-05,4298.71000000,3.77000000,5.14000000,6.55000000,4.59000000
2015-05-06,4229.27000000,3.72000000,5.13000000,6.50000000,4.51000000
2015-05-07,4112.21000000,3.65000000,5.08000000,6.39000000,4.43000000
2015-05-08,4205.92000000,3.70000000,5.15000000,6.47000000,4.49000000
2015-05-11,4333.58000000,3.74000000,5.20000000,6.56000000,4.56000000
2015-05-12,4401.22000000,3.75000000,5.19000000,6.59000000,4.58000000
2015-05-13,4375.76000000,3.72000000,5.16000000,6.66000000,4.56000000
2015-05-14,4378.31000000,3.71000000,5.13000000,6.60000000,4.55000000
2015-05-15,4308.69000000,3.66000000,5.08000000,6.43000000,4.44000000
2015-05-18,4283.49000000,3.61000000,5.00000000,6.31000000,4.33000000
2015-05-19,4417.55000000,3.70000000,5.14000000,6.50000000,4.46000000
2015-05-20,4446.29000000,3.69000000,5.15000000,6.49000000,4.44000000
2015-05-21,4529.42000000,3.68000000,5.20000000,6.49000000,4.44000000
2015-05-22,4657.60000000,3.79000000,5.33000000,6.67000000,4.57000000
2015-05-25,4813.80000000,3.89000000,5.44000000,6.83000000,4.67000000
2015-05-26,4910.90000000,3.90000000,5.44000000,6.85000000,4.68000000
2015-05-27,4941.71000000,3.87000000,5.37000000,6.76000000,4.65000000
2015-05-28,4620.27000000,3.67000000,5.10000000,6.36000000,4.38000000
2015-05-29,4611.74000000,3.64000000,5.07000000,6.37000000,4.33000000
2015-06-01,4828.74000000,3.77000000,5.23000000,6.69000000,4.50000000
2015-06-02,4910.53000000,3.76000000,5.20000000,6.68000000,4.48000000
2015-06-03,4909.98000000,3.74000000,5.20000000,6.65000000,4.48000000
2015-06-04,4947.10000000,3.85000000,5.34000000,6.92000000,4.71000000
2015-06-05,5023.10000000,3.85000000,5.32000000,6.89000000,4.70000000
2015-06-08,5131.88000000,4.12000000,5.63000000,7.37000000,5.17000000
2015-06-09,5113.53000000,4.04000000,5.52000000,7.26000000,5.29000000
2015-06-10,5106.04000000,3.99000000,5.43000000,7.16000000,5.15000000
2015-06-11,5121.59000000,3.95000000,5.42000000,7.07000000,5.01000000
2015-06-12,5166.35000000,3.97000000,5.44000000,7.11000000,5.10000000
2015-06-15,5062.99000000,3.87000000,5.32000000,6.90000000,4.96000000
2015-06-16,4887.43000000,3.82000000,5.23000000,6.84000000,4.83000000
2015-06-17,4967.90000000,3.86000000,5.29000000,7.00000000,4.95000000
2015-06-18,4785.36000000,3.74000000,5.11000000,6.70000000,4.73000000
2015-06-19,4478.36000000,3.56000000,4.97000000,6.39000000,4.53000000
2015-06-23,4576.49000000,3.70000000,5.18000000,6.60000000,4.72000000
2015-06-24,4690.15000000,3.75000000,5.22000000,6.80000000,4.80000000
2015-06-25,4527.78000000,3.69000000,5.15000000,6.72000000,4.74000000
2015-06-26,4192.87000000,3.53000000,4.98000000,6.48000000,4.53000000
2015-06-29,4053.03000000,3.54000000,5.07000000,6.62000000,4.56000000
2015-06-30,4277.22000000,3.71000000,5.28000000,7.13000000,4.89000000
2015-07-01,4053.70000000,3.59000000,5.14000000,6.44000000,4.75000000
2015-07-02,3912.77000000,3.63000000,5.44000000,6.69000000,5.01000000
2015-07-03,3686.92000000,3.51000000,5.31000000,6.29000000,4.46000000
2015-07-06,3775.91000000,3.86000000,5.79000000,6.79000000,4.90000000
2015-07-07,3727.12000000,4.12000000,5.74000000,7.47000000,5.39000000
2015-07-08,3507.19000000,3.93000000,5.47000000,6.84000000,5.59000000
2015-07-09,3709.33000000,4.13000000,5.58000000,7.04000000,5.60000000
2015-07-10,3877.80000000,3.94000000,5.54000000,7.12000000,5.53000000
2015-07-13,3970.39000000,3.78000000,5.27000000,6.83000000,5.21000000
2015-07-14,3924.49000000,3.71000000,5.15000000,6.70000000,5.23000000
2015-07-15,3805.70000000,3.80000000,5.27000000,6.76000000,5.37000000
2015-07-16,3823.18000000,3.76000000,5.22000000,6.67000000,5.23000000
2015-07-17,3957.35000000,3.76000000,5.21000000,6.66000000,5.17000000
2015-07-20,3992.11000000,3.73000000,5.17000000,6.61000000,5.16000000
2015-07-21,4017.68000000,3.70000000,5.15000000,6.51000000,5.08000000
2015-07-22,4026.04000000,3.67000000,5.12000000,6.46000000,5.04000000
2015-07-23,4123.92000000,3.70000000,5.15000000,6.53000000,5.06000000
2015-07-24,4070.91000000,3.65000000,5.10000000,6.46000000,5.01000000
2015-07-27,3725.56000000,3.41000000,4.82000000,5.96000000,4.63000000
2015-07-28,3663.00000000,3.45000000,4.83000000,6.15000000,4.67000000
2015-07-29,3789.17000000,3.46000000,4.86000000,6.14000000,4.63000000
2015-07-30,3705.77000000,3.41000000,4.79000000,6.03000000,4.52000000
2015-07-31,3663.73000000,3.44000000,4.83000000,6.04000000,4.45000000
2015-08-03,3622.91000000,3.51000000,4.87000000,6.19000000,4.45000000
2015-08-04,3756.54000000,3.52000000,4.87000000,6.19000000,4.48000000
2015-08-05,3694.57000000,3.45000000,4.82000000,6.06000000,4.39000000
2015-08-06,3661.54000000,3.43000000,4.81000000,6.02000000,4.36000000
2015-08-07,3744.21000000,3.45000000,4.84000000,6.06000000,4.39000000
2015-08-10,3928.42000000,3.51000000,4.92000000,6.17000000,4.49000000
2015-08-11,3927.91000000,3.48000000,4.87000000,6.10000000,4.45000000
2015-08-12,3886.32000000,3.44000000,4.80000000,6.01000000,4.38000000
2015-08-13,3954.56000000,3.45000000,4.79000000,6.02000000,4.39000000
2015-08-14,3965.33000000,3.43000000,4.77000000,5.99000000,4.37000000
2015-08-17,3993.67000000,3.41000000,4.71000000,5.93000000,4.33000000
2015-08-18,3748.16000000,3.36000000,4.63000000,5.72000000,4.26000000
2015-08-19,3794.11000000,3.34000000,4.57000000,5.67000000,4.20000000
2015-08-20,3664.29000000,3.32000000,4.55000000,5.60000000,4.18000000
2015-08-21,3507.74000000,3.32000000,4.54000000,5.48000000,4.15000000
2015-08-24,3209.91000000,3.01000000,4.10000000,4.93000000,3.80000000
2015-08-25,2964.97000000,2.74000000,3.89000000,4.60000000,3.49000000
2015-08-26,2927.29000000,2.83000000,4.05000000,4.84000000,3.66000000
2015-08-27,3083.59000000,2.98000000,4.24000000,5.14000000,3.89000000
2015-08-28,3232.35000000,3.01000000,4.23000000,5.14000000,3.89000000
2015-08-31,3205.99000000,2.99000000,4.19000000,5.17000000,3.86000000
2015-09-01,3166.62000000,3.16000000,4.50000000,5.62000000,4.05000000
2015-09-02,3160.17000000,3.37000000,4.95000000,5.92000000,4.24000000
2015-09-07,3080.42000000,3.12000000,4.52000000,5.40000000,3.96000000
2015-09-08,3170.45000000,3.15000000,4.50000000,5.47000000,3.98000000
2015-09-09,3243.09000000,3.17000000,4.50000000,5.50000000,4.00000000
2015-09-10,3197.89000000,3.17000000,4.47000000,5.54000000,4.00000000
2015-09-11,3200.23000000,3.14000000,4.43000000,5.48000000,3.93000000
2015-09-14,3114.80000000,3.14000000,4.52000000,5.55000000,3.93000000
2015-09-15,3005.17000000,3.16000000,4.54000000,5.51000000,3.91000000
2015-09-16,3152.26000000,3.17000000,4.53000000,5.54000000,3.94000000
2015-09-17,3086.06000000,3.15000000,4.52000000,5.45000000,3.89000000
2015-09-18,3097.92000000,3.14000000,4.45000000,5.43000000,3.86000000
2015-09-21,3156.54000000,3.12000000,4.42000000,5.38000000,3.85000000
2015-09-22,3185.62000000,3.14000000,4.44000000,5.42000000,3.87000000
2015-09-23,3115.89000000,3.10000000,4.37000000,5.29000000,3.80000000
2015-09-24,3142.69000000,3.09000000,4.37000000,5.27000000,3.79000000
2015-09-25,3092.35000000,3.11000000,4.45000000,5.29000000,3.83000000
2015-09-28,3100.76000000,3.08000000,4.38000000,5.25000000,3.80000000
2015-09-29,3038.14000000,3.03000000,4.32000000,5.17000000,3.72000000
2015-09-30,3052.78000000,3.03000000,4.32000000,5.18000000,3.72000000
2015-10-08,3143.36000000,3.08000000,4.38000000,5.28000000,3.78000000
2015-10-09,3183.15000000,3.09000000,4.44000000,5.32000000,3.80000000
2015-10-12,3287.66000000,3.15000000,4.51000000,5.44000000,3.87000000
2015-10-13,3293.23000000,3.13000000,4.45000000,5.42000000,3.84000000
2015-10-14,3262.44000000,3.10000000,4.43000000,5.37000000,3.85000000
2015-10-15,3338.07000000,3.13000000,4.49000000,5.43000000,3.89000000
2015-10-16,3391.35000000,3.14000000,4.50000000,5.46000000,3.92000000
2015-10-19,3386.70000000,3.13000000,4.49000000,5.47000000,3.91000000
2015-10-20,3425.33000000,3.14000000,4.50000000,5.48000000,3.91000000
2015-10-21,3320.68000000,3.19000000,4.77000000,5.50000000,4.03000000
2015-10-22,3368.74000000,3.15000000,4.65000000,5.54000000,3.94000000
2015-10-23,3412.43000000,3.16000000,4.61000000,5.56000000,3.95000000
2015-10-26,3429.58000000,3.17000000,4.62000000,5.58000000,3.94000000
2015-10-27,3434.34000000,3.15000000,4.63000000,5.52000000,3.92000000
2015-10-28,3375.20000000,3.15000000,4.61000000,5.49000000,3.91000000
2015-10-29,3387.31000000,3.13000000,4.58000000,5.48000000,3.89000000
2015-10-30,3382.56000000,3.14000000,4.57000000,5.48000000,3.88000000
2015-11-02,3325.08000000,3.11000000,4.52000000,5.43000000,3.85000000
2015-11-03,3316.70000000,3.07000000,4.45000000,5.34000000,3.81000000
2015-11-04,3459.64000000,3.15000000,4.56000000,5.51000000,3.93000000
2015-11-05,3522.82000000,3.20000000,4.64000000,5.65000000,4.00000000
2015-11-06,3590.03000000,3.20000000,4.65000000,5.70000000,4.01000000
2015-11-09,3646.88000000,3.33000000,4.80000000,5.96000000,4.19000000
2015-11-10,3640.49000000,3.29000000,4.73000000,5.91000000,4.15000000
2015-11-11,3650.25000000,3.27000000,4.70000000,5.86000000,4.10000000
2015-11-12,3632.90000000,3.23000000,4.65000000,5.76000000,4.05000000
2015-11-13,3580.84000000,3.21000000,4.60000000,5.70000000,4.02000000
2015-11-16,3606.96000000,3.23000000,4.65000000,5.71000000,4.05000000
2015-11-17,3604.79000000,3.24000000,4.67000000,5.73000000,4.06000000
2015-11-18,3568.47000000,3.25000000,4.68000000,5.73000000,4.07000000
2015-11-19,3617.06000000,3.24000000,4.68000000,5.75000000,4.08000000
2015-11-20,3630.50000000,3.23000000,4.66000000,5.75000000,4.05000000
2015-11-23,3610.31000000,3.21000000,4.65000000,5.71000000,4.02000000
2015-11-24,3616.11000000,3.20000000,4.64000000,5.72000000,4.04000000
2015-11-25,3647.93000000,3.23000000,4.66000000,5.78000000,4.08000000
2015-11-26,3635.55000000,3.22000000,4.68000000,5.79000000,4.07000000
2015-11-27,3436.30000000,3.13000000,4.58000000,5.69000000,3.95000000
2015-11-30,3445.41000000,3.15000000,4.62000000,5.77000000,4.11000000
2015-12-01,3456.31000000,3.12000000,4.55000000,5.68000000,4.02000000
2015-12-02,3536.91000000,3.24000000,4.72000000,5.96000000,4.18000000
2015-12-03,3584.82000000,3.34000000,4.86000000,6.16000000,4.34000000
2015-12-04,3524.99000000,3.30000000,4.69000000,5.91000000,4.17000000
2015-12-07,3536.93000000,3.27000000,4.66000000,5.85000000,4.12000000
2015-12-08,3470.07000000,3.21000000,4.62000000,5.75000000,4.06000000
2015-12-09,3472.44000000,3.23000000,4.66000000,5.81000000,4.11000000
2015-12-10,3455.50000000,3.23000000,4.61000000,5.78000000,4.07000000
2015-12-11,3434.58000000,3.23000000,4.59000000,5.71000000,4.04000000
2015-12-14,3520.67000000,3.28000000,4.65000000,5.82000000,4.10000000
2015-12-15,3510.35000000,3.24000000,4.60000000,5.74000000,4.04000000
2015-12-16,3516.19000000,3.24000000,4.59000000,5.74000000,4.04000000
2015-12-17,3580.00000000,3.27000000,4.62000000,5.78000000,4.07000000
2015-12-18,3578.96000000,3.28000000,4.62000000,5.82000000,4.08000000
2015-12-21,3642.47000000,3.31000000,4.69000000,5.92000000,4.12000000
2015-12-22,3651.77000000,3.31000000,4.67000000,5.88000000,4.09000000
2015-12-23,3636.09000000,3.30000000,4.67000000,5.90000000,4.08000000
2015-12-24,3612.49000000,3.28000000,4.65000000,5.90000000,4.06000000
2015-12-25,3627.91000000,3.27000000,4.65000000,5.90000000,4.06000000
2015-12-28,3533.78000000,3.20000000,4.59000000,5.78000000,4.02000000
2015-12-29,3563.74000000,3.24000000,4.61000000,5.80000000,4.04000000
2015-12-30,3572.88000000,3.23000000,4.61000000,5.79000000,4.03000000
2015-12-31,3539.18000000,3.23000000,4.58000000,5.78000000,4.01000000
2016-01-04,3296.66000000,3.12000000,4.45000000,5.61000000,3.87000000
2016-01-05,3287.71000000,3.16000000,4.47000000,5.58000000,3.86000000
2016-01-06,3361.84000000,3.18000000,4.51000000,5.64000000,3.89000000
2016-01-07,3125.00000000,3.11000000,4.43000000,5.49000000,3.79000000
2016-01-08,3186.41000000,3.16000000,4.46000000,5.54000000,3.80000000
2016-01-11,3016.70000000,3.09000000,4.32000000,5.30000000,3.65000000
2016-01-12,3022.86000000,3.13000000,4.32000000,5.27000000,3.63000000
2016-01-13,2949.60000000,3.12000000,4.30000000,5.20000000,3.58000000
2016-01-14,3007.65000000,3.12000000,4.31000000,5.21000000,3.59000000
2016-01-15,2900.97000000,3.07000000,4.23000000,5.09000000,3.48000000
2016-01-18,2913.84000000,3.07000000,4.19000000,5.04000000,3.46000000
2016-01-19,3007.74000000,3.11000000,4.25000000,5.15000000,3.53000000
2016-01-20,2976.69000000,3.11000000,4.22000000,5.09000000,3.47000000
2016-01-21,2880.48000000,3.09000000,4.18000000,5.03000000,3.43000000
2016-01-22,2916.56000000,3.11000000,4.22000000,5.05000000,3.45000000
2016-01-25,2938.51000000,3.10000000,4.23000000,5.07000000,3.44000000
2016-01-26,2749.79000000,2.95000000,4.08000000,4.87000000,3.24000000
2016-01-27,2735.56000000,2.95000000,4.11000000,4.83000000,3.22000000
2016-01-28,2655.66000000,2.91000000,4.05000000,4.75000000,3.16000000
2016-01-29,2737.60000000,2.99000000,4.10000000,4.81000000,3.22000000
2016-02-01,2688.85000000,2.94000000,4.03000000,4.70000000,3.17000000
2016-02-02,2749.57000000,2.96000000,4.05000000,4.73000000,3.20000000
2016-02-03,2739.25000000,2.92000000,4.01000000,4.68000000,3.17000000
2016-02-04,2781.02000000,2.93000000,4.02000000,4.71000000,3.19000000
2016-02-05,2763.49000000,2.92000000,4.01000000,4.69000000,3.18000000
2016-02-15,2746.20000000,2.89000000,3.97000000,4.62000000,3.13000000
2016-02-16,2836.57000000,2.94000000,4.05000000,4.73000000,3.23000000
2016-02-17,2867.34000000,2.97000000,4.04000000,4.73000000,3.24000000
2016-02-18,2862.89000000,2.97000000,4.06000000,4.72000000,3.23000000
2016-02-19,2860.02000000,2.95000000,4.02000000,4.69000000,3.22000000
2016-02-22,2927.18000000,3.00000000,4.08000000,4.78000000,3.29000000
2016-02-23,2903.33000000,2.98000000,4.05000000,4.73000000,3.24000000
2016-02-24,2928.90000000,2.98000000,4.05000000,4.73000000,3.24000000
2016-02-25,2741.25000000,2.92000000,4.01000000,4.57000000,3.12000000
2016-02-26,2767.21000000,2.96000000,4.02000000,4.62000000,3.15000000
2016-02-29,2687.98000000,2.99000000,4.03000000,4.53000000,3.17000000
2016-03-01,2733.17000000,2.99000000,4.03000000,4.57000000,3.20000000
2016-03-02,2849.68000000,3.05000000,4.11000000,4.70000000,3.26000000
2016-03-03,2859.76000000,3.08000000,4.13000000,4.71000000,3.28000000
2016-03-04,2874.15000000,3.20000000,4.31000000,4.84000000,3.40000000
2016-03-07,2897.34000000,3.18000000,4.29000000,4.81000000,3.39000000
2016-03-08,2901.39000000,3.18000000,4.33000000,4.79000000,3.40000000
2016-03-09,2862.56000000,3.21000000,4.41000000,4.77000000,3.43000000
2016-03-10,2804.73000000,3.15000000,4.32000000,4.76000000,3.35000000
2016-03-11,2810.31000000,3.19000000,4.34000000,4.76000000,3.40000000
2016-03-14,2859.50000000,3.19000000,4.30000000,4.80000000,3.40000000
2016-03-15,2864.37000000,3.19000000,4.26000000,4.81000000,3.38000000
2016-03-16,2870.43000000,3.25000000,4.32000000,4.86000000,3.44000000
2016-03-17,2904.83000000,3.21000000,4.29000000,4.87000000,3.43000000
2016-03-18,2955.15000000,3.22000000,4.30000000,4.86000000,3.43000000
2016-03-21,3018.80000000,3.21000000,4.31000000,4.90000000,3.43000000
2016-03-22,2999.36000000,3.18000000,4.29000000,4.89000000,3.40000000
2016-03-23,3009.96000000,3.18000000,4.30000000,4.88000000,3.39000000
2016-03-24,2960.97000000,3.16000000,4.26000000,4.83000000,3.35000000
2016-03-25,2979.43000000,3.16000000,4.28000000,4.84000000,3.36000000
2016-03-28,2957.82000000,3.15000000,4.30000000,4.82000000,3.35000000
2016-03-29,2919.83000000,3.15000000,4.25000000,4.81000000,3.34000000
2016-03-30,3000.65000000,3.20000000,4.32000000,4.90000000,3.40000000
2016-03-31,3003.92000000,3.20000000,4.29000000,4.85000000,3.40000000
2016-04-01,3009.53000000,3.20000000,4.30000000,4.84000000,3.41000000
2016-04-05,3053.07000000,3.21000000,4.32000000,4.85000000,3.43000000
2016-04-06,3050.59000000,3.18000000,4.29000000,4.83000000,3.42000000
2016-04-07,3008.42000000,3.16000000,4.26000000,4.78000000,3.38000000
2016-04-08,2984.96000000,3.16000000,4.26000000,4.76000000,3.36000000
2016-04-11,3033.96000000,3.17000000,4.29000000,4.80000000,3.39000000
2016-04-12,3023.65000000,3.16000000,4.28000000,4.78000000,3.39000000
2016-04-13,3066.64000000,3.19000000,4.32000000,4.82000000,3.42000000
2016-04-14,3082.36000000,3.19000000,4.31000000,4.83000000,3.42000000
2016-04-15,3078.12000000,3.18000000,4.30000000,4.83000000,3.42000000
2016-04-18,3033.66000000,3.16000000,4.29000000,4.78000000,3.39000000
2016-04-19,3042.82000000,3.16000000,4.29000000,4.78000000,3.38000000
2016-04-20,2972.58000000,3.14000000,4.29000000,4.70000000,3.36000000
2016-04-21,2952.89000000,3.11000000,4.30000000,4.69000000,3.34000000
2016-04-22,2959.24000000,3.13000000,4.28000000,4.70000000,3.35000000
2016-04-25,2946.67000000,3.13000000,4.27000000,4.69000000,3.35000000
2016-04-26,2964.70000000,3.13000000,4.28000000,4.70000000,3.36000000
2016-04-27,2953.67000000,3.12000000,4.28000000,4.68000000,3.35000000
2016-04-28,2945.59000000,3.13000000,4.28000000,4.70000000,3.37000000
2016-04-29,2938.32000000,3.12000000,4.26000000,4.69000000,3.35000000
2016-05-03,2992.64000000,3.14000000,4.28000000,4.74000000,3.37000000
2016-05-04,2991.27000000,3.13000000,4.27000000,4.72000000,3.37000000
2016-05-05,2997.84000000,3.13000000,4.28000000,4.74000000,3.37000000
2016-05-06,2913.25000000,3.10000000,4.24000000,4.69000000,3.33000000
2016-05-09,2832.11000000,3.07000000,4.17000000,4.65000000,3.28000000
2016-05-10,2832.59000000,3.07000000,4.16000000,4.69000000,3.27000000
2016-05-11,2837.04000000,3.07000000,4.19000000,4.70000000,3.27000000
2016-05-12,2835.86000000,3.05000000,4.18000000,4.69000000,3.25000000
2016-05-13,2827.11000000,3.05000000,4.22000000,4.69000000,3.25000000
2016-05-16,2850.86000000,3.06000000,4.25000000,4.70000000,3.25000000
2016-05-17,2843.68000000,3.06000000,4.25000000,4.69000000,3.24000000
2016-05-18,2807.51000000,3.06000000,4.24000000,4.69000000,3.24000000
2016-05-19,2806.91000000,3.07000000,4.24000000,4.70000000,3.23000000
2016-05-20,2825.48000000,3.08000000,4.25000000,4.71000000,3.24000000
2016-05-23,2843.65000000,3.09000000,4.26000000,4.74000000,3.26000000
2016-05-24,2821.67000000,3.09000000,4.26000000,4.75000000,3.24000000
2016-05-25,2815.09000000,3.10000000,4.26000000,4.76000000,3.23000000
2016-05-26,2822.44000000,3.10000000,4.28000000,4.77000000,3.23000000
2016-05-27,2821.05000000,3.10000000,4.29000000,4.78000000,3.24000000
2016-05-30,2822.45000000,3.13000000,4.30000000,4.80000000,3.27000000
2016-05-31,2916.62000000,3.19000000,4.36000000,4.88000000,3.36000000
2016-06-01,2913.51000000,3.16000000,4.34000000,4.87000000,3.34000000
2016-06-02,2925.23000000,3.16000000,4.34000000,4.87000000,3.33000000
2016-06-03,2938.68000000,3.19000000,4.37000000,4.90000000,3.34000000
2016-06-06,2934.10000000,3.18000000,4.38000000,4.93000000,3.34000000
2016-06-07,2936.04000000,3.17000000,4.40000000,4.95000000,3.35000000
2016-06-08,2927.16000000,3.18000000,4.39000000,4.91000000,3.36000000
2016-06-13,2833.07000000,3.15000000,4.37000000,4.87000000,3.30000000
2016-06-14,2842.19000000,3.16000000,4.40000000,4.91000000,3.32000000
2016-06-15,2887.21000000,3.16000000,4.39000000,4.90000000,3.32000000
2016-06-16,2872.82000000,3.16000000,4.37000000,4.89000000,3.30000000
2016-06-17,2885.10000000,3.17000000,4.37000000,4.90000000,3.31000000
2016-06-20,2888.81000000,3.18000000,4.39000000,4.92000000,3.32000000
2016-06-21,2878.56000000,3.17000000,4.41000000,4.94000000,3.34000000
2016-06-22,2905.55000000,3.17000000,4.44000000,4.97000000,3.36000000
2016-06-23,2891.96000000,3.18000000,4.44000000,5.01000000,3.37000000
2016-06-24,2854.29000000,3.17000000,4.40000000,4.96000000,3.16000000
2016-06-27,2895.70000000,3.17000000,4.42000000,4.99000000,3.18000000
2016-06-28,2912.56000000,3.17000000,4.42000000,5.00000000,3.17000000
2016-06-29,2931.59000000,3.18000000,4.42000000,5.01000000,3.19000000
2016-06-30,2929.61000000,3.20000000,4.44000000,4.75000000,3.21000000
2016-07-01,2932.48000000,3.22000000,4.47000000,4.76000000,3.22000000
2016-07-04,2988.60000000,3.27000000,4.54000000,4.80000000,3.25000000
2016-07-05,3006.39000000,3.27000000,4.55000000,4.81000000,3.25000000
2016-07-06,3017.29000000,3.28000000,4.56000000,4.81000000,3.25000000
2016-07-07,3016.85000000,3.10000000,4.59000000,4.81000000,3.26000000
2016-07-08,2988.09000000,3.07000000,4.29000000,4.75000000,3.23000000
2016-07-11,2994.92000000,3.08000000,4.27000000,4.80000000,3.25000000
2016-07-12,3049.38000000,3.13000000,4.34000000,4.95000000,3.30000000
2016-07-13,3060.69000000,3.15000000,4.35000000,5.06000000,3.34000000
2016-07-14,3054.02000000,3.12000000,4.31000000,5.01000000,3.32000000
2016-07-15,3054.30000000,3.12000000,4.32000000,5.09000000,3.33000000
2016-07-18,3043.56000000,3.12000000,4.34000000,5.18000000,3.34000000
2016-07-19,3036.60000000,3.10000000,4.30000000,5.13000000,3.32000000
2016-07-20,3027.90000000,3.09000000,4.28000000,5.05000000,3.30000000
2016-07-21,3039.01000000,3.10000000,4.28000000,5.07000000,3.30000000
2016-07-22,3012.82000000,3.09000000,4.28000000,5.02000000,3.30000000
2016-07-25,3015.83000000,3.10000000,4.29000000,5.03000000,3.33000000
2016-07-26,3050.17000000,3.12000000,4.31000000,5.08000000,3.36000000
2016-07-27,2992.00000000,3.12000000,4.31000000,5.05000000,3.34000000
2016-07-28,2994.32000000,3.10000000,4.29000000,5.03000000,3.33000000
2016-07-29,2979.34000000,3.11000000,4.30000000,5.06000000,3.34000000
2016-08-01,2953.39000000,3.12000000,4.33000000,5.09000000,3.35000000
2016-08-02,2971.28000000,3.12000000,4.34000000,5.09000000,3.36000000
2016-08-03,2978.46000000,3.11000000,4.33000000,5.06000000,3.34000000
2016-08-04,2982.43000000,3.12000000,4.33000000,5.03000000,3.32000000
2016-08-05,2976.70000000,3.12000000,4.33000000,5.05000000,3.33000000
2016-08-08,3004.28000000,3.12000000,4.34000000,5.08000000,3.34000000
2016-08-09,3025.68000000,3.13000000,4.37000000,5.10000000,3.36000000
2016-08-10,3018.75000000,3.14000000,4.38000000,5.11000000,3.35000000
2016-08-11,3002.64000000,3.16000000,4.42000000,5.19000000,3.40000000
2016-08-12,3050.67000000,3.21000000,4.50000000,5.35000000,3.50000000
2016-08-15,3125.20000000,3.25000000,4.58000000,5.46000000,3.56000000
2016-08-16,3110.04000000,3.20000000,4.44000000,5.33000000,3.45000000
2016-08-17,3109.55000000,3.18000000,4.44000000,5.29000000,3.44000000
2016-08-18,3104.11000000,3.18000000,4.43000000,5.26000000,3.42000000
2016-08-19,3108.10000000,3.18000000,4.44000000,5.27000000,3.43000000
2016-08-22,3084.81000000,3.20000000,4.47000000,5.29000000,3.45000000
2016-08-23,3089.71000000,3.21000000,4.52000000,5.34000000,3.46000000
2016-08-24,3085.88000000,3.21000000,4.52000000,5.32000000,3.46000000
2016-08-25,3068.33000000,3.22000000,4.52000000,5.33000000,3.46000000
2016-08-26,3070.31000000,3.20000000,4.50000000,5.27000000,3.45000000
2016-08-29,3070.03000000,3.18000000,4.49000000,5.24000000,3.43000000
2016-08-30,3074.68000000,3.21000000,4.51000000,5.26000000,3.45000000
2016-08-31,3085.49000000,3.21000000,4.53000000,5.27000000,3.47000000
2016-09-01,3063.31000000,3.18000000,4.52000000,5.30000000,3.48000000
2016-09-02,3067.35000000,3.19000000,4.53000000,5.30000000,3.47000000
2016-09-05,3072.10000000,3.19000000,4.53000000,5.31000000,3.46000000
2016-09-06,3090.71000000,3.20000000,4.46000000,5.30000000,3.46000000
2016-09-07,3091.93000000,3.20000000,4.48000000,5.28000000,3.45000000
2016-09-08,3095.95000000,3.20000000,4.49000000,5.28000000,3.45000000
2016-09-09,3078.85000000,3.19000000,4.48000000,5.26000000,3.44000000
2016-09-12,3021.98000000,3.14000000,4.45000000,5.16000000,3.38000000
2016-09-13,3023.51000000,3.15000000,4.43000000,5.17000000,3.38000000
2016-09-14,3002.85000000,3.11000000,4.37000000,5.13000000,3.34000000
2016-09-19,3026.05000000,3.12000000,4.40000000,5.17000000,3.35000000
2016-09-20,3023.00000000,3.12000000,4.40000000,5.15000000,3.34000000
2016-09-21,3025.87000000,3.13000000,4.41000000,5.17000000,3.38000000
2016-09-22,3042.31000000,3.14000000,4.44000000,5.21000000,3.39000000
2016-09-23,3033.90000000,3.15000000,4.44000000,5.23000000,3.40000000
2016-09-26,2980.43000000,3.12000000,4.41000000,5.16000000,3.37000000
2016-09-27,2998.17000000,3.15000000,4.44000000,5.19000000,3.38000000
2016-09-28,2987.86000000,3.13000000,4.43000000,5.15000000,3.36000000
2016-09-29,2998.48000000,3.14000000,4.44000000,5.17000000,3.37000000
2016-09-30,3004.70000000,3.13000000,4.43000000,5.18000000,3.37000000
2016-10-10,3048.14000000,3.15000000,4.46000000,5.21000000,3.40000000
2016-10-11,3065.25000000,3.14000000,4.45000000,5.21000000,3.40000000
2016-10-12,3058.50000000,3.14000000,4.43000000,5.18000000,3.39000000
2016-10-13,3061.35000000,3.14000000,4.42000000,5.16000000,3.38000000
2016-10-14,3063.81000000,3.14000000,4.42000000,5.16000000,3.38000000
2016-10-17,3041.17000000,3.13000000,4.38000000,5.14000000,3.36000000
2016-10-18,3083.88000000,3.14000000,4.41000000,5.17000000,3.39000000
2016-10-19,3084.72000000,3.14000000,4.41000000,5.18000000,3.38000000
2016-10-20,3084.46000000,3.14000000,4.39000000,5.18000000,3.39000000
2016-10-21,3090.94000000,3.14000000,4.41000000,5.20000000,3.40000000
2016-10-24,3128.25000000,3.17000000,4.43000000,5.28000000,3.43000000
2016-10-25,3131.94000000,3.18000000,4.45000000,5.29000000,3.44000000
2016-10-26,3116.31000000,3.16000000,4.42000000,5.25000000,3.41000000
2016-10-27,3112.35000000,3.15000000,4.42000000,5.23000000,3.39000000
2016-10-28,3104.27000000,3.17000000,4.44000000,5.26000000,3.41000000
2016-10-31,3100.49000000,3.16000000,4.43000000,5.26000000,3.39000000
2016-11-01,3122.44000000,3.17000000,4.44000000,5.29000000,3.40000000
2016-11-02,3102.73000000,3.16000000,4.42000000,5.26000000,3.38000000
2016-11-03,3128.94000000,3.15000000,4.42000000,5.29000000,3.38000000
2016-11-04,3125.32000000,3.15000000,4.41000000,5.25000000,3.37000000
2016-11-07,3133.33000000,3.16000000,4.41000000,5.25000000,3.36000000
2016-11-08,3147.89000000,3.18000000,4.44000000,5.30000000,3.38000000
2016-11-09,3128.37000000,3.15000000,4.40000000,5.27000000,3.36000000
2016-11-10,3171.28000000,3.17000000,4.43000000,5.31000000,3.38000000
2016-11-11,3196.04000000,3.17000000,4.41000000,5.32000000,3.38000000
2016-11-14,3210.37000000,3.17000000,4.40000000,5.33000000,3.40000000
2016-11-15,3206.99000000,3.16000000,4.40000000,5.31000000,3.39000000
2016-11-16,3205.06000000,3.16000000,4.40000000,5.31000000,3.39000000
2016-11-17,3208.45000000,3.16000000,4.39000000,5.31000000,3.39000000
2016-11-18,3192.86000000,3.17000000,4.39000000,5.29000000,3.38000000
2016-11-21,3218.15000000,3.18000000,4.42000000,5.32000000,3.41000000
2016-11-22,3248.35000000,3.19000000,4.43000000,5.36000000,3.43000000
2016-11-23,3241.14000000,3.21000000,4.45000000,5.40000000,3.45000000
2016-11-24,3241.74000000,3.19000000,4.44000000,5.39000000,3.45000000
2016-11-25,3261.94000000,3.22000000,4.50000000,5.56000000,3.49000000
2016-11-28,3277.00000000,3.22000000,4.55000000,5.59000000,3.54000000
2016-11-29,3282.92000000,3.23000000,4.57000000,5.63000000,3.56000000
2016-11-30,3250.03000000,3.21000000,4.52000000,5.57000000,3.51000000
2016-12-01,3273.31000000,3.22000000,4.52000000,5.59000000,3.52000000
2016-12-02,3243.84000000,3.22000000,4.52000000,5.65000000,3.51000000
2016-12-05,3204.71000000,3.24000000,4.56000000,5.65000000,3.51000000
2016-12-06,3199.65000000,3.25000000,4.54000000,5.60000000,3.50000000
2016-12-07,3222.24000000,3.24000000,4.53000000,5.55000000,3.50000000
2016-12-08,3215.37000000,3.24000000,4.54000000,5.57000000,3.52000000
2016-12-09,3232.88000000,3.27000000,4.59000000,5.73000000,3.59000000
2016-12-12,3152.97000000,3.26000000,4.63000000,5.71000000,3.64000000
2016-12-13,3155.04000000,3.21000000,4.56000000,5.61000000,3.58000000
2016-12-14,3140.53000000,3.21000000,4.57000000,5.61000000,3.59000000
2016-12-15,3117.68000000,3.17000000,4.46000000,5.41000000,3.48000000
2016-12-16,3122.98000000,3.15000000,4.43000000,5.38000000,3.46000000
2016-12-19,3118.08000000,3.14000000,4.44000000,5.39000000,3.46000000
2016-12-20,3102.88000000,3.12000000,4.41000000,5.33000000,3.42000000
2016-12-21,3137.43000000,3.13000000,4.42000000,5.37000000,3.46000000
2016-12-22,3139.56000000,3.13000000,4.40000000,5.35000000,3.45000000
2016-12-23,3110.15000000,3.12000000,4.40000000,5.33000000,3.43000000
2016-12-26,3122.57000000,3.13000000,4.41000000,5.36000000,3.44000000
2016-12-27,3114.66000000,3.11000000,4.39000000,5.36000000,3.41000000
2016-12-28,3102.24000000,3.10000000,4.37000000,5.37000000,3.42000000
2016-12-29,3096.10000000,3.09000000,4.38000000,5.43000000,3.42000000
2016-12-30,3103.64000000,3.10000000,4.41000000,5.44000000,3.44000000
2017-01-03,3135.92000000,3.12000000,4.43000000,5.49000000,3.47000000
2017-01-04,3158.79000000,3.12000000,4.43000000,5.49000000,3.47000000
2017-01-05,3165.41000000,3.13000000,4.44000000,5.49000000,3.46000000
2017-01-06,3154.32000000,3.13000000,4.44000000,5.46000000,3.44000000
2017-01-09,3171.24000000,3.13000000,4.46000000,5.47000000,3.44000000
2017-01-10,3161.67000000,3.13000000,4.46000000,5.47000000,3.43000000
2017-01-11,3136.75000000,3.12000000,4.47000000,5.47000000,3.43000000
2017-01-12,3119.29000000,3.12000000,4.47000000,5.49000000,3.43000000
2017-01-13,3112.76000000,3.12000000,4.49000000,5.54000000,3.46000000
2017-01-16,3103.43000000,3.16000000,4.55000000,5.61000000,3.50000000
2017-01-17,3108.77000000,3.15000000,4.53000000,5.62000000,3.50000000
2017-01-18,3113.01000000,3.15000000,4.53000000,5.62000000,3.51000000
2017-01-19,3101.30000000,3.16000000,4.53000000,5.62000000,3.52000000
2017-01-20,3123.14000000,3.16000000,4.52000000,5.61000000,3.52000000
2017-01-23,3136.77000000,3.17000000,4.53000000,5.58000000,3.51000000
2017-01-24,3142.55000000,3.18000000,4.55000000,5.65000000,3.54000000
2017-01-25,3149.55000000,3.19000000,4.56000000,5.68000000,3.54000000
2017-01-26,3159.17000000,3.21000000,4.60000000,5.75000000,3.58000000
2017-02-03,3140.17000000,3.18000000,4.56000000,5.69000000,3.55000000
2017-02-06,3156.98000000,3.18000000,4.56000000,5.66000000,3.55000000
2017-02-07,3153.09000000,3.17000000,4.55000000,5.65000000,3.54000000
2017-02-08,3166.98000000,3.18000000,4.56000000,5.65000000,3.55000000
2017-02-09,3183.18000000,3.18000000,4.57000000,5.68000000,3.57000000
2017-02-10,3196.70000000,3.20000000,4.59000000,5.72000000,3.60000000
2017-02-13,3216.84000000,3.22000000,4.62000000,5.77000000,3.63000000
2017-02-14,3217.93000000,3.22000000,4.62000000,5.79000000,3.62000000
2017-02-15,3212.99000000,3.29000000,4.68000000,5.92000000,3.67000000
2017-02-16,3229.62000000,3.29000000,4.68000000,5.94000000,3.69000000
2017-02-17,3202.08000000,3.26000000,4.64000000,5.86000000,3.63000000
2017-02-20,3239.96000000,3.26000000,4.67000000,5.98000000,3.69000000
2017-02-21,3253.33000000,3.27000000,4.68000000,5.94000000,3.71000000
2017-02-22,3261.22000000,3.27000000,4.70000000,5.97000000,3.72000000
2017-02-23,3251.38000000,3.28000000,4.71000000,5.97000000,3.73000000
2017-02-24,3253.43000000,3.27000000,4.70000000,5.95000000,3.72000000
2017-02-27,3228.66000000,3.25000000,4.69000000,5.90000000,3.69000000
2017-02-28,3241.73000000,3.25000000,4.69000000,5.92000000,3.68000000
2017-03-01,3246.93000000,3.26000000,4.68000000,5.89000000,3.67000000
2017-03-02,3230.03000000,3.26000000,4.67000000,5.91000000,3.67000000
2017-03-03,3218.31000000,3.24000000,4.65000000,5.88000000,3.65000000
2017-03-06,3233.87000000,3.24000000,4.64000000,5.88000000,3.63000000
2017-03-07,3242.41000000,3.24000000,4.68000000,5.94000000,3.64000000
2017-03-08,3240.66000000,3.25000000,4.69000000,5.89000000,3.64000000
2017-03-09,3216.75000000,3.23000000,4.70000000,5.87000000,3.64000000
2017-03-10,3212.76000000,3.24000000,4.71000000,5.88000000,3.63000000
2017-03-13,3237.02000000,3.26000000,4.73000000,5.93000000,3.67000000
2017-03-14,3239.33000000,3.26000000,4.76000000,5.93000000,3.66000000
2017-03-15,3241.76000000,3.26000000,4.75000000,5.93000000,3.66000000
2017-03-16,3268.94000000,3.28000000,4.70000000,5.92000000,3.68000000
2017-03-17,3237.45000000,3.26000000,4.69000000,5.89000000,3.65000000
2017-03-20,3250.81000000,3.26000000,4.71000000,5.88000000,3.67000000
2017-03-21,3261.61000000,3.25000000,4.71000000,5.89000000,3.65000000
2017-03-22,3245.22000000,3.24000000,4.66000000,5.80000000,3.60000000
2017-03-23,3248.55000000,3.24000000,4.67000000,5.84000000,3.60000000
2017-03-24,3269.45000000,3.25000000,4.69000000,5.84000000,3.63000000
2017-03-27,3266.96000000,3.28000000,4.75000000,5.92000000,3.65000000
2017-03-28,3252.95000000,3.28000000,4.75000000,5.91000000,3.64000000
2017-03-29,3241.31000000,3.29000000,4.78000000,5.93000000,3.65000000
2017-03-30,3210.24000000,3.29000000,4.81000000,5.93000000,3.66000000
2017-03-31,3222.51000000,3.34000000,4.84000000,5.94000000,3.70000000
2017-04-05,3270.31000000,3.35000000,4.85000000,6.01000000,3.68000000
2017-04-06,3281.00000000,3.34000000,4.83000000,6.00000000,3.66000000
2017-04-07,3286.62000000,3.36000000,4.86000000,6.02000000,3.64000000
2017-04-10,3269.39000000,3.34000000,4.83000000,5.96000000,3.63000000
2017-04-11,3288.97000000,3.34000000,4.80000000,5.90000000,3.62000000
2017-04-12,3273.83000000,3.32000000,4.85000000,5.96000000,3.62000000
2017-04-13,3275.96000000,3.32000000,4.81000000,5.92000000,3.63000000
2017-04-14,3246.07000000,3.31000000,4.81000000,5.88000000,3.61000000
2017-04-17,3222.17000000,3.30000000,4.83000000,5.89000000,3.60000000
2017-04-18,3196.71000000,3.27000000,4.79000000,5.83000000,3.57000000
2017-04-19,3170.69000000,3.25000000,4.74000000,5.76000000,3.53000000
2017-04-20,3172.10000000,3.26000000,4.73000000,5.76000000,3.51000000
2017-04-21,3173.15000000,3.29000000,4.81000000,5.92000000,3.54000000
2017-04-24,3129.53000000,3.32000000,4.82000000,5.90000000,3.57000000
2017-04-25,3134.57000000,3.33000000,4.81000000,5.93000000,3.57000000
2017-04-26,3140.85000000,3.35000000,4.87000000,5.98000000,3.58000000
2017-04-27,3152.19000000,3.38000000,4.88000000,5.96000000,3.59000000
2017-04-28,3154.66000000,3.38000000,4.88000000,5.98000000,3.59000000
2017-05-02,3143.71000000,3.33000000,4.82000000,5.91000000,3.56000000
2017-05-03,3135.35000000,3.31000000,4.81000000,5.88000000,3.53000000
2017-05-04,3127.37000000,3.32000000,4.81000000,5.89000000,3.53000000
2017-05-05,3103.04000000,3.33000000,4.86000000,5.94000000,3.54000000
2017-05-08,3078.61000000,3.37000000,4.90000000,5.93000000,3.57000000
2017-05-09,3080.53000000,3.36000000,4.87000000,5.93000000,3.57000000
2017-05-10,3052.78000000,3.38000000,4.90000000,5.94000000,3.58000000
2017-05-11,3061.50000000,3.41000000,4.93000000,6.00000000,3.62000000
2017-05-12,3083.51000000,3.46000000,5.06000000,6.16000000,3.67000000
2017-05-15,3090.23000000,3.44000000,5.10000000,6.15000000,3.66000000
2017-05-16,3112.96000000,3.41000000,5.00000000,6.11000000,3.63000000
2017-05-17,3104.44000000,3.41000000,4.96000000,6.05000000,3.62000000
2017-05-18,3090.14000000,3.42000000,5.00000000,6.07000000,3.61000000
2017-05-19,3090.63000000,3.43000000,4.98000000,6.05000000,3.61000000
2017-05-22,3075.68000000,3.45000000,5.03000000,6.11000000,3.63000000
2017-05-23,3061.95000000,3.50000000,5.10000000,6.20000000,3.68000000
2017-05-24,3064.08000000,3.50000000,5.11000000,6.19000000,3.66000000
2017-05-25,3107.83000000,3.48000000,5.16000000,6.28000000,3.70000000
2017-05-26,3110.06000000,3.51000000,5.23000000,6.37000000,3.70000000
2017-05-31,3117.18000000,3.54000000,5.25000000,6.37000000,3.73000000
2017-06-01,3102.62000000,3.58000000,5.31000000,6.41000000,3.74000000
2017-06-02,3105.54000000,3.57000000,5.30000000,6.35000000,3.72000000
2017-06-05,3091.66000000,3.46000000,5.14000000,6.15000000,3.63000000
2017-06-06,3102.13000000,3.47000000,5.14000000,6.17000000,3.64000000
2017-06-07,3140.32000000,3.51000000,5.16000000,6.18000000,3.67000000
2017-06-08,3150.33000000,3.51000000,5.16000000,6.18000000,3.67000000
2017-06-09,3158.40000000,3.50000000,5.16000000,6.21000000,3.66000000
2017-06-12,3139.88000000,3.48000000,5.15000000,6.24000000,3.64000000
2017-06-13,3153.74000000,3.49000000,5.15000000,6.27000000,3.64000000
2017-06-14,3130.67000000,3.48000000,5.15000000,6.25000000,3.63000000
2017-06-15,3132.49000000,3.44000000,5.05000000,6.16000000,3.61000000
2017-06-16,3123.17000000,3.45000000,5.04000000,6.12000000,3.62000000
2017-06-19,3144.37000000,3.43000000,5.00000000,6.13000000,3.61000000
2017-06-20,3140.01000000,3.47000000,5.04000000,6.17000000,3.62000000
2017-06-21,3156.21000000,3.47000000,5.05000000,6.19000000,3.62000000
2017-06-22,3147.45000000,3.50000000,5.10000000,6.27000000,3.65000000
2017-06-23,3157.87000000,3.51000000,5.14000000,6.32000000,3.67000000
2017-06-26,3185.44000000,3.50000000,5.11000000,6.31000000,3.66000000
2017-06-27,3191.20000000,3.49000000,5.09000000,6.36000000,3.66000000
2017-06-28,3173.20000000,3.47000000,5.07000000,6.40000000,3.67000000
2017-06-29,3188.06000000,3.50000000,5.18000000,6.44000000,3.68000000
2017-06-30,3192.43000000,3.52000000,5.25000000,6.15000000,3.70000000
2017-07-03,3195.91000000,3.52000000,5.24000000,6.14000000,3.69000000
2017-07-04,3182.80000000,3.52000000,5.25000000,6.11000000,3.68000000
2017-07-05,3207.13000000,3.52000000,5.23000000,6.09000000,3.68000000
2017-07-06,3212.44000000,3.53000000,5.23000000,6.09000000,3.67000000
2017-07-07,3217.96000000,3.54000000,5.21000000,6.11000000,3.69000000
2017-07-10,3212.63000000,3.53000000,5.23000000,6.08000000,3.69000000
2017-07-11,3203.04000000,3.58000000,5.06000000,6.20000000,3.72000000
2017-07-12,3197.54000000,3.59000000,5.08000000,6.27000000,3.75000000
2017-07-13,3218.16000000,3.47000000,5.16000000,6.30000000,3.81000000
2017-07-14,3222.42000000,3.49000000,5.17000000,6.32000000,3.68000000
2017-07-17,3176.46000000,3.60000000,5.34000000,6.52000000,3.79000000
2017-07-18,3187.57000000,3.57000000,5.28000000,6.41000000,3.76000000
2017-07-19,3230.98000000,3.56000000,5.27000000,6.44000000,3.76000000
2017-07-20,3244.86000000,3.59000000,5.29000000,6.48000000,3.79000000
2017-07-21,3237.98000000,3.60000000,5.33000000,6.45000000,3.78000000
2017-07-24,3250.60000000,3.61000000,5.39000000,6.47000000,3.80000000
2017-07-25,3243.69000000,3.69000000,5.48000000,6.66000000,3.85000000
2017-07-26,3247.67000000,3.74000000,5.60000000,6.76000000,3.90000000
2017-07-27,3249.78000000,3.72000000,5.53000000,6.70000000,3.87000000
2017-07-28,3253.24000000,3.72000000,5.55000000,6.81000000,3.88000000
2017-07-31,3273.03000000,3.71000000,5.51000000,6.74000000,3.92000000
2017-08-01,3292.64000000,3.74000000,5.56000000,6.80000000,3.96000000
2017-08-02,3285.06000000,3.79000000,5.70000000,6.89000000,4.05000000
2017-08-03,3272.93000000,3.76000000,5.66000000,6.86000000,4.06000000
2017-08-04,3262.08000000,3.76000000,5.67000000,6.86000000,4.03000000
2017-08-07,3279.46000000,3.73000000,5.66000000,6.84000000,4.01000000
2017-08-08,3281.87000000,3.72000000,5.68000000,6.88000000,4.07000000
2017-08-09,3275.57000000,3.65000000,5.54000000,6.70000000,3.98000000
2017-08-10,3261.75000000,3.64000000,5.52000000,6.66000000,3.98000000
2017-08-11,3208.54000000,3.65000000,5.55000000,6.61000000,3.95000000
2017-08-14,3237.36000000,3.61000000,5.49000000,6.61000000,3.91000000
2017-08-15,3251.26000000,3.65000000,5.61000000,6.81000000,4.04000000
2017-08-16,3246.45000000,3.63000000,5.63000000,6.76000000,4.03000000
2017-08-17,3268.43000000,3.65000000,5.62000000,6.76000000,4.02000000
2017-08-18,3268.72000000,3.64000000,5.62000000,6.73000000,4.00000000
2017-08-21,3286.91000000,3.65000000,5.63000000,6.76000000,3.99000000
2017-08-22,3290.23000000,3.69000000,5.69000000,6.78000000,4.00000000
2017-08-23,3287.70000000,3.75000000,5.85000000,6.90000000,4.06000000
2017-08-24,3271.51000000,3.79000000,5.92000000,6.95000000,4.06000000
2017-08-25,3331.52000000,3.91000000,6.16000000,7.12000000,4.21000000
2017-08-28,3362.65000000,3.86000000,6.05000000,7.07000000,4.23000000
2017-08-29,3365.23000000,3.90000000,6.08000000,7.11000000,4.32000000
2017-08-30,3363.63000000,3.85000000,5.97000000,7.03000000,4.27000000
2017-08-31,3360.81000000,3.77000000,5.90000000,6.99000000,4.23000000
2017-09-01,3367.12000000,3.70000000,5.79000000,6.85000000,4.20000000
2017-09-04,3379.58000000,3.75000000,5.88000000,6.88000000,4.21000000
2017-09-05,3384.32000000,3.85000000,5.95000000,7.06000000,4.27000000
2017-09-06,3385.39000000,3.85000000,5.90000000,7.02000000,4.26000000
2017-09-07,3365.50000000,3.83000000,5.88000000,7.01000000,4.22000000
2017-09-08,3365.24000000,3.80000000,5.90000000,7.01000000,4.20000000
2017-09-11,3376.42000000,3.82000000,5.89000000,6.98000000,4.20000000
2017-09-12,3379.49000000,3.84000000,5.93000000,6.98000000,4.20000000
2017-09-13,3384.15000000,3.82000000,5.93000000,6.96000000,4.18000000
2017-09-14,3371.43000000,3.79000000,5.88000000,6.84000000,4.12000000
2017-09-15,3353.62000000,3.76000000,5.77000000,6.82000000,4.06000000
2017-09-18,3362.86000000,3.70000000,5.76000000,6.73000000,4.06000000
2017-09-19,3356.84000000,3.72000000,5.78000000,6.78000000,4.08000000
2017-09-20,3366.00000000,3.71000000,5.79000000,6.79000000,4.13000000
2017-09-21,3357.81000000,3.77000000,5.95000000,6.94000000,4.16000000
2017-09-22,3352.53000000,3.79000000,5.98000000,7.00000000,4.19000000
2017-09-25,3341.55000000,3.85000000,6.11000000,7.09000000,4.23000000
2017-09-26,3343.58000000,3.85000000,6.07000000,7.05000000,4.20000000
2017-09-27,3345.27000000,3.82000000,6.02000000,6.96000000,4.15000000
2017-09-28,3339.64000000,3.84000000,6.05000000,6.98000000,4.14000000
2017-09-29,3348.94000000,3.82000000,6.00000000,6.97000000,4.12000000
2017-10-09,3374.38000000,3.79000000,6.10000000,7.02000000,4.12000000
2017-10-10,3382.99000000,3.78000000,6.14000000,7.07000000,4.14000000
2017-10-11,3388.28000000,3.84000000,6.20000000,7.10000000,4.17000000
2017-10-12,3386.10000000,3.80000000,6.21000000,7.07000000,4.16000000
2017-10-13,3390.52000000,3.76000000,6.14000000,7.03000000,4.14000000
2017-10-16,3378.47000000,3.80000000,6.21000000,7.13000000,4.15000000
2017-10-17,3372.04000000,3.76000000,6.15000000,7.08000000,4.14000000
2017-10-18,3381.79000000,3.82000000,6.28000000,7.24000000,4.17000000
2017-10-19,3370.17000000,3.85000000,6.34000000,7.29000000,4.19000000
2017-10-20,3378.65000000,3.83000000,6.24000000,7.20000000,4.17000000
2017-10-23,3380.70000000,3.78000000,6.19000000,7.12000000,4.11000000
2017-10-24,3388.25000000,3.80000000,6.23000000,7.16000000,4.12000000
2017-10-25,3396.90000000,3.77000000,6.16000000,7.10000000,4.07000000
2017-10-26,3407.57000000,3.70000000,6.05000000,7.00000000,4.00000000
2017-10-27,3416.81000000,3.72000000,6.19000000,7.14000000,4.03000000
2017-10-30,3390.34000000,3.74000000,6.25000000,7.25000000,4.05000000
2017-10-31,3393.34000000,3.74000000,6.10000000,7.16000000,3.94000000
2017-11-01,3395.91000000,3.73000000,6.09000000,7.06000000,3.91000000
2017-11-02,3383.31000000,3.72000000,6.09000000,7.07000000,3.89000000
2017-11-03,3371.74000000,3.72000000,6.10000000,7.03000000,3.88000000
2017-11-06,3388.17000000,3.68000000,6.05000000,6.95000000,3.87000000
2017-11-07,3413.57000000,3.71000000,6.07000000,7.00000000,3.91000000
2017-11-08,3415.46000000,3.71000000,6.04000000,7.01000000,3.95000000
2017-11-09,3427.79000000,3.68000000,5.94000000,6.94000000,3.92000000
2017-11-10,3432.67000000,3.63000000,5.82000000,6.80000000,3.87000000
2017-11-13,3447.84000000,3.64000000,5.96000000,6.84000000,3.89000000
2017-11-14,3429.55000000,3.61000000,5.91000000,6.84000000,3.88000000
2017-11-15,3402.52000000,3.61000000,5.91000000,6.84000000,3.87000000
2017-11-16,3399.25000000,3.57000000,5.85000000,6.78000000,3.84000000
2017-11-17,3382.91000000,3.66000000,6.03000000,6.99000000,3.92000000
2017-11-20,3392.40000000,3.67000000,6.11000000,7.12000000,3.94000000
2017-11-21,3410.50000000,3.66000000,6.12000000,7.12000000,3.92000000
2017-11-22,3430.46000000,3.80000000,6.23000000,7.37000000,4.03000000
2017-11-23,3351.92000000,3.79000000,6.12000000,7.33000000,4.00000000
2017-11-24,3353.82000000,3.80000000,6.07000000,7.30000000,4.00000000
2017-11-27,3322.23000000,3.80000000,5.98000000,7.19000000,3.95000000
2017-11-28,3333.66000000,3.75000000,5.92000000,7.10000000,3.92000000
2017-11-29,3337.86000000,3.75000000,5.92000000,7.14000000,3.93000000
2017-11-30,3317.19000000,3.74000000,5.92000000,7.14000000,3.93000000
2017-12-01,3317.62000000,3.74000000,5.89000000,6.98000000,3.92000000
2017-12-04,3309.62000000,3.74000000,5.89000000,7.00000000,3.92000000
2017-12-05,3303.68000000,3.81000000,6.00000000,7.15000000,3.98000000
2017-12-06,3293.96000000,3.80000000,5.97000000,7.14000000,3.96000000
2017-12-07,3272.05000000,3.78000000,5.90000000,7.04000000,3.94000000
2017-12-08,3289.99000000,3.74000000,5.88000000,6.99000000,3.92000000
2017-12-11,3322.20000000,3.73000000,5.89000000,7.00000000,3.93000000
2017-12-12,3280.81000000,3.70000000,5.84000000,6.93000000,3.88000000
2017-12-13,3303.04000000,3.71000000,5.90000000,7.03000000,3.90000000
2017-12-14,3292.44000000,3.71000000,5.89000000,6.98000000,3.89000000
2017-12-15,3266.14000000,3.67000000,5.85000000,6.97000000,3.86000000
2017-12-18,3267.92000000,3.67000000,5.92000000,7.09000000,3.86000000
2017-12-19,3296.54000000,3.71000000,5.98000000,7.25000000,3.89000000
2017-12-20,3287.61000000,3.71000000,5.97000000,7.27000000,3.90000000
2017-12-21,3300.06000000,3.70000000,5.96000000,7.24000000,3.90000000
2017-12-22,3297.06000000,3.67000000,5.92000000,7.23000000,3.90000000
2017-12-25,3280.46000000,3.68000000,6.00000000,7.40000000,3.92000000
2017-12-26,3306.12000000,3.76000000,6.08000000,7.54000000,3.95000000
2017-12-27,3275.78000000,3.75000000,6.05000000,7.50000000,3.92000000
2017-12-28,3296.38000000,3.78000000,6.14000000,7.55000000,3.93000000
2017-12-29,3307.17000000,3.83000000,6.20000000,7.68000000,3.97000000
2018-01-02,3348.33000000,3.85000000,6.18000000,7.79000000,3.98000000
2018-01-03,3369.11000000,3.88000000,6.16000000,7.75000000,4.00000000
2018-01-04,3385.71000000,3.87000000,6.07000000,7.61000000,4.00000000
2018-01-05,3391.75000000,3.87000000,6.08000000,7.68000000,3.98000000
2018-01-08,3409.48000000,3.86000000,6.07000000,7.59000000,4.01000000
2018-01-09,3413.90000000,3.83000000,6.09000000,7.56000000,3.96000000
2018-01-10,3421.83000000,3.91000000,6.16000000,7.78000000,4.03000000
2018-01-11,3425.34000000,3.99000000,6.21000000,7.87000000,4.09000000
2018-01-12,3428.94000000,4.01000000,6.25000000,7.89000000,4.09000000
2018-01-15,3410.49000000,4.12000000,6.43000000,8.07000000,4.18000000
2018-01-16,3436.59000000,4.15000000,6.59000000,8.23000000,4.22000000
2018-01-17,3444.67000000,4.22000000,6.72000000,8.39000000,4.24000000
2018-01-18,3474.75000000,4.37000000,7.13000000,8.98000000,4.36000000
2018-01-19,3487.86000000,4.47000000,7.12000000,9.09000000,4.40000000
2018-01-22,3501.36000000,4.36000000,7.17000000,9.06000000,4.40000000
2018-01-23,3546.50000000,4.48000000,7.49000000,9.81000000,4.68000000
2018-01-24,3559.47000000,4.53000000,7.40000000,9.67000000,4.69000000
2018-01-25,3548.31000000,4.54000000,7.35000000,9.54000000,4.63000000
2018-01-26,3558.13000000,4.48000000,7.37000000,9.63000000,4.65000000
2018-01-29,3523.00000000,4.51000000,7.43000000,9.52000000,4.60000000
2018-01-30,3488.01000000,4.42000000,7.28000000,9.38000000,4.48000000
2018-01-31,3480.83000000,4.46000000,7.48000000,9.51000000,4.54000000
2018-02-01,3446.98000000,4.51000000,7.68000000,9.63000000,4.63000000
2018-02-02,3462.08000000,4.51000000,7.60000000,9.55000000,4.58000000
2018-02-05,3487.50000000,4.75000000,7.75000000,9.79000000,4.76000000
2018-02-06,3370.65000000,4.71000000,7.57000000,9.40000000,4.76000000
2018-02-07,3309.26000000,4.46000000,7.13000000,8.84000000,4.59000000
2018-02-08,3262.05000000,4.31000000,6.82000000,8.49000000,4.42000000
2018-02-09,3129.85000000,4.16000000,6.68000000,8.36000000,4.29000000
2018-02-12,3154.13000000,4.09000000,6.61000000,8.29000000,4.21000000
2018-02-13,3184.96000000,4.15000000,6.80000000,8.42000000,4.28000000
2018-02-14,3199.16000000,4.16000000,6.88000000,8.48000000,4.28000000
2018-02-22,3268.56000000,4.31000000,7.00000000,8.78000000,4.37000000
2018-02-23,3289.02000000,4.34000000,7.01000000,8.80000000,4.39000000
2018-02-26,3329.57000000,4.32000000,7.02000000,8.75000000,4.40000000
2018-02-27,3292.07000000,4.20000000,6.79000000,8.42000000,4.32000000
2018-02-28,3259.41000000,4.13000000,6.67000000,8.31000000,4.23000000
2018-03-01,3273.75000000,4.13000000,6.69000000,8.24000000,4.22000000
2018-03-02,3254.53000000,4.11000000,6.68000000,8.21000000,4.17000000
2018-03-05,3256.93000000,4.07000000,6.62000000,8.13000000,4.16000000
2018-03-06,3289.64000000,4.04000000,6.55000000,8.11000000,4.19000000
2018-03-07,3271.67000000,4.05000000,6.63000000,8.26000000,4.22000000
2018-03-08,3288.41000000,4.02000000,6.55000000,8.18000000,4.20000000
2018-03-09,3307.17000000,4.02000000,6.55000000,8.25000000,4.18000000
2018-03-12,3326.70000000,4.03000000,6.48000000,8.15000000,4.17000000
2018-03-13,3310.24000000,4.13000000,6.50000000,8.18000000,4.19000000
2018-03-14,3291.38000000,4.09000000,6.44000000,8.07000000,4.17000000
2018-03-15,3291.11000000,4.13000000,6.46000000,8.06000000,4.17000000
2018-03-16,3269.88000000,4.07000000,6.36000000,7.91000000,4.13000000
2018-03-19,3279.25000000,4.08000000,6.40000000,8.03000000,4.13000000
2018-03-20,3290.64000000,4.10000000,6.53000000,8.11000000,4.17000000
2018-03-21,3280.95000000,4.10000000,6.49000000,8.11000000,4.17000000
2018-03-22,3263.48000000,4.06000000,6.47000000,8.04000000,4.17000000
2018-03-23,3152.76000000,3.95000000,6.30000000,7.76000000,4.12000000
2018-03-26,3133.72000000,3.82000000,6.02000000,7.48000000,3.99000000
2018-03-27,3166.65000000,3.84000000,5.98000000,7.45000000,3.97000000
2018-03-28,3122.29000000,3.86000000,5.98000000,7.43000000,3.96000000
2018-03-29,3160.53000000,3.96000000,6.09000000,7.67000000,3.99000000
2018-03-30,3168.90000000,3.91000000,6.09000000,7.75000000,3.93000000
2018-04-02,3163.18000000,3.84000000,5.96000000,7.51000000,3.88000000
2018-04-03,3136.63000000,3.83000000,5.88000000,7.46000000,3.88000000
2018-04-04,3131.11000000,3.81000000,5.87000000,7.38000000,3.85000000
2018-04-09,3138.29000000,3.83000000,5.86000000,7.36000000,3.85000000
2018-04-10,3190.32000000,3.94000000,6.12000000,7.81000000,3.93000000
2018-04-11,3208.08000000,3.99000000,6.24000000,7.95000000,3.97000000
2018-04-12,3180.16000000,3.90000000,6.08000000,7.71000000,3.91000000
2018-04-13,3159.05000000,3.87000000,6.03000000,7.66000000,3.87000000
2018-04-16,3110.65000000,3.75000000,5.82000000,7.33000000,3.77000000
2018-04-17,3066.80000000,3.73000000,5.79000000,7.28000000,3.76000000
2018-04-18,3091.40000000,3.77000000,5.88000000,7.35000000,3.78000000
2018-04-19,3117.38000000,3.78000000,5.92000000,7.41000000,3.79000000
2018-04-20,3071.54000000,3.74000000,5.92000000,7.37000000,3.78000000
2018-04-23,3068.01000000,3.76000000,6.02000000,7.43000000,3.78000000
2018-04-24,3128.93000000,3.84000000,6.08000000,7.56000000,3.84000000
2018-04-25,3117.97000000,3.81000000,5.99000000,7.47000000,3.80000000
2018-04-26,3075.03000000,3.79000000,5.95000000,7.41000000,3.79000000
2018-04-27,3082.23000000,3.81000000,6.00000000,7.48000000,3.82000000
2018-05-02,3081.18000000,3.86000000,5.98000000,7.47000000,3.81000000
2018-05-03,3100.86000000,3.84000000,5.95000000,7.45000000,3.82000000
2018-05-04,3091.03000000,3.83000000,5.91000000,7.34000000,3.80000000
2018-05-07,3136.64000000,3.86000000,5.95000000,7.41000000,3.83000000
2018-05-08,3161.50000000,3.90000000,5.98000000,7.56000000,3.87000000
2018-05-09,3159.15000000,3.90000000,5.99000000,7.59000000,3.88000000
2018-05-10,3174.41000000,3.89000000,6.00000000,7.58000000,3.88000000
2018-05-11,3163.26000000,3.91000000,6.07000000,7.74000000,3.90000000
2018-05-14,3174.03000000,3.94000000,6.07000000,7.76000000,3.90000000
2018-05-15,3192.12000000,3.92000000,6.09000000,7.76000000,3.89000000
2018-05-16,3169.57000000,3.85000000,6.00000000,7.63000000,3.85000000
2018-05-17,3154.28000000,3.85000000,5.97000000,7.59000000,3.85000000
2018-05-18,3193.30000000,3.90000000,6.05000000,7.73000000,3.90000000
2018-05-21,3213.84000000,3.92000000,6.03000000,7.65000000,3.91000000
2018-05-22,3214.35000000,3.89000000,5.97000000,7.49000000,3.88000000
2018-05-23,3168.96000000,3.83000000,5.85000000,7.37000000,3.84000000
2018-05-24,3154.65000000,3.79000000,5.77000000,7.29000000,3.81000000
2018-05-25,3141.30000000,3.63000000,5.78000000,7.29000000,3.82000000
2018-05-28,3135.08000000,3.61000000,5.76000000,7.27000000,3.82000000
2018-05-29,3120.46000000,3.62000000,5.74000000,7.21000000,3.83000000
2018-05-30,3041.44000000,3.56000000,5.63000000,7.05000000,3.76000000
2018-05-31,3095.47000000,3.59000000,5.66000000,7.12000000,3.77000000
2018-06-01,3075.14000000,3.60000000,5.64000000,7.08000000,3.76000000
2018-06-04,3091.19000000,3.66000000,5.70000000,7.17000000,3.79000000
2018-06-05,3114.21000000,3.67000000,5.70000000,7.18000000,3.79000000
2018-06-06,3115.18000000,3.64000000,5.65000000,7.13000000,3.77000000
2018-06-07,3109.50000000,3.66000000,5.69000000,7.18000000,3.78000000
2018-06-08,3067.15000000,3.59000000,5.58000000,7.03000000,3.74000000
2018-06-11,3052.78000000,3.60000000,5.58000000,7.01000000,3.74000000
2018-06-12,3079.80000000,3.60000000,5.60000000,7.08000000,3.74000000
2018-06-13,3049.80000000,3.59000000,5.58000000,7.06000000,3.73000000
2018-06-14,3044.16000000,3.61000000,5.62000000,7.11000000,3.73000000
2018-06-15,3021.90000000,3.63000000,5.70000000,7.23000000,3.75000000
2018-06-19,2907.82000000,3.63000000,5.74000000,7.23000000,3.76000000
2018-06-20,2915.73000000,3.58000000,5.69000000,7.11000000,3.73000000
2018-06-21,2875.81000000,3.59000000,5.68000000,7.06000000,3.74000000
2018-06-22,2889.76000000,3.58000000,5.67000000,7.06000000,3.74000000
2018-06-25,2859.34000000,3.53000000,5.54000000,6.90000000,3.70000000
2018-06-26,2844.51000000,3.46000000,5.42000000,6.73000000,3.65000000
2018-06-27,2813.18000000,3.43000000,5.31000000,6.57000000,3.62000000
2018-06-28,2786.90000000,3.39000000,5.20000000,6.42000000,3.56000000
2018-06-29,2847.42000000,3.44000000,5.32000000,6.55000000,3.61000000
2018-07-02,2775.56000000,3.32000000,5.08000000,6.22000000,3.47000000
2018-07-03,2786.89000000,3.31000000,5.14000000,6.32000000,3.51000000
2018-07-04,2759.13000000,3.32000000,5.16000000,6.32000000,3.53000000
2018-07-05,2733.88000000,3.36000000,5.23000000,6.41000000,3.58000000
2018-07-06,2747.23000000,3.39000000,5.29000000,6.46000000,3.60000000
2018-07-09,2815.11000000,3.52000000,5.53000000,6.81000000,3.75000000
2018-07-10,2827.63000000,3.50000000,5.52000000,6.77000000,3.73000000
2018-07-11,2777.77000000,3.46000000,5.48000000,6.73000000,3.72000000
2018-07-12,2837.66000000,3.53000000,5.66000000,6.97000000,3.79000000
2018-07-13,2831.18000000,3.50000000,5.36000000,6.98000000,3.56000000
2018-07-16,2814.04000000,3.42000000,5.23000000,6.80000000,3.50000000
2018-07-17,2798.13000000,3.41000000,5.23000000,6.37000000,3.48000000
2018-07-18,2787.26000000,3.41000000,5.23000000,6.40000000,3.46000000
2018-07-19,2772.55000000,3.37000000,5.17000000,6.35000000,3.45000000
2018-07-20,2829.27000000,3.54000000,5.47000000,6.78000000,3.55000000
2018-07-23,2859.54000000,3.60000000,5.60000000,6.93000000,3.59000000
2018-07-24,2905.56000000,3.62000000,5.61000000,6.93000000,3.60000000
2018-07-25,2903.65000000,3.64000000,5.62000000,6.92000000,3.59000000
2018-07-26,2882.23000000,3.59000000,5.55000000,6.91000000,3.57000000
2018-07-27,2873.59000000,3.59000000,5.54000000,6.85000000,3.56000000
2018-07-30,2869.05000000,3.61000000,5.59000000,6.95000000,3.60000000
2018-07-31,2876.40000000,3.64000000,5.65000000,7.01000000,3.62000000
2018-08-01,2824.53000000,3.60000000,5.55000000,6.88000000,3.56000000
2018-08-02,2768.02000000,3.50000000,5.44000000,6.74000000,3.49000000
2018-08-03,2740.44000000,3.53000000,5.48000000,6.83000000,3.49000000
2018-08-06,2705.16000000,3.56000000,5.51000000,6.89000000,3.51000000
2018-08-07,2779.37000000,3.63000000,5.60000000,6.98000000,3.56000000
2018-08-08,2744.07000000,3.58000000,5.51000000,6.85000000,3.53000000
2018-08-09,2794.38000000,3.63000000,5.57000000,6.93000000,3.56000000
2018-08-10,2795.31000000,3.61000000,5.50000000,6.85000000,3.54000000
2018-08-13,2785.87000000,3.56000000,5.40000000,6.67000000,3.50000000
2018-08-14,2780.96000000,3.55000000,5.38000000,6.68000000,3.51000000
2018-08-15,2723.26000000,3.49000000,5.29000000,6.57000000,3.45000000
2018-08-16,2705.19000000,3.51000000,5.27000000,6.60000000,3.47000000
2018-08-17,2668.97000000,3.50000000,5.26000000,6.52000000,3.45000000
2018-08-20,2698.47000000,3.57000000,5.36000000,6.66000000,3.50000000
2018-08-21,2733.83000000,3.59000000,5.40000000,6.72000000,3.52000000
2018-08-22,2714.61000000,3.57000000,5.39000000,6.70000000,3.50000000
2018-08-23,2724.62000000,3.57000000,5.40000000,6.69000000,3.50000000
2018-08-24,2729.43000000,3.61000000,5.49000000,6.80000000,3.53000000
2018-08-27,2780.90000000,3.64000000,5.53000000,6.91000000,3.55000000
2018-08-28,2777.98000000,3.62000000,5.51000000,6.95000000,3.56000000
2018-08-29,2769.29000000,3.64000000,5.49000000,6.90000000,3.56000000
2018-08-30,2737.74000000,3.60000000,5.40000000,6.83000000,3.53000000
2018-08-31,2725.25000000,3.63000000,5.44000000,6.88000000,3.55000000
2018-09-03,2720.73000000,3.64000000,5.43000000,6.88000000,3.55000000
2018-09-04,2750.58000000,3.65000000,5.44000000,6.93000000,3.58000000
2018-09-05,2704.34000000,3.60000000,5.35000000,6.71000000,3.53000000
2018-09-06,2691.59000000,3.57000000,5.33000000,6.67000000,3.50000000
2018-09-07,2702.30000000,3.59000000,5.35000000,6.66000000,3.51000000
2018-09-10,2669.48000000,3.60000000,5.34000000,6.62000000,3.52000000
2018-09-11,2664.80000000,3.59000000,5.34000000,6.58000000,3.51000000
2018-09-12,2656.11000000,3.57000000,5.29000000,6.54000000,3.49000000
2018-09-13,2686.58000000,3.63000000,5.37000000,6.64000000,3.54000000
2018-09-14,2681.64000000,3.63000000,5.37000000,6.65000000,3.54000000
2018-09-17,2651.79000000,3.62000000,5.32000000,6.61000000,3.52000000
2018-09-18,2699.95000000,3.64000000,5.39000000,6.69000000,3.55000000
2018-09-19,2730.85000000,3.65000000,5.44000000,6.78000000,3.56000000
2018-09-20,2729.24000000,3.67000000,5.49000000,6.85000000,3.57000000
2018-09-21,2797.48000000,3.93000000,5.75000000,7.21000000,3.68000000
2018-09-25,2781.14000000,3.86000000,5.67000000,7.10000000,3.65000000
2018-09-26,2806.81000000,3.85000000,5.70000000,7.13000000,3.68000000
2018-09-27,2791.77000000,3.84000000,5.69000000,7.13000000,3.68000000
2018-09-28,2821.35000000,3.89000000,5.77000000,7.24000000,3.72000000
2018-10-08,2716.51000000,3.79000000,5.56000000,6.93000000,3.62000000
2018-10-09,2721.01000000,3.75000000,5.53000000,6.90000000,3.59000000
2018-10-10,2725.84000000,3.76000000,5.55000000,6.94000000,3.60000000
2018-10-11,2583.46000000,3.65000000,5.40000000,6.68000000,3.50000000
2018-10-12,2606.91000000,3.74000000,5.53000000,6.93000000,3.55000000
2018-10-15,2568.10000000,3.70000000,5.43000000,6.81000000,3.50000000
2018-10-16,2546.33000000,3.74000000,5.45000000,6.86000000,3.51000000
2018-10-17,2561.61000000,3.77000000,5.43000000,6.83000000,3.54000000
2018-10-18,2486.42000000,3.68000000,5.35000000,6.73000000,3.52000000
2018-10-19,2550.47000000,3.79000000,5.48000000,6.98000000,3.61000000
2018-10-22,2654.88000000,3.89000000,5.63000000,7.19000000,3.70000000
2018-10-23,2594.83000000,3.81000000,5.47000000,6.96000000,3.62000000
2018-10-24,2603.30000000,3.87000000,5.62000000,7.15000000,3.68000000
2018-10-25,2603.80000000,3.88000000,5.65000000,7.24000000,3.71000000
2018-10-26,2598.85000000,3.91000000,5.69000000,7.28000000,3.71000000
2018-10-29,2542.10000000,3.82000000,5.58000000,7.08000000,3.70000000
2018-10-30,2568.05000000,3.84000000,5.63000000,7.13000000,3.74000000
2018-10-31,2602.78000000,3.87000000,5.63000000,7.15000000,3.72000000
2018-11-01,2606.24000000,3.82000000,5.57000000,7.09000000,3.67000000
2018-11-02,2676.48000000,3.87000000,5.64000000,7.17000000,3.71000000
2018-11-05,2665.43000000,3.82000000,5.56000000,7.05000000,3.68000000
2018-11-06,2659.36000000,3.79000000,5.53000000,7.00000000,3.66000000
2018-11-07,2641.34000000,3.78000000,5.52000000,6.97000000,3.66000000
2018-11-08,2635.63000000,3.79000000,5.53000000,6.97000000,3.67000000
2018-11-09,2598.87000000,3.65000000,5.35000000,6.72000000,3.59000000
2018-11-12,2630.52000000,3.64000000,5.36000000,6.72000000,3.61000000
2018-11-13,2654.88000000,3.65000000,5.38000000,6.72000000,3.62000000
2018-11-14,2632.24000000,3.59000000,5.31000000,6.62000000,3.58000000
2018-11-15,2668.17000000,3.61000000,5.35000000,6.67000000,3.60000000
2018-11-16,2679.11000000,3.60000000,5.34000000,6.66000000,3.60000000
2018-11-19,2703.51000000,3.65000000,5.41000000,6.76000000,3.64000000
2018-11-20,2645.85000000,3.60000000,5.35000000,6.72000000,3.60000000
2018-11-21,2651.51000000,3.62000000,5.36000000,6.72000000,3.61000000
2018-11-22,2645.43000000,3.60000000,5.36000000,6.69000000,3.61000000
2018-11-23,2579.48000000,3.57000000,5.33000000,6.65000000,3.59000000
2018-11-26,2575.81000000,3.59000000,5.35000000,6.69000000,3.60000000
2018-11-27,2574.68000000,3.57000000,5.33000000,6.66000000,3.58000000
2018-11-28,2601.74000000,3.58000000,5.35000000,6.69000000,3.60000000
2018-11-29,2567.44000000,3.55000000,5.33000000,6.63000000,3.59000000
2018-11-30,2588.19000000,3.57000000,5.33000000,6.65000000,3.61000000
2018-12-03,2654.80000000,3.62000000,5.41000000,6.77000000,3.65000000
2018-12-04,2665.96000000,3.61000000,5.42000000,6.77000000,3.66000000
2018-12-05,2649.81000000,3.60000000,5.40000000,6.73000000,3.64000000
2018-12-06,2605.18000000,3.57000000,5.35000000,6.64000000,3.61000000
2018-12-07,2605.89000000,3.58000000,5.35000000,6.63000000,3.60000000
2018-12-10,2584.58000000,3.56000000,5.33000000,6.56000000,3.57000000
2018-12-11,2594.09000000,3.56000000,5.33000000,6.59000000,3.57000000
2018-12-12,2602.15000000,3.57000000,5.34000000,6.64000000,3.59000000
2018-12-13,2634.05000000,3.59000000,5.39000000,6.73000000,3.60000000
2018-12-14,2593.74000000,3.57000000,5.35000000,6.61000000,3.58000000
2018-12-17,2597.97000000,3.58000000,5.37000000,6.66000000,3.61000000
2018-12-18,2576.65000000,3.55000000,5.35000000,6.61000000,3.59000000
2018-12-19,2549.56000000,3.53000000,5.33000000,6.54000000,3.58000000
2018-12-20,2536.27000000,3.51000000,5.23000000,6.40000000,3.56000000
2018-12-21,2516.25000000,3.51000000,5.19000000,6.30000000,3.57000000
2018-12-24,2527.01000000,3.53000000,5.22000000,6.30000000,3.59000000
2018-12-25,2504.82000000,3.56000000,5.23000000,6.28000000,3.61000000
2018-12-26,2498.29000000,3.59000000,5.27000000,6.29000000,3.63000000
2018-12-27,2483.09000000,3.60000000,5.28000000,6.29000000,3.63000000
2018-12-28,2493.90000000,3.60000000,5.29000000,6.37000000,3.61000000
2019-01-02,2465.29000000,3.52000000,5.20000000,6.25000000,3.54000000
2019-01-03,2464.36000000,3.54000000,5.20000000,6.26000000,3.55000000
2019-01-04,2514.87000000,3.59000000,5.27000000,6.36000000,3.58000000
2019-01-07,2533.09000000,3.57000000,5.24000000,6.34000000,3.57000000
2019-01-08,2526.46000000,3.53000000,5.20000000,6.34000000,3.54000000
2019-01-09,2544.34000000,3.55000000,5.26000000,6.41000000,3.55000000
2019-01-10,2535.10000000,3.51000000,5.22000000,6.34000000,3.52000000
2019-01-11,2553.83000000,3.53000000,5.24000000,6.36000000,3.53000000
2019-01-14,2535.77000000,3.50000000,5.20000000,6.30000000,3.50000000
2019-01-15,2570.34000000,3.53000000,5.23000000,6.38000000,3.52000000
2019-01-16,2570.42000000,3.52000000,5.24000000,6.41000000,3.52000000
2019-01-17,2559.64000000,3.53000000,5.25000000,6.45000000,3.53000000
2019-01-18,2596.01000000,3.58000000,5.39000000,6.64000000,3.56000000
2019-01-21,2610.51000000,3.58000000,5.45000000,6.67000000,3.57000000
2019-01-22,2579.70000000,3.57000000,5.39000000,6.60000000,3.56000000
2019-01-23,2581.00000000,3.59000000,5.44000000,6.65000000,3.57000000
2019-01-24,2591.69000000,3.61000000,5.46000000,6.68000000,3.59000000
2019-01-25,2601.72000000,3.67000000,5.52000000,6.81000000,3.62000000
2019-01-28,2596.98000000,3.68000000,5.50000000,6.77000000,3.61000000
2019-01-29,2594.25000000,3.69000000,5.54000000,6.85000000,3.64000000
2019-01-30,2575.58000000,3.68000000,5.55000000,6.86000000,3.63000000
2019-01-31,2584.57000000,3.72000000,5.66000000,7.07000000,3.68000000
2019-02-01,2618.23000000,3.72000000,5.65000000,7.06000000,3.68000000
2019-02-11,2653.90000000,3.70000000,5.64000000,7.06000000,3.67000000
2019-02-12,2671.89000000,3.72000000,5.65000000,7.05000000,3.68000000
2019-02-13,2721.07000000,3.76000000,5.71000000,7.11000000,3.72000000
2019-02-14,2719.70000000,3.71000000,5.65000000,7.03000000,3.70000000
2019-02-15,2682.39000000,3.65000000,5.51000000,6.84000000,3.65000000
2019-02-18,2754.36000000,3.70000000,5.60000000,6.97000000,3.70000000
2019-02-19,2755.65000000,3.69000000,5.57000000,6.97000000,3.68000000
2019-02-20,2761.22000000,3.70000000,5.57000000,6.97000000,3.68000000
2019-02-21,2751.80000000,3.68000000,5.56000000,6.94000000,3.67000000
2019-02-22,2804.23000000,3.68000000,5.55000000,6.95000000,3.69000000
2019-02-25,2961.28000000,3.88000000,5.90000000,7.38000000,3.88000000
2019-02-26,2941.52000000,3.79000000,5.77000000,7.19000000,3.84000000
2019-02-27,2953.82000000,3.82000000,5.81000000,7.25000000,3.88000000
2019-02-28,2940.95000000,3.80000000,5.75000000,7.18000000,3.84000000
2019-03-01,2994.00000000,3.85000000,5.85000000,7.34000000,3.90000000
2019-03-04,3027.58000000,3.87000000,5.86000000,7.36000000,3.92000000
2019-03-05,3054.25000000,3.84000000,5.82000000,7.30000000,3.90000000
2019-03-06,3102.10000000,3.85000000,5.85000000,7.33000000,3.93000000
2019-03-07,3106.42000000,3.80000000,5.76000000,7.20000000,3.89000000
2019-03-08,2969.86000000,3.69000000,5.59000000,6.91000000,3.75000000
2019-03-11,3026.99000000,3.71000000,5.61000000,6.97000000,3.79000000
2019-03-12,3060.31000000,3.74000000,5.62000000,7.01000000,3.83000000
2019-03-13,3026.95000000,3.71000000,5.58000000,6.95000000,3.80000000
2019-03-14,2990.69000000,3.70000000,5.57000000,6.95000000,3.79000000
2019-03-15,3021.75000000,3.71000000,5.58000000,7.03000000,3.79000000
2019-03-18,3096.42000000,3.75000000,5.65000000,7.15000000,3.84000000
2019-03-19,3090.98000000,3.74000000,5.65000000,7.14000000,3.81000000
2019-03-20,3090.64000000,3.73000000,5.61000000,7.14000000,3.79000000
2019-03-21,3101.46000000,3.71000000,5.59000000,7.07000000,3.79000000
2019-03-22,3104.15000000,3.72000000,5.58000000,7.03000000,3.80000000
2019-03-25,3043.03000000,3.66000000,5.47000000,6.84000000,3.73000000
2019-03-26,2997.10000000,3.67000000,5.45000000,6.81000000,3.72000000
2019-03-27,3022.72000000,3.69000000,5.51000000,6.90000000,3.73000000
2019-03-28,2994.94000000,3.67000000,5.45000000,6.82000000,3.71000000
2019-03-29,3090.76000000,3.73000000,5.57000000,6.95000000,3.77000000
2019-04-01,3170.36000000,3.77000000,5.64000000,7.14000000,3.83000000
2019-04-02,3176.82000000,3.75000000,5.66000000,7.16000000,3.83000000
2019-04-03,3216.30000000,3.74000000,5.70000000,7.23000000,3.84000000
2019-04-04,3246.57000000,3.79000000,5.81000000,7.44000000,3.89000000
2019-04-08,3244.81000000,3.79000000,5.82000000,7.38000000,3.90000000
2019-04-09,3239.66000000,3.78000000,5.78000000,7.33000000,3.87000000
2019-04-10,3241.93000000,3.77000000,5.75000000,7.31000000,3.86000000
2019-04-11,3189.96000000,3.73000000,5.73000000,7.23000000,3.86000000
2019-04-12,3188.63000000,3.74000000,5.73000000,7.22000000,3.87000000
2019-04-15,3177.79000000,3.78000000,5.81000000,7.37000000,3.89000000
2019-04-16,3253.60000000,3.89000000,6.00000000,7.73000000,4.00000000
2019-04-17,3263.12000000,3.88000000,6.01000000,7.76000000,4.03000000
2019-04-18,3250.20000000,3.84000000,5.94000000,7.59000000,4.00000000
2019-04-19,3270.80000000,3.85000000,5.98000000,7.62000000,4.03000000
2019-04-22,3215.04000000,3.78000000,5.83000000,7.37000000,3.93000000
2019-04-23,3198.59000000,3.77000000,5.81000000,7.39000000,3.95000000
2019-04-24,3201.61000000,3.77000000,5.81000000,7.41000000,3.91000000
2019-04-25,3123.83000000,3.74000000,5.73000000,7.33000000,3.89000000
2019-04-26,3086.40000000,3.72000000,5.71000000,7.26000000,3.86000000
2019-04-29,3062.50000000,3.74000000,5.80000000,7.41000000,3.89000000
2019-04-30,3078.34000000,3.76000000,5.81000000,7.44000000,3.89000000
2019-05-06,2906.46000000,3.65000000,5.72000000,7.15000000,3.78000000
2019-05-07,2926.39000000,3.66000000,5.66000000,7.11000000,3.78000000
2019-05-08,2893.76000000,3.61000000,5.59000000,7.01000000,3.72000000
2019-05-09,2850.95000000,3.59000000,5.52000000,6.90000000,3.69000000
2019-05-10,2939.21000000,3.65000000,5.61000000,7.00000000,3.75000000
2019-05-13,2903.71000000,3.60000000,5.54000000,6.96000000,3.71000000
2019-05-14,2883.61000000,3.58000000,5.52000000,6.92000000,3.68000000
2019-05-15,2938.68000000,3.61000000,5.57000000,7.02000000,3.75000000
2019-05-16,2955.71000000,3.62000000,5.59000000,7.00000000,3.78000000
2019-05-17,2882.30000000,3.61000000,5.57000000,6.92000000,3.73000000
2019-05-20,2870.60000000,3.65000000,5.61000000,6.96000000,3.82000000
2019-05-21,2905.97000000,3.67000000,5.64000000,7.00000000,3.80000000
2019-05-22,2891.70000000,3.67000000,5.65000000,6.98000000,3.81000000
2019-05-23,2852.52000000,3.68000000,5.65000000,6.96000000,3.79000000
2019-05-24,2852.99000000,3.69000000,5.70000000,7.01000000,3.79000000
2019-05-27,2892.38000000,3.70000000,5.65000000,6.99000000,3.81000000
2019-05-28,2909.91000000,3.72000000,5.67000000,7.01000000,3.84000000
2019-05-29,2914.70000000,3.68000000,5.65000000,6.96000000,3.84000000
2019-05-30,2905.81000000,3.71000000,5.67000000,6.99000000,3.89000000
2019-05-31,2898.70000000,3.68000000,5.61000000,6.98000000,3.88000000
2019-06-03,2890.08000000,3.73000000,5.70000000,7.01000000,3.70000000
2019-06-04,2862.28000000,3.75000000,5.73000000,7.08000000,3.70000000
2019-06-05,2861.42000000,3.77000000,5.76000000,7.16000000,3.72000000
2019-06-06,2827.80000000,3.77000000,5.73000000,7.16000000,3.72000000
2019-06-10,2852.13000000,3.79000000,5.78000000,7.28000000,3.74000000
2019-06-11,2925.72000000,3.81000000,5.79000000,7.30000000,3.76000000
2019-06-12,2909.38000000,3.81000000,5.76000000,7.25000000,3.73000000
2019-06-13,2910.74000000,3.78000000,5.73000000,7.22000000,3.73000000
2019-06-14,2881.97000000,3.76000000,5.74000000,7.22000000,3.73000000
2019-06-17,2887.62000000,3.80000000,5.74000000,7.26000000,3.74000000
2019-06-18,2890.16000000,3.82000000,5.74000000,7.35000000,3.76000000
2019-06-19,2917.80000000,3.65000000,5.78000000,7.46000000,3.78000000
2019-06-20,2987.12000000,3.67000000,5.84000000,7.54000000,3.81000000
2019-06-21,3001.98000000,3.64000000,5.85000000,7.41000000,3.77000000
2019-06-24,3008.15000000,3.66000000,5.88000000,7.44000000,3.78000000
2019-06-25,2982.07000000,3.64000000,5.83000000,7.34000000,3.75000000
2019-06-26,2976.28000000,3.62000000,5.85000000,7.38000000,3.74000000
2019-06-27,2996.79000000,3.62000000,5.91000000,7.41000000,3.75000000
2019-06-28,2978.88000000,3.60000000,5.89000000,7.44000000,3.74000000
2019-07-01,3044.90000000,3.62000000,5.92000000,7.46000000,3.76000000
2019-07-02,3043.94000000,3.64000000,5.93000000,7.48000000,3.77000000
2019-07-03,3015.26000000,3.66000000,5.67000000,7.51000000,3.77000000
2019-07-04,3005.25000000,3.66000000,5.68000000,7.50000000,3.77000000
2019-07-05,3011.06000000,3.65000000,5.67000000,7.54000000,3.75000000
2019-07-08,2933.36000000,3.60000000,5.59000000,7.46000000,3.71000000
2019-07-09,2928.23000000,3.58000000,5.58000000,7.40000000,3.71000000
2019-07-10,2915.30000000,3.59000000,5.55000000,6.99000000,3.70000000
2019-07-11,2917.76000000,3.59000000,5.57000000,7.04000000,3.71000000
2019-07-12,2930.55000000,3.60000000,5.62000000,7.17000000,3.72000000
2019-07-15,2942.19000000,3.59000000,5.60000000,7.18000000,3.70000000
2019-07-16,2937.62000000,3.58000000,5.61000000,7.18000000,3.69000000
2019-07-17,2931.69000000,3.57000000,5.56000000,7.13000000,3.67000000
2019-07-18,2901.18000000,3.55000000,5.57000000,7.23000000,3.65000000
2019-07-19,2924.20000000,3.57000000,5.60000000,7.25000000,3.67000000
2019-07-22,2886.97000000,3.57000000,5.64000000,7.22000000,3.67000000
2019-07-23,2899.94000000,3.59000000,5.66000000,7.29000000,3.69000000
2019-07-24,2923.28000000,3.59000000,5.69000000,7.37000000,3.69000000
2019-07-25,2937.36000000,3.59000000,5.69000000,7.41000000,3.70000000
2019-07-26,2944.54000000,3.59000000,5.69000000,7.36000000,3.70000000
2019-07-29,2941.01000000,3.60000000,5.65000000,7.37000000,3.70000000
2019-07-30,2952.34000000,3.61000000,5.66000000,7.40000000,3.72000000
2019-07-31,2932.51000000,3.60000000,5.64000000,7.37000000,3.71000000
2019-08-01,2908.77000000,3.58000000,5.61000000,7.33000000,3.68000000
2019-08-02,2867.84000000,3.55000000,5.56000000,7.21000000,3.64000000
2019-08-05,2821.50000000,3.50000000,5.48000000,7.10000000,3.58000000
2019-08-06,2777.56000000,3.46000000,5.41000000,7.03000000,3.53000000
2019-08-07,2768.68000000,3.43000000,5.39000000,7.03000000,3.52000000
2019-08-08,2794.55000000,3.46000000,5.43000000,7.14000000,3.54000000
2019-08-09,2774.75000000,3.46000000,5.46000000,7.14000000,3.56000000
2019-08-12,2814.99000000,3.48000000,5.51000000,7.19000000,3.58000000
2019-08-13,2797.26000000,3.45000000,5.51000000,7.10000000,3.58000000
2019-08-14,2808.91000000,3.44000000,5.53000000,7.08000000,3.57000000
2019-08-15,2815.80000000,3.43000000,5.56000000,7.10000000,3.58000000
2019-08-16,2823.82000000,3.42000000,5.50000000,7.09000000,3.57000000
2019-08-19,2883.10000000,3.43000000,5.47000000,7.07000000,3.58000000
2019-08-20,2880.00000000,3.43000000,5.42000000,6.99000000,3.56000000
2019-08-21,2880.33000000,3.42000000,5.43000000,7.00000000,3.55000000
2019-08-22,2883.44000000,3.41000000,5.39000000,6.95000000,3.54000000
2019-08-23,2897.43000000,3.41000000,5.42000000,7.01000000,3.54000000
2019-08-26,2863.57000000,3.38000000,5.38000000,6.93000000,3.52000000
2019-08-27,2902.19000000,3.41000000,5.42000000,6.95000000,3.57000000
2019-08-28,2893.76000000,3.40000000,5.40000000,6.95000000,3.54000000
2019-08-29,2890.92000000,3.39000000,5.42000000,6.94000000,3.53000000
2019-08-30,2886.24000000,3.40000000,5.39000000,6.90000000,3.53000000
2019-09-02,2924.11000000,3.41000000,5.39000000,6.88000000,3.54000000
2019-09-03,2930.15000000,3.41000000,5.40000000,6.88000000,3.55000000
2019-09-04,2957.41000000,3.45000000,5.47000000,7.00000000,3.60000000
2019-09-05,2985.86000000,3.48000000,5.50000000,7.09000000,3.62000000
2019-09-06,2999.60000000,3.49000000,5.52000000,7.11000000,3.63000000
2019-09-09,3024.74000000,3.49000000,5.51000000,7.09000000,3.63000000
2019-09-10,3021.20000000,3.48000000,5.50000000,7.06000000,3.62000000
2019-09-11,3008.81000000,3.52000000,5.55000000,7.14000000,3.66000000
2019-09-12,3031.24000000,3.53000000,5.57000000,7.14000000,3.66000000
2019-09-16,3030.75000000,3.52000000,5.57000000,7.12000000,3.66000000
2019-09-17,2978.12000000,3.49000000,5.51000000,7.04000000,3.62000000
2019-09-18,2985.66000000,3.48000000,5.50000000,7.05000000,3.60000000
2019-09-19,2999.28000000,3.48000000,5.50000000,7.05000000,3.61000000
2019-09-20,3006.45000000,3.49000000,5.53000000,7.08000000,3.61000000
2019-09-23,2977.08000000,3.47000000,5.48000000,6.99000000,3.60000000
2019-09-24,2985.34000000,3.47000000,5.50000000,6.96000000,3.60000000
2019-09-25,2955.43000000,3.46000000,5.49000000,6.98000000,3.59000000
2019-09-26,2929.09000000,3.50000000,5.55000000,7.05000000,3.61000000
2019-09-27,2932.17000000,3.49000000,5.54000000,7.07000000,3.60000000
2019-09-30,2905.19000000,3.46000000,5.53000000,6.99000000,3.58000000
2019-10-08,2913.57000000,3.48000000,5.56000000,7.08000000,3.60000000
2019-10-09,2924.86000000,3.49000000,5.58000000,7.14000000,3.62000000
2019-10-10,2947.71000000,3.49000000,5.57000000,7.14000000,3.60000000
2019-10-11,2973.66000000,3.53000000,5.64000000,7.21000000,3.64000000
2019-10-14,3007.88000000,3.56000000,5.72000000,7.30000000,3.67000000
2019-10-15,2991.05000000,3.58000000,5.72000000,7.36000000,3.68000000
2019-10-16,2978.71000000,3.59000000,5.72000000,7.27000000,3.69000000
2019-10-17,2977.33000000,3.59000000,5.71000000,7.26000000,3.68000000
2019-10-18,2938.14000000,3.57000000,5.67000000,7.25000000,3.66000000
2019-10-21,2939.62000000,3.60000000,5.79000000,7.36000000,3.69000000
2019-10-22,2954.38000000,3.61000000,5.81000000,7.37000000,3.69000000
2019-10-23,2941.62000000,3.64000000,5.87000000,7.38000000,3.71000000
2019-10-24,2940.92000000,3.65000000,5.92000000,7.43000000,3.75000000
2019-10-25,2954.93000000,3.66000000,5.98000000,7.44000000,3.73000000
2019-10-28,2980.05000000,3.65000000,5.93000000,7.36000000,3.71000000
2019-10-29,2954.18000000,3.61000000,5.91000000,7.30000000,3.69000000
2019-10-30,2939.32000000,3.62000000,5.95000000,7.32000000,3.69000000
2019-10-31,2929.06000000,3.64000000,5.91000000,7.29000000,3.70000000
2019-11-01,2958.20000000,3.66000000,5.94000000,7.30000000,3.70000000
2019-11-04,2975.49000000,3.65000000,5.90000000,7.34000000,3.70000000
2019-11-05,2991.56000000,3.66000000,5.92000000,7.38000000,3.72000000
2019-11-06,2978.60000000,3.68000000,5.98000000,7.49000000,3.74000000
2019-11-07,2978.71000000,3.66000000,5.95000000,7.49000000,3.73000000
2019-11-08,2964.18000000,3.61000000,5.87000000,7.35000000,3.68000000
2019-11-11,2909.97000000,3.55000000,5.77000000,7.22000000,3.64000000
2019-11-12,2914.82000000,3.56000000,5.80000000,7.24000000,3.66000000
2019-11-13,2905.24000000,3.57000000,5.78000000,7.19000000,3.65000000
2019-11-14,2909.87000000,3.56000000,5.75000000,7.16000000,3.62000000
2019-11-15,2891.34000000,3.57000000,5.79000000,7.15000000,3.61000000
2019-11-18,2909.20000000,3.59000000,5.82000000,7.17000000,3.62000000
2019-11-19,2933.99000000,3.60000000,5.85000000,7.19000000,3.63000000
2019-11-20,2911.05000000,3.58000000,5.80000000,7.11000000,3.62000000
2019-11-21,2903.64000000,3.59000000,5.73000000,7.13000000,3.63000000
2019-11-22,2885.29000000,3.60000000,5.71000000,7.14000000,3.61000000
2019-11-25,2906.17000000,3.64000000,5.83000000,7.21000000,3.65000000
2019-11-26,2907.06000000,3.64000000,5.85000000,7.21000000,3.67000000
2019-11-27,2903.19000000,3.66000000,5.88000000,7.22000000,3.66000000
2019-11-28,2889.69000000,3.64000000,5.84000000,7.14000000,3.65000000
2019-11-29,2871.98000000,3.62000000,5.79000000,7.10000000,3.63000000
2019-12-02,2875.81000000,3.62000000,5.81000000,7.12000000,3.62000000
2019-12-03,2884.70000000,3.63000000,5.79000000,7.15000000,3.61000000
2019-12-04,2878.12000000,3.61000000,5.76000000,7.14000000,3.60000000
2019-12-05,2899.47000000,3.62000000,5.77000000,7.14000000,3.62000000
2019-12-06,2912.01000000,3.61000000,5.75000000,7.14000000,3.62000000
2019-12-09,2914.48000000,3.61000000,5.74000000,7.09000000,3.62000000
2019-12-10,2917.32000000,3.61000000,5.70000000,7.07000000,3.61000000
2019-12-11,2924.42000000,3.61000000,5.75000000,7.10000000,3.61000000
2019-12-12,2915.70000000,3.61000000,5.74000000,7.11000000,3.61000000
2019-12-13,2967.68000000,3.66000000,5.82000000,7.20000000,3.65000000
2019-12-16,2984.39000000,3.64000000,5.78000000,7.15000000,3.65000000
2019-12-17,3022.42000000,3.66000000,5.84000000,7.23000000,3.68000000
2019-12-18,3017.04000000,3.68000000,5.87000000,7.24000000,3.67000000
2019-12-19,3017.07000000,3.69000000,5.93000000,7.26000000,3.69000000
2019-12-20,3004.94000000,3.71000000,5.94000000,7.25000000,3.70000000
2019-12-23,2962.75000000,3.69000000,5.88000000,7.19000000,3.67000000
2019-12-24,2982.68000000,3.68000000,5.86000000,7.19000000,3.67000000
2019-12-25,2981.88000000,3.67000000,5.83000000,7.17000000,3.66000000
2019-12-26,3007.35000000,3.71000000,5.86000000,7.23000000,3.68000000
2019-12-27,3005.04000000,3.73000000,5.90000000,7.25000000,3.69000000
2019-12-30,3040.02000000,3.72000000,5.89000000,7.23000000,3.71000000
2019-12-31,3050.12000000,3.69000000,5.88000000,7.23000000,3.69000000
2020-01-02,3085.20000000,3.73000000,5.97000000,7.31000000,3.72000000
2020-01-03,3083.79000000,3.72000000,5.99000000,7.31000000,3.71000000
2020-01-06,3083.41000000,3.69000000,5.97000000,7.24000000,3.69000000
2020-01-07,3104.80000000,3.72000000,6.01000000,7.23000000,3.72000000
2020-01-08,3066.89000000,3.69000000,5.91000000,7.14000000,3.69000000
2020-01-09,3094.88000000,3.68000000,5.91000000,7.16000000,3.69000000
2020-01-10,3092.29000000,3.68000000,5.91000000,7.16000000,3.69000000
2020-01-13,3115.57000000,3.68000000,5.93000000,7.17000000,3.70000000
2020-01-14,3106.82000000,3.68000000,5.94000000,7.16000000,3.69000000
2020-01-15,3090.04000000,3.65000000,5.88000000,7.14000000,3.67000000
2020-01-16,3074.08000000,3.61000000,5.80000000,7.09000000,3.65000000
2020-01-17,3075.50000000,3.62000000,5.82000000,7.08000000,3.65000000
2020-01-20,3095.79000000,3.62000000,5.84000000,7.10000000,3.66000000
2020-01-21,3052.14000000,3.58000000,5.77000000,7.04000000,3.64000000
2020-01-22,3060.75000000,3.57000000,5.79000000,7.05000000,3.64000000
2020-01-23,2976.53000000,3.52000000,5.72000000,6.97000000,3.61000000
2020-02-03,2746.61000000,3.37000000,5.42000000,6.44000000,3.43000000
2020-02-04,2783.29000000,3.42000000,5.50000000,6.68000000,3.50000000
2020-02-05,2818.09000000,3.42000000,5.49000000,6.71000000,3.50000000
2020-02-06,2866.51000000,3.43000000,5.50000000,6.69000000,3.51000000
2020-02-07,2875.96000000,3.40000000,5.44000000,6.63000000,3.51000000
2020-02-10,2890.49000000,3.39000000,5.42000000,6.62000000,3.50000000
2020-02-11,2901.67000000,3.42000000,5.46000000,6.69000000,3.53000000
2020-02-12,2926.90000000,3.43000000,5.46000000,6.69000000,3.54000000
2020-02-13,2906.07000000,3.41000000,5.41000000,6.62000000,3.53000000
2020-02-14,2917.01000000,3.43000000,5.43000000,6.65000000,3.56000000
2020-02-17,2983.62000000,3.47000000,5.49000000,6.74000000,3.60000000
2020-02-18,2984.97000000,3.45000000,5.46000000,6.70000000,3.58000000
2020-02-19,2975.40000000,3.48000000,5.48000000,6.71000000,3.60000000
2020-02-20,3030.15000000,3.51000000,5.51000000,6.76000000,3.63000000
2020-02-21,3039.67000000,3.49000000,5.49000000,6.77000000,3.62000000
2020-02-24,3031.23000000,3.46000000,5.44000000,6.71000000,3.59000000
2020-02-25,3013.05000000,3.43000000,5.41000000,6.64000000,3.57000000
2020-02-26,2987.93000000,3.45000000,5.41000000,6.65000000,3.60000000
2020-02-27,2991.33000000,3.46000000,5.40000000,6.67000000,3.62000000
2020-02-28,2880.30000000,3.41000000,5.30000000,6.50000000,3.55000000
2020-03-02,2970.93000000,3.46000000,5.36000000,6.59000000,3.60000000
2020-03-03,2992.90000000,3.48000000,5.38000000,6.60000000,3.62000000
2020-03-04,3011.67000000,3.49000000,5.39000000,6.60000000,3.63000000
2020-03-05,3071.68000000,3.52000000,5.46000000,6.71000000,3.66000000
2020-03-06,3034.51000000,3.50000000,5.41000000,6.63000000,3.63000000
2020-03-09,2943.29000000,3.43000000,5.31000000,6.48000000,3.57000000
2020-03-10,2996.76000000,3.46000000,5.36000000,6.53000000,3.59000000
2020-03-11,2968.52000000,3.43000000,5.32000000,6.52000000,3.59000000
2020-03-12,2923.49000000,3.43000000,5.29000000,6.54000000,3.58000000
2020-03-13,2887.43000000,3.40000000,5.22000000,6.49000000,3.56000000
2020-03-16,2789.25000000,3.37000000,5.17000000,6.42000000,3.54000000
2020-03-17,2779.64000000,3.40000000,5.17000000,6.45000000,3.56000000
2020-03-18,2728.76000000,3.36000000,5.11000000,6.39000000,3.50000000
2020-03-19,2702.13000000,3.31000000,4.99000000,6.21000000,3.46000000
2020-03-20,2745.62000000,3.34000000,5.08000000,6.32000000,3.50000000
2020-03-23,2660.17000000,3.28000000,4.99000000,6.17000000,3.44000000
2020-03-24,2722.44000000,3.35000000,5.12000000,6.37000000,3.48000000
2020-03-25,2781.59000000,3.37000000,5.18000000,6.38000000,3.51000000
2020-03-26,2764.91000000,3.37000000,5.18000000,6.40000000,3.51000000
2020-03-27,2772.20000000,3.39000000,5.21000000,6.47000000,3.52000000
2020-03-30,2747.21000000,3.41000000,5.22000000,6.47000000,3.52000000
2020-03-31,2750.30000000,3.37000000,5.15000000,6.34000000,3.48000000
2020-04-01,2734.52000000,3.38000000,5.16000000,6.38000000,3.48000000
2020-04-02,2780.64000000,3.40000000,5.19000000,6.43000000,3.50000000
2020-04-03,2763.99000000,3.40000000,5.14000000,6.40000000,3.49000000
2020-04-07,2820.76000000,3.42000000,5.16000000,6.42000000,3.51000000
2020-04-08,2815.37000000,3.40000000,5.14000000,6.37000000,3.49000000
2020-04-09,2825.90000000,3.40000000,5.13000000,6.40000000,3.49000000
2020-04-10,2796.63000000,3.41000000,5.11000000,6.37000000,3.50000000
2020-04-13,2783.05000000,3.40000000,5.10000000,6.32000000,3.52000000
2020-04-14,2827.28000000,3.42000000,5.12000000,6.36000000,3.53000000
2020-04-15,2811.17000000,3.42000000,5.13000000,6.34000000,3.54000000
2020-04-16,2819.94000000,3.43000000,5.12000000,6.34000000,3.55000000
2020-04-17,2838.49000000,3.44000000,5.15000000,6.35000000,3.58000000
2020-04-20,2852.55000000,3.42000000,5.12000000,6.31000000,3.55000000
2020-04-21,2827.01000000,3.41000000,5.08000000,6.25000000,3.56000000
2020-04-22,2843.98000000,3.42000000,5.09000000,6.26000000,3.53000000
2020-04-23,2838.50000000,3.40000000,5.07000000,6.21000000,3.46000000
2020-04-24,2808.53000000,3.40000000,5.05000000,6.20000000,3.43000000
2020-04-27,2815.49000000,3.41000000,5.09000000,6.26000000,3.44000000
2020-04-28,2810.02000000,3.40000000,5.11000000,6.27000000,3.43000000
2020-04-29,2822.44000000,3.44000000,5.15000000,6.42000000,3.46000000
2020-04-30,2860.08000000,3.46000000,5.17000000,6.43000000,3.48000000
2020-05-06,2878.14000000,3.42000000,5.11000000,6.34000000,3.45000000
2020-05-07,2871.52000000,3.41000000,5.10000000,6.31000000,3.44000000
2020-05-08,2895.34000000,3.42000000,5.10000000,6.35000000,3.46000000
2020-05-11,2894.80000000,3.42000000,5.14000000,6.39000000,3.46000000
2020-05-12,2891.56000000,3.41000000,5.13000000,6.35000000,3.44000000
2020-05-13,2898.05000000,3.41000000,5.13000000,6.38000000,3.46000000
2020-05-14,2870.34000000,3.39000000,5.10000000,6.32000000,3.45000000
2020-05-15,2868.46000000,3.39000000,5.09000000,6.31000000,3.45000000
2020-05-18,2875.42000000,3.39000000,5.10000000,6.32000000,3.45000000
2020-05-19,2898.58000000,3.40000000,5.12000000,6.39000000,3.46000000
2020-05-20,2883.74000000,3.41000000,5.12000000,6.41000000,3.47000000
2020-05-21,2867.92000000,3.40000000,5.10000000,6.43000000,3.45000000
2020-05-22,2813.77000000,3.37000000,5.05000000,6.32000000,3.42000000
2020-05-25,2817.97000000,3.39000000,5.09000000,6.33000000,3.44000000
2020-05-26,2846.55000000,3.38000000,5.08000000,6.34000000,3.43000000
2020-05-27,2836.80000000,3.40000000,5.12000000,6.37000000,3.45000000
2020-05-28,2846.22000000,3.43000000,5.17000000,6.42000000,3.47000000
2020-05-29,2852.35000000,3.40000000,5.12000000,6.37000000,3.45000000
2020-06-01,2915.43000000,3.42000000,5.16000000,6.40000000,3.47000000
2020-06-02,2921.40000000,3.43000000,5.19000000,6.41000000,3.48000000
2020-06-03,2923.37000000,3.42000000,5.19000000,6.43000000,3.50000000
2020-06-04,2919.25000000,3.41000000,5.18000000,6.40000000,3.50000000
2020-06-05,2930.80000000,3.42000000,5.21000000,6.43000000,3.50000000
2020-06-08,2937.77000000,3.41000000,5.24000000,6.40000000,3.51000000
2020-06-09,2956.11000000,3.42000000,5.26000000,6.43000000,3.51000000
2020-06-10,2943.75000000,3.40000000,5.27000000,6.40000000,3.50000000
2020-06-11,2920.90000000,3.38000000,5.27000000,6.35000000,3.48000000
2020-06-12,2919.74000000,3.38000000,5.22000000,6.38000000,3.48000000
2020-06-15,2890.03000000,3.33000000,5.24000000,6.27000000,3.44000000
2020-06-16,2931.75000000,3.35000000,5.30000000,6.31000000,3.47000000
2020-06-17,2935.87000000,3.36000000,5.26000000,6.31000000,3.46000000
2020-06-18,2939.32000000,3.35000000,5.19000000,6.28000000,3.46000000
2020-06-19,2967.63000000,3.35000000,5.20000000,6.28000000,3.47000000
2020-06-22,2965.27000000,3.36000000,5.16000000,6.30000000,3.46000000
2020-06-23,2970.62000000,3.35000000,5.14000000,6.27000000,3.44000000
2020-06-24,2979.55000000,3.37000000,5.22000000,6.32000000,3.46000000
2020-06-29,2961.52000000,3.37000000,5.25000000,6.28000000,3.47000000
2020-06-30,2984.67000000,3.38000000,4.98000000,6.31000000,3.48000000
2020-07-01,3025.98000000,3.39000000,4.99000000,6.36000000,3.50000000
2020-07-02,3090.57000000,3.45000000,5.06000000,6.48000000,3.58000000
2020-07-03,3152.81000000,3.51000000,5.16000000,6.68000000,3.63000000
2020-07-06,3332.88000000,3.76000000,5.60000000,7.25000000,3.87000000
2020-07-07,3345.34000000,3.73000000,5.56000000,7.25000000,3.82000000
2020-07-08,3403.44000000,3.71000000,5.47000000,7.23000000,3.82000000
2020-07-09,3450.59000000,3.64000000,5.38000000,7.17000000,3.77000000
2020-07-10,3383.32000000,3.36000000,5.22000000,6.55000000,3.67000000
2020-07-13,3443.29000000,3.35000000,5.21000000,6.50000000,3.69000000
2020-07-14,3414.62000000,3.31000000,5.14000000,6.42000000,3.67000000
2020-07-15,3361.30000000,3.28000000,5.08000000,6.31000000,3.43000000
2020-07-16,3210.10000000,3.27000000,5.06000000,6.30000000,3.40000000
2020-07-17,3214.13000000,3.28000000,5.06000000,6.29000000,3.41000000
2020-07-20,3314.15000000,3.32000000,5.13000000,6.40000000,3.46000000
2020-07-21,3320.89000000,3.30000000,5.10000000,6.37000000,3.43000000
2020-07-22,3333.16000000,3.29000000,5.09000000,6.34000000,3.43000000
2020-07-23,3325.11000000,3.27000000,5.03000000,6.27000000,3.41000000
2020-07-24,3196.77000000,3.23000000,4.98000000,6.12000000,3.35000000
2020-07-27,3205.23000000,3.22000000,4.97000000,6.06000000,3.33000000
2020-07-28,3227.96000000,3.23000000,4.98000000,6.08000000,3.33000000
2020-07-29,3294.55000000,3.25000000,5.02000000,6.14000000,3.37000000
2020-07-30,3286.82000000,3.23000000,4.98000000,6.12000000,3.34000000
2020-07-31,3310.01000000,3.23000000,4.96000000,6.12000000,3.33000000
2020-08-03,3367.97000000,3.24000000,4.98000000,6.15000000,3.34000000
2020-08-04,3371.69000000,3.27000000,5.05000000,6.25000000,3.38000000
2020-08-05,3377.56000000,3.24000000,5.00000000,6.21000000,3.35000000
2020-08-06,3386.46000000,3.25000000,5.02000000,6.19000000,3.36000000
2020-08-07,3354.04000000,3.23000000,4.98000000,6.18000000,3.34000000
2020-08-10,3379.25000000,3.23000000,4.99000000,6.21000000,3.35000000
2020-08-11,3340.29000000,3.23000000,4.98000000,6.20000000,3.35000000
2020-08-12,3319.27000000,3.24000000,4.99000000,6.21000000,3.34000000
2020-08-13,3320.73000000,3.24000000,4.98000000,6.20000000,3.33000000
2020-08-14,3360.10000000,3.25000000,5.02000000,6.23000000,3.35000000
2020-08-17,3438.80000000,3.30000000,5.09000000,6.37000000,3.40000000
2020-08-18,3451.09000000,3.27000000,5.05000000,6.32000000,3.36000000
2020-08-19,3408.13000000,3.25000000,5.03000000,6.27000000,3.34000000
2020-08-20,3363.90000000,3.24000000,5.00000000,6.20000000,3.33000000
2020-08-21,3380.68000000,3.24000000,5.01000000,6.22000000,3.33000000
2020-08-24,3385.64000000,3.23000000,4.99000000,6.22000000,3.32000000
2020-08-25,3373.58000000,3.23000000,5.00000000,6.21000000,3.32000000
2020-08-26,3329.74000000,3.23000000,4.98000000,6.16000000,3.29000000
2020-08-27,3350.11000000,3.22000000,4.97000000,6.15000000,3.28000000
2020-08-28,3403.81000000,3.23000000,5.00000000,6.21000000,3.30000000
2020-08-31,3395.68000000,3.21000000,4.96000000,6.20000000,3.28000000
2020-09-01,3410.61000000,3.21000000,4.96000000,6.20000000,3.25000000
2020-09-02,3404.80000000,3.19000000,4.92000000,6.17000000,3.22000000
2020-09-03,3384.98000000,3.17000000,4.91000000,6.13000000,3.22000000
2020-09-04,3355.37000000,3.16000000,4.90000000,6.11000000,3.20000000
2020-09-07,3292.59000000,3.14000000,4.90000000,6.11000000,3.19000000
2020-09-08,3316.42000000,3.18000000,4.95000000,6.22000000,3.21000000
2020-09-09,3254.63000000,3.17000000,4.94000000,6.18000000,3.21000000
2020-09-10,3234.82000000,3.16000000,4.91000000,6.14000000,3.20000000
2020-09-11,3260.35000000,3.16000000,4.93000000,6.15000000,3.20000000
2020-09-14,3278.81000000,3.16000000,4.93000000,6.13000000,3.21000000
2020-09-15,3295.68000000,3.16000000,4.92000000,6.12000000,3.21000000
2020-09-16,3283.92000000,3.17000000,4.94000000,6.13000000,3.21000000
2020-09-17,3270.44000000,3.17000000,4.94000000,6.15000000,3.21000000
2020-09-18,3338.09000000,3.20000000,4.98000000,6.24000000,3.24000000
2020-09-21,3316.94000000,3.19000000,4.96000000,6.21000000,3.22000000
2020-09-22,3274.30000000,3.17000000,4.93000000,6.19000000,3.20000000
2020-09-23,3279.71000000,3.16000000,4.92000000,6.17000000,3.21000000
2020-09-24,3223.18000000,3.15000000,4.90000000,6.13000000,3.20000000
2020-09-25,3219.42000000,3.15000000,4.89000000,6.14000000,3.19000000
2020-09-28,3217.53000000,3.19000000,4.94000000,6.19000000,3.24000000
2020-09-29,3224.36000000,3.17000000,4.91000000,6.14000000,3.20000000
2020-09-30,3218.05000000,3.17000000,4.92000000,6.15000000,3.20000000
2020-10-09,3272.08000000,3.17000000,4.91000000,6.14000000,3.21000000
2020-10-12,3358.47000000,3.19000000,4.96000000,6.23000000,3.23000000
2020-10-13,3359.75000000,3.17000000,4.92000000,6.17000000,3.21000000
2020-10-14,3340.78000000,3.17000000,4.92000000,6.17000000,3.20000000
2020-10-15,3332.18000000,3.18000000,4.93000000,6.23000000,3.21000000
2020-10-16,3336.36000000,3.19000000,4.99000000,6.40000000,3.23000000
2020-10-19,3312.67000000,3.21000000,5.02000000,6.52000000,3.24000000
2020-10-20,3328.10000000,3.18000000,4.98000000,6.35000000,3.21000000
2020-10-21,3325.02000000,3.21000000,5.05000000,6.43000000,3.24000000
2020-10-22,3312.50000000,3.21000000,5.06000000,6.47000000,3.23000000
2020-10-23,3278.00000000,3.23000000,5.06000000,6.47000000,3.24000000
2020-10-26,3251.12000000,3.23000000,5.02000000,6.44000000,3.24000000
2020-10-27,3254.32000000,3.21000000,5.03000000,6.39000000,3.23000000
2020-10-28,3269.24000000,3.18000000,5.00000000,6.29000000,3.21000000
2020-10-29,3272.73000000,3.15000000,4.96000000,6.29000000,3.19000000
2020-10-30,3224.53000000,3.15000000,4.92000000,6.29000000,3.18000000
2020-11-02,3225.12000000,3.17000000,4.94000000,6.24000000,3.19000000
2020-11-03,3271.07000000,3.18000000,4.95000000,6.27000000,3.20000000
2020-11-04,3277.44000000,3.17000000,4.95000000,6.35000000,3.20000000
2020-11-05,3320.13000000,3.18000000,4.95000000,6.36000000,3.20000000
2020-11-06,3312.16000000,3.20000000,4.96000000,6.39000000,3.21000000
2020-11-09,3373.73000000,3.21000000,4.98000000,6.40000000,3.22000000
2020-11-10,3360.15000000,3.21000000,5.02000000,6.45000000,3.22000000
2020-11-11,3342.20000000,3.23000000,5.07000000,6.58000000,3.24000000
2020-11-12,3338.68000000,3.21000000,5.01000000,6.53000000,3.23000000
2020-11-13,3310.10000000,3.18000000,4.96000000,6.40000000,3.22000000
2020-11-16,3346.97000000,3.19000000,4.98000000,6.42000000,3.23000000
2020-11-17,3339.90000000,3.19000000,5.00000000,6.48000000,3.23000000
2020-11-18,3347.30000000,3.21000000,5.03000000,6.57000000,3.24000000
2020-11-19,3363.09000000,3.23000000,5.04000000,6.65000000,3.24000000
2020-11-20,3377.73000000,3.20000000,5.03000000,6.57000000,3.23000000
2020-11-23,3414.49000000,3.24000000,5.07000000,6.71000000,3.25000000
2020-11-24,3402.82000000,3.23000000,5.05000000,6.64000000,3.26000000
2020-11-25,3362.33000000,3.22000000,5.04000000,6.62000000,3.24000000
2020-11-26,3369.73000000,3.23000000,5.09000000,6.74000000,3.25000000
2020-11-27,3408.31000000,3.32000000,5.39000000,7.03000000,3.33000000
2020-11-30,3391.76000000,3.29000000,5.32000000,7.15000000,3.30000000
2020-12-01,3451.94000000,3.36000000,5.47000000,7.30000000,3.36000000
2020-12-02,3449.38000000,3.33000000,5.45000000,7.31000000,3.33000000
2020-12-03,3442.14000000,3.31000000,5.38000000,7.30000000,3.31000000
2020-12-04,3444.58000000,3.27000000,5.31000000,7.14000000,3.28000000
2020-12-07,3416.60000000,3.24000000,5.19000000,6.97000000,3.25000000
2020-12-08,3410.18000000,3.22000000,5.12000000,6.77000000,3.24000000
2020-12-09,3371.96000000,3.23000000,5.10000000,6.72000000,3.23000000
2020-12-10,3373.28000000,3.23000000,5.06000000,6.58000000,3.22000000
2020-12-11,3347.19000000,3.22000000,5.08000000,6.49000000,3.21000000
2020-12-14,3369.12000000,3.22000000,5.05000000,6.53000000,3.20000000
2020-12-15,3367.23000000,3.19000000,5.01000000,6.43000000,3.18000000
2020-12-16,3366.98000000,3.18000000,5.00000000,6.43000000,3.18000000
2020-12-17,3404.87000000,3.18000000,5.03000000,6.45000000,3.19000000
2020-12-18,3394.90000000,3.17000000,5.00000000,6.41000000,3.18000000
2020-12-21,3420.57000000,3.17000000,5.00000000,6.36000000,3.19000000
2020-12-22,3356.78000000,3.15000000,4.94000000,6.23000000,3.16000000
2020-12-23,3382.32000000,3.14000000,4.96000000,6.24000000,3.16000000
2020-12-24,3363.11000000,3.14000000,4.96000000,6.27000000,3.17000000
2020-12-25,3396.56000000,3.15000000,4.97000000,6.27000000,3.18000000
2020-12-28,3397.29000000,3.14000000,4.97000000,6.24000000,3.17000000
2020-12-29,3379.04000000,3.14000000,4.98000000,6.25000000,3.17000000
2020-12-30,3414.45000000,3.13000000,4.96000000,6.22000000,3.17000000
2020-12-31,3473.07000000,3.14000000,4.99000000,6.28000000,3.18000000
2021-01-04,3502.96000000,3.13000000,5.01000000,6.25000000,3.17000000
2021-01-05,3528.68000000,3.13000000,4.97000000,6.20000000,3.17000000
2021-01-06,3550.88000000,3.13000000,4.97000000,6.26000000,3.18000000
2021-01-07,3576.20000000,3.14000000,5.00000000,6.31000000,3.19000000
2021-01-08,3570.11000000,3.14000000,5.00000000,6.34000000,3.19000000
2021-01-11,3531.50000000,3.15000000,4.99000000,6.45000000,3.17000000
2021-01-12,3608.34000000,3.15000000,5.02000000,6.49000000,3.18000000
2021-01-13,3598.65000000,3.16000000,5.06000000,6.58000000,3.20000000
2021-01-14,3565.90000000,3.18000000,5.08000000,6.55000000,3.21000000
2021-01-15,3566.38000000,3.20000000,5.15000000,6.69000000,3.23000000
2021-01-18,3596.22000000,3.19000000,5.14000000,6.76000000,3.20000000
2021-01-19,3566.38000000,3.20000000,5.20000000,6.95000000,3.22000000
2021-01-20,3583.09000000,3.18000000,5.15000000,6.78000000,3.20000000
2021-01-21,3621.26000000,3.16000000,5.13000000,6.74000000,3.19000000
2021-01-22,3606.75000000,3.14000000,5.04000000,6.58000000,3.17000000
2021-01-25,3624.24000000,3.14000000,5.05000000,6.61000000,3.17000000
2021-01-26,3569.43000000,3.13000000,5.03000000,6.67000000,3.17000000
2021-01-27,3573.34000000,3.15000000,5.07000000,6.73000000,3.17000000
2021-01-28,3505.18000000,3.14000000,5.03000000,6.66000000,3.17000000
2021-01-29,3483.07000000,3.15000000,5.09000000,6.76000000,3.17000000
2021-02-01,3505.28000000,3.17000000,5.14000000,6.76000000,3.18000000
2021-02-02,3533.68000000,3.15000000,5.09000000,6.72000000,3.18000000
2021-02-03,3517.31000000,3.14000000,5.04000000,6.67000000,3.17000000
2021-02-04,3501.86000000,3.15000000,5.07000000,6.63000000,3.18000000
2021-02-05,3496.33000000,3.19000000,5.18000000,6.92000000,3.22000000
2021-02-08,3532.45000000,3.18000000,5.16000000,6.94000000,3.19000000
2021-02-09,3603.49000000,3.16000000,5.15000000,6.90000000,3.18000000
2021-02-10,3655.09000000,3.21000000,5.25000000,7.16000000,3.20000000
2021-02-18,3675.36000000,3.22000000,5.24000000,7.10000000,3.21000000
2021-02-19,3696.17000000,3.23000000,5.24000000,7.11000000,3.23000000
2021-02-22,3642.44000000,3.26000000,5.37000000,7.29000000,3.25000000
2021-02-23,3636.36000000,3.25000000,5.38000000,7.38000000,3.23000000
2021-02-24,3564.08000000,3.22000000,5.30000000,7.15000000,3.22000000
2021-02-25,3585.05000000,3.27000000,5.44000000,7.36000000,3.25000000
2021-02-26,3509.08000000,3.26000000,5.37000000,7.26000000,3.24000000
2021-03-01,3551.40000000,3.25000000,5.34000000,7.27000000,3.24000000
2021-03-02,3508.59000000,3.21000000,5.29000000,7.05000000,3.22000000
2021-03-03,3576.90000000,3.28000000,5.45000000,7.49000000,3.27000000
2021-03-04,3503.49000000,3.30000000,5.45000000,7.45000000,3.27000000
2021-03-05,3501.99000000,3.35000000,5.57000000,7.46000000,3.30000000
2021-03-08,3421.41000000,3.36000000,5.53000000,7.34000000,3.29000000
2021-03-09,3359.29000000,3.33000000,5.46000000,7.22000000,3.27000000
2021-03-10,3357.74000000,3.36000000,5.40000000,7.22000000,3.27000000
2021-03-11,3436.83000000,3.38000000,5.48000000,7.41000000,3.27000000
2021-03-12,3453.08000000,3.38000000,5.44000000,7.33000000,3.29000000
2021-03-15,3419.95000000,3.42000000,5.55000000,7.45000000,3.31000000
2021-03-16,3446.73000000,3.41000000,5.60000000,7.58000000,3.31000000
2021-03-17,3445.55000000,3.40000000,5.53000000,7.45000000,3.29000000
2021-03-18,3463.07000000,3.39000000,5.48000000,7.42000000,3.28000000
2021-03-19,3404.66000000,3.34000000,5.36000000,7.21000000,3.25000000
2021-03-22,3443.44000000,3.39000000,5.42000000,7.33000000,3.28000000
2021-03-23,3411.51000000,3.39000000,5.40000000,7.27000000,3.29000000
2021-03-24,3367.06000000,3.40000000,5.41000000,7.15000000,3.30000000
2021-03-25,3363.59000000,3.34000000,5.36000000,7.06000000,3.29000000
2021-03-26,3418.33000000,3.33000000,5.35000000,7.09000000,3.26000000
2021-03-29,3435.30000000,3.38000000,5.46000000,7.21000000,3.29000000
2021-03-30,3456.68000000,3.38000000,5.48000000,7.24000000,3.30000000
2021-03-31,3441.91000000,3.40000000,5.54000000,7.35000000,3.35000000
2021-04-01,3466.33000000,3.38000000,5.50000000,7.30000000,3.33000000
2021-04-02,3484.39000000,3.35000000,5.42000000,7.16000000,3.31000000
2021-04-06,3482.97000000,3.34000000,5.42000000,7.23000000,3.30000000
2021-04-07,3479.63000000,3.35000000,5.45000000,7.24000000,3.31000000
2021-04-08,3482.55000000,3.34000000,5.44000000,7.25000000,3.30000000
2021-04-09,3450.68000000,3.36000000,5.42000000,7.18000000,3.31000000
2021-04-12,3412.95000000,3.40000000,5.48000000,7.28000000,3.33000000
2021-04-13,3396.47000000,3.39000000,5.51000000,7.34000000,3.32000000
2021-04-14,3416.72000000,3.35000000,5.45000000,7.24000000,3.32000000
2021-04-15,3398.99000000,3.35000000,5.45000000,7.26000000,3.30000000
2021-04-16,3426.62000000,3.35000000,5.43000000,7.26000000,3.32000000
2021-04-19,3477.55000000,3.35000000,5.44000000,7.27000000,3.32000000
2021-04-20,3472.94000000,3.33000000,5.39000000,7.17000000,3.31000000
2021-04-21,3472.93000000,3.33000000,5.37000000,7.15000000,3.31000000
2021-04-22,3465.11000000,3.30000000,5.33000000,7.12000000,3.29000000
2021-04-23,3474.17000000,3.26000000,5.29000000,7.08000000,3.27000000
2021-04-26,3441.17000000,3.24000000,5.27000000,7.03000000,3.25000000
2021-04-27,3442.61000000,3.23000000,5.24000000,6.98000000,3.25000000
2021-04-28,3457.07000000,3.22000000,5.20000000,6.94000000,3.25000000
2021-04-29,3474.90000000,3.23000000,5.22000000,6.95000000,3.28000000
2021-04-30,3446.86000000,3.20000000,5.13000000,6.73000000,3.25000000
2021-05-06,3441.28000000,3.21000000,5.12000000,6.73000000,3.26000000
2021-05-07,3418.87000000,3.25000000,5.22000000,6.87000000,3.28000000
2021-05-10,3427.99000000,3.24000000,5.25000000,6.94000000,3.26000000
2021-05-11,3441.85000000,3.26000000,5.23000000,6.91000000,3.27000000
2021-05-12,3462.75000000,3.27000000,5.26000000,6.99000000,3.28000000
2021-05-13,3429.54000000,3.27000000,5.24000000,6.95000000,3.28000000
2021-05-14,3490.38000000,3.29000000,5.28000000,6.98000000,3.29000000
2021-05-17,3517.62000000,3.27000000,5.27000000,6.99000000,3.28000000
2021-05-18,3529.01000000,3.25000000,5.26000000,6.97000000,3.28000000
2021-05-19,3510.96000000,3.24000000,5.21000000,6.93000000,3.27000000
2021-05-20,3506.94000000,3.25000000,5.23000000,6.94000000,3.28000000
2021-05-21,3486.56000000,3.24000000,5.17000000,6.87000000,3.28000000
2021-05-24,3497.28000000,3.24000000,5.19000000,6.85000000,3.29000000
2021-05-25,3581.34000000,3.27000000,5.26000000,7.00000000,3.32000000
2021-05-26,3593.36000000,3.28000000,5.26000000,7.02000000,3.32000000
2021-05-27,3608.85000000,3.27000000,5.26000000,6.97000000,3.31000000
2021-05-28,3600.78000000,3.28000000,5.27000000,7.02000000,3.34000000
2021-05-31,3615.48000000,3.26000000,5.21000000,6.93000000,3.33000000
2021-06-01,3624.71000000,3.25000000,5.18000000,6.86000000,3.34000000
2021-06-02,3597.14000000,3.29000000,5.19000000,6.83000000,3.36000000
2021-06-03,3584.21000000,3.29000000,5.15000000,6.77000000,3.35000000
2021-06-04,3591.84000000,3.32000000,5.17000000,6.81000000,3.16000000
2021-06-07,3599.54000000,3.32000000,5.17000000,6.78000000,3.14000000
2021-06-08,3580.11000000,3.35000000,5.20000000,6.81000000,3.13000000
2021-06-09,3591.40000000,3.35000000,5.19000000,6.79000000,3.13000000
2021-06-10,3610.86000000,3.32000000,5.20000000,6.79000000,3.10000000
2021-06-11,3589.75000000,3.32000000,5.19000000,6.76000000,3.08000000
2021-06-15,3556.56000000,3.28000000,5.16000000,6.70000000,3.07000000
2021-06-16,3518.33000000,3.27000000,5.17000000,6.72000000,3.09000000
2021-06-17,3525.60000000,3.08000000,5.18000000,6.72000000,3.08000000
2021-06-18,3525.10000000,3.05000000,5.18000000,6.68000000,3.06000000
2021-06-21,3529.18000000,3.03000000,5.15000000,6.65000000,3.07000000
2021-06-22,3557.41000000,3.04000000,5.16000000,6.67000000,3.07000000
2021-06-23,3566.22000000,3.04000000,5.14000000,6.62000000,3.07000000
2021-06-24,3566.65000000,3.06000000,5.20000000,6.67000000,3.07000000
2021-06-25,3607.56000000,3.07000000,5.23000000,6.74000000,3.09000000
2021-06-28,3606.37000000,3.05000000,5.18000000,6.64000000,3.08000000
2021-06-29,3573.18000000,3.03000000,5.17000000,6.59000000,3.08000000
2021-06-30,3591.20000000,3.03000000,5.17000000,6.65000000,3.08000000
2021-07-01,3588.78000000,3.04000000,5.26000000,6.75000000,3.08000000
2021-07-02,3518.76000000,3.03000000,5.25000000,6.68000000,3.08000000
2021-07-05,3534.32000000,3.04000000,5.20000000,6.64000000,3.08000000
2021-07-06,3530.26000000,3.05000000,4.95000000,6.69000000,3.09000000
2021-07-07,3553.72000000,3.03000000,4.94000000,6.67000000,3.08000000
2021-07-08,3525.50000000,3.02000000,4.89000000,6.57000000,3.07000000
2021-07-09,3524.09000000,3.03000000,4.85000000,6.48000000,3.07000000
2021-07-12,3547.84000000,3.02000000,4.77000000,6.38000000,3.06000000
2021-07-13,3566.52000000,3.02000000,4.75000000,6.39000000,3.05000000
2021-07-14,3528.50000000,2.99000000,4.71000000,6.30000000,3.03000000
2021-07-15,3564.59000000,3.00000000,4.75000000,6.06000000,3.04000000
2021-07-16,3539.30000000,2.99000000,4.74000000,6.06000000,3.05000000
2021-07-19,3539.12000000,3.00000000,4.73000000,6.03000000,3.04000000
2021-07-20,3536.79000000,3.00000000,4.71000000,5.99000000,3.04000000
2021-07-21,3562.66000000,2.99000000,4.69000000,5.93000000,3.04000000
2021-07-22,3574.73000000,3.00000000,4.71000000,5.95000000,3.05000000
2021-07-23,3550.40000000,2.99000000,4.70000000,5.92000000,3.04000000
2021-07-26,3467.44000000,2.98000000,4.67000000,5.86000000,3.05000000
2021-07-27,3381.18000000,2.96000000,4.62000000,5.80000000,3.04000000
2021-07-28,3361.59000000,2.97000000,4.67000000,5.88000000,3.04000000
2021-07-29,3411.72000000,2.95000000,4.62000000,5.82000000,3.02000000
2021-07-30,3397.36000000,2.93000000,4.59000000,5.76000000,2.99000000
2021-08-02,3464.29000000,2.94000000,4.60000000,5.79000000,3.01000000
2021-08-03,3447.99000000,2.92000000,4.58000000,5.74000000,2.99000000
2021-08-04,3477.22000000,2.92000000,4.55000000,5.71000000,2.98000000
2021-08-05,3466.55000000,2.90000000,4.54000000,5.70000000,2.99000000
2021-08-06,3458.23000000,2.91000000,4.53000000,5.68000000,2.99000000
2021-08-09,3494.63000000,2.92000000,4.55000000,5.74000000,3.02000000
2021-08-10,3529.93000000,2.92000000,4.56000000,5.83000000,3.02000000
2021-08-11,3532.62000000,2.95000000,4.65000000,5.99000000,3.04000000
2021-08-12,3524.74000000,2.94000000,4.63000000,5.93000000,3.02000000
2021-08-13,3516.30000000,2.93000000,4.61000000,5.91000000,3.03000000
2021-08-16,3517.34000000,2.93000000,4.62000000,5.90000000,3.03000000
2021-08-17,3446.98000000,2.93000000,4.62000000,5.91000000,3.01000000
2021-08-18,3485.29000000,2.96000000,4.67000000,5.99000000,3.04000000
2021-08-19,3465.55000000,2.94000000,4.64000000,5.93000000,3.02000000
2021-08-20,3427.33000000,2.96000000,4.66000000,5.93000000,3.02000000
2021-08-23,3477.13000000,2.95000000,4.63000000,5.92000000,3.03000000
2021-08-24,3514.47000000,2.94000000,4.63000000,5.93000000,3.02000000
2021-08-25,3540.38000000,2.93000000,4.63000000,5.89000000,3.02000000
2021-08-26,3501.66000000,2.92000000,4.62000000,5.87000000,3.01000000
2021-08-27,3522.16000000,2.93000000,4.64000000,5.85000000,3.02000000
2021-08-30,3528.15000000,2.92000000,4.58000000,5.77000000,3.00000000
2021-08-31,3543.94000000,2.96000000,4.62000000,5.85000000,3.03000000
2021-09-01,3567.10000000,2.99000000,4.68000000,5.95000000,3.06000000
2021-09-02,3597.04000000,2.98000000,4.69000000,5.96000000,3.05000000
2021-09-03,3581.73000000,3.01000000,4.73000000,6.01000000,3.06000000
2021-09-06,3621.86000000,3.01000000,4.73000000,6.00000000,3.06000000
2021-09-07,3676.59000000,3.02000000,4.75000000,6.07000000,3.09000000
2021-09-08,3675.19000000,3.04000000,4.77000000,6.22000000,3.10000000
2021-09-09,3693.13000000,3.04000000,4.75000000,6.23000000,3.09000000
2021-09-10,3703.11000000,3.04000000,4.79000000,6.27000000,3.10000000
2021-09-13,3715.37000000,3.03000000,4.77000000,6.29000000,3.10000000
2021-09-14,3662.60000000,2.99000000,4.71000000,6.15000000,3.06000000
2021-09-15,3656.22000000,2.98000000,4.68000000,6.12000000,3.06000000
2021-09-16,3607.09000000,2.97000000,4.68000000,6.05000000,3.05000000
2021-09-17,3613.97000000,2.98000000,4.70000000,6.07000000,3.07000000
2021-09-22,3628.49000000,2.95000000,4.63000000,5.95000000,3.05000000
2021-09-23,3642.22000000,2.96000000,4.66000000,5.99000000,3.07000000
2021-09-24,3613.07000000,2.94000000,4.64000000,5.93000000,3.05000000
2021-09-27,3582.83000000,2.93000000,4.63000000,5.90000000,3.05000000
2021-09-28,3602.22000000,2.95000000,4.66000000,5.97000000,3.06000000
2021-09-29,3536.29000000,2.96000000,4.68000000,6.00000000,3.06000000
2021-09-30,3568.17000000,2.94000000,4.66000000,5.97000000,3.05000000
2021-10-08,3592.17000000,2.96000000,4.71000000,6.04000000,3.07000000
2021-10-11,3591.71000000,2.99000000,4.74000000,6.11000000,3.08000000
2021-10-12,3546.94000000,2.98000000,4.75000000,6.09000000,3.08000000
2021-10-13,3561.76000000,2.96000000,4.72000000,6.05000000,3.07000000
2021-10-14,3558.28000000,2.95000000,4.71000000,6.04000000,3.06000000
2021-10-15,3572.37000000,2.95000000,4.75000000,6.04000000,3.05000000
2021-10-18,3568.14000000,2.96000000,4.73000000,6.00000000,3.06000000
2021-10-19,3593.15000000,2.95000000,4.72000000,6.04000000,3.06000000
2021-10-20,3587.00000000,2.95000000,4.70000000,6.01000000,3.06000000
2021-10-21,3594.78000000,2.97000000,4.74000000,6.08000000,3.08000000
2021-10-22,3582.60000000,2.96000000,4.73000000,6.07000000,3.06000000
2021-10-25,3609.86000000,2.96000000,4.72000000,6.05000000,3.07000000
2021-10-26,3597.64000000,2.94000000,4.70000000,6.03000000,3.06000000
2021-10-27,3562.31000000,2.94000000,4.70000000,6.01000000,3.06000000
2021-10-28,3518.42000000,2.93000000,4.67000000,5.97000000,3.05000000
2021-10-29,3547.34000000,2.94000000,4.67000000,5.93000000,3.05000000
2021-11-01,3544.48000000,2.96000000,4.73000000,5.99000000,3.07000000
2021-11-02,3505.63000000,2.93000000,4.65000000,5.90000000,3.04000000
2021-11-03,3498.54000000,2.93000000,4.64000000,5.86000000,3.04000000
2021-11-04,3526.87000000,2.92000000,4.65000000,5.84000000,3.04000000
2021-11-05,3491.57000000,2.92000000,4.66000000,5.80000000,3.04000000
2021-11-08,3498.63000000,2.92000000,4.63000000,5.81000000,3.03000000
2021-11-09,3507.00000000,2.92000000,4.64000000,5.84000000,3.04000000
2021-11-10,3492.46000000,2.91000000,4.62000000,5.82000000,3.04000000
2021-11-11,3532.79000000,2.94000000,4.66000000,5.87000000,3.07000000
2021-11-12,3539.10000000,2.93000000,4.65000000,5.85000000,3.06000000
2021-11-15,3533.30000000,2.93000000,4.67000000,5.83000000,3.06000000
2021-11-16,3521.79000000,2.93000000,4.65000000,5.84000000,3.06000000
2021-11-17,3537.37000000,2.93000000,4.65000000,5.83000000,3.07000000
2021-11-18,3520.71000000,2.93000000,4.64000000,5.83000000,3.06000000
2021-11-19,3560.37000000,2.95000000,4.66000000,5.84000000,3.06000000
2021-11-22,3582.08000000,2.94000000,4.63000000,5.81000000,3.06000000
2021-11-23,3589.09000000,2.94000000,4.63000000,5.82000000,3.07000000
2021-11-24,3592.70000000,2.94000000,4.64000000,5.82000000,3.08000000
2021-11-25,3584.18000000,2.92000000,4.63000000,5.81000000,3.08000000
2021-11-26,3564.09000000,2.92000000,4.61000000,5.79000000,3.07000000
2021-11-29,3562.70000000,2.92000000,4.58000000,5.76000000,3.06000000
2021-11-30,3563.89000000,2.91000000,4.58000000,5.76000000,3.05000000
2021-12-01,3576.89000000,2.93000000,4.60000000,5.79000000,3.06000000
2021-12-02,3573.84000000,2.93000000,4.61000000,5.80000000,3.05000000
2021-12-03,3607.43000000,2.93000000,4.61000000,5.81000000,3.06000000
2021-12-06,3589.31000000,2.93000000,4.63000000,5.85000000,3.06000000
2021-12-07,3595.09000000,2.94000000,4.66000000,5.89000000,3.07000000
2021-12-08,3637.57000000,2.93000000,4.64000000,5.87000000,3.06000000
2021-12-09,3673.04000000,2.95000000,4.66000000,5.91000000,3.07000000
2021-12-10,3666.35000000,2.94000000,4.66000000,5.88000000,3.07000000
2021-12-13,3681.08000000,2.93000000,4.63000000,5.88000000,3.06000000
2021-12-14,3661.53000000,2.93000000,4.62000000,5.83000000,3.05000000
2021-12-15,3647.63000000,2.93000000,4.61000000,5.83000000,3.05000000
2021-12-16,3675.02000000,2.94000000,4.62000000,5.84000000,3.05000000
2021-12-17,3632.36000000,2.93000000,4.61000000,5.83000000,3.06000000
2021-12-20,3593.60000000,2.94000000,4.61000000,5.83000000,3.05000000
2021-12-21,3625.13000000,2.94000000,4.65000000,5.87000000,3.06000000
2021-12-22,3622.62000000,2.94000000,4.64000000,5.88000000,3.06000000
2021-12-23,3643.34000000,2.94000000,4.65000000,5.89000000,3.06000000
2021-12-24,3618.05000000,2.94000000,4.65000000,5.91000000,3.05000000
2021-12-27,3615.97000000,2.94000000,4.66000000,5.87000000,3.06000000
2021-12-28,3630.11000000,2.95000000,4.68000000,5.91000000,3.07000000
2021-12-29,3597.00000000,2.94000000,4.66000000,5.87000000,3.05000000
2021-12-30,3619.19000000,2.94000000,4.64000000,5.87000000,3.05000000
2021-12-31,3639.78000000,2.94000000,4.63000000,5.86000000,3.05000000
2022-01-04,3632.33000000,2.94000000,4.67000000,5.91000000,3.07000000
2022-01-05,3595.18000000,2.97000000,4.71000000,6.03000000,3.09000000
2022-01-06,3586.08000000,2.96000000,4.70000000,6.05000000,3.09000000
2022-01-07,3579.54000000,2.99000000,4.74000000,6.14000000,3.14000000
2022-01-10,3593.52000000,2.99000000,4.75000000,6.12000000,3.13000000
2022-01-11,3567.44000000,3.00000000,4.75000000,6.14000000,3.14000000
2022-01-12,3597.43000000,2.98000000,4.72000000,6.08000000,3.12000000
2022-01-13,3555.26000000,3.01000000,4.73000000,6.11000000,3.14000000
2022-01-14,3521.26000000,2.97000000,4.68000000,6.02000000,3.09000000
2022-01-17,3541.67000000,2.95000000,4.65000000,5.98000000,3.09000000
2022-01-18,3569.91000000,2.99000000,4.69000000,6.07000000,3.12000000
2022-01-19,3558.18000000,2.98000000,4.70000000,6.05000000,3.11000000
2022-01-20,3555.06000000,3.00000000,4.75000000,6.13000000,3.12000000
2022-01-21,3522.57000000,3.00000000,4.70000000,6.07000000,3.12000000
2022-01-24,3524.11000000,2.99000000,4.70000000,6.08000000,3.12000000
2022-01-25,3433.06000000,2.95000000,4.67000000,6.00000000,3.09000000
2022-01-26,3455.67000000,2.96000000,4.69000000,6.04000000,3.09000000
2022-01-27,3394.25000000,2.95000000,4.68000000,6.04000000,3.09000000
2022-01-28,3361.44000000,2.96000000,4.66000000,5.99000000,3.09000000
2022-02-07,3429.58000000,3.00000000,4.74000000,6.13000000,3.13000000
2022-02-08,3452.63000000,3.06000000,4.85000000,6.33000000,3.17000000
2022-02-09,3479.95000000,3.05000000,4.84000000,6.29000000,3.16000000
2022-02-10,3485.91000000,3.08000000,4.86000000,6.33000000,3.19000000
2022-02-11,3462.95000000,3.08000000,4.87000000,6.37000000,3.19000000
2022-02-14,3428.88000000,3.04000000,4.80000000,6.26000000,3.17000000
2022-02-15,3446.09000000,3.02000000,4.76000000,6.21000000,3.15000000
2022-02-16,3465.83000000,3.04000000,4.78000000,6.23000000,3.17000000
2022-02-17,3468.04000000,3.04000000,4.78000000,6.25000000,3.18000000
2022-02-18,3490.76000000,3.05000000,4.81000000,6.30000000,3.20000000
2022-02-21,3490.61000000,3.03000000,4.82000000,6.27000000,3.18000000
2022-02-22,3457.15000000,3.01000000,4.78000000,6.22000000,3.17000000
2022-02-23,3489.15000000,3.01000000,4.77000000,6.15000000,3.16000000
2022-02-24,3429.96000000,2.97000000,4.70000000,6.06000000,3.11000000
2022-02-25,3451.41000000,2.97000000,4.67000000,6.01000000,3.11000000
2022-02-28,3462.31000000,2.98000000,4.66000000,6.03000000,3.10000000
2022-03-01,3488.83000000,3.00000000,4.68000000,6.10000000,3.12000000
2022-03-02,3484.19000000,3.00000000,4.70000000,6.08000000,3.13000000
2022-03-03,3481.11000000,3.01000000,4.74000000,6.17000000,3.15000000
2022-03-04,3447.65000000,3.00000000,4.72000000,6.14000000,3.15000000
2022-03-07,3372.86000000,2.97000000,4.65000000,6.07000000,3.13000000
2022-03-08,3293.53000000,2.97000000,4.62000000,6.00000000,3.10000000
2022-03-09,3256.39000000,2.94000000,4.56000000,5.95000000,3.08000000
2022-03-10,3296.09000000,2.94000000,4.56000000,5.99000000,3.08000000
2022-03-11,3309.75000000,2.97000000,4.61000000,6.05000000,3.10000000
2022-03-14,3223.53000000,2.97000000,4.59000000,5.96000000,3.09000000
2022-03-15,3063.97000000,2.93000000,4.54000000,5.82000000,3.03000000
2022-03-16,3170.71000000,2.94000000,4.55000000,5.89000000,3.07000000
2022-03-17,3215.04000000,2.93000000,4.52000000,5.87000000,3.06000000
2022-03-18,3251.07000000,2.96000000,4.55000000,5.99000000,3.10000000
2022-03-21,3253.69000000,2.94000000,4.54000000,5.95000000,3.09000000
2022-03-22,3259.86000000,2.99000000,4.59000000,6.02000000,3.15000000
2022-03-23,3271.03000000,2.99000000,4.57000000,6.03000000,3.14000000
2022-03-24,3250.26000000,2.99000000,4.58000000,6.08000000,3.14000000
2022-03-25,3212.24000000,2.98000000,4.62000000,6.09000000,3.16000000
2022-03-28,3214.50000000,3.02000000,4.69000000,6.17000000,3.17000000
2022-03-29,3203.94000000,3.03000000,4.72000000,6.23000000,3.19000000
2022-03-30,3266.60000000,3.05000000,4.71000000,6.19000000,3.22000000
2022-03-31,3252.20000000,3.08000000,4.77000000,6.29000000,3.27000000
2022-04-01,3282.72000000,3.08000000,4.79000000,6.30000000,3.29000000
2022-04-06,3283.43000000,3.10000000,4.83000000,6.35000000,3.30000000
2022-04-07,3236.70000000,3.09000000,4.82000000,6.25000000,3.28000000
2022-04-08,3251.85000000,3.10000000,4.81000000,6.28000000,3.29000000
2022-04-11,3167.13000000,3.07000000,4.78000000,6.25000000,3.28000000
2022-04-12,3213.33000000,3.08000000,4.78000000,6.25000000,3.30000000
2022-04-13,3186.82000000,3.07000000,4.79000000,6.24000000,3.29000000
2022-04-14,3225.64000000,3.07000000,4.77000000,6.26000000,3.28000000
2022-04-15,3211.24000000,3.07000000,4.76000000,6.23000000,3.28000000
2022-04-18,3195.52000000,3.04000000,4.72000000,6.10000000,3.23000000
2022-04-19,3194.03000000,3.06000000,4.73000000,6.12000000,3.26000000
2022-04-20,3151.05000000,3.06000000,4.74000000,6.09000000,3.27000000
2022-04-21,3079.81000000,3.07000000,4.78000000,6.11000000,3.27000000
2022-04-22,3086.92000000,3.09000000,4.84000000,6.24000000,3.30000000
2022-04-25,2928.51000000,3.06000000,4.75000000,6.10000000,3.27000000
2022-04-26,2886.43000000,3.07000000,4.81000000,6.06000000,3.28000000
2022-04-27,2958.28000000,3.03000000,4.71000000,6.00000000,3.23000000
2022-04-28,2975.48000000,3.06000000,4.77000000,6.05000000,3.26000000
2022-04-29,3047.06000000,3.06000000,4.78000000,6.07000000,3.23000000
2022-05-05,3067.76000000,3.08000000,4.75000000,6.06000000,3.23000000
2022-05-06,3001.56000000,3.05000000,4.74000000,6.01000000,3.19000000
2022-05-09,3004.14000000,3.07000000,4.76000000,5.98000000,3.19000000
2022-05-10,3035.84000000,3.09000000,4.73000000,6.00000000,3.20000000
2022-05-11,3058.70000000,3.05000000,4.66000000,5.96000000,3.20000000
2022-05-12,3054.99000000,3.03000000,4.65000000,5.96000000,3.20000000
2022-05-13,3084.28000000,3.05000000,4.70000000,6.00000000,3.21000000
2022-05-16,3073.75000000,3.04000000,4.68000000,6.00000000,3.19000000
2022-05-17,3093.70000000,3.02000000,4.66000000,5.96000000,3.20000000
2022-05-18,3085.98000000,3.02000000,4.62000000,5.98000000,3.19000000
2022-05-19,3096.96000000,3.02000000,4.61000000,5.96000000,3.18000000
2022-05-20,3146.57000000,3.02000000,4.63000000,5.98000000,3.19000000
2022-05-23,3146.86000000,3.01000000,4.62000000,5.97000000,3.20000000
2022-05-24,3070.93000000,3.03000000,4.67000000,5.96000000,3.20000000
2022-05-25,3107.46000000,3.03000000,4.66000000,6.00000000,3.20000000
2022-05-26,3123.11000000,3.04000000,4.65000000,6.03000000,3.21000000
2022-05-27,3130.24000000,3.04000000,4.67000000,6.02000000,3.22000000
2022-05-30,3149.06000000,3.02000000,4.65000000,6.02000000,3.20000000
2022-05-31,3186.43000000,3.03000000,4.66000000,5.98000000,3.19000000
2022-06-01,3182.16000000,3.01000000,4.65000000,5.97000000,3.19000000
2022-06-02,3195.46000000,3.01000000,4.63000000,5.97000000,3.19000000
2022-06-06,3236.37000000,2.99000000,4.60000000,5.92000000,3.18000000
2022-06-07,3241.76000000,2.99000000,4.61000000,5.93000000,3.19000000
2022-06-08,3263.79000000,2.99000000,4.64000000,5.94000000,3.19000000
2022-06-09,3238.95000000,3.00000000,4.66000000,5.97000000,3.21000000
2022-06-10,3284.83000000,3.02000000,4.69000000,6.00000000,3.23000000
2022-06-13,3255.55000000,3.00000000,4.67000000,5.96000000,3.21000000
2022-06-14,3288.91000000,3.02000000,4.72000000,6.01000000,3.23000000
2022-06-15,3305.41000000,3.03000000,4.73000000,6.05000000,3.23000000
2022-06-16,3285.38000000,3.00000000,4.70000000,6.00000000,3.23000000
2022-06-17,3316.79000000,3.01000000,4.75000000,6.01000000,3.23000000
2022-06-20,3315.43000000,3.00000000,4.70000000,5.99000000,3.22000000
2022-06-21,3306.72000000,3.01000000,4.76000000,6.03000000,3.25000000
2022-06-22,3267.20000000,3.01000000,4.75000000,6.00000000,3.23000000
2022-06-23,3320.15000000,3.02000000,4.77000000,6.04000000,3.25000000
2022-06-24,3349.75000000,3.01000000,4.74000000,6.01000000,3.25000000
2022-06-27,3379.19000000,3.01000000,4.71000000,6.00000000,3.25000000
2022-06-28,3409.21000000,3.01000000,4.73000000,6.02000000,3.25000000
2022-06-29,3361.52000000,3.02000000,4.77000000,6.05000000,3.26000000
2022-06-30,3398.62000000,3.02000000,4.77000000,6.06000000,3.26000000
2022-07-01,3387.64000000,3.01000000,4.77000000,6.08000000,3.26000000
2022-07-04,3405.43000000,3.02000000,4.77000000,6.09000000,3.29000000
2022-07-05,3404.03000000,3.03000000,4.80000000,6.11000000,3.30000000
2022-07-06,3355.35000000,3.02000000,4.78000000,6.08000000,3.29000000
2022-07-07,3364.40000000,3.02000000,4.76000000,6.09000000,3.29000000
2022-07-08,3356.08000000,3.03000000,4.77000000,5.71000000,3.30000000
2022-07-11,3313.58000000,3.04000000,4.79000000,5.77000000,3.32000000
2022-07-12,3281.47000000,3.04000000,4.51000000,5.75000000,3.33000000
2022-07-13,3284.29000000,3.01000000,4.42000000,5.67000000,3.29000000
2022-07-14,3281.74000000,2.95000000,4.37000000,5.58000000,3.23000000
2022-07-15,3228.06000000,2.76000000,4.33000000,5.49000000,3.00000000
2022-07-18,3278.10000000,2.80000000,4.37000000,5.57000000,3.02000000
2022-07-19,3279.43000000,2.84000000,4.39000000,5.59000000,3.04000000
2022-07-20,3304.72000000,2.85000000,4.44000000,5.65000000,3.08000000
2022-07-21,3272.00000000,2.82000000,4.39000000,5.58000000,3.06000000
2022-07-22,3269.97000000,2.85000000,4.41000000,5.60000000,3.08000000
2022-07-25,3250.39000000,2.86000000,4.44000000,5.62000000,3.09000000
2022-07-26,3277.44000000,2.86000000,4.42000000,5.62000000,3.11000000
2022-07-27,3275.76000000,2.84000000,4.39000000,5.61000000,3.09000000
2022-07-28,3282.58000000,2.85000000,4.39000000,5.61000000,3.07000000
2022-07-29,3253.24000000,2.85000000,4.38000000,5.57000000,3.06000000
2022-08-01,3259.96000000,2.84000000,4.37000000,5.54000000,3.04000000
2022-08-02,3186.27000000,2.81000000,4.35000000,5.49000000,3.02000000
2022-08-03,3163.67000000,2.80000000,4.32000000,5.43000000,3.01000000
2022-08-04,3189.04000000,2.86000000,4.37000000,5.46000000,3.03000000
2022-08-05,3227.03000000,2.86000000,4.39000000,5.50000000,3.04000000
2022-08-08,3236.93000000,2.84000000,4.35000000,5.48000000,3.03000000
2022-08-09,3247.43000000,2.84000000,4.34000000,5.49000000,3.02000000
2022-08-10,3230.02000000,2.84000000,4.33000000,5.46000000,3.02000000
2022-08-11,3281.67000000,2.85000000,4.36000000,5.50000000,3.05000000
2022-08-12,3276.89000000,2.83000000,4.36000000,5.52000000,3.04000000
2022-08-15,3276.09000000,2.83000000,4.34000000,5.48000000,3.03000000
2022-08-16,3277.88000000,2.82000000,4.33000000,5.47000000,3.03000000
2022-08-17,3292.53000000,2.83000000,4.34000000,5.50000000,3.04000000
2022-08-18,3277.54000000,2.82000000,4.32000000,5.47000000,3.02000000
2022-08-19,3258.08000000,2.83000000,4.33000000,5.47000000,3.03000000
2022-08-22,3277.79000000,2.82000000,4.33000000,5.46000000,3.02000000
2022-08-23,3276.22000000,2.82000000,4.32000000,5.44000000,3.01000000
2022-08-24,3215.20000000,2.82000000,4.32000000,5.43000000,3.01000000
2022-08-25,3246.25000000,2.83000000,4.34000000,5.45000000,3.03000000
2022-08-26,3236.22000000,2.82000000,4.35000000,5.47000000,3.02000000
2022-08-29,3240.73000000,2.82000000,4.33000000,5.45000000,3.02000000
2022-08-30,3227.22000000,2.82000000,4.36000000,5.47000000,3.03000000
2022-08-31,3202.14000000,2.85000000,4.38000000,5.52000000,3.04000000
2022-09-01,3184.98000000,2.83000000,4.36000000,5.49000000,3.05000000
2022-09-02,3186.48000000,2.83000000,4.35000000,5.48000000,3.04000000
2022-09-05,3199.91000000,2.84000000,4.36000000,5.49000000,3.05000000
2022-09-06,3243.45000000,2.84000000,4.36000000,5.50000000,3.07000000
2022-09-07,3246.29000000,2.83000000,4.35000000,5.49000000,3.06000000
2022-09-08,3235.59000000,2.83000000,4.35000000,5.50000000,3.06000000
2022-09-09,3262.05000000,2.84000000,4.36000000,5.54000000,3.08000000
2022-09-13,3263.80000000,2.85000000,4.38000000,5.55000000,3.08000000
2022-09-14,3237.54000000,2.85000000,4.36000000,5.53000000,3.07000000
2022-09-15,3199.92000000,2.87000000,4.39000000,5.57000000,3.09000000
2022-09-16,3126.40000000,2.85000000,4.36000000,5.52000000,3.05000000
2022-09-19,3115.60000000,2.87000000,4.38000000,5.56000000,3.08000000
2022-09-20,3122.41000000,2.84000000,4.37000000,5.55000000,3.07000000
2022-09-21,3117.18000000,2.86000000,4.37000000,5.57000000,3.07000000
2022-09-22,3108.91000000,2.86000000,4.39000000,5.57000000,3.07000000
2022-09-23,3088.37000000,2.88000000,4.40000000,5.62000000,3.10000000
2022-09-26,3051.23000000,2.85000000,4.35000000,5.54000000,3.06000000
2022-09-27,3093.86000000,2.83000000,4.34000000,5.53000000,3.05000000
2022-09-28,3045.07000000,2.85000000,4.35000000,5.57000000,3.07000000
2022-09-29,3041.20000000,2.82000000,4.33000000,5.51000000,3.05000000
2022-09-30,3024.39000000,2.86000000,4.35000000,5.52000000,3.09000000
2022-10-10,2974.15000000,2.87000000,4.36000000,5.52000000,3.07000000
2022-10-11,2979.79000000,2.87000000,4.37000000,5.52000000,3.06000000
2022-10-12,3025.51000000,2.86000000,4.40000000,5.54000000,3.07000000
2022-10-13,3016.36000000,2.86000000,4.35000000,5.50000000,3.05000000
2022-10-14,3071.99000000,2.85000000,4.34000000,5.49000000,3.06000000
2022-10-17,3084.94000000,2.85000000,4.35000000,5.50000000,3.05000000
2022-10-18,3080.96000000,2.85000000,4.35000000,5.50000000,3.05000000
2022-10-19,3044.38000000,2.84000000,4.34000000,5.49000000,3.05000000
2022-10-20,3035.05000000,2.85000000,4.35000000,5.52000000,3.05000000
2022-10-21,3038.93000000,2.86000000,4.35000000,5.54000000,3.07000000
2022-10-24,2977.56000000,2.85000000,4.36000000,5.51000000,3.06000000
2022-10-25,2976.28000000,2.85000000,4.34000000,5.50000000,3.05000000
2022-10-26,2999.50000000,2.83000000,4.28000000,5.45000000,3.04000000
2022-10-27,2982.90000000,2.80000000,4.25000000,5.42000000,3.03000000
2022-10-28,2915.93000000,2.80000000,4.25000000,5.42000000,3.06000000
2022-10-31,2893.48000000,2.76000000,4.15000000,5.34000000,3.01000000
2022-11-01,2969.20000000,2.73000000,4.08000000,5.29000000,3.02000000
2022-11-02,3003.37000000,2.72000000,4.07000000,5.26000000,3.00000000
2022-11-03,2997.81000000,2.72000000,4.06000000,5.24000000,3.01000000
2022-11-04,3070.80000000,2.75000000,4.09000000,5.29000000,3.04000000
2022-11-07,3077.82000000,2.75000000,4.08000000,5.28000000,3.04000000
2022-11-08,3064.49000000,2.73000000,4.09000000,5.25000000,3.04000000
2022-11-09,3048.17000000,2.75000000,4.10000000,5.27000000,3.04000000
2022-11-10,3036.13000000,2.76000000,4.11000000,5.31000000,3.05000000
2022-11-11,3087.29000000,2.79000000,4.15000000,5.37000000,3.06000000
2022-11-14,3083.40000000,2.80000000,4.15000000,5.39000000,3.06000000
2022-11-15,3134.08000000,2.80000000,4.17000000,5.39000000,3.06000000
2022-11-16,3119.98000000,2.79000000,4.16000000,5.36000000,3.05000000
2022-11-17,3115.43000000,2.79000000,4.17000000,5.34000000,3.05000000
2022-11-18,3097.24000000,2.79000000,4.17000000,5.37000000,3.04000000
2022-11-21,3085.04000000,2.79000000,4.18000000,5.36000000,3.05000000
2022-11-22,3088.94000000,2.81000000,4.23000000,5.44000000,3.08000000
2022-11-23,3096.91000000,2.84000000,4.26000000,5.47000000,3.10000000
2022-11-24,3089.31000000,2.83000000,4.25000000,5.46000000,3.09000000
2022-11-25,3101.69000000,2.87000000,4.32000000,5.56000000,3.13000000
2022-11-28,3078.55000000,2.86000000,4.24000000,5.48000000,3.11000000
2022-11-29,3149.75000000,2.88000000,4.32000000,5.60000000,3.14000000
2022-11-30,3151.34000000,2.88000000,4.30000000,5.59000000,3.15000000
2022-12-01,3165.47000000,2.86000000,4.25000000,5.50000000,3.10000000
2022-12-02,3156.14000000,2.86000000,4.24000000,5.47000000,3.10000000
2022-12-05,3211.81000000,2.89000000,4.30000000,5.62000000,3.15000000
2022-12-06,3212.53000000,2.89000000,4.31000000,5.64000000,3.15000000
2022-12-07,3199.62000000,2.88000000,4.29000000,5.59000000,3.14000000
2022-12-08,3197.35000000,2.90000000,4.30000000,5.62000000,3.16000000
2022-12-09,3206.95000000,2.89000000,4.30000000,5.60000000,3.16000000
2022-12-12,3179.04000000,2.86000000,4.27000000,5.54000000,3.13000000
2022-12-13,3176.33000000,2.88000000,4.30000000,5.63000000,3.16000000
2022-12-14,3176.53000000,2.89000000,4.29000000,5.61000000,3.16000000
2022-12-15,3168.65000000,2.88000000,4.26000000,5.56000000,3.14000000
2022-12-16,3167.86000000,2.90000000,4.29000000,5.64000000,3.18000000
2022-12-19,3107.12000000,2.88000000,4.26000000,5.58000000,3.15000000
2022-12-20,3073.77000000,2.85000000,4.23000000,5.48000000,3.13000000
2022-12-21,3068.41000000,2.85000000,4.25000000,5.54000000,3.12000000
2022-12-22,3054.43000000,2.86000000,4.27000000,5.53000000,3.14000000
2022-12-23,3045.87000000,2.87000000,4.25000000,5.53000000,3.13000000
2022-12-26,3065.56000000,2.85000000,4.26000000,5.50000000,3.11000000
2022-12-27,3095.57000000,2.89000000,4.30000000,5.58000000,3.15000000
2022-12-28,3087.40000000,2.90000000,4.32000000,5.61000000,3.16000000
2022-12-29,3073.70000000,2.88000000,4.30000000,5.59000000,3.15000000
2022-12-30,3089.26000000,2.91000000,4.34000000,5.63000000,3.16000000
2023-01-03,3116.51000000,2.90000000,4.31000000,5.63000000,3.16000000
2023-01-04,3123.52000000,2.93000000,4.36000000,5.68000000,3.20000000
2023-01-05,3155.22000000,2.93000000,4.33000000,5.68000000,3.20000000
2023-01-06,3157.64000000,2.92000000,4.34000000,5.67000000,3.21000000
2023-01-09,3176.08000000,2.92000000,4.33000000,5.63000000,3.19000000
2023-01-10,3169.51000000,2.91000000,4.30000000,5.60000000,3.18000000
2023-01-11,3161.84000000,2.91000000,4.31000000,5.64000000,3.19000000
2023-01-12,3163.45000000,2.92000000,4.30000000,5.61000000,3.19000000
2023-01-13,3195.31000000,2.94000000,4.34000000,5.64000000,3.23000000
2023-01-16,3227.59000000,2.91000000,4.34000000,5.62000000,3.21000000
2023-01-17,3224.24000000,2.91000000,4.33000000,5.60000000,3.22000000
2023-01-18,3224.41000000,2.92000000,4.34000000,5.61000000,3.21000000
2023-01-19,3240.28000000,2.92000000,4.33000000,5.62000000,3.22000000
2023-01-20,3264.81000000,2.92000000,4.33000000,5.63000000,3.22000000
2023-01-30,3269.32000000,2.92000000,4.32000000,5.63000000,3.23000000
2023-01-31,3255.67000000,2.91000000,4.32000000,5.61000000,3.22000000
2023-02-01,3284.92000000,2.92000000,4.31000000,5.62000000,3.22000000
2023-02-02,3285.67000000,2.92000000,4.30000000,5.61000000,3.21000000
2023-02-03,3263.41000000,2.91000000,4.30000000,5.60000000,3.21000000
2023-02-06,3238.70000000,2.92000000,4.29000000,5.59000000,3.20000000
2023-02-07,3248.09000000,2.92000000,4.29000000,5.59000000,3.19000000
2023-02-08,3232.11000000,2.92000000,4.30000000,5.59000000,3.20000000
2023-02-09,3270.38000000,2.93000000,4.30000000,5.61000000,3.21000000
2023-02-10,3260.67000000,2.93000000,4.31000000,5.61000000,3.23000000
2023-02-13,3284.16000000,2.92000000,4.29000000,5.59000000,3.21000000
2023-02-14,3293.28000000,2.91000000,4.30000000,5.60000000,3.20000000
2023-02-15,3280.49000000,2.91000000,4.29000000,5.57000000,3.20000000
2023-02-16,3249.03000000,2.91000000,4.28000000,5.57000000,3.21000000
2023-02-17,3224.02000000,2.92000000,4.28000000,5.56000000,3.22000000
2023-02-20,3290.34000000,2.94000000,4.31000000,5.62000000,3.24000000
2023-02-21,3306.52000000,2.94000000,4.32000000,5.64000000,3.24000000
2023-02-22,3291.15000000,2.93000000,4.30000000,5.62000000,3.23000000
2023-02-23,3287.48000000,2.93000000,4.30000000,5.61000000,3.23000000
2023-02-24,3267.16000000,2.92000000,4.29000000,5.60000000,3.22000000
2023-02-27,3258.03000000,2.92000000,4.29000000,5.59000000,3.21000000
2023-02-28,3279.61000000,2.93000000,4.30000000,5.64000000,3.23000000
2023-03-01,3312.35000000,2.93000000,4.30000000,5.64000000,3.24000000
2023-03-02,3310.65000000,2.93000000,4.32000000,5.67000000,3.26000000
2023-03-03,3328.39000000,2.97000000,4.36000000,5.83000000,3.31000000
2023-03-06,3322.03000000,2.96000000,4.35000000,5.81000000,3.31000000
2023-03-07,3285.10000000,3.01000000,4.39000000,5.86000000,3.34000000
2023-03-08,3283.25000000,3.02000000,4.40000000,5.86000000,3.33000000
2023-03-09,3276.09000000,3.01000000,4.38000000,5.83000000,3.35000000
2023-03-10,3230.08000000,2.98000000,4.34000000,5.76000000,3.30000000
2023-03-13,3268.70000000,3.01000000,4.40000000,5.83000000,3.32000000
2023-03-14,3245.31000000,3.01000000,4.41000000,5.83000000,3.33000000
2023-03-15,3263.31000000,3.04000000,4.46000000,5.95000000,3.39000000
2023-03-16,3226.89000000,3.07000000,4.52000000,5.99000000,3.49000000
2023-03-17,3250.55000000,3.08000000,4.52000000,6.02000000,3.48000000
2023-03-20,3234.91000000,3.10000000,4.51000000,6.02000000,3.51000000
2023-03-21,3255.65000000,3.05000000,4.45000000,5.94000000,3.43000000
2023-03-22,3265.75000000,3.09000000,4.52000000,6.03000000,3.44000000
2023-03-23,3286.65000000,3.10000000,4.52000000,6.06000000,3.47000000
2023-03-24,3265.65000000,3.05000000,4.48000000,5.99000000,3.40000000
2023-03-27,3251.40000000,3.05000000,4.46000000,5.94000000,3.36000000
2023-03-28,3245.38000000,3.09000000,4.49000000,5.95000000,3.38000000
2023-03-29,3240.06000000,3.10000000,4.51000000,5.94000000,3.39000000
2023-03-30,3261.25000000,3.09000000,4.52000000,5.96000000,3.40000000
2023-03-31,3272.86000000,3.11000000,4.46000000,5.94000000,3.38000000
2023-04-03,3296.40000000,3.10000000,4.45000000,5.95000000,3.36000000
2023-04-04,3312.56000000,3.15000000,4.52000000,6.05000000,3.43000000
2023-04-06,3312.63000000,3.18000000,4.53000000,6.04000000,3.44000000
2023-04-07,3327.65000000,3.17000000,4.53000000,6.06000000,3.43000000
2023-04-10,3315.36000000,3.17000000,4.55000000,6.05000000,3.43000000
2023-04-11,3313.57000000,3.21000000,4.55000000,6.07000000,3.46000000
2023-04-12,3327.18000000,3.23000000,4.61000000,6.16000000,3.49000000
2023-04-13,3318.36000000,3.24000000,4.63000000,6.20000000,3.54000000
2023-04-14,3338.15000000,3.23000000,4.63000000,6.19000000,3.51000000
2023-04-17,3385.61000000,3.30000000,4.73000000,6.30000000,3.58000000
2023-04-18,3393.33000000,3.35000000,4.77000000,6.33000000,3.60000000
2023-04-19,3370.13000000,3.37000000,4.76000000,6.33000000,3.61000000
2023-04-20,3367.03000000,3.37000000,4.74000000,6.31000000,3.60000000
2023-04-21,3301.26000000,3.33000000,4.70000000,6.26000000,3.58000000
2023-04-24,3275.41000000,3.36000000,4.72000000,6.28000000,3.62000000
2023-04-25,3264.87000000,3.42000000,4.75000000,6.38000000,3.67000000
2023-04-26,3264.10000000,3.39000000,4.75000000,6.35000000,3.66000000
2023-04-27,3285.88000000,3.42000000,4.75000000,6.32000000,3.67000000
2023-04-28,3323.27000000,3.42000000,4.72000000,6.31000000,3.67000000
2023-05-04,3350.46000000,3.58000000,4.95000000,6.55000000,3.94000000
2023-05-05,3334.50000000,3.62000000,4.99000000,6.68000000,4.08000000
2023-05-08,3395.00000000,3.89000000,5.30000000,7.03000000,4.49000000
2023-05-09,3357.67000000,3.83000000,5.27000000,6.99000000,4.56000000
2023-05-10,3319.15000000,3.61000000,5.03000000,6.62000000,4.31000000
2023-05-11,3309.55000000,3.59000000,5.00000000,6.54000000,4.16000000
2023-05-12,3272.36000000,3.56000000,4.98000000,6.51000000,4.16000000
2023-05-15,3310.74000000,3.58000000,5.04000000,6.62000000,4.18000000
2023-05-16,3290.99000000,3.60000000,5.01000000,6.65000000,4.19000000
2023-05-17,3284.23000000,3.58000000,4.99000000,6.58000000,4.15000000
2023-05-18,3297.32000000,3.69000000,5.12000000,6.72000000,4.21000000
2023-05-19,3283.54000000,3.62000000,5.04000000,6.65000000,4.16000000
2023-05-22,3296.47000000,3.61000000,5.07000000,6.69000000,4.17000000
2023-05-23,3246.24000000,3.50000000,4.93000000,6.50000000,4.04000000
2023-05-24,3204.75000000,3.41000000,4.76000000,6.30000000,3.89000000
2023-05-25,3201.26000000,3.44000000,4.74000000,6.21000000,3.89000000
2023-05-26,3212.50000000,3.50000000,4.80000000,6.35000000,3.89000000
2023-05-29,3221.45000000,3.56000000,4.85000000,6.49000000,3.98000000
2023-05-30,3224.21000000,3.50000000,4.82000000,6.46000000,3.93000000
2023-05-31,3204.56000000,3.52000000,4.83000000,6.40000000,3.90000000
2023-06-01,3204.63000000,3.46000000,4.86000000,6.38000000,3.91000000
2023-06-02,3230.07000000,3.46000000,4.88000000,6.34000000,3.89000000
2023-06-05,3232.44000000,3.56000000,4.96000000,6.49000000,3.98000000
2023-06-06,3195.34000000,3.56000000,4.96000000,6.48000000,3.99000000
2023-06-07,3197.76000000,3.62000000,5.01000000,6.58000000,4.04000000
2023-06-08,3213.59000000,3.71000000,5.09000000,6.65000000,4.15000000
2023-06-09,3231.41000000,3.68000000,5.07000000,6.58000000,4.13000000
2023-06-12,3228.83000000,3.66000000,4.97000000,6.48000000,4.04000000
2023-06-13,3233.67000000,3.67000000,5.00000000,6.51000000,4.06000000
2023-06-14,3228.99000000,3.56000000,4.87000000,6.34000000,4.00000000
2023-06-15,3252.98000000,3.60000000,4.91000000,6.36000000,4.01000000
2023-06-16,3273.33000000,3.58000000,4.88000000,6.30000000,3.96000000
2023-06-19,3255.81000000,3.52000000,4.83000000,6.23000000,3.90000000
2023-06-20,3240.36000000,3.50000000,4.83000000,6.16000000,3.87000000
2023-06-21,3197.90000000,3.53000000,4.85000000,6.22000000,3.88000000
2023-06-26,3150.62000000,3.47000000,4.77000000,6.14000000,3.78000000
2023-06-27,3189.44000000,3.53000000,4.81000000,6.24000000,3.86000000
2023-06-28,3189.38000000,3.52000000,4.82000000,6.20000000,3.87000000
2023-06-29,3182.38000000,3.49000000,4.78000000,6.20000000,3.86000000
2023-06-30,3202.06000000,3.53000000,4.82000000,6.26000000,3.91000000
2023-07-03,3243.98000000,3.62000000,4.88000000,6.34000000,3.98000000
2023-07-04,3245.35000000,3.56000000,4.83000000,6.28000000,3.92000000
2023-07-05,3222.95000000,3.55000000,4.82000000,6.26000000,3.92000000
2023-07-06,3205.57000000,3.51000000,4.77000000,6.20000000,3.89000000
2023-07-07,3196.61000000,3.52000000,4.76000000,6.19000000,3.88000000
2023-07-10,3203.70000000,3.51000000,4.77000000,6.22000000,3.89000000
2023-07-11,3221.37000000,3.53000000,4.83000000,6.29000000,3.93000000
2023-07-12,3196.13000000,3.55000000,4.81000000,6.24000000,3.93000000
2023-07-13,3236.48000000,3.61000000,4.87000000,6.38000000,3.99000000
2023-07-14,3237.70000000,3.61000000,4.87000000,5.96000000,3.99000000
2023-07-17,3209.63000000,3.62000000,4.57000000,5.91000000,3.77000000
2023-07-18,3197.82000000,3.40000000,4.54000000,5.88000000,3.71000000
2023-07-19,3198.84000000,3.40000000,4.56000000,5.89000000,3.72000000
2023-07-20,3169.52000000,3.42000000,4.58000000,5.91000000,3.73000000
2023-07-21,3167.75000000,3.41000000,4.58000000,5.90000000,3.74000000
2023-07-24,3164.16000000,3.43000000,4.57000000,5.88000000,3.71000000
2023-07-25,3231.52000000,3.49000000,4.62000000,5.98000000,3.81000000
2023-07-26,3223.03000000,3.48000000,4.63000000,5.94000000,3.79000000
2023-07-27,3216.67000000,3.54000000,4.70000000,6.05000000,3.82000000
2023-07-28,3275.93000000,3.61000000,4.79000000,6.15000000,3.91000000
2023-07-31,3291.04000000,3.62000000,4.77000000,6.16000000,3.91000000
2023-08-01,3290.95000000,3.63000000,4.78000000,6.17000000,3.93000000
2023-08-02,3261.69000000,3.51000000,4.67000000,5.99000000,3.82000000
2023-08-03,3280.46000000,3.55000000,4.72000000,6.03000000,3.87000000
2023-08-04,3288.08000000,3.55000000,4.74000000,6.05000000,3.89000000
2023-08-07,3268.83000000,3.53000000,4.71000000,5.99000000,3.86000000
2023-08-08,3260.62000000,3.51000000,4.68000000,5.97000000,3.83000000
2023-08-09,3244.49000000,3.52000000,4.71000000,5.98000000,3.84000000
2023-08-10,3254.56000000,3.52000000,4.69000000,5.98000000,3.83000000
2023-08-11,3189.25000000,3.46000000,4.61000000,5.93000000,3.78000000
2023-08-14,3178.43000000,3.42000000,4.56000000,5.88000000,3.72000000
2023-08-15,3176.18000000,3.49000000,4.64000000,5.95000000,3.82000000
2023-08-16,3150.13000000,3.49000000,4.64000000,5.93000000,3.81000000
2023-08-17,3163.74000000,3.47000000,4.60000000,5.91000000,3.77000000
2023-08-18,3131.95000000,3.49000000,4.61000000,5.96000000,3.78000000
2023-08-21,3092.98000000,3.43000000,4.56000000,5.92000000,3.73000000
2023-08-22,3120.33000000,3.48000000,4.62000000,5.99000000,3.79000000
2023-08-23,3078.40000000,3.48000000,4.64000000,6.04000000,3.83000000
2023-08-24,3082.24000000,3.47000000,4.59000000,5.95000000,3.78000000
2023-08-25,3064.07000000,3.48000000,4.66000000,6.04000000,3.79000000
2023-08-28,3098.64000000,3.54000000,4.73000000,6.14000000,3.84000000
2023-08-29,3135.89000000,3.48000000,4.63000000,6.03000000,3.80000000
2023-08-30,3137.14000000,3.48000000,4.59000000,5.98000000,3.76000000
2023-08-31,3119.88000000,3.46000000,4.62000000,6.00000000,3.75000000
2023-09-01,3133.25000000,3.44000000,4.57000000,6.00000000,3.71000000
2023-09-04,3177.06000000,3.48000000,4.60000000,6.07000000,3.73000000
2023-09-05,3154.37000000,3.45000000,4.59000000,6.03000000,3.71000000
2023-09-06,3158.08000000,3.46000000,4.61000000,6.05000000,3.71000000
2023-09-07,3122.35000000,3.46000000,4.62000000,6.05000000,3.71000000
2023-09-08,3116.72000000,3.45000000,4.59000000,6.06000000,3.68000000
2023-09-11,3142.78000000,3.44000000,4.59000000,6.04000000,3.69000000
2023-09-12,3137.06000000,3.44000000,4.60000000,6.04000000,3.67000000
2023-09-13,3123.07000000,3.45000000,4.62000000,6.08000000,3.69000000
2023-09-14,3126.55000000,3.50000000,4.68000000,6.16000000,3.73000000
2023-09-15,3117.74000000,3.47000000,4.63000000,6.12000000,3.70000000
2023-09-18,3125.93000000,3.47000000,4.64000000,6.15000000,3.70000000
2023-09-19,3124.96000000,3.53000000,4.68000000,6.18000000,3.73000000
2023-09-20,3108.57000000,3.58000000,4.69000000,6.24000000,3.78000000
2023-09-21,3084.70000000,3.56000000,4.69000000,6.25000000,3.76000000
2023-09-22,3132.43000000,3.59000000,4.74000000,6.28000000,3.79000000
2023-09-25,3115.61000000,3.62000000,4.73000000,6.30000000,3.80000000
2023-09-26,3102.27000000,3.62000000,4.70000000,6.31000000,3.78000000
2023-09-27,3107.32000000,3.56000000,4.65000000,6.19000000,3.74000000
2023-09-28,3110.48000000,3.60000000,4.68000000,6.30000000,3.77000000
2023-10-09,3096.92000000,3.60000000,4.67000000,6.29000000,3.76000000
2023-10-10,3075.24000000,3.61000000,4.68000000,6.26000000,3.74000000
2023-10-11,3078.96000000,3.65000000,4.72000000,6.34000000,3.77000000
2023-10-12,3107.90000000,3.67000000,4.84000000,6.51000000,3.89000000
2023-10-13,3088.10000000,3.72000000,4.89000000,6.72000000,3.97000000
2023-10-16,3073.81000000,3.71000000,4.92000000,6.70000000,3.99000000
2023-10-17,3083.50000000,3.72000000,4.92000000,6.73000000,3.98000000
2023-10-18,3058.71000000,3.74000000,4.93000000,6.75000000,4.02000000
2023-10-19,3005.39000000,3.67000000,4.83000000,6.62000000,3.97000000
2023-10-20,2983.06000000,3.66000000,4.79000000,6.55000000,3.94000000
2023-10-23,2939.29000000,3.65000000,4.82000000,6.50000000,3.92000000
2023-10-24,2962.24000000,3.60000000,4.76000000,6.42000000,3.84000000
2023-10-25,2974.11000000,3.56000000,4.71000000,6.38000000,3.82000000
2023-10-26,2988.30000000,3.62000000,4.79000000,6.50000000,3.88000000
2023-10-27,3017.78000000,3.63000000,4.77000000,6.45000000,3.89000000
2023-10-30,3021.55000000,3.56000000,4.69000000,6.23000000,3.84000000
2023-10-31,3018.77000000,3.59000000,4.73000000,6.27000000,3.90000000
2023-11-01,3023.08000000,3.62000000,4.77000000,6.28000000,3.92000000
2023-11-02,3009.41000000,3.66000000,4.78000000,6.34000000,3.95000000
2023-11-03,3030.80000000,3.62000000,4.74000000,6.30000000,3.89000000
2023-11-06,3058.41000000,3.58000000,4.71000000,6.20000000,3.84000000
2023-11-07,3057.27000000,3.61000000,4.72000000,6.25000000,3.89000000
2023-11-08,3052.37000000,3.60000000,4.71000000,6.26000000,3.88000000
2023-11-09,3053.28000000,3.63000000,4.78000000,6.38000000,3.95000000
2023-11-10,3038.97000000,3.63000000,4.78000000,6.41000000,3.95000000
2023-11-13,3046.53000000,3.62000000,4.76000000,6.37000000,3.94000000
2023-11-14,3056.07000000,3.63000000,4.79000000,6.37000000,3.96000000
2023-11-15,3072.83000000,3.62000000,4.79000000,6.36000000,3.95000000
2023-11-16,3050.93000000,3.65000000,4.80000000,6.40000000,3.97000000
2023-11-17,3054.37000000,3.63000000,4.78000000,6.38000000,3.95000000
2023-11-20,3068.32000000,3.65000000,4.81000000,6.39000000,3.97000000
2023-11-21,3067.93000000,3.67000000,4.81000000,6.40000000,3.97000000
2023-11-22,3043.61000000,3.66000000,4.80000000,6.37000000,3.97000000
2023-11-23,3061.86000000,3.66000000,4.80000000,6.36000000,3.96000000
2023-11-24,3040.97000000,3.66000000,4.80000000,6.40000000,3.98000000
2023-11-27,3031.70000000,3.63000000,4.78000000,6.36000000,3.98000000
2023-11-28,3038.55000000,3.64000000,4.79000000,6.37000000,3.97000000
2023-11-29,3021.69000000,3.63000000,4.77000000,6.34000000,3.98000000
2023-11-30,3029.67000000,3.66000000,4.81000000,6.40000000,3.99000000
2023-12-01,3031.64000000,3.65000000,4.81000000,6.38000000,4.04000000
2023-12-04,3022.91000000,3.64000000,4.80000000,6.42000000,4.03000000
2023-12-05,2972.30000000,3.61000000,4.76000000,6.36000000,4.01000000
2023-12-06,2968.93000000,3.53000000,4.70000000,6.29000000,3.96000000
2023-12-07,2966.21000000,3.56000000,4.73000000,6.30000000,3.99000000
2023-12-08,2969.56000000,3.57000000,4.73000000,6.35000000,3.94000000
2023-12-11,2991.44000000,3.55000000,4.73000000,6.37000000,3.92000000
2023-12-12,3003.44000000,3.62000000,4.79000000,6.46000000,3.98000000
2023-12-13,2968.76000000,3.62000000,4.79000000,6.44000000,3.98000000
2023-12-14,2958.99000000,3.62000000,4.77000000,6.43000000,3.98000000
2023-12-15,2942.56000000,3.58000000,4.73000000,6.37000000,3.91000000
2023-12-18,2930.80000000,3.62000000,4.77000000,6.42000000,3.99000000
2023-12-19,2932.39000000,3.64000000,4.79000000,6.44000000,3.97000000
2023-12-20,2902.11000000,3.63000000,4.79000000,6.41000000,3.99000000
2023-12-21,2918.71000000,3.61000000,4.79000000,6.40000000,3.98000000
2023-12-22,2914.78000000,3.63000000,4.78000000,6.40000000,3.99000000
2023-12-25,2918.81000000,3.66000000,4.80000000,6.44000000,4.02000000
2023-12-26,2898.88000000,3.67000000,4.82000000,6.47000000,4.03000000
2023-12-27,2914.61000000,3.69000000,4.83000000,6.55000000,4.05000000
2023-12-28,2954.70000000,3.63000000,4.77000000,6.48000000,3.99000000
2023-12-29,2974.93000000,3.64000000,4.78000000,6.51000000,3.99000000
2024-01-02,2962.28000000,3.66000000,4.79000000,6.55000000,4.01000000
2024-01-03,2967.25000000,3.72000000,4.84000000,6.62000000,4.05000000
2024-01-04,2954.35000000,3.77000000,4.89000000,6.67000000,4.14000000
2024-01-05,2929.18000000,3.73000000,4.87000000,6.65000000,4.12000000
2024-01-08,2887.54000000,3.72000000,4.88000000,6.66000000,4.10000000
2024-01-09,2893.25000000,3.72000000,4.88000000,6.66000000,4.10000000
2024-01-10,2877.70000000,3.71000000,4.85000000,6.58000000,4.04000000
2024-01-11,2886.65000000,3.65000000,4.78000000,6.50000000,3.98000000
2024-01-12,2881.98000000,3.70000000,4.81000000,6.55000000,4.03000000
2024-01-15,2886.29000000,3.71000000,4.86000000,6.58000000,4.05000000
2024-01-16,2893.99000000,3.74000000,4.89000000,6.61000000,4.07000000
2024-01-17,2833.62000000,3.70000000,4.84000000,6.55000000,4.03000000
2024-01-18,2845.78000000,3.69000000,4.85000000,6.52000000,4.01000000
2024-01-19,2832.28000000,3.68000000,4.89000000,6.48000000,3.97000000
2024-01-22,2756.34000000,3.68000000,4.89000000,6.49000000,4.00000000
2024-01-23,2770.98000000,3.68000000,4.89000000,6.51000000,3.98000000
2024-01-24,2820.77000000,3.75000000,4.97000000,6.64000000,4.10000000
2024-01-25,2906.11000000,3.80000000,5.01000000,6.70000000,4.15000000
2024-01-26,2910.22000000,3.86000000,5.09000000,6.84000000,4.28000000
2024-01-29,2883.36000000,3.91000000,5.16000000,6.90000000,4.30000000
2024-01-30,2830.53000000,3.88000000,5.13000000,6.81000000,4.27000000
2024-01-31,2788.55000000,3.89000000,5.17000000,6.86000000,4.32000000
2024-02-01,2770.74000000,3.89000000,5.14000000,6.84000000,4.27000000
2024-02-02,2730.15000000,3.94000000,5.17000000,6.92000000,4.32000000
2024-02-05,2702.19000000,4.02000000,5.29000000,7.03000000,4.44000000
2024-02-06,2789.49000000,4.09000000,5.32000000,7.05000000,4.46000000
2024-02-07,2829.70000000,4.02000000,5.23000000,6.88000000,4.35000000
2024-02-08,2865.90000000,3.96000000,5.16000000,6.80000000,4.31000000
2024-02-19,2910.54000000,4.08000000,5.27000000,7.04000000,4.51000000
2024-02-20,2922.73000000,4.15000000,5.35000000,7.11000000,4.53000000
2024-02-21,2950.96000000,4.18000000,5.41000000,7.16000000,4.56000000
2024-02-22,2988.36000000,4.20000000,5.42000000,7.15000000,4.56000000
2024-02-23,3004.88000000,4.26000000,5.48000000,7.19000000,4.60000000
2024-02-26,2977.02000000,4.14000000,5.32000000,6.96000000,4.46000000
2024-02-27,3015.48000000,4.16000000,5.30000000,6.99000000,4.46000000
2024-02-28,2957.85000000,4.16000000,5.33000000,6.95000000,4.46000000
2024-02-29,3015.17000000,4.19000000,5.33000000,7.00000000,4.47000000
2024-03-01,3027.02000000,4.24000000,5.34000000,7.03000000,4.48000000
2024-03-04,3039.31000000,4.24000000,5.32000000,7.00000000,4.51000000
2024-03-05,3047.79000000,4.34000000,5.46000000,7.14000000,4.60000000
2024-03-06,3039.93000000,4.26000000,5.35000000,7.06000000,4.55000000
2024-03-07,3027.40000000,4.28000000,5.38000000,7.10000000,4.57000000
2024-03-08,3046.02000000,4.27000000,5.39000000,7.11000000,4.55000000
2024-03-11,3068.46000000,4.24000000,5.37000000,7.07000000,4.51000000
2024-03-12,3055.94000000,4.14000000,5.20000000,6.87000000,4.39000000
2024-03-13,3043.83000000,4.12000000,5.17000000,6.86000000,4.36000000
2024-03-14,3038.23000000,4.16000000,5.19000000,6.86000000,4.37000000
2024-03-15,3054.64000000,4.16000000,5.21000000,6.83000000,4.35000000
2024-03-18,3084.93000000,4.13000000,5.18000000,6.78000000,4.35000000
2024-03-19,3062.76000000,4.09000000,5.15000000,6.72000000,4.29000000
2024-03-20,3079.69000000,4.13000000,5.20000000,6.74000000,4.35000000
2024-03-21,3077.11000000,4.14000000,5.22000000,6.76000000,4.37000000
2024-03-22,3048.03000000,4.18000000,5.25000000,6.86000000,4.39000000
2024-03-25,3026.31000000,4.21000000,5.29000000,6.85000000,4.40000000
2024-03-26,3031.48000000,4.23000000,5.33000000,6.94000000,4.44000000
2024-03-27,2993.14000000,4.28000000,5.36000000,6.95000000,4.49000000
2024-03-28,3010.66000000,4.17000000,5.25000000,6.83000000,4.38000000
2024-03-29,3041.17000000,4.23000000,5.28000000,6.87000000,4.40000000
2024-04-01,3077.38000000,4.23000000,5.29000000,6.91000000,4.46000000
2024-04-02,3074.96000000,4.27000000,5.34000000,6.96000000,4.50000000
2024-04-03,3069.30000000,4.29000000,5.33000000,6.95000000,4.48000000
2024-04-08,3047.05000000,4.34000000,5.40000000,7.04000000,4.53000000
2024-04-09,3048.54000000,4.28000000,5.33000000,7.01000000,4.49000000
2024-04-10,3027.33000000,4.29000000,5.34000000,7.03000000,4.50000000
2024-04-11,3034.25000000,4.27000000,5.32000000,6.98000000,4.48000000
2024-04-12,3019.47000000,4.28000000,5.32000000,7.03000000,4.49000000
2024-04-15,3057.38000000,4.37000000,5.42000000,7.14000000,4.59000000
2024-04-16,3007.07000000,4.43000000,5.47000000,7.17000000,4.64000000
2024-04-17,3071.38000000,4.46000000,5.50000000,7.28000000,4.66000000
2024-04-18,3074.22000000,4.49000000,5.52000000,7.30000000,4.69000000
2024-04-19,3065.26000000,4.54000000,5.55000000,7.35000000,4.72000000
2024-04-22,3044.60000000,4.50000000,5.48000000,7.30000000,4.66000000
2024-04-23,3021.98000000,4.50000000,5.50000000,7.31000000,4.66000000
2024-04-24,3044.82000000,4.49000000,5.47000000,7.24000000,4.63000000
2024-04-25,3052.90000000,4.55000000,5.49000000,7.24000000,4.65000000
2024-04-26,3088.64000000,4.45000000,5.40000000,7.12000000,4.56000000
2024-04-29,3113.04000000,4.41000000,5.38000000,7.07000000,4.57000000
2024-04-30,3104.82000000,4.40000000,5.43000000,7.12000000,4.59000000
2024-05-06,3140.72000000,4.35000000,5.37000000,7.07000000,4.48000000
2024-05-07,3147.74000000,4.38000000,5.40000000,7.12000000,4.48000000
2024-05-08,3128.48000000,4.43000000,5.41000000,7.14000000,4.51000000
2024-05-09,3154.32000000,4.38000000,5.38000000,7.09000000,4.47000000
2024-05-10,3154.55000000,4.37000000,5.40000000,7.07000000,4.47000000
2024-05-13,3148.02000000,4.38000000,5.41000000,7.09000000,4.46000000
2024-05-14,3145.77000000,4.34000000,5.37000000,7.04000000,4.42000000
2024-05-15,3119.90000000,4.34000000,5.38000000,7.04000000,4.44000000
2024-05-16,3122.40000000,4.35000000,5.41000000,7.17000000,4.47000000
2024-05-17,3154.03000000,4.38000000,5.47000000,7.14000000,4.49000000
2024-05-20,3171.15000000,4.37000000,5.46000000,7.11000000,4.47000000
2024-05-21,3157.97000000,4.41000000,5.50000000,7.14000000,4.51000000
2024-05-22,3158.54000000,4.42000000,5.51000000,7.16000000,4.53000000
2024-05-23,3116.39000000,4.40000000,5.49000000,7.11000000,4.52000000
2024-05-24,3088.87000000,4.39000000,5.44000000,7.07000000,4.48000000
2024-05-27,3124.04000000,4.45000000,5.48000000,7.11000000,4.51000000
2024-05-28,3109.57000000,4.46000000,5.49000000,7.11000000,4.48000000
2024-05-29,3111.02000000,4.43000000,5.47000000,7.07000000,4.45000000
2024-05-30,3091.68000000,4.39000000,5.44000000,7.03000000,4.41000000
2024-05-31,3086.81000000,4.39000000,5.43000000,7.04000000,4.44000000
2024-06-03,3078.49000000,4.41000000,5.44000000,7.06000000,4.44000000
2024-06-04,3091.20000000,4.41000000,5.47000000,7.06000000,4.44000000
2024-06-05,3065.40000000,4.44000000,5.46000000,7.07000000,4.45000000
2024-06-06,3048.79000000,4.43000000,5.46000000,7.09000000,4.45000000
2024-06-07,3051.28000000,4.26000000,5.52000000,7.20000000,4.53000000
2024-06-11,3028.05000000,4.17000000,5.44000000,7.12000000,4.46000000
2024-06-12,3037.47000000,4.16000000,5.40000000,7.14000000,4.41000000
2024-06-13,3028.92000000,4.22000000,5.43000000,7.15000000,4.45000000
2024-06-14,3032.63000000,4.25000000,5.50000000,7.13000000,4.48000000
2024-06-17,3015.89000000,4.17000000,5.43000000,7.07000000,4.43000000
2024-06-18,3030.25000000,4.18000000,5.45000000,7.10000000,4.44000000
2024-06-19,3018.05000000,4.22000000,5.50000000,7.19000000,4.48000000
2024-06-20,3005.44000000,4.24000000,5.52000000,7.23000000,4.49000000
2024-06-21,2998.14000000,4.19000000,5.51000000,7.22000000,4.47000000
2024-06-24,2963.10000000,4.25000000,5.57000000,7.25000000,4.49000000
2024-06-25,2950.00000000,4.26000000,5.60000000,7.28000000,4.52000000
2024-06-26,2972.53000000,4.28000000,5.63000000,7.31000000,4.55000000
2024-06-27,2945.85000000,4.32000000,5.70000000,7.40000000,4.61000000
2024-06-28,2967.40000000,4.36000000,5.70000000,7.40000000,4.62000000
2024-07-01,2994.73000000,4.44000000,5.82000000,7.57000000,4.67000000
2024-07-02,2997.01000000,4.52000000,5.97000000,7.70000000,4.76000000
2024-07-03,2982.38000000,4.49000000,5.89000000,7.61000000,4.71000000
2024-07-04,2957.57000000,4.53000000,5.96000000,7.69000000,4.74000000
2024-07-05,2949.93000000,4.46000000,5.83000000,7.56000000,4.63000000
2024-07-08,2922.45000000,4.50000000,5.89000000,7.66000000,4.69000000
2024-07-09,2959.37000000,4.53000000,5.94000000,7.67000000,4.74000000
2024-07-10,2939.36000000,4.55000000,6.00000000,7.74000000,4.75000000
2024-07-11,2970.39000000,4.51000000,5.93000000,7.69000000,4.70000000
2024-07-12,2971.30000000,4.60000000,6.08000000,7.37000000,4.77000000
2024-07-15,2974.01000000,4.72000000,6.20000000,7.59000000,4.85000000
2024-07-16,2976.30000000,4.71000000,5.89000000,7.56000000,4.88000000
2024-07-17,2962.85000000,4.72000000,5.91000000,7.57000000,4.66000000
2024-07-18,2977.13000000,4.72000000,5.91000000,7.61000000,4.66000000
2024-07-19,2982.31000000,4.71000000,5.91000000,7.55000000,4.67000000
2024-07-22,2964.22000000,4.64000000,5.84000000,7.43000000,4.65000000
2024-07-23,2915.37000000,4.74000000,6.01000000,7.58000000,4.76000000
2024-07-24,2901.95000000,4.77000000,6.06000000,7.59000000,4.76000000
2024-07-25,2886.74000000,4.72000000,6.06000000,7.60000000,4.73000000
2024-07-26,2890.90000000,4.62000000,5.93000000,7.42000000,4.63000000
2024-07-29,2891.85000000,4.70000000,5.98000000,7.56000000,4.74000000
2024-07-30,2879.30000000,4.70000000,5.99000000,7.57000000,4.77000000
2024-07-31,2938.75000000,4.59000000,5.85000000,7.44000000,4.66000000
2024-08-01,2932.39000000,4.63000000,5.88000000,7.48000000,4.69000000
2024-08-02,2905.34000000,4.65000000,5.88000000,7.50000000,4.70000000
2024-08-05,2860.70000000,4.63000000,5.87000000,7.52000000,4.67000000
2024-08-06,2867.28000000,4.57000000,5.80000000,7.43000000,4.61000000
2024-08-07,2869.83000000,4.55000000,5.82000000,7.46000000,4.62000000
2024-08-08,2869.90000000,4.57000000,5.87000000,7.46000000,4.62000000
2024-08-09,2862.19000000,4.61000000,5.92000000,7.52000000,4.63000000
2024-08-12,2858.20000000,4.64000000,5.99000000,7.60000000,4.66000000
2024-08-13,2867.95000000,4.66000000,6.00000000,7.66000000,4.70000000
2024-08-14,2850.65000000,4.66000000,6.02000000,7.64000000,4.72000000
2024-08-15,2877.36000000,4.68000000,6.05000000,7.71000000,4.75000000
2024-08-16,2879.43000000,4.76000000,6.14000000,7.88000000,4.81000000
2024-08-19,2893.67000000,4.89000000,6.27000000,8.05000000,4.92000000
2024-08-20,2866.66000000,4.92000000,6.39000000,8.18000000,4.96000000
2024-08-21,2856.58000000,4.87000000,6.30000000,8.11000000,4.95000000
2024-08-22,2848.77000000,4.91000000,6.42000000,8.22000000,5.07000000
2024-08-23,2854.37000000,4.92000000,6.46000000,8.24000000,5.08000000
2024-08-26,2855.52000000,4.92000000,6.43000000,8.24000000,5.08000000
2024-08-27,2848.73000000,4.98000000,6.53000000,8.36000000,5.17000000
2024-08-28,2837.43000000,4.94000000,6.49000000,8.26000000,5.12000000
2024-08-29,2823.11000000,4.71000000,6.22000000,7.91000000,4.91000000
2024-08-30,2842.21000000,4.52000000,5.98000000,7.53000000,4.79000000
2024-09-02,2811.04000000,4.69000000,5.94000000,7.48000000,4.90000000
2024-09-03,2802.98000000,4.48000000,5.76000000,7.32000000,4.76000000
2024-09-04,2784.28000000,4.52000000,5.71000000,7.30000000,4.74000000
2024-09-05,2788.31000000,4.50000000,5.63000000,7.20000000,4.71000000
2024-09-06,2765.81000000,4.51000000,5.64000000,7.18000000,4.72000000
2024-09-09,2736.49000000,4.52000000,5.61000000,7.12000000,4.68000000
2024-09-10,2744.19000000,4.60000000,5.67000000,7.30000000,4.80000000
2024-09-11,2721.80000000,4.46000000,5.54000000,7.12000000,4.63000000
2024-09-12,2717.12000000,4.48000000,5.54000000,7.09000000,4.63000000
2024-09-13,2704.09000000,4.44000000,5.56000000,7.12000000,4.58000000
2024-09-18,2717.28000000,4.50000000,5.68000000,7.23000000,4.65000000
2024-09-19,2736.02000000,4.50000000,5.65000000,7.18000000,4.61000000
2024-09-20,2736.81000000,4.54000000,5.67000000,7.23000000,4.64000000
2024-09-23,2748.92000000,4.62000000,5.72000000,7.34000000,4.69000000
2024-09-24,2863.13000000,4.80000000,6.00000000,7.68000000,4.90000000
2024-09-25,2896.31000000,4.84000000,6.04000000,7.74000000,4.90000000
2024-09-26,3000.95000000,4.89000000,6.20000000,7.96000000,4.99000000
2024-09-27,3087.53000000,4.70000000,6.01000000,7.65000000,4.87000000
2024-09-30,3336.50000000,4.80000000,6.18000000,7.93000000,5.00000000
2024-10-08,3489.78000000,4.76000000,6.12000000,8.01000000,4.97000000
2024-10-09,3258.86000000,4.67000000,6.04000000,7.84000000,4.81000000
2024-10-10,3301.93000000,4.82000000,6.27000000,8.10000000,5.01000000
2024-10-11,3217.74000000,4.83000000,6.27000000,8.16000000,5.02000000
2024-10-14,3284.32000000,5.03000000,6.47000000,8.55000000,5.14000000
2024-10-15,3201.29000000,4.92000000,6.26000000,8.22000000,5.02000000
2024-10-16,3202.95000000,5.02000000,6.36000000,8.36000000,5.10000000
2024-10-17,3169.38000000,4.98000000,6.29000000,8.28000000,5.05000000
2024-10-18,3261.56000000,4.96000000,6.32000000,8.31000000,5.05000000
2024-10-21,3268.11000000,4.84000000,6.16000000,8.15000000,4.95000000
2024-10-22,3285.87000000,4.86000000,6.14000000,8.14000000,4.94000000
2024-10-23,3302.80000000,4.85000000,6.14000000,8.14000000,4.96000000
2024-10-24,3280.26000000,4.87000000,6.16000000,8.16000000,4.95000000
2024-10-25,3299.70000000,4.82000000,6.12000000,8.11000000,4.91000000
2024-10-28,3322.20000000,4.76000000,6.07000000,8.01000000,4.88000000
2024-10-29,3286.41000000,4.79000000,6.06000000,8.01000000,4.90000000
2024-10-30,3266.24000000,4.71000000,6.01000000,7.92000000,4.83000000
2024-10-31,3279.82000000,4.73000000,6.04000000,7.93000000,4.82000000
2024-11-01,3272.01000000,4.78000000,6.15000000,8.06000000,4.88000000
2024-11-04,3310.21000000,4.78000000,6.13000000,8.08000000,4.89000000
2024-11-05,3386.99000000,4.80000000,6.15000000,8.11000000,4.91000000
2024-11-06,3383.81000000,4.77000000,6.09000000,8.00000000,4.89000000
2024-11-07,3470.66000000,4.80000000,6.15000000,8.08000000,4.92000000
2024-11-08,3452.30000000,4.76000000,6.11000000,8.00000000,4.86000000
2024-11-11,3470.07000000,4.69000000,6.04000000,7.90000000,4.81000000
2024-11-12,3421.97000000,4.65000000,6.00000000,7.85000000,4.79000000
2024-11-13,3439.28000000,4.66000000,6.04000000,7.87000000,4.82000000
2024-11-14,3379.84000000,4.69000000,6.07000000,7.92000000,4.84000000
2024-11-15,3330.73000000,4.70000000,6.05000000,7.92000000,4.86000000
2024-11-18,3323.85000000,4.80000000,6.19000000,8.00000000,5.00000000
2024-11-19,3346.01000000,4.75000000,6.15000000,7.95000000,4.98000000
2024-11-20,3367.99000000,4.77000000,6.14000000,7.95000000,4.96000000
2024-11-21,3370.40000000,4.77000000,6.13000000,7.94000000,4.96000000
2024-11-22,3267.19000000,4.70000000,6.05000000,7.84000000,4.91000000
2024-11-25,3263.76000000,4.73000000,6.07000000,7.88000000,4.91000000
2024-11-26,3259.76000000,4.81000000,6.16000000,7.98000000,4.99000000
2024-11-27,3309.78000000,4.83000000,6.20000000,8.06000000,5.04000000
2024-11-28,3295.70000000,4.85000000,6.19000000,8.04000000,5.03000000
2024-11-29,3326.46000000,4.81000000,6.15000000,7.98000000,5.01000000
2024-12-02,3363.98000000,4.82000000,6.13000000,7.94000000,5.01000000
2024-12-03,3378.81000000,4.89000000,6.21000000,8.07000000,5.09000000
2024-12-04,3364.65000000,4.91000000,6.26000000,8.19000000,5.11000000
2024-12-05,3368.86000000,4.92000000,6.26000000,8.23000000,5.08000000
2024-12-06,3404.08000000,4.95000000,6.32000000,8.27000000,5.10000000
2024-12-09,3402.53000000,5.01000000,6.32000000,8.25000000,5.15000000
2024-12-10,3422.66000000,5.05000000,6.42000000,8.37000000,5.21000000
2024-12-11,3432.49000000,4.97000000,6.31000000,8.21000000,5.13000000
2024-12-12,3461.50000000,5.03000000,6.42000000,8.31000000,5.20000000
2024-12-13,3391.88000000,5.00000000,6.39000000,8.30000000,5.18000000
2024-12-16,3386.33000000,5.11000000,6.53000000,8.45000000,5.26000000
2024-12-17,3361.49000000,5.10000000,6.51000000,8.49000000,5.28000000
2024-12-18,3382.21000000,5.10000000,6.59000000,8.55000000,5.28000000
2024-12-19,3370.03000000,5.04000000,6.49000000,8.48000000,5.23000000
2024-12-20,3368.07000000,5.04000000,6.53000000,8.48000000,5.26000000
2024-12-23,3351.26000000,5.19000000,6.70000000,8.62000000,5.36000000
2024-12-24,3393.53000000,5.25000000,6.78000000,8.78000000,5.43000000
2024-12-25,3393.35000000,5.31000000,6.94000000,8.88000000,5.51000000
2024-12-26,3398.08000000,5.30000000,6.93000000,8.83000000,5.50000000
2024-12-27,3400.14000000,5.31000000,6.92000000,8.77000000,5.48000000
2024-12-30,3407.33000000,5.37000000,6.95000000,8.80000000,5.53000000
2024-12-31,3351.76000000,5.34000000,6.92000000,8.79000000,5.51000000
2025-01-02,3262.56000000,5.20000000,6.80000000,8.59000000,5.37000000
2025-01-03,3211.43000000,5.15000000,6.71000000,8.47000000,5.35000000
2025-01-06,3206.92000000,5.19000000,6.75000000,8.48000000,5.39000000
2025-01-07,3229.64000000,5.26000000,6.69000000,8.65000000,5.46000000
2025-01-08,3230.17000000,5.18000000,6.76000000,8.84000000,5.52000000
2025-01-09,3211.39000000,5.14000000,6.71000000,8.76000000,5.46000000
2025-01-10,3168.52000000,5.10000000,6.67000000,8.45000000,5.45000000
2025-01-13,3160.76000000,5.03000000,6.60000000,8.29000000,5.35000000
2025-01-14,3240.94000000,5.05000000,6.61000000,8.32000000,5.43000000
2025-01-15,3227.12000000,5.07000000,6.63000000,8.32000000,5.45000000
2025-01-16,3236.03000000,5.10000000,6.68000000,8.46000000,5.48000000
2025-01-17,3241.82000000,5.05000000,6.61000000,8.34000000,5.45000000
2025-01-20,3244.38000000,5.01000000,6.57000000,8.29000000,5.41000000
2025-01-21,3242.62000000,5.01000000,6.55000000,8.27000000,5.41000000
2025-01-22,3213.62000000,4.93000000,6.44000000,8.17000000,5.31000000
2025-01-23,3230.16000000,5.06000000,6.66000000,8.44000000,5.34000000
2025-01-24,3252.63000000,5.04000000,6.67000000,8.41000000,5.31000000
2025-01-27,3250.60000000,5.16000000,6.82000000,8.54000000,5.45000000
2025-02-05,3229.49000000,5.05000000,6.69000000,8.38000000,5.32000000
2025-02-06,3270.66000000,5.04000000,6.69000000,8.34000000,5.30000000
2025-02-07,3303.67000000,5.02000000,6.69000000,8.30000000,5.28000000
2025-02-10,3322.17000000,5.02000000,6.67000000,8.30000000,5.27000000
2025-02-11,3318.06000000,5.11000000,6.82000000,8.59000000,5.38000000
2025-02-12,3346.39000000,5.14000000,6.90000000,8.72000000,5.40000000
2025-02-13,3332.48000000,5.16000000,6.96000000,8.77000000,5.41000000
2025-02-14,3346.72000000,5.21000000,6.99000000,8.76000000,5.41000000
2025-02-17,3355.83000000,5.24000000,6.96000000,8.74000000,5.44000000
2025-02-18,3324.49000000,5.29000000,7.09000000,8.81000000,5.56000000
2025-02-19,3351.54000000,5.25000000,7.05000000,8.78000000,5.53000000
2025-02-20,3350.78000000,5.27000000,7.08000000,8.78000000,5.55000000
2025-02-21,3379.11000000,5.18000000,6.93000000,8.64000000,5.46000000
2025-02-24,3373.03000000,5.14000000,6.89000000,8.58000000,5.41000000
2025-02-25,3346.04000000,5.11000000,6.86000000,8.50000000,5.36000000
2025-02-26,3380.21000000,5.12000000,6.88000000,8.54000000,5.41000000
2025-02-27,3388.06000000,5.16000000,6.93000000,8.58000000,5.43000000
2025-02-28,3320.90000000,5.13000000,6.87000000,8.51000000,5.40000000
2025-03-03,3316.93000000,5.11000000,6.85000000,8.50000000,5.42000000
2025-03-04,3324.21000000,5.08000000,6.78000000,8.45000000,5.38000000
2025-03-05,3341.96000000,5.16000000,6.87000000,8.64000000,5.47000000
2025-03-06,3381.10000000,5.11000000,6.83000000,8.53000000,5.44000000
2025-03-07,3372.55000000,5.10000000,6.80000000,8.50000000,5.41000000
2025-03-10,3366.16000000,5.06000000,6.74000000,8.45000000,5.37000000
2025-03-11,3379.83000000,5.09000000,6.78000000,8.49000000,5.39000000
2025-03-12,3371.92000000,5.05000000,6.72000000,8.45000000,5.33000000
2025-03-13,3358.73000000,5.08000000,6.73000000,8.46000000,5.33000000
2025-03-14,3419.56000000,5.09000000,6.75000000,8.48000000,5.36000000
2025-03-17,3426.13000000,5.13000000,6.81000000,8.53000000,5.37000000
2025-03-18,3429.76000000,5.12000000,6.80000000,8.50000000,5.37000000
2025-03-19,3426.43000000,5.17000000,6.87000000,8.58000000,5.43000000
2025-03-20,3408.95000000,5.14000000,6.84000000,8.54000000,5.42000000
2025-03-21,3364.83000000,5.09000000,6.76000000,8.49000000,5.36000000
2025-03-24,3370.03000000,5.14000000,6.82000000,8.58000000,5.40000000
2025-03-25,3369.98000000,5.17000000,6.85000000,8.65000000,5.48000000
2025-03-26,3368.70000000,5.15000000,6.83000000,8.59000000,5.48000000
2025-03-27,3373.75000000,5.15000000,6.87000000,8.63000000,5.53000000
2025-03-28,3351.31000000,5.10000000,6.88000000,8.52000000,5.50000000
2025-03-31,3335.75000000,5.18000000,6.89000000,8.83000000,5.60000000
2025-04-01,3348.44000000,5.13000000,6.80000000,8.67000000,5.52000000
2025-04-02,3350.13000000,5.17000000,6.85000000,8.77000000,5.59000000
2025-04-03,3342.01000000,5.22000000,6.89000000,8.92000000,5.66000000
2025-04-07,3096.58000000,5.03000000,6.76000000,8.88000000,5.44000000
2025-04-08,3145.55000000,5.11000000,6.82000000,8.97000000,5.47000000
2025-04-09,3186.81000000,5.08000000,6.80000000,8.80000000,5.41000000
2025-04-10,3223.64000000,5.08000000,6.75000000,8.74000000,5.38000000
2025-04-11,3238.23000000,5.13000000,6.80000000,8.79000000,5.42000000
2025-04-14,3262.81000000,5.18000000,6.87000000,8.93000000,5.48000000
2025-04-15,3267.66000000,5.30000000,6.96000000,8.98000000,5.58000000
2025-04-16,3276.00000000,5.37000000,7.06000000,9.07000000,5.66000000
2025-04-17,3280.34000000,5.37000000,7.05000000,9.08000000,5.66000000
2025-04-18,3276.73000000,5.42000000,7.14000000,9.22000000,5.68000000
2025-04-21,3291.43000000,5.37000000,7.05000000,9.08000000,5.63000000
2025-04-22,3299.76000000,5.50000000,7.15000000,9.19000000,5.73000000
2025-04-23,3296.36000000,5.48000000,7.11000000,9.12000000,5.71000000
2025-04-24,3297.29000000,5.59000000,7.24000000,9.27000000,5.83000000
2025-04-25,3295.06000000,5.55000000,7.21000000,9.21000000,5.66000000
2025-04-28,3288.41000000,5.61000000,7.29000000,9.39000000,5.71000000
2025-04-29,3286.65000000,5.59000000,7.27000000,9.36000000,5.70000000
2025-04-30,3279.03000000,5.42000000,7.01000000,9.06000000,5.53000000
2025-05-06,3316.11000000,5.38000000,6.98000000,9.05000000,5.49000000
2025-05-07,3342.67000000,5.46000000,7.11000000,9.23000000,5.62000000
2025-05-08,3352.00000000,5.44000000,7.11000000,9.31000000,5.60000000
2025-05-09,3342.00000000,5.51000000,7.17000000,9.24000000,5.65000000
2025-05-12,3369.24000000,5.52000000,7.16000000,9.17000000,5.63000000
2025-05-13,3374.87000000,5.63000000,7.23000000,9.26000000,5.67000000
2025-05-14,3403.95000000,5.64000000,7.23000000,9.25000000,5.68000000
2025-05-15,3380.82000000,5.66000000,7.27000000,9.23000000,5.67000000
2025-05-16,3367.46000000,5.59000000,7.16000000,9.18000000,5.63000000
2025-05-19,3367.58000000,5.56000000,7.12000000,9.16000000,5.61000000
2025-05-20,3380.48000000,5.57000000,7.13000000,9.16000000,5.61000000
2025-05-21,3387.57000000,5.58000000,7.14000000,9.17000000,5.62000000
2025-05-22,3380.19000000,5.61000000,7.12000000,9.17000000,5.63000000
2025-05-23,3348.37000000,5.54000000,7.08000000,9.08000000,5.57000000
2025-05-26,3346.84000000,5.50000000,7.05000000,9.04000000,5.51000000
2025-05-27,3340.69000000,5.53000000,7.06000000,9.07000000,5.56000000
2025-05-28,3339.93000000,5.52000000,7.05000000,9.05000000,5.53000000
2025-05-29,3363.45000000,5.51000000,7.04000000,9.01000000,5.51000000
2025-05-30,3347.49000000,5.53000000,7.07000000,9.03000000,5.52000000
2025-06-03,3361.98000000,5.57000000,7.11000000,9.06000000,5.52000000
2025-06-04,3376.20000000,5.57000000,7.08000000,9.01000000,5.50000000
2025-06-05,3384.10000000,5.57000000,7.09000000,9.00000000,5.47000000
2025-06-06,3385.36000000,5.61000000,7.10000000,9.00000000,5.45000000
2025-06-09,3399.77000000,5.59000000,7.08000000,8.96000000,5.43000000
2025-06-10,3384.82000000,5.62000000,7.10000000,8.97000000,5.45000000
2025-06-11,3402.32000000,5.62000000,7.12000000,8.92000000,5.43000000
2025-06-12,3402.66000000,5.63000000,7.11000000,8.89000000,5.43000000
2025-06-13,3377.00000000,5.60000000,7.09000000,8.86000000,5.34000000
2025-06-16,3388.73000000,5.63000000,7.14000000,9.00000000,5.38000000
2025-06-17,3387.40000000,5.64000000,7.17000000,9.02000000,5.37000000
2025-06-18,3388.81000000,5.73000000,7.25000000,9.22000000,5.50000000
2025-06-19,3362.11000000,5.74000000,7.30000000,9.22000000,5.54000000
2025-06-20,3359.90000000,5.77000000,7.37000000,9.31000000,5.59000000
2025-06-23,3381.58000000,5.89000000,7.52000000,9.45000000,5.66000000
2025-06-24,3420.57000000,5.96000000,7.63000000,9.48000000,5.71000000
2025-06-25,3455.97000000,6.02000000,7.67000000,9.55000000,5.77000000
2025-06-26,3448.45000000,6.08000000,7.72000000,9.57000000,5.80000000
2025-06-27,3424.23000000,5.88000000,7.50000000,9.37000000,5.60000000
2025-06-30,3444.43000000,5.88000000,7.59000000,9.44000000,5.62000000
2025-07-01,3457.75000000,5.96000000,7.66000000,9.71000000,5.65000000
2025-07-02,3454.79000000,5.98000000,7.68000000,9.76000000,5.65000000
2025-07-03,3461.15000000,5.95000000,7.64000000,9.68000000,5.62000000
2025-07-04,3472.32000000,6.03000000,7.75000000,9.80000000,5.70000000
2025-07-07,3473.13000000,6.08000000,7.73000000,9.75000000,5.73000000
2025-07-08,3497.48000000,6.12000000,7.76000000,9.74000000,5.71000000
2025-07-09,3493.05000000,6.20000000,7.85000000,9.82000000,5.78000000
2025-07-10,3509.68000000,6.31000000,8.08000000,9.87000000,5.82000000
2025-07-11,3510.18000000,6.32000000,8.01000000,9.75000000,5.69000000
2025-07-14,3519.65000000,6.38000000,7.84000000,9.77000000,5.75000000
2025-07-15,3505.00000000,6.33000000,7.80000000,9.70000000,5.70000000
2025-07-16,3503.78000000,6.29000000,7.80000000,9.72000000,5.71000000
2025-07-17,3516.83000000,6.13000000,7.75000000,9.66000000,5.67000000
2025-07-18,3534.48000000,6.22000000,7.77000000,9.66000000,5.69000000
2025-07-21,3559.79000000,6.19000000,7.70000000,9.57000000,5.65000000
2025-07-22,3581.86000000,6.10000000,7.60000000,9.43000000,5.58000000
2025-07-23,3582.30000000,6.25000000,7.65000000,9.50000000,5.63000000
2025-07-24,3605.73000000,6.20000000,7.55000000,9.38000000,5.56000000
2025-07-25,3593.66000000,6.18000000,7.49000000,9.35000000,5.53000000
2025-07-28,3597.94000000,6.19000000,7.49000000,9.37000000,5.53000000
2025-07-29,3609.71000000,6.14000000,7.43000000,9.24000000,5.49000000
2025-07-30,3615.72000000,6.23000000,7.49000000,9.32000000,5.53000000
2025-07-31,3573.21000000,6.30000000,7.56000000,9.41000000,5.55000000
2025-08-01,3559.95000000,6.33000000,7.62000000,9.42000000,5.55000000
2025-08-04,3583.31000000,6.39000000,7.68000000,9.55000000,5.58000000
2025-08-05,3617.60000000,6.54000000,7.76000000,9.64000000,5.65000000
2025-08-06,3633.99000000,6.62000000,7.76000000,9.58000000,5.66000000
2025-08-07,3639.67000000,6.71000000,7.84000000,9.63000000,5.72000000
2025-08-08,3635.13000000,6.71000000,7.79000000,9.60000000,5.67000000
2025-08-11,3647.55000000,6.74000000,7.70000000,9.47000000,5.62000000
2025-08-12,3665.92000000,6.85000000,7.78000000,9.51000000,5.66000000
2025-08-13,3683.46000000,6.80000000,7.70000000,9.35000000,5.58000000
2025-08-14,3666.44000000,6.92000000,7.69000000,9.35000000,5.57000000
2025-08-15,3696.77000000,6.85000000,7.55000000,9.17000000,5.45000000
2025-08-18,3728.03000000,6.93000000,7.53000000,9.14000000,5.45000000
2025-08-19,3727.29000000,7.02000000,7.57000000,9.16000000,5.56000000
2025-08-20,3766.21000000,7.08000000,7.57000000,9.17000000,5.67000000
2025-08-21,3771.10000000,7.23000000,7.60000000,9.24000000,5.71000000
2025-08-22,3825.76000000,7.30000000,7.63000000,9.21000000,5.70000000
2025-08-25,3883.56000000,7.26000000,7.59000000,9.19000000,5.68000000
2025-08-26,3868.38000000,7.28000000,7.55000000,9.15000000,5.66000000
2025-08-27,3800.35000000,7.11000000,7.41000000,9.03000000,5.55000000
2025-08-28,3843.60000000,7.02000000,7.38000000,9.03000000,5.53000000
2025-08-29,3857.93000000,7.02000000,7.43000000,9.00000000,5.52000000
2025-09-01,3875.53000000,7.05000000,7.38000000,9.04000000,5.52000000
2025-09-02,3858.13000000,7.19000000,7.57000000,9.22000000,5.63000000
2025-09-03,3813.56000000,7.15000000,7.44000000,9.13000000,5.55000000
2025-09-04,3765.88000000,7.52000000,7.54000000,9.20000000,5.62000000
2025-09-05,3812.51000000,7.30000000,7.44000000,9.05000000,5.52000000
2025-09-08,3826.84000000,7.26000000,7.40000000,9.00000000,5.47000000
2025-09-09,3807.29000000,7.31000000,7.43000000,9.01000000,5.48000000
2025-09-10,3812.22000000,7.29000000,7.47000000,9.15000000,5.49000000
2025-09-11,3875.31000000,7.28000000,7.51000000,9.16000000,5.50000000
2025-09-12,3870.60000000,7.24000000,7.48000000,9.12000000,5.48000000
2025-09-15,3860.50000000,7.16000000,7.43000000,9.04000000,5.46000000
2025-09-16,3861.87000000,7.04000000,7.45000000,9.01000000,5.41000000
2025-09-17,3876.34000000,6.96000000,7.46000000,9.00000000,5.40000000
2025-09-18,3831.66000000,6.77000000,7.29000000,8.77000000,5.30000000
2025-09-19,3820.09000000,6.65000000,7.20000000,8.88000000,5.29000000
2025-09-22,3828.58000000,6.49000000,7.18000000,8.59000000,5.21000000
2025-09-23,3821.83000000,6.65000000,7.40000000,8.85000000,5.30000000
2025-09-24,3853.64000000,6.57000000,7.47000000,8.75000000,5.28000000
2025-09-25,3853.30000000,6.61000000,7.38000000,8.73000000,5.24000000
2025-09-26,3828.11000000,6.62000000,7.41000000,8.66000000,5.24000000
2025-09-29,3862.53000000,6.62000000,7.33000000,8.60000000,5.20000000
2025-09-30,3882.78000000,6.67000000,7.30000000,8.61000000,5.18000000
2025-10-09,3933.97000000,6.70000000,7.31000000,8.67000000,5.23000000
2025-10-10,3897.03000000,6.83000000,7.31000000,8.70000000,5.23000000
2025-10-13,3889.50000000,6.91000000,7.27000000,8.70000000,5.20000000
2025-10-14,3865.23000000,7.13000000,7.50000000,8.89000000,5.28000000
2025-10-15,3912.21000000,7.27000000,7.46000000,8.95000000,5.28000000
2025-10-16,3916.23000000,7.49000000,7.63000000,9.19000000,5.38000000
2025-10-17,3839.76000000,7.62000000,7.62000000,9.22000000,5.34000000
2025-10-20,3863.89000000,7.75000000,7.61000000,9.25000000,5.36000000
2025-10-21,3916.33000000,7.88000000,7.64000000,9.29000000,5.39000000
2025-10-22,3913.76000000,8.09000000,7.76000000,9.38000000,5.46000000
2025-10-23,3922.41000000,7.99000000,7.84000000,9.36000000,5.49000000
2025-10-24,3950.31000000,7.99000000,7.84000000,9.36000000,5.53000000
2025-10-27,3996.94000000,8.18000000,7.91000000,9.43000000,5.59000000
2025-10-28,3988.22000000,8.31000000,7.99000000,9.39000000,5.60000000
2025-10-29,4016.33000000,8.15000000,7.83000000,9.23000000,5.60000000
2025-10-30,3986.90000000,8.06000000,7.84000000,9.24000000,5.65000000
2025-10-31,3954.79000000,7.96000000,7.78000000,9.13000000,5.61000000
2025-11-03,3976.52000000,8.01000000,7.90000000,9.34000000,5.68000000
2025-11-04,3960.19000000,8.15000000,8.13000000,9.55000000,5.73000000
2025-11-05,3969.25000000,8.18000000,8.14000000,9.48000000,5.69000000
2025-11-06,4007.76000000,8.16000000,8.09000000,9.44000000,5.66000000
2025-11-07,3997.56000000,8.08000000,8.05000000,9.39000000,5.64000000
2025-11-10,4018.60000000,8.12000000,8.12000000,9.50000000,5.66000000
2025-11-11,4002.76000000,8.30000000,8.16000000,9.54000000,5.68000000
2025-11-12,4000.14000000,8.59000000,8.19000000,9.59000000,5.76000000
2025-11-13,4029.50000000,8.56000000,8.21000000,9.54000000,5.74000000
2025-11-14,3990.49000000,8.50000000,8.25000000,9.56000000,5.82000000
2025-11-17,3972.03000000,8.32000000,8.17000000,9.44000000,5.77000000
2025-11-18,3939.81000000,8.19000000,8.20000000,9.41000000,5.78000000
2025-11-19,3946.74000000,8.22000000,8.23000000,9.52000000,6.00000000
2025-11-20,3931.05000000,8.16000000,8.27000000,9.82000000,6.24000000
2025-11-21,3834.89000000,8.05000000,8.25000000,9.79000000,6.29000000
2025-11-24,3836.77000000,8.02000000,8.20000000,9.75000000,6.17000000
2025-11-25,3870.02000000,8.07000000,8.31000000,9.85000000,6.26000000
2025-11-26,3864.18000000,7.94000000,8.16000000,9.72000000,6.15000000
2025-11-27,3875.26000000,8.10000000,8.16000000,9.71000000,6.17000000
2025-11-28,3888.60000000,8.04000000,8.11000000,9.66000000,6.07000000
2025-12-01,3914.01000000,7.99000000,8.09000000,9.65000000,6.07000000
2025-12-02,3897.71000000,8.02000000,8.09000000,9.60000000,6.06000000
2025-12-03,3878.00000000,7.98000000,8.05000000,9.44000000,5.94000000
2025-12-04,3875.79000000,7.90000000,8.05000000,9.39000000,5.88000000
2025-12-05,3902.81000000,7.82000000,7.99000000,9.31000000,5.81000000
2025-12-08,3924.08000000,7.84000000,7.99000000,9.31000000,5.83000000
2025-12-09,3909.52000000,8.04000000,8.10000000,9.34000000,5.84000000
2025-12-10,3900.50000000,7.82000000,7.94000000,9.19000000,5.75000000
2025-12-11,3873.32000000,7.93000000,8.00000000,8.94000000,5.71000000
2025-12-12,3889.35000000,7.72000000,7.97000000,8.88000000,5.59000000
2025-12-15,3867.92000000,7.49000000,7.81000000,8.88000000,5.61000000
2025-12-16,3824.81000000,7.37000000,7.79000000,8.84000000,5.59000000
2025-12-17,3870.28000000,7.45000000,7.81000000,8.93000000,5.61000000
2025-12-18,3876.37000000,7.60000000,7.99000000,9.16000000,5.70000000
2025-12-19,3890.45000000,7.55000000,7.88000000,9.17000000,5.66000000
2025-12-22,3917.36000000,7.59000000,7.89000000,9.19000000,5.67000000
2025-12-23,3919.98000000,7.66000000,7.92000000,9.22000000,5.70000000
2025-12-24,3940.95000000,7.64000000,7.91000000,9.17000000,5.67000000
2025-12-25,3959.62000000,7.58000000,7.86000000,9.20000000,5.65000000
2025-12-26,3963.68000000,7.51000000,7.81000000,9.09000000,5.61000000
2025-12-29,3965.28000000,7.64000000,7.87000000,9.27000000,5.68000000
2025-12-30,3965.12000000,7.61000000,7.85000000,9.22000000,5.67000000
2025-12-31,3968.84000000,7.68000000,7.93000000,9.28000000,5.73000000
2026-01-05,4023.42000000,7.57000000,7.82000000,9.25000000,5.67000000
2026-01-06,4083.67000000,7.56000000,7.80000000,9.16000000,5.59000000
2026-01-07,4085.77000000,7.49000000,7.75000000,9.04000000,5.56000000
2026-01-08,4082.98000000,7.44000000,7.69000000,9.09000000,5.52000000
2026-01-09,4120.43000000,7.41000000,7.71000000,9.06000000,5.49000000
2026-01-12,4165.29000000,7.52000000,7.74000000,9.11000000,5.53000000
2026-01-13,4138.76000000,7.61000000,7.81000000,9.20000000,5.55000000
2026-01-14,4126.09000000,7.48000000,7.69000000,9.07000000,5.47000000
2026-01-15,4112.60000000,7.33000000,7.68000000,9.03000000,5.43000000
2026-01-16,4101.91000000,7.21000000,7.61000000,8.95000000,5.40000000
2026-01-19,4114.00000000,7.10000000,7.53000000,8.94000000,5.36000000
2026-01-20,4113.65000000,7.17000000,7.54000000,9.02000000,5.44000000
2026-01-21,4116.94000000,6.96000000,7.35000000,8.86000000,5.33000000
2026-01-22,4122.58000000,6.81000000,7.27000000,8.69000000,5.30000000
2026-01-23,4136.16000000,6.75000000,7.21000000,8.65000000,5.27000000
2026-01-26,4132.61000000,6.84000000,7.24000000,8.69000000,5.31000000
2026-01-27,4139.90000000,6.89000000,7.23000000,8.72000000,5.33000000
2026-01-28,4151.24000000,6.80000000,7.20000000,8.71000000,5.34000000
2026-01-29,4157.98000000,6.78000000,7.26000000,8.77000000,5.37000000
2026-01-30,4117.95000000,6.72000000,7.25000000,8.72000000,5.37000000
2026-02-02,4015.75000000,6.78000000,7.32000000,8.79000000,5.42000000
2026-02-03,4067.74000000,6.66000000,7.18000000,8.65000000,5.28000000
2026-02-04,4102.20000000,6.67000000,7.24000000,8.72000000,5.35000000
2026-02-05,4075.92000000,6.70000000,7.30000000,8.83000000,5.40000000
2026-02-06,4065.58000000,6.67000000,7.26000000,8.84000000,5.35000000
2026-02-09,4123.09000000,6.71000000,7.28000000,8.86000000,5.38000000
2026-02-10,4128.37000000,6.73000000,7.30000000,8.97000000,5.41000000
2026-02-11,4131.98000000,6.79000000,7.29000000,8.96000000,5.41000000
2026-02-12,4134.02000000,6.61000000,7.18000000,8.81000000,5.34000000
2026-02-13,4082.07000000,6.51000000,7.11000000,8.70000000,5.31000000
2026-02-24,4117.41000000,6.48000000,7.06000000,8.68000000,5.29000000
2026-02-25,4147.23000000,6.51000000,7.05000000,8.65000000,5.29000000
2026-02-26,4146.63000000,6.42000000,6.96000000,8.62000000,5.27000000
2026-02-27,4162.88000000,6.40000000,6.92000000,8.59000000,5.28000000
2026-03-02,4182.59000000,6.48000000,6.96000000,8.71000000,5.31000000
2026-03-03,4122.68000000,6.73000000,7.12000000,8.90000000,5.42000000
2026-03-04,4082.47000000,6.68000000,7.08000000,8.90000000,5.35000000
2026-03-05,4108.57000000,6.74000000,7.11000000,8.94000000,5.39000000
2026-03-06,4124.19000000,6.70000000,7.11000000,8.97000000,5.39000000
2026-03-09,4096.60000000,6.66000000,7.10000000,9.06000000,5.36000000
2026-03-10,4123.14000000,6.58000000,7.04000000,8.94000000,5.33000000
2026-03-11,4133.43000000,6.63000000,7.12000000,9.05000000,5.36000000
2026-03-12,4129.10000000,6.64000000,7.16000000,9.10000000,5.37000000
2026-03-13,4095.45000000,6.62000000,7.20000000,9.15000000,5.39000000
2026-03-16,4084.79000000,6.65000000,7.25000000,9.18000000,5.40000000
2026-03-17,4049.91000000,6.76000000,7.39000000,9.26000000,5.50000000
2026-03-18,4062.98000000,6.74000000,7.39000000,9.23000000,5.50000000
2026-03-19,4006.55000000,6.83000000,7.53000000,9.34000000,5.53000000
2026-03-20,3957.05000000,6.76000000,7.50000000,9.38000000,5.51000000
2026-03-23,3813.28000000,6.47000000,7.25000000,9.16000000,5.39000000
2026-03-24,3881.28000000,6.50000000,7.32000000,9.32000000,5.47000000
2026-03-25,3931.84000000,6.55000000,7.34000000,9.39000000,5.55000000
2026-03-26,3889.08000000,6.51000000,7.42000000,9.44000000,5.58000000
2026-03-27,3913.72000000,6.48000000,7.40000000,9.42000000,5.57000000
2026-03-30,3923.29000000,6.49000000,7.57000000,9.51000000,5.67000000
2026-03-31,3891.86000000,6.70000000,7.64000000,9.65000000,5.87000000
2026-04-01,3948.55000000,6.69000000,7.58000000,9.45000000,5.87000000
2026-04-02,3919.29000000,6.92000000,7.63000000,9.58000000,5.94000000
2026-04-03,3880.10000000,6.84000000,7.50000000,9.40000000,5.82000000
2026-04-07,3890.16000000,6.69000000,7.40000000,9.21000000,5.80000000
2026-04-08,3995.00000000,6.63000000,7.32000000,9.30000000,5.74000000
2026-04-09,3966.17000000,6.60000000,7.33000000,9.27000000,5.69000000
2026-04-10,3986.22000000,6.59000000,7.31000000,9.24000000,5.65000000
2026-04-13,3988.56000000,6.64000000,7.37000000,9.32000000,5.69000000
2026-04-14,4026.63000000,6.76000000,7.46000000,9.36000000,5.73000000
2026-04-15,4027.21000000,6.95000000,7.50000000,9.46000000,5.79000000
2026-04-16,4055.55000000,7.00000000,7.46000000,9.45000000,5.79000000
2026-04-17,4051.43000000,7.06000000,7.44000000,9.41000000,5.77000000
2026-04-20,4082.13000000,7.19000000,7.57000000,9.73000000,5.90000000
2026-04-21,4085.08000000,7.18000000,7.62000000,9.85000000,5.93000000
2026-04-22,4106.26000000,7.07000000,7.52000000,9.79000000,5.84000000
2026-04-23,4093.25000000,7.03000000,7.58000000,9.73000000,5.82000000
2026-04-24,4079.90000000,7.04000000,7.58000000,9.74000000,5.81000000
2026-04-27,4086.34000000,6.92000000,7.51000000,9.68000000,5.76000000
2026-04-28,4078.64000000,6.98000000,7.53000000,9.80000000,5.81000000
2026-04-29,4107.51000000,6.94000000,7.47000000,9.81000000,5.79000000
2026-04-30,4112.16000000,6.92000000,7.45000000,9.95000000,5.75000000
2026-05-06,4160.17000000,6.86000000,7.36000000,9.80000000,5.71000000
2026-05-07,4180.09000000,6.87000000,7.39000000,9.71000000,5.69000000
2026-05-08,4179.95000000,6.90000000,7.46000000,9.69000000,5.68000000
2026-05-11,4225.02000000,6.81000000,7.47000000,9.60000000,5.68000000
2026-05-12,4214.49000000,6.78000000,7.48000000,9.63000000,5.74000000
2026-05-13,4242.57000000,6.66000000,7.23000000,9.61000000,5.72000000
2026-05-14,4177.92000000,6.76000000,7.30000000,9.74000000,5.76000000
2026-05-15,4135.39000000,6.67000000,7.24000000,9.82000000,5.79000000
2026-05-18,4131.53000000,6.60000000,7.19000000,9.76000000,5.79000000
2026-05-19,4169.54000000,6.62000000,7.26000000,9.93000000,5.83000000
2026-05-20,4162.18000000,6.46000000,7.13000000,9.85000000,5.70000000
2026-05-21,4077.28000000,6.51000000,7.15000000,10.05000000,5.80000000
2026-05-22,4112.90000000,6.46000000,7.18000000,10.10000000,5.86000000
2026-05-25,4152.57000000,6.44000000,7.17000000,10.14000000,5.90000000
2026-05-26,4145.37000000,6.42000000,7.18000000,10.31000000,5.91000000
2026-05-27,4093.73000000,6.31000000,7.12000000,10.22000000,5.85000000
2026-05-28,4098.64000000,6.21000000,7.04000000,10.09000000,5.81000000
2026-05-29,4068.57000000,6.32000000,7.22000000,9.96000000,5.86000000
2026-06-01,4057.74000000,6.49000000,7.30000000,10.08000000,5.93000000
2026-06-02,4075.10000000,6.45000000,7.34000000,10.18000000,5.97000000
2026-06-03,4083.97000000,6.36000000,7.28000000,10.06000000,5.95000000
2026-06-04,4057.78000000,6.30000000,7.23000000,10.03000000,5.90000000
2026-06-05,4027.74000000,6.36000000,7.34000000,10.22000000,6.05000000
2026-06-08,3959.34000000,6.57000000,7.50000000,10.33000000,6.14000000
2026-06-09,4010.03000000,6.60000000,7.54000000,10.36000000,6.13000000
2026-06-10,3993.23000000,6.71000000,7.69000000,10.49000000,6.22000000
2026-06-11,3987.01000000,6.68000000,7.66000000,10.60000000,6.20000000
2026-06-12,4031.51000000,6.80000000,7.78000000,10.70000000,6.29000000
2026-06-15,4096.47000000,6.68000000,7.57000000,10.39000000,6.13000000
2026-06-16,4091.89000000,6.61000000,7.42000000,10.17000000,6.04000000
2026-06-17,4108.08000000,6.53000000,7.36000000,10.13000000,5.94000000
2026-06-18,4090.48000000,6.37000000,7.16000000,9.92000000,5.78000000
2026-06-22,4163.10000000,6.40000000,7.20000000,9.94000000,5.94000000
2026-06-23,4106.25000000,6.57000000,7.38000000,10.07000000,6.14000000
2026-06-24,4110.81000000,6.34000000,7.22000000,9.92000000,6.02000000
2026-06-25,4120.28000000,6.25000000,7.19000000,9.81000000,5.79000000
2026-06-26,4027.26000000,6.19000000,7.15000000,9.78000000,5.76000000
2026-06-29,4073.90000000,6.24000000,7.22000000,9.83000000,5.80000000
2026-06-30,4094.40000000,6.07000000,7.07000000,9.63000000,5.72000000
2026-07-01,4112.45000000,6.05000000,7.06000000,9.57000000,5.65000000
2026-07-02,4028.90000000,5.98000000,7.05000000,9.60000000,5.58000000
2026-07-03,4043.64000000,5.90000000,7.04000000,9.49000000,5.56000000
2026-07-06,4041.24000000,5.97000000,7.12000000,9.67000000,5.64000000
2026-07-07,3990.24000000,6.05000000,7.26000000,9.92000000,5.78000000
2026-07-08,3970.88000000,6.16000000,7.37000000,10.07000000,5.92000000
2026-07-09,4036.59000000,6.11000000,7.27000000,9.89000000,5.83000000
2026-07-10,3996.16000000,6.23000000,7.33000000,10.03000000,5.79000000
2026-07-13,3913.79000000,6.37000000,7.53000000,10.18000000,5.92000000
2026-07-14,3967.13000000,6.37000000,7.50000000,10.04000000,5.87000000
2026-07-15,3955.58000000,6.37000000,7.51000000,10.00000000,5.88000000
2026-07-16,3882.41000000,6.30000000,7.39000000,9.80000000,5.80000000
2026-07-17,3764.15000000,6.39000000,7.57000000,10.16000000,5.96000000
2026-07-20,3796.28000000,6.61000000,7.74000000,10.44000000,6.08000000
2026-07-21,3864.37000000,6.43000000,7.56000000,10.19000000,5.88000000
2026-07-22,3867.03000000,6.52000000,7.60000000,10.22000000,5.94000000
2026-07-23,3876.78000000,6.59000000,7.68000000,10.24000000,5.97000000
2026-07-24,3814.20000000,6.66000000,7.75000000,10.26000000,6.01000000
2026-07-27,3858.25000000,6.72000000,7.73000000,10.36000000,6.00000000
2026-07-28,3813.31000000,6.96000000,7.97000000,10.64000000,6.10000000
2026-07-29,3828.47000000,6.93000000,7.95000000,10.63000000,6.01000000
2026-07-30,3804.69000000,7.11000000,8.15000000,10.97000000,6.14000000
2026-07-31,3832.26000000,6.90000000,7.99000000,10.85000000,6.06000000
