date,sh.000001,sh.601288,sh.601398,sh.601939,sh.601988
2011-01-04,2825.33000000,2.66000000,4.24000000,4.64000000,3.25000000
2011-01-05,2833.12000000,2.65000000,4.22000000,4.64000000,3.25000000
2011-01-06,2838.44000000,2.63000000,4.18000000,4.67000000,3.23000000
2011-01-07,2820.67000000,2.60000000,4.17000000,4.59000000,3.22000000
2011-01-10,2832.62000000,2.64000000,4.26000000,4.71000000,3.25000000
2011-01-11,2783.48000000,2.63000000,4.24000000,4.74000000,3.22000000
2011-01-12,2811.78000000,2.64000000,4.26000000,4.84000000,3.26000000
2011-01-13,2830.53000000,2.66000000,4.30000000,4.86000000,3.27000000
2011-01-14,2817.05000000,2.66000000,4.32000000,4.91000000,3.28000000
2011-01-17,2772.45000000,2.63000000,4.31000000,4.87000000,3.23000000
2011-01-18,2696.15000000,2.59000000,4.21000000,4.71000000,3.19000000
2011-01-19,2707.82000000,2.60000000,4.23000000,4.74000000,3.21000000
2011-01-20,2752.80000000,2.61000000,4.23000000,4.77000000,3.20000000
2011-01-21,2668.68000000,2.58000000,4.15000000,4.66000000,3.17000000
2011-01-24,2716.52000000,2.61000000,4.23000000,4.72000000,3.20000000
2011-01-25,2691.69000000,2.59000000,4.19000000,4.67000000,3.20000000
2011-01-26,2677.17000000,2.60000000,4.19000000,4.66000000,3.23000000
2011-01-27,2690.82000000,2.60000000,4.18000000,4.63000000,3.23000000
2011-01-28,2741.31000000,2.61000000,4.22000000,4.67000000,
2011-01-31,2751.53000000,2.60000000,4.21000000,4.66000000,3.23000000
2011-02-01,2795.07000000,2.61000000,4.24000000,4.78000000,3.24000000
2011-02-09,2778.70000000,2.61000000,4.24000000,4.78000000,3.22000000
2011-02-10,2769.65000000,2.62000000,4.23000000,4.81000000,3.22000000
2011-02-11,2815.12000000,2.61000000,4.27000000,4.85000000,3.24000000
2011-02-14,2828.57000000,2.61000000,4.29000000,4.86000000,3.24000000
2011-02-15,2900.43000000,2.67000000,4.37000000,4.95000000,3.29000000
2011-02-16,2893.68000000,2.66000000,4.33000000,4.92000000,3.28000000
2011-02-17,2929.25000000,2.66000000,4.34000000,4.90000000,3.29000000
2011-02-18,2924.23000000,2.66000000,4.33000000,4.90000000,3.29000000
2011-02-21,2886.54000000,2.64000000,4.30000000,4.87000000,3.26000000
2011-02-22,2941.32000000,2.64000000,4.29000000,4.89000000,3.27000000
2011-02-23,2844.99000000,2.60000000,4.22000000,4.84000000,3.23000000
2011-02-24,2861.39000000,2.60000000,4.22000000,4.83000000,3.23000000
2011-02-25,2876.78000000,2.60000000,4.24000000,4.85000000,3.23000000
2011-02-28,2880.17000000,2.61000000,4.27000000,4.86000000,3.24000000
2011-03-01,2906.28000000,2.61000000,4.26000000,4.84000000,3.24000000
2011-03-02,2905.51000000,,4.25000000,4.83000000,3.24000000
2011-03-03,2918.73000000,2.63000000,4.28000000,4.88000000,3.27000000
2011-03-04,2902.19000000,2.66000000,4.31000000,4.93000000,3.30000000
2011-03-07,2952.72000000,2.68000000,4.35000000,4.97000000,3.32000000
2011-03-08,2996.73000000,2.70000000,4.40000000,4.99000000,3.33000000
2011-03-09,3002.55000000,2.70000000,4.42000000,5.02000000,3.35000000
2011-03-10,2995.77000000,2.69000000,4.41000000,4.98000000,3.40000000
2011-03-11,2942.42000000,2.65000000,4.35000000,4.92000000,3.33000000
2011-03-14,2923.98000000,2.63000000,4.30000000,4.89000000,3.30000000
2011-03-15,2927.98000000,2.63000000,4.28000000,4.86000000,3.27000000
2011-03-16,2894.25000000,2.62000000,4.26000000,4.85000000,3.26000000
2011-03-17,2906.96000000,2.63000000,4.29000000,4.85000000,3.26000000
2011-03-18,2920.81000000,2.63000000,4.28000000,4.90000000,3.26000000
2011-03-21,2913.91000000,2.63000000,4.28000000,4.86000000,3.25000000
2011-03-22,2917.69000000,2.65000000,4.33000000,4.91000000,3.25000000
2011-03-23,2919.02000000,2.65000000,4.35000000,4.91000000,3.26000000
2011-03-24,2949.85000000,2.67000000,4.40000000,4.97000000,3.28000000
2011-03-25,2948.54000000,2.68000000,4.42000000,5.02000000,3.31000000
2011-03-28,2985.36000000,2.71000000,4.48000000,5.06000000,3.36000000
2011-03-29,2979.86000000,2.71000000,4.50000000,5.02000000,3.35000000
2011-03-30,2955.45000000,2.75000000,4.51000000,5.02000000,3.35000000
2011-03-31,2954.65000000,2.75000000,4.52000000,5.03000000,3.35000000
2011-04-01,2932.48000000,2.76000000,4.49000000,4.97000000,3.34000000
2011-04-06,2964.21000000,2.79000000,4.51000000,5.03000000,3.36000000
2011-04-07,3003.20000000,2.86000000,4.58000000,5.11000000,3.40000000
2011-04-08,3005.37000000,2.86000000,4.57000000,5.08000000,3.41000000
2011-04-11,3037.91000000,2.86000000,4.56000000,5.11000000,3.40000000
2011-04-12,3012.79000000,2.86000000,4.58000000,5.12000000,3.37000000
2011-04-13,3006.83000000,2.83000000,4.59000000,5.11000000,3.39000000
2011-04-14,3049.67000000,2.90000000,4.63000000,5.18000000,3.42000000
2011-04-15,3036.34000000,2.96000000,4.61000000,5.21000000,3.43000000
2011-04-18,3040.53000000,2.97000000,4.68000000,5.26000000,3.46000000
2011-04-19,3038.81000000,2.96000000,4.65000000,5.30000000,3.44000000
2011-04-20,3005.98000000,2.92000000,4.57000000,5.26000000,3.41000000
2011-04-21,3021.77000000,2.95000000,4.58000000,5.26000000,3.41000000
2011-04-22,3025.70000000,2.92000000,4.58000000,5.26000000,3.40000000
2011-04-25,3003.03000000,2.88000000,4.51000000,5.14000000,3.38000000
2011-04-26,2956.95000000,2.87000000,4.49000000,5.13000000,3.36000000
2011-04-27,2946.33000000,2.89000000,4.51000000,5.15000000,3.36000000
2011-04-28,2937.95000000,2.92000000,4.56000000,5.19000000,3.38000000
2011-04-29,2886.63000000,2.95000000,4.60000000,5.21000000,3.39000000
2011-05-03,2911.51000000,2.92000000,4.57000000,5.19000000,3.37000000
2011-05-04,2916.84000000,2.90000000,4.54000000,5.17000000,3.39000000
2011-05-05,2854.77000000,2.84000000,4.52000000,5.10000000,3.37000000
2011-05-06,2842.76000000,2.90000000,4.57000000,5.15000000,3.40000000
2011-05-09,2868.24000000,2.92000000,4.59000000,5.13000000,3.39000000
2011-05-10,2876.98000000,2.89000000,4.58000000,5.11000000,3.38000000
2011-05-11,2890.35000000,2.92000000,4.57000000,5.15000000,3.39000000
2011-05-12,2864.98000000,2.90000000,4.53000000,5.11000000,3.38000000
2011-05-13,2846.31000000,2.88000000,4.49000000,5.09000000,3.36000000
2011-05-16,2864.38000000,2.89000000,4.55000000,5.10000000,3.37000000
2011-05-17,2846.45000000,2.88000000,4.51000000,5.07000000,3.36000000
2011-05-18,2846.73000000,2.88000000,4.51000000,5.07000000,3.36000000
2011-05-19,2879.39000000,2.92000000,4.57000000,5.12000000,3.39000000
2011-05-20,2858.31000000,2.92000000,4.57000000,5.12000000,3.38000000
2011-05-23,2853.29000000,2.92000000,4.54000000,5.11000000,3.38000000
2011-05-24,2766.06000000,2.86000000,4.46000000,5.00000000,3.33000000
2011-05-25,2764.56000000,2.85000000,4.43000000,4.97000000,3.31000000
2011-05-26,2755.39000000,2.79000000,4.38000000,4.94000000,3.29000000
2011-05-27,2739.39000000,2.80000000,4.42000000,4.96000000,
2011-05-30,2704.49000000,2.77000000,4.39000000,4.94000000,3.31000000
2011-05-31,2707.56000000,2.82000000,,5.00000000,3.34000000
2011-06-01,2737.06000000,2.86000000,4.53000000,5.04000000,3.34000000
2011-06-02,2715.32000000,2.81000000,4.46000000,5.00000000,3.31000000
2011-06-03,2701.77000000,2.76000000,4.41000000,4.87000000,3.30000000
2011-06-07,2720.97000000,2.79000000,4.39000000,4.92000000,3.31000000
2011-06-08,2742.04000000,,4.42000000,4.95000000,3.33000000
2011-06-09,2743.54000000,2.76000000,4.41000000,,3.33000000
2011-06-10,2696.13000000,2.73000000,4.38000000,4.88000000,3.20000000
2011-06-13,2687.65000000,2.72000000,4.40000000,4.90000000,3.15000000
2011-06-14,2696.22000000,2.72000000,4.51000000,4.93000000,3.15000000
2011-06-15,2717.68000000,2.72000000,4.29000000,4.90000000,3.14000000
2011-06-16,2685.63000000,2.70000000,4.26000000,4.88000000,3.12000000
2011-06-17,2661.41000000,2.67000000,4.27000000,4.89000000,3.10000000
2011-06-20,2635.83000000,2.64000000,4.28000000,4.92000000,3.09000000
2011-06-21,2628.02000000,2.63000000,4.26000000,4.93000000,3.05000000
2011-06-22,2648.53000000,2.65000000,4.30000000,4.95000000,3.06000000
2011-06-23,2640.66000000,2.69000000,4.31000000,4.99000000,3.09000000
2011-06-24,2678.05000000,2.72000000,4.37000000,4.84000000,3.16000000
2011-06-27,2746.79000000,2.79000000,4.47000000,4.94000000,3.25000000
2011-06-28,2759.71000000,2.79000000,4.49000000,5.02000000,3.22000000
2011-06-29,2757.40000000,2.79000000,4.49000000,4.99000000,3.19000000
2011-06-30,2729.99000000,2.77000000,4.46000000,4.94000000,3.15000000
2011-07-01,2767.83000000,2.80000000,4.47000000,4.95000000,3.16000000
2011-07-04,2770.94000000,2.75000000,4.40000000,4.95000000,3.15000000
2011-07-05,2812.72000000,2.77000000,4.41000000,4.95000000,3.17000000
2011-07-06,2811.81000000,2.74000000,4.41000000,4.89000000,3.14000000
2011-07-07,2813.19000000,2.71000000,4.37000000,4.85000000,3.12000000
2011-07-08,2797.03000000,2.68000000,4.32000000,4.83000000,3.13000000
2011-07-11,2789.45000000,2.68000000,4.33000000,4.83000000,3.13000000
2011-07-12,2783.72000000,2.67000000,4.31000000,4.80000000,3.12000000
2011-07-13,2756.03000000,2.67000000,4.29000000,4.78000000,3.09000000
2011-07-14,2798.21000000,2.70000000,4.33000000,4.85000000,3.13000000
2011-07-15,2803.58000000,2.70000000,4.37000000,4.87000000,3.13000000
2011-07-18,2821.36000000,2.70000000,4.40000000,4.89000000,3.12000000
2011-07-19,2804.92000000,2.72000000,4.35000000,4.87000000,3.11000000
2011-07-20,2810.44000000,2.72000000,4.38000000,4.88000000,3.11000000
2011-07-21,2795.90000000,2.71000000,4.39000000,4.89000000,3.09000000
2011-07-22,2769.86000000,2.70000000,4.36000000,4.86000000,3.09000000
2011-07-25,2759.63000000,2.68000000,4.32000000,4.80000000,3.08000000
2011-07-26,2685.75000000,2.64000000,4.28000000,4.74000000,3.05000000
2011-07-27,2690.14000000,2.64000000,4.27000000,4.72000000,3.05000000
2011-07-28,2701.77000000,2.64000000,4.25000000,4.68000000,3.04000000
2011-07-29,2706.50000000,2.64000000,4.22000000,4.67000000,3.04000000
2011-08-01,2697.57000000,2.67000000,4.24000000,4.73000000,3.06000000
2011-08-02,2689.97000000,2.66000000,4.22000000,4.69000000,3.04000000
2011-08-03,2659.12000000,2.64000000,4.19000000,4.65000000,3.03000000
2011-08-04,2683.19000000,2.67000000,4.19000000,4.65000000,3.03000000
2011-08-05,2620.28000000,2.63000000,4.12000000,4.57000000,3.01000000
2011-08-08,2599.29000000,2.61000000,4.10000000,4.50000000,2.98000000
2011-08-09,2468.03000000,2.55000000,3.99000000,4.43000000,2.90000000
2011-08-10,2562.39000000,2.61000000,4.16000000,4.62000000,2.98000000
2011-08-11,2508.86000000,2.55000000,4.11000000,4.47000000,2.92000000
2011-08-12,2593.40000000,2.63000000,4.18000000,4.55000000,2.97000000
2011-08-15,2598.14000000,2.62000000,4.15000000,4.53000000,2.98000000
2011-08-16,2627.85000000,2.64000000,4.16000000,4.58000000,3.01000000
2011-08-17,2603.96000000,2.62000000,4.16000000,4.56000000,2.99000000
2011-08-18,2601.99000000,2.63000000,4.18000000,,2.99000000
2011-08-19,2519.65000000,2.55000000,4.15000000,4.48000000,2.92000000
2011-08-22,2534.57000000,2.57000000,4.13000000,4.50000000,2.94000000
2011-08-23,2524.88000000,2.58000000,4.10000000,4.45000000,2.94000000
2011-08-24,2562.41000000,2.60000000,4.12000000,4.49000000,2.96000000
2011-08-25,2546.40000000,2.59000000,4.08000000,4.50000000,2.95000000
2011-08-26,2602.21000000,2.64000000,4.16000000,4.60000000,3.00000000
2011-08-29,2595.47000000,2.61000000,4.14000000,4.54000000,2.99000000
2011-08-30,2592.60000000,2.61000000,4.11000000,4.54000000,2.99000000
2011-08-31,2566.53000000,2.59000000,4.11000000,4.53000000,2.99000000
2011-09-01,2569.80000000,2.60000000,4.14000000,4.58000000,3.00000000
2011-09-02,2551.56000000,2.59000000,4.13000000,4.57000000,3.00000000
2011-09-05,2510.10000000,2.57000000,4.09000000,4.50000000,2.96000000
2011-09-06,2465.56000000,2.55000000,4.06000000,4.48000000,2.93000000
2011-09-07,2480.94000000,2.56000000,4.08000000,4.50000000,2.93000000
2011-09-08,2523.96000000,2.58000000,4.12000000,4.54000000,2.96000000
2011-09-09,2506.97000000,2.58000000,4.17000000,4.57000000,2.95000000
2011-09-13,2467.73000000,2.56000000,4.14000000,4.54000000,2.93000000
2011-09-14,2478.59000000,2.57000000,4.14000000,4.54000000,2.95000000
2011-09-15,2482.86000000,2.55000000,4.10000000,4.53000000,2.93000000
2011-09-16,2490.18000000,2.55000000,4.11000000,4.52000000,2.94000000
2011-09-19,2469.60000000,2.54000000,4.07000000,4.49000000,2.94000000
2011-09-20,2433.72000000,2.52000000,4.06000000,4.47000000,2.91000000
2011-09-21,2450.12000000,2.53000000,4.09000000,4.48000000,2.92000000
2011-09-22,2491.21000000,2.54000000,4.10000000,4.50000000,2.92000000
2011-09-23,2411.83000000,2.50000000,4.00000000,4.42000000,2.89000000
2011-09-26,2416.23000000,2.50000000,3.98000000,4.41000000,2.89000000
2011-09-27,2410.99000000,2.49000000,3.98000000,4.36000000,2.85000000
2011-09-28,2427.29000000,2.49000000,4.02000000,4.39000000,2.89000000
2011-09-29,2378.42000000,2.46000000,3.99000000,4.33000000,2.84000000
2011-09-30,2368.40000000,2.46000000,3.98000000,4.37000000,2.86000000
2011-10-10,2363.08000000,2.45000000,3.96000000,4.42000000,2.85000000
2011-10-11,2401.74000000,2.55000000,4.13000000,4.55000000,2.93000000
2011-10-12,2335.49000000,2.51000000,4.02000000,4.48000000,2.92000000
2011-10-13,2412.83000000,2.57000000,4.10000000,4.57000000,2.95000000
2011-10-14,2429.89000000,2.57000000,4.10000000,4.58000000,2.96000000
2011-10-17,2434.49000000,2.59000000,4.14000000,4.61000000,2.99000000
2011-10-18,2423.28000000,2.58000000,4.13000000,4.61000000,2.99000000
2011-10-19,2387.83000000,2.60000000,4.17000000,4.63000000,3.00000000
2011-10-20,2365.91000000,2.58000000,4.16000000,4.61000000,2.98000000
2011-10-21,2330.51000000,2.56000000,4.16000000,4.54000000,2.95000000
2011-10-24,2322.02000000,2.58000000,4.15000000,4.57000000,2.96000000
2011-10-25,2366.40000000,2.63000000,4.18000000,4.64000000,2.99000000
2011-10-26,2398.19000000,2.65000000,4.23000000,4.73000000,3.01000000
2011-10-27,2432.47000000,2.66000000,4.28000000,4.73000000,3.02000000
2011-10-28,2462.08000000,2.69000000,4.34000000,4.83000000,3.02000000
2011-10-31,2470.25000000,2.68000000,4.29000000,4.78000000,3.01000000
2011-11-01,2450.33000000,2.66000000,4.31000000,4.81000000,3.00000000
2011-11-02,2437.87000000,2.64000000,4.27000000,4.82000000,2.98000000
2011-11-03,2510.84000000,2.68000000,4.34000000,4.90000000,3.02000000
2011-11-04,2525.24000000,2.67000000,4.35000000,4.90000000,3.03000000
2011-11-07,2518.90000000,2.66000000,4.32000000,4.86000000,3.04000000
2011-11-08,2514.26000000,2.64000000,4.32000000,4.87000000,3.03000000
2011-11-09,2512.59000000,2.64000000,4.35000000,4.90000000,3.02000000
2011-11-10,2498.59000000,2.64000000,4.30000000,4.85000000,3.00000000
2011-11-11,2483.96000000,2.62000000,4.25000000,4.76000000,2.99000000
2011-11-14,2498.67000000,2.65000000,4.30000000,4.80000000,2.99000000
2011-11-15,2525.95000000,2.66000000,4.34000000,4.84000000,3.01000000
2011-11-16,2529.07000000,2.64000000,4.31000000,4.84000000,3.00000000
2011-11-17,2467.70000000,2.59000000,4.28000000,4.75000000,2.95000000
2011-11-18,2448.39000000,2.58000000,4.28000000,4.74000000,2.95000000
2011-11-21,2416.73000000,2.56000000,4.30000000,4.72000000,2.93000000
2011-11-22,2400.98000000,2.53000000,4.25000000,4.71000000,2.91000000
2011-11-23,2415.20000000,2.55000000,4.22000000,4.69000000,2.91000000
2011-11-24,2379.15000000,2.54000000,4.22000000,4.70000000,2.90000000
2011-11-25,2393.33000000,2.56000000,4.26000000,4.75000000,2.89000000
2011-11-28,2383.89000000,2.53000000,4.21000000,4.73000000,2.89000000
2011-11-29,2398.99000000,2.56000000,,4.73000000,2.91000000
2011-11-30,2406.33000000,2.57000000,4.24000000,4.71000000,2.93000000
2011-12-01,2392.49000000,2.58000000,4.25000000,4.75000000,2.92000000
2011-12-02,2374.90000000,2.58000000,4.25000000,4.77000000,2.93000000
2011-12-05,2363.11000000,2.58000000,4.26000000,4.75000000,2.95000000
2011-12-06,2326.66000000,2.59000000,4.26000000,4.81000000,2.95000000
2011-12-07,2325.56000000,2.55000000,4.20000000,4.80000000,2.93000000
2011-12-08,2329.91000000,2.57000000,4.17000000,4.79000000,2.91000000
2011-12-09,2315.51000000,2.57000000,4.15000000,4.75000000,2.91000000
2011-12-12,2312.15000000,2.59000000,4.16000000,4.75000000,2.91000000
2011-12-13,2283.22000000,2.57000000,4.12000000,4.72000000,2.89000000
2011-12-14,2241.39000000,2.54000000,4.12000000,4.71000000,2.88000000
2011-12-15,2215.79000000,2.54000000,4.10000000,4.66000000,2.87000000
2011-12-16,2179.51000000,2.52000000,4.10000000,4.63000000,2.86000000
2011-12-19,2208.07000000,2.55000000,4.14000000,4.64000000,2.91000000
2011-12-20,2209.70000000,2.56000000,4.15000000,4.59000000,2.91000000
2011-12-21,2230.18000000,2.58000000,4.17000000,4.58000000,2.92000000
2011-12-22,2178.57000000,2.59000000,4.13000000,4.52000000,2.90000000
2011-12-23,2183.91000000,2.59000000,4.16000000,4.53000000,2.90000000
2011-12-26,2193.66000000,2.58000000,4.14000000,4.54000000,2.89000000
2011-12-27,2186.71000000,2.58000000,4.16000000,4.52000000,2.87000000
2011-12-28,2157.65000000,2.58000000,4.16000000,4.49000000,2.88000000
2011-12-29,2161.18000000,2.58000000,4.17000000,4.50000000,2.88000000
2011-12-30,2177.52000000,2.60000000,4.20000000,4.53000000,2.91000000
2012-01-04,2212.00000000,2.62000000,4.24000000,4.56000000,2.93000000
2012-01-05,2160.90000000,2.60000000,4.19000000,4.51000000,2.91000000
2012-01-06,2148.15000000,2.64000000,4.27000000,4.57000000,
2012-01-09,2164.74000000,2.65000000,4.30000000,4.66000000,2.97000000
2012-01-10,2221.83000000,2.67000000,4.29000000,4.74000000,2.96000000
2012-01-11,2282.91000000,2.69000000,4.35000000,4.78000000,2.99000000
2012-01-12,2268.74000000,2.67000000,4.33000000,4.77000000,2.98000000
2012-01-13,2277.08000000,2.65000000,4.34000000,4.78000000,2.98000000
2012-01-16,2230.43000000,,4.33000000,,2.96000000
2012-01-17,2206.53000000,2.65000000,4.30000000,4.76000000,2.97000000
2012-01-18,2298.83000000,2.69000000,4.35000000,4.82000000,3.00000000
2012-01-19,2266.08000000,2.69000000,4.31000000,4.81000000,2.98000000
2012-01-20,2300.50000000,2.71000000,4.36000000,4.89000000,3.01000000
2012-01-30,2324.49000000,2.73000000,4.38000000,4.88000000,3.03000000
2012-01-31,2285.95000000,2.69000000,4.28000000,4.76000000,3.00000000
2012-02-01,2288.07000000,2.69000000,4.30000000,4.77000000,3.00000000
2012-02-02,2273.85000000,2.69000000,4.29000000,4.76000000,2.98000000
2012-02-03,2306.66000000,2.73000000,4.37000000,4.83000000,3.03000000
2012-02-06,2334.25000000,2.75000000,4.41000000,4.89000000,3.06000000
2012-02-07,2319.42000000,2.74000000,4.40000000,4.85000000,3.03000000
2012-02-08,2291.81000000,2.72000000,4.33000000,4.82000000,3.00000000
2012-02-09,2344.22000000,2.75000000,4.40000000,4.88000000,3.04000000
2012-02-10,2342.01000000,2.72000000,4.40000000,4.91000000,3.04000000
2012-02-13,2332.05000000,2.71000000,4.37000000,4.87000000,3.03000000
2012-02-14,2348.88000000,2.71000000,4.36000000,4.86000000,3.02000000
2012-02-15,2340.46000000,2.70000000,4.35000000,4.80000000,3.01000000
2012-02-16,2363.90000000,2.70000000,4.37000000,4.83000000,3.03000000
2012-02-17,2366.63000000,2.70000000,4.40000000,4.86000000,3.03000000
2012-02-20,2383.69000000,2.73000000,4.41000000,4.91000000,3.05000000
2012-02-21,2365.49000000,2.72000000,4.40000000,4.87000000,3.04000000
2012-02-22,2380.50000000,2.72000000,4.45000000,4.88000000,3.07000000
2012-02-23,2401.74000000,2.72000000,,4.87000000,3.05000000
2012-02-24,2410.88000000,2.71000000,4.43000000,4.85000000,3.06000000
2012-02-27,2447.41000000,2.74000000,4.43000000,4.89000000,3.07000000
2012-02-28,2440.91000000,2.73000000,4.41000000,4.90000000,3.06000000
2012-02-29,2446.23000000,2.75000000,4.45000000,4.91000000,3.07000000
2012-03-01,2418.79000000,2.74000000,4.43000000,4.88000000,3.06000000
2012-03-02,2430.10000000,2.74000000,4.41000000,4.87000000,3.06000000
2012-03-05,2464.85000000,2.75000000,4.43000000,4.89000000,3.07000000
2012-03-06,2439.78000000,2.73000000,4.38000000,4.84000000,3.05000000
2012-03-07,2391.20000000,2.70000000,4.33000000,4.79000000,3.02000000
2012-03-08,2401.10000000,2.69000000,4.33000000,4.79000000,3.01000000
2012-03-09,2425.89000000,2.71000000,4.34000000,4.79000000,3.02000000
2012-03-12,2438.55000000,2.70000000,4.32000000,4.75000000,3.01000000
2012-03-13,2432.84000000,2.71000000,4.31000000,4.74000000,3.01000000
2012-03-14,2464.92000000,2.72000000,4.35000000,4.79000000,3.03000000
2012-03-15,2388.06000000,2.70000000,4.31000000,4.76000000,3.04000000
2012-03-16,2377.76000000,2.67000000,4.35000000,4.78000000,3.03000000
2012-03-19,2401.22000000,2.67000000,4.32000000,4.75000000,3.01000000
2012-03-20,2407.54000000,2.65000000,4.31000000,4.74000000,3.01000000
2012-03-21,2384.71000000,2.63000000,4.34000000,4.72000000,2.99000000
2012-03-22,2376.99000000,2.62000000,4.31000000,4.73000000,2.98000000
2012-03-23,2369.08000000,2.65000000,4.33000000,4.71000000,2.97000000
2012-03-26,2349.09000000,2.64000000,4.32000000,4.71000000,2.96000000
2012-03-27,2358.54000000,2.66000000,4.32000000,4.72000000,2.95000000
2012-03-28,2341.00000000,2.65000000,4.33000000,4.74000000,2.95000000
2012-03-29,2276.74000000,2.65000000,4.31000000,4.73000000,2.93000000
2012-03-30,2256.04000000,2.64000000,4.30000000,4.74000000,2.93000000
2012-04-05,2258.03000000,2.66000000,4.31000000,4.80000000,2.96000000
2012-04-06,2299.05000000,2.65000000,4.28000000,4.78000000,2.98000000
2012-04-09,2300.05000000,2.63000000,4.29000000,4.72000000,3.01000000
2012-04-10,2281.02000000,2.63000000,4.28000000,4.67000000,3.01000000
2012-04-11,2286.72000000,2.64000000,4.28000000,4.73000000,3.00000000
2012-04-12,2310.48000000,2.64000000,4.29000000,4.70000000,3.03000000
2012-04-13,2351.51000000,2.67000000,4.34000000,4.75000000,3.05000000
2012-04-16,2346.31000000,2.67000000,4.34000000,4.73000000,3.05000000
2012-04-17,2355.37000000,2.66000000,4.36000000,4.72000000,3.03000000
2012-04-18,2341.14000000,2.68000000,4.36000000,4.70000000,3.05000000
2012-04-19,2378.63000000,2.70000000,4.38000000,4.73000000,3.07000000
2012-04-20,2374.66000000,2.71000000,4.35000000,4.71000000,3.05000000
2012-04-23,2403.52000000,2.73000000,4.41000000,4.74000000,3.05000000
2012-04-24,2380.24000000,2.72000000,4.39000000,4.73000000,3.05000000
2012-04-25,2382.21000000,2.73000000,4.40000000,4.76000000,3.06000000
2012-04-26,2408.56000000,2.73000000,4.40000000,4.81000000,3.06000000
2012-04-27,2402.43000000,2.73000000,4.39000000,4.78000000,3.05000000
2012-05-02,2421.08000000,2.74000000,4.40000000,4.81000000,3.05000000
2012-05-03,2433.59000000,2.73000000,4.40000000,4.78000000,3.06000000
2012-05-04,2437.47000000,2.73000000,4.35000000,4.73000000,3.06000000
2012-05-07,2441.76000000,2.73000000,4.39000000,4.75000000,3.06000000
2012-05-08,2451.57000000,2.73000000,4.42000000,4.75000000,3.08000000
2012-05-09,2432.47000000,2.75000000,4.40000000,4.73000000,3.06000000
2012-05-10,2409.95000000,2.73000000,4.40000000,4.72000000,3.06000000
2012-05-11,2406.07000000,2.73000000,4.38000000,4.68000000,3.06000000
2012-05-14,2408.26000000,2.73000000,4.37000000,4.70000000,3.06000000
2012-05-15,2367.08000000,2.69000000,4.36000000,4.61000000,3.03000000
2012-05-16,2369.29000000,2.69000000,4.32000000,4.60000000,3.02000000
2012-05-17,2347.18000000,2.67000000,4.30000000,4.51000000,3.00000000
2012-05-18,2364.90000000,2.68000000,4.32000000,4.52000000,3.01000000
2012-05-21,2343.58000000,2.67000000,4.24000000,4.50000000,2.99000000
2012-05-22,2355.73000000,2.66000000,4.23000000,4.53000000,3.00000000
2012-05-23,2369.26000000,2.66000000,4.22000000,4.54000000,3.00000000
2012-05-24,2359.68000000,2.65000000,4.18000000,4.51000000,2.99000000
2012-05-25,2350.54000000,2.65000000,4.18000000,4.49000000,3.00000000
2012-05-28,2325.32000000,2.65000000,4.18000000,4.48000000,2.99000000
2012-05-29,2361.00000000,2.66000000,4.20000000,4.49000000,3.01000000
2012-05-30,2385.39000000,2.68000000,4.21000000,4.52000000,
2012-05-31,2370.01000000,2.67000000,,4.49000000,3.01000000
2012-06-01,2373.22000000,2.65000000,4.21000000,4.50000000,3.03000000
2012-06-04,2346.98000000,2.65000000,4.22000000,4.47000000,3.02000000
2012-06-05,2313.74000000,2.62000000,4.19000000,4.44000000,3.00000000
2012-06-06,2315.56000000,2.63000000,4.20000000,4.46000000,3.01000000
2012-06-07,2324.67000000,2.64000000,4.22000000,,3.03000000
2012-06-08,2306.22000000,,4.20000000,4.49000000,3.02000000
2012-06-11,2282.89000000,2.62000000,4.17000000,4.44000000,3.00000000
2012-06-12,2295.07000000,2.62000000,4.17000000,4.44000000,3.01000000
2012-06-13,2289.71000000,2.62000000,4.17000000,4.43000000,2.86000000
2012-06-14,2306.78000000,2.62000000,4.00000000,4.43000000,2.86000000
2012-06-15,2299.78000000,2.62000000,3.96000000,4.43000000,2.84000000
2012-06-18,2313.53000000,2.66000000,3.98000000,4.49000000,2.86000000
2012-06-19,2313.46000000,2.67000000,3.94000000,4.49000000,2.85000000
2012-06-20,2300.41000000,2.57000000,3.95000000,4.51000000,2.85000000
2012-06-21,2288.45000000,2.55000000,3.94000000,4.53000000,2.85000000
2012-06-25,2253.51000000,2.54000000,3.91000000,4.25000000,2.83000000
2012-06-26,2214.65000000,2.54000000,3.93000000,4.22000000,2.82000000
2012-06-27,2219.94000000,2.55000000,3.93000000,4.21000000,2.82000000
2012-06-28,2220.24000000,2.56000000,3.94000000,4.21000000,2.82000000
2012-06-29,2190.58000000,2.55000000,3.94000000,4.17000000,2.81000000
2012-07-02,2234.32000000,2.58000000,3.95000000,4.21000000,2.82000000
2012-07-03,2225.57000000,2.58000000,3.94000000,4.18000000,2.82000000
2012-07-04,2233.33000000,2.57000000,3.93000000,4.18000000,2.81000000
2012-07-05,2218.22000000,2.56000000,3.93000000,4.20000000,2.82000000
2012-07-06,2203.73000000,2.55000000,3.92000000,4.16000000,2.82000000
2012-07-09,2210.71000000,2.55000000,3.91000000,4.16000000,2.81000000
2012-07-10,2166.95000000,2.51000000,3.80000000,4.11000000,2.81000000
2012-07-11,2160.02000000,2.50000000,3.79000000,4.10000000,2.79000000
2012-07-12,2172.06000000,2.48000000,3.78000000,4.05000000,2.78000000
2012-07-13,2180.17000000,2.46000000,3.76000000,4.01000000,2.76000000
2012-07-16,2187.89000000,2.48000000,3.77000000,4.04000000,2.77000000
2012-07-17,2142.43000000,2.48000000,3.79000000,4.00000000,2.75000000
2012-07-18,2159.86000000,2.50000000,3.81000000,4.01000000,2.76000000
2012-07-19,2164.27000000,2.50000000,3.83000000,4.02000000,2.77000000
2012-07-20,2180.01000000,2.49000000,3.80000000,4.03000000,2.76000000
2012-07-23,2154.17000000,2.48000000,3.75000000,3.99000000,2.73000000
2012-07-24,2132.32000000,2.47000000,3.71000000,3.94000000,2.69000000
2012-07-25,2141.04000000,2.44000000,3.69000000,3.90000000,2.68000000
2012-07-26,2134.99000000,2.44000000,3.67000000,3.87000000,2.69000000
2012-07-27,2132.01000000,2.46000000,3.68000000,3.88000000,2.70000000
2012-07-30,2128.16000000,2.48000000,3.72000000,3.93000000,2.73000000
2012-07-31,2109.32000000,2.50000000,3.72000000,3.95000000,2.72000000
2012-08-01,2101.72000000,2.51000000,3.75000000,3.97000000,2.72000000
2012-08-02,2120.15000000,2.50000000,3.76000000,4.01000000,2.75000000
2012-08-03,2113.96000000,2.51000000,3.78000000,4.01000000,2.76000000
2012-08-06,2129.15000000,2.52000000,3.79000000,4.02000000,2.76000000
2012-08-07,2153.09000000,2.51000000,3.77000000,4.01000000,2.75000000
2012-08-08,2158.98000000,2.50000000,3.74000000,4.01000000,2.74000000
2012-08-09,2159.43000000,2.51000000,3.78000000,4.04000000,2.78000000
2012-08-10,2172.96000000,2.53000000,3.76000000,4.06000000,2.77000000
2012-08-13,2164.04000000,2.52000000,3.79000000,4.05000000,2.77000000
2012-08-14,2137.05000000,2.53000000,3.83000000,4.07000000,2.77000000
2012-08-15,2138.28000000,2.54000000,3.82000000,4.05000000,2.77000000
2012-08-16,2116.08000000,2.51000000,3.80000000,4.02000000,2.76000000
2012-08-17,2111.65000000,2.52000000,3.80000000,4.02000000,2.77000000
2012-08-20,2102.23000000,2.50000000,3.81000000,4.01000000,2.77000000
2012-08-21,2106.38000000,2.49000000,3.84000000,4.03000000,2.78000000
2012-08-22,2118.88000000,2.48000000,3.82000000,4.05000000,2.76000000
2012-08-23,2106.96000000,2.48000000,3.82000000,4.03000000,2.77000000
2012-08-24,2108.36000000,2.48000000,3.80000000,3.98000000,2.78000000
2012-08-27,2085.37000000,2.47000000,3.80000000,3.99000000,2.78000000
2012-08-28,2054.97000000,2.49000000,3.82000000,3.99000000,2.77000000
2012-08-29,2066.82000000,2.50000000,3.83000000,4.01000000,2.77000000
2012-08-30,2044.03000000,2.48000000,3.81000000,4.00000000,2.76000000
2012-08-31,2046.29000000,2.49000000,3.84000000,4.04000000,2.79000000
2012-09-03,2044.82000000,2.47000000,3.83000000,4.02000000,2.77000000
2012-09-04,2060.61000000,2.45000000,3.76000000,3.96000000,2.75000000
2012-09-05,2038.87000000,2.45000000,3.73000000,3.90000000,2.73000000
2012-09-06,2040.67000000,2.42000000,3.70000000,3.88000000,2.70000000
2012-09-07,2062.99000000,2.43000000,3.71000000,3.91000000,2.70000000
2012-09-10,2128.06000000,2.48000000,3.78000000,4.00000000,2.74000000
2012-09-11,2127.52000000,2.47000000,3.78000000,3.97000000,2.73000000
2012-09-12,2129.69000000,2.47000000,3.78000000,3.95000000,2.73000000
2012-09-13,2123.84000000,2.45000000,3.75000000,3.92000000,2.70000000
2012-09-14,2127.39000000,2.46000000,3.76000000,3.95000000,2.69000000
2012-09-17,2120.62000000,2.47000000,3.78000000,3.99000000,2.69000000
2012-09-18,2069.34000000,2.46000000,3.75000000,3.95000000,2.67000000
2012-09-19,2061.06000000,2.44000000,3.71000000,3.91000000,2.66000000
2012-09-20,2060.31000000,2.42000000,3.69000000,3.89000000,2.65000000
2012-09-21,2020.55000000,2.42000000,3.67000000,3.86000000,2.63000000
2012-09-24,2015.77000000,2.41000000,3.65000000,3.86000000,2.63000000
2012-09-25,2028.63000000,2.41000000,3.63000000,3.85000000,2.62000000
2012-09-26,2027.85000000,2.40000000,3.65000000,3.83000000,2.61000000
2012-09-27,2003.10000000,2.39000000,3.64000000,3.84000000,2.58000000
2012-09-28,2042.89000000,2.43000000,3.70000000,3.91000000,2.64000000
2012-10-08,2084.85000000,2.45000000,3.75000000,3.97000000,2.70000000
2012-10-09,2081.59000000,2.47000000,3.76000000,3.98000000,2.71000000
2012-10-10,2111.59000000,2.49000000,3.81000000,4.05000000,2.74000000
2012-10-11,2114.23000000,2.48000000,3.79000000,4.04000000,2.73000000
2012-10-12,2109.07000000,2.49000000,3.83000000,4.07000000,2.73000000
2012-10-15,2105.02000000,2.50000000,3.84000000,4.16000000,2.74000000
2012-10-16,2097.05000000,2.51000000,3.82000000,4.14000000,2.74000000
2012-10-17,2104.28000000,2.50000000,3.83000000,4.18000000,2.74000000
2012-10-18,2108.50000000,2.52000000,3.86000000,4.19000000,2.75000000
2012-10-19,2129.82000000,2.51000000,3.89000000,4.17000000,2.76000000
2012-10-22,2118.52000000,2.51000000,3.90000000,4.16000000,2.74000000
2012-10-23,2132.11000000,2.52000000,3.91000000,4.18000000,2.74000000
2012-10-24,2106.83000000,2.51000000,3.90000000,4.17000000,2.74000000
2012-10-25,2114.76000000,2.50000000,3.89000000,4.16000000,2.74000000
2012-10-26,2100.10000000,2.50000000,3.85000000,4.15000000,2.74000000
2012-10-29,2061.85000000,2.48000000,3.82000000,4.11000000,2.71000000
2012-10-30,2059.20000000,2.47000000,3.82000000,4.13000000,2.71000000
2012-10-31,2061.12000000,2.48000000,3.81000000,4.11000000,2.72000000
2012-11-01,2070.02000000,2.50000000,3.83000000,4.14000000,2.73000000
2012-11-02,2105.45000000,2.53000000,3.87000000,4.20000000,2.77000000
2012-11-05,2113.33000000,2.55000000,3.89000000,4.24000000,2.79000000
2012-11-06,2113.66000000,2.56000000,3.89000000,4.23000000,2.77000000
2012-11-07,2102.42000000,2.56000000,3.87000000,4.23000000,2.79000000
2012-11-08,2091.25000000,2.56000000,3.87000000,4.25000000,2.80000000
2012-11-09,2066.50000000,2.56000000,3.86000000,4.26000000,2.80000000
2012-11-12,2069.21000000,2.56000000,3.88000000,4.29000000,2.82000000
2012-11-13,2078.13000000,2.58000000,3.89000000,4.31000000,2.82000000
2012-11-14,2047.26000000,2.57000000,3.86000000,4.30000000,2.81000000
2012-11-15,2045.46000000,2.57000000,3.86000000,4.27000000,2.81000000
2012-11-16,2026.56000000,2.57000000,3.84000000,4.18000000,2.80000000
2012-11-19,2013.25000000,2.56000000,3.83000000,4.19000000,2.75000000
2012-11-20,2020.43000000,2.56000000,3.85000000,4.19000000,2.76000000
2012-11-21,2008.21000000,2.56000000,3.83000000,4.16000000,2.77000000
2012-11-22,2021.21000000,2.58000000,3.84000000,4.15000000,2.74000000
2012-11-23,2020.02000000,2.59000000,3.85000000,4.15000000,2.75000000
2012-11-26,2023.34000000,2.57000000,3.84000000,4.15000000,2.75000000
2012-11-27,2012.07000000,2.60000000,3.84000000,4.15000000,2.73000000
2012-11-28,1984.48000000,2.61000000,3.85000000,4.17000000,2.74000000
2012-11-29,1972.93000000,2.64000000,3.87000000,4.19000000,2.75000000
2012-11-30,1961.81000000,2.63000000,3.88000000,4.16000000,2.76000000
2012-12-03,1977.25000000,2.60000000,3.88000000,4.15000000,2.75000000
2012-12-04,1956.62000000,2.60000000,3.86000000,4.16000000,2.74000000
2012-12-05,1973.11000000,2.59000000,3.84000000,4.16000000,2.74000000
2012-12-06,2029.56000000,2.62000000,3.90000000,4.24000000,2.77000000
2012-12-07,2028.77000000,2.62000000,3.92000000,4.29000000,2.77000000
2012-12-10,2067.32000000,2.63000000,3.93000000,4.32000000,2.80000000
2012-12-11,2077.56000000,2.65000000,3.94000000,4.34000000,2.84000000
2012-12-12,2073.27000000,2.67000000,3.95000000,4.35000000,2.84000000
2012-12-13,2077.42000000,2.68000000,3.99000000,4.38000000,2.83000000
2012-12-14,2062.69000000,2.68000000,3.95000000,4.35000000,2.83000000
2012-12-17,2152.10000000,2.78000000,4.10000000,4.51000000,2.92000000
2012-12-18,2155.86000000,2.73000000,4.07000000,4.50000000,2.89000000
2012-12-19,2158.67000000,2.76000000,4.11000000,4.52000000,2.90000000
2012-12-20,2156.19000000,2.75000000,4.10000000,4.52000000,2.88000000
2012-12-21,2169.57000000,2.74000000,4.08000000,4.52000000,2.87000000
2012-12-24,2150.65000000,2.72000000,4.01000000,4.43000000,2.85000000
2012-12-25,2154.32000000,2.73000000,4.02000000,4.42000000,2.85000000
2012-12-26,2211.59000000,2.80000000,4.14000000,4.57000000,2.91000000
2012-12-27,2223.66000000,2.76000000,4.08000000,4.57000000,2.90000000
2012-12-28,2207.91000000,2.74000000,4.06000000,4.52000000,2.87000000
2012-12-31,2236.46000000,2.76000000,4.10000000,4.53000000,2.89000000
2013-01-04,2289.51000000,2.83000000,4.19000000,4.64000000,2.94000000
2013-01-07,2271.66000000,2.88000000,4.21000000,4.69000000,2.95000000
2013-01-08,2284.65000000,2.88000000,4.23000000,4.72000000,2.95000000
2013-01-09,2271.30000000,2.84000000,4.13000000,4.64000000,2.93000000
2013-01-10,2274.38000000,2.82000000,4.15000000,4.60000000,2.93000000
2013-01-11,2285.19000000,2.82000000,4.23000000,4.63000000,2.95000000
2013-01-14,2236.29000000,2.78000000,4.19000000,4.62000000,2.92000000
2013-01-15,2312.47000000,2.84000000,4.28000000,4.75000000,2.98000000
2013-01-16,2322.16000000,2.83000000,4.26000000,4.72000000,2.97000000
2013-01-17,2305.14000000,2.78000000,4.25000000,4.65000000,2.94000000
2013-01-18,2295.81000000,2.78000000,4.23000000,4.62000000,2.95000000
2013-01-21,2321.49000000,2.81000000,4.22000000,4.65000000,2.97000000
2013-01-22,2326.49000000,2.77000000,4.20000000,4.61000000,2.96000000
2013-01-23,2308.52000000,2.81000000,4.24000000,4.65000000,2.97000000
2013-01-24,2320.26000000,2.83000000,4.20000000,4.70000000,2.96000000
2013-01-25,2300.00000000,2.85000000,4.25000000,4.73000000,2.98000000
2013-01-28,2295.35000000,2.82000000,4.25000000,4.70000000,2.98000000
2013-01-29,2347.22000000,2.90000000,4.28000000,4.80000000,3.02000000
2013-01-30,2360.75000000,2.92000000,4.29000000,4.79000000,3.02000000
2013-01-31,2383.43000000,3.02000000,4.40000000,4.92000000,3.10000000
2013-02-01,2377.41000000,3.07000000,4.39000000,4.96000000,3.11000000
2013-02-04,2425.92000000,3.14000000,4.45000000,5.05000000,3.16000000
2013-02-05,2411.00000000,3.20000000,4.44000000,5.06000000,3.20000000
2013-02-06,2432.68000000,3.19000000,4.41000000,5.01000000,3.16000000
2013-02-07,2430.69000000,3.19000000,4.41000000,5.02000000,3.15000000
2013-02-08,2416.62000000,3.13000000,4.33000000,4.88000000,3.08000000
2013-02-18,2441.91000000,3.12000000,4.37000000,4.92000000,3.10000000
2013-02-19,2420.26000000,3.09000000,4.33000000,4.88000000,3.08000000
2013-02-20,2383.49000000,3.07000000,4.28000000,4.85000000,3.06000000
2013-02-21,2378.82000000,3.03000000,4.21000000,4.78000000,3.03000000
2013-02-22,2322.94000000,2.94000000,4.16000000,4.66000000,2.97000000
2013-02-25,2320.62000000,2.90000000,4.15000000,4.61000000,2.97000000
2013-02-26,2313.74000000,2.89000000,4.13000000,4.60000000,2.98000000
2013-02-27,2297.77000000,2.88000000,4.10000000,4.59000000,2.95000000
2013-02-28,2322.32000000,2.94000000,4.17000000,4.65000000,2.98000000
2013-03-01,2364.54000000,3.00000000,4.23000000,4.73000000,3.01000000
2013-03-04,2332.08000000,2.89000000,4.14000000,4.62000000,2.97000000
2013-03-05,2274.81000000,2.85000000,4.09000000,4.58000000,2.91000000
2013-03-06,2333.61000000,2.97000000,4.19000000,4.69000000,2.98000000
2013-03-07,2340.44000000,2.92000000,4.16000000,4.65000000,2.95000000
2013-03-08,2326.42000000,2.88000000,4.13000000,4.58000000,2.95000000
2013-03-11,2314.68000000,2.86000000,4.12000000,4.60000000,2.95000000
2013-03-12,2309.16000000,2.84000000,4.11000000,4.58000000,2.96000000
2013-03-13,2282.17000000,2.81000000,4.13000000,4.56000000,2.94000000
2013-03-14,2255.77000000,2.79000000,4.11000000,4.56000000,2.92000000
2013-03-15,2269.31000000,2.84000000,4.15000000,4.60000000,2.93000000
2013-03-18,2267.29000000,2.85000000,4.16000000,4.66000000,2.96000000
2013-03-19,2244.26000000,2.81000000,4.08000000,4.55000000,2.92000000
2013-03-20,2257.74000000,2.81000000,4.09000000,4.59000000,2.92000000
2013-03-21,2318.21000000,2.89000000,4.16000000,4.70000000,2.98000000
2013-03-22,2321.40000000,2.88000000,4.17000000,4.70000000,2.98000000
2013-03-25,2334.74000000,2.89000000,4.19000000,4.76000000,2.99000000
2013-03-26,2318.58000000,2.89000000,4.18000000,4.77000000,3.00000000
2013-03-27,2299.38000000,2.87000000,4.14000000,4.70000000,3.00000000
2013-03-28,2273.55000000,2.80000000,4.12000000,4.65000000,2.97000000
2013-03-29,2238.49000000,2.70000000,4.03000000,4.57000000,2.91000000
2013-04-01,2229.46000000,2.69000000,4.05000000,4.57000000,2.91000000
2013-04-02,2234.90000000,2.68000000,4.07000000,4.59000000,2.91000000
2013-04-03,2232.69000000,2.71000000,4.08000000,4.65000000,2.93000000
2013-04-08,2196.24000000,2.70000000,4.05000000,4.61000000,2.92000000
2013-04-09,2215.47000000,2.72000000,4.09000000,4.68000000,2.92000000
2013-04-10,2224.93000000,2.72000000,4.08000000,4.67000000,2.91000000
2013-04-11,2236.98000000,2.73000000,4.09000000,4.68000000,2.92000000
2013-04-12,2218.09000000,2.71000000,4.08000000,4.69000000,2.91000000
2013-04-15,2199.91000000,2.72000000,4.06000000,4.69000000,2.92000000
2013-04-16,2169.63000000,2.72000000,4.04000000,4.69000000,2.91000000
2013-04-17,2195.03000000,2.72000000,4.04000000,4.67000000,2.90000000
2013-04-18,2181.82000000,2.68000000,4.03000000,4.58000000,2.87000000
2013-04-19,2201.12000000,2.70000000,4.07000000,4.59000000,2.87000000
2013-04-22,2236.40000000,2.74000000,4.10000000,4.67000000,2.91000000
2013-04-23,2242.62000000,2.73000000,4.11000000,4.70000000,2.91000000
2013-04-24,2187.35000000,2.69000000,4.07000000,4.66000000,2.87000000
2013-04-25,2213.19000000,2.74000000,4.09000000,4.66000000,2.90000000
2013-04-26,2203.89000000,2.72000000,4.09000000,4.70000000,2.89000000
2013-05-02,2170.78000000,2.69000000,4.05000000,4.65000000,2.87000000
2013-05-03,2179.05000000,2.70000000,4.07000000,4.73000000,2.87000000
2013-05-06,2212.50000000,2.72000000,4.09000000,4.80000000,2.89000000
2013-05-07,2227.86000000,2.72000000,4.09000000,4.79000000,2.90000000
2013-05-08,2242.39000000,2.74000000,4.10000000,4.80000000,2.90000000
2013-05-09,2246.96000000,2.75000000,4.11000000,4.86000000,2.91000000
2013-05-10,2228.82000000,2.74000000,4.09000000,4.83000000,2.90000000
2013-05-13,2247.68000000,2.74000000,4.12000000,4.84000000,2.91000000
2013-05-14,2238.90000000,2.72000000,4.10000000,4.82000000,2.90000000
2013-05-15,2217.09000000,2.71000000,4.08000000,4.76000000,2.88000000
2013-05-16,2221.34000000,2.70000000,4.06000000,4.75000000,2.89000000
2013-05-17,2249.81000000,2.72000000,4.09000000,4.81000000,2.90000000
2013-05-20,2286.33000000,2.76000000,4.17000000,4.90000000,2.93000000
2013-05-21,2297.11000000,2.76000000,4.18000000,4.90000000,2.95000000
2013-05-22,2303.75000000,2.76000000,4.19000000,4.88000000,2.95000000
2013-05-23,2293.81000000,2.75000000,4.16000000,4.85000000,2.95000000
2013-05-24,2281.45000000,2.73000000,4.18000000,4.84000000,2.94000000
2013-05-27,2286.66000000,2.72000000,4.15000000,4.77000000,2.94000000
2013-05-28,2293.40000000,2.71000000,4.14000000,4.79000000,2.95000000
2013-05-29,2323.54000000,2.75000000,4.19000000,4.86000000,2.98000000
2013-05-30,2316.25000000,2.73000000,4.19000000,4.83000000,2.96000000
2013-05-31,2320.74000000,2.73000000,4.20000000,4.83000000,2.97000000
2013-06-03,2300.21000000,2.73000000,4.20000000,4.80000000,2.96000000
2013-06-04,2297.10000000,2.74000000,4.21000000,4.81000000,2.95000000
2013-06-05,2270.71000000,2.73000000,4.21000000,4.79000000,2.95000000
2013-06-06,2264.43000000,2.74000000,4.22000000,4.78000000,2.95000000
2013-06-07,2242.26000000,2.73000000,4.15000000,4.76000000,2.94000000
2013-06-13,2190.10000000,2.69000000,4.15000000,4.71000000,2.90000000
2013-06-14,2150.06000000,2.68000000,4.13000000,4.66000000,2.87000000
2013-06-17,2165.99000000,2.71000000,4.16000000,4.69000000,2.91000000
2013-06-18,2158.55000000,2.70000000,4.15000000,4.66000000,2.78000000
2013-06-19,2150.82000000,2.69000000,4.16000000,4.64000000,2.72000000
2013-06-20,2132.81000000,2.67000000,4.14000000,4.60000000,2.70000000
2013-06-21,2058.98000000,2.59000000,4.05000000,4.24000000,2.63000000
2013-06-24,2068.86000000,2.57000000,4.03000000,4.09000000,2.62000000
2013-06-25,1948.31000000,2.47000000,3.88000000,3.95000000,2.53000000
2013-06-26,1954.47000000,2.52000000,3.79000000,4.03000000,2.58000000
2013-06-27,1955.13000000,2.52000000,3.73000000,4.04000000,2.59000000
2013-06-28,1935.52000000,2.43000000,3.82000000,4.09000000,2.65000000
2013-07-01,1965.99000000,2.45000000,3.96000000,4.14000000,2.69000000
2013-07-02,1992.89000000,2.49000000,3.97000000,4.30000000,2.72000000
2013-07-03,1996.51000000,2.50000000,3.97000000,4.31000000,2.68000000
2013-07-04,1982.87000000,2.45000000,3.91000000,4.32000000,2.65000000
2013-07-05,2006.19000000,2.48000000,3.91000000,4.36000000,2.65000000
2013-07-08,1983.21000000,2.47000000,3.93000000,4.43000000,2.64000000
2013-07-09,1953.60000000,2.48000000,3.93000000,4.36000000,2.61000000
2013-07-10,1962.84000000,2.49000000,3.93000000,4.40000000,2.63000000
2013-07-11,2011.02000000,2.51000000,3.93000000,4.39000000,2.65000000
2013-07-12,2068.04000000,2.56000000,3.97000000,4.50000000,2.72000000
2013-07-15,2046.12000000,2.52000000,3.96000000,4.49000000,2.69000000
2013-07-16,2054.60000000,2.50000000,3.93000000,4.41000000,2.68000000
2013-07-17,2061.19000000,2.52000000,3.94000000,4.44000000,2.69000000
2013-07-18,2038.40000000,2.54000000,3.94000000,4.36000000,2.68000000
2013-07-19,2025.32000000,2.53000000,3.93000000,4.34000000,2.67000000
2013-07-22,1977.73000000,2.50000000,3.92000000,4.31000000,2.63000000
2013-07-23,2008.95000000,2.53000000,3.91000000,4.35000000,2.65000000
2013-07-24,2035.69000000,2.53000000,3.93000000,4.34000000,2.66000000
2013-07-25,2037.34000000,2.53000000,3.93000000,4.32000000,2.67000000
2013-07-26,2013.19000000,2.51000000,3.90000000,4.27000000,2.67000000
2013-07-29,1997.84000000,2.48000000,3.90000000,4.25000000,2.65000000
2013-07-30,1981.45000000,2.45000000,3.90000000,4.23000000,2.63000000
2013-07-31,2000.79000000,2.47000000,3.92000000,4.28000000,2.67000000
2013-08-01,2000.82000000,2.45000000,3.90000000,4.29000000,2.67000000
2013-08-02,2039.51000000,2.49000000,3.93000000,4.34000000,2.69000000
2013-08-05,2031.72000000,2.47000000,3.92000000,4.34000000,2.68000000
2013-08-06,2043.65000000,2.46000000,3.91000000,4.35000000,2.68000000
2013-08-07,2056.37000000,2.46000000,3.90000000,4.35000000,2.68000000
2013-08-08,2044.44000000,2.45000000,3.89000000,4.32000000,2.67000000
2013-08-09,2052.24000000,2.46000000,3.91000000,4.32000000,2.67000000
2013-08-12,2058.42000000,2.46000000,3.91000000,4.31000000,2.67000000
2013-08-13,2101.32000000,2.49000000,3.95000000,4.37000000,2.69000000
2013-08-14,2109.23000000,2.50000000,3.95000000,4.37000000,2.69000000
2013-08-15,2099.28000000,2.50000000,3.95000000,4.36000000,2.68000000
2013-08-16,2075.98000000,2.49000000,3.95000000,4.34000000,2.68000000
2013-08-19,2055.13000000,2.50000000,3.91000000,4.32000000,2.68000000
2013-08-20,2081.97000000,2.50000000,3.93000000,4.32000000,2.69000000
2013-08-21,2076.27000000,2.52000000,3.93000000,4.31000000,2.67000000
2013-08-22,2069.31000000,2.49000000,3.93000000,4.29000000,2.65000000
2013-08-23,2075.93000000,2.49000000,3.92000000,4.29000000,2.64000000
2013-08-26,2061.42000000,2.46000000,3.89000000,4.28000000,2.62000000
2013-08-27,2095.44000000,2.48000000,3.92000000,4.29000000,2.64000000
2013-08-28,2092.31000000,2.47000000,3.90000000,4.28000000,2.63000000
2013-08-29,2108.44000000,2.47000000,3.90000000,4.26000000,2.64000000
2013-08-30,2097.22000000,2.45000000,3.87000000,4.24000000,2.63000000
2013-09-02,2104.09000000,2.47000000,3.90000000,4.25000000,2.65000000
2013-09-03,2100.45000000,2.47000000,3.90000000,4.26000000,2.65000000
2013-09-04,2121.68000000,2.48000000,3.93000000,4.28000000,2.67000000
2013-09-05,2125.25000000,2.48000000,3.92000000,4.29000000,2.67000000
2013-09-06,2119.33000000,2.46000000,3.91000000,4.30000000,2.67000000
2013-09-09,2151.35000000,2.50000000,3.91000000,4.31000000,2.69000000
2013-09-10,2214.81000000,2.75000000,4.05000000,4.50000000,2.84000000
2013-09-11,2244.96000000,2.66000000,4.00000000,4.45000000,2.82000000
2013-09-12,2236.17000000,2.64000000,3.99000000,4.43000000,2.80000000
2013-09-13,2251.46000000,2.64000000,4.03000000,4.50000000,2.86000000
2013-09-16,2244.46000000,2.64000000,3.99000000,4.49000000,2.84000000
2013-09-17,2230.39000000,2.62000000,3.97000000,4.45000000,2.82000000
2013-09-18,2185.94000000,2.56000000,3.94000000,4.42000000,2.79000000
2013-09-23,2199.36000000,2.55000000,3.92000000,4.42000000,2.77000000
2013-09-24,2219.47000000,2.56000000,3.90000000,4.41000000,2.79000000
2013-09-25,2206.23000000,2.52000000,3.89000000,4.35000000,2.77000000
2013-09-26,2192.23000000,2.51000000,3.88000000,4.32000000,2.78000000
2013-09-27,2150.96000000,2.49000000,3.85000000,4.27000000,2.76000000
2013-09-30,2167.73000000,2.49000000,3.87000000,4.29000000,2.79000000
2013-10-08,2171.90000000,2.49000000,3.85000000,4.29000000,2.78000000
2013-10-09,2191.39000000,2.50000000,3.85000000,4.28000000,2.79000000
2013-10-10,2214.41000000,2.51000000,3.86000000,4.29000000,2.82000000
2013-10-11,2201.41000000,2.50000000,3.87000000,4.29000000,2.81000000
2013-10-14,2232.22000000,2.51000000,3.90000000,4.35000000,2.84000000
2013-10-15,2237.93000000,2.50000000,3.87000000,4.32000000,2.82000000
2013-10-16,2228.11000000,2.49000000,3.84000000,4.25000000,2.79000000
2013-10-17,2201.71000000,2.50000000,3.86000000,4.28000000,2.81000000
2013-10-18,2188.71000000,2.49000000,3.86000000,4.27000000,2.80000000
2013-10-21,2198.11000000,2.49000000,3.85000000,4.26000000,2.81000000
2013-10-22,2227.34000000,2.51000000,3.86000000,4.30000000,2.85000000
2013-10-23,2213.27000000,2.50000000,3.86000000,4.28000000,2.82000000
2013-10-24,2178.82000000,2.50000000,3.85000000,4.26000000,2.81000000
2013-10-25,2163.69000000,2.48000000,3.81000000,4.23000000,2.79000000
2013-10-28,2135.88000000,2.49000000,3.79000000,4.21000000,2.78000000
2013-10-29,2135.23000000,2.50000000,3.76000000,4.22000000,2.78000000
2013-10-30,2126.69000000,2.53000000,3.80000000,4.27000000,2.81000000
2013-10-31,2155.51000000,2.57000000,3.81000000,4.29000000,2.82000000
2013-11-01,2139.88000000,2.56000000,3.83000000,4.29000000,2.82000000
2013-11-04,2156.09000000,2.57000000,3.85000000,4.35000000,2.84000000
2013-11-05,2139.84000000,2.54000000,3.83000000,4.28000000,2.82000000
2013-11-06,2149.39000000,2.54000000,3.82000000,4.28000000,2.80000000
2013-11-07,2136.63000000,2.54000000,3.80000000,4.30000000,2.79000000
2013-11-08,2120.92000000,2.54000000,3.82000000,4.32000000,2.79000000
2013-11-11,2103.30000000,2.55000000,3.81000000,4.30000000,2.79000000
2013-11-12,2110.72000000,2.55000000,3.83000000,4.34000000,2.80000000
2013-11-13,2117.89000000,2.55000000,3.83000000,4.31000000,2.80000000
2013-11-14,2087.12000000,2.52000000,3.79000000,4.29000000,2.78000000
2013-11-15,2100.90000000,2.52000000,3.79000000,4.32000000,2.79000000
2013-11-18,2147.37000000,2.54000000,3.79000000,4.32000000,2.80000000
2013-11-19,2198.32000000,2.59000000,3.83000000,4.37000000,2.84000000
2013-11-20,2201.47000000,2.58000000,3.82000000,4.36000000,2.82000000
2013-11-21,2197.01000000,2.57000000,3.81000000,4.36000000,2.82000000
2013-11-22,2206.47000000,2.62000000,3.85000000,4.41000000,2.84000000
2013-11-25,2186.06000000,2.60000000,3.84000000,4.43000000,2.83000000
2013-11-26,2184.33000000,2.60000000,3.81000000,4.41000000,2.81000000
2013-11-27,2181.73000000,2.59000000,3.79000000,4.37000000,2.79000000
2013-11-28,2204.38000000,2.60000000,3.80000000,4.40000000,2.80000000
2013-11-29,2221.62000000,2.63000000,3.80000000,4.40000000,2.82000000
2013-12-02,2203.12000000,2.62000000,3.80000000,4.39000000,2.81000000
2013-12-03,2196.82000000,2.66000000,3.83000000,4.47000000,2.84000000
2013-12-04,2219.97000000,2.65000000,3.82000000,4.45000000,2.83000000
2013-12-05,2252.72000000,2.66000000,3.83000000,4.46000000,2.84000000
2013-12-06,2242.56000000,2.62000000,3.81000000,4.43000000,2.83000000
2013-12-09,2241.79000000,2.64000000,3.81000000,4.46000000,2.83000000
2013-12-10,2239.86000000,2.61000000,3.80000000,4.42000000,2.82000000
2013-12-11,2228.63000000,2.60000000,3.79000000,4.41000000,2.81000000
2013-12-12,2199.32000000,2.56000000,3.78000000,4.37000000,2.79000000
2013-12-13,2188.26000000,2.54000000,3.75000000,4.33000000,2.78000000
2013-12-16,2197.23000000,2.54000000,3.72000000,4.32000000,2.76000000
2013-12-17,2161.54000000,2.54000000,3.70000000,4.28000000,2.73000000
2013-12-18,2150.41000000,2.53000000,3.68000000,4.27000000,2.70000000
2013-12-19,2153.67000000,2.53000000,3.67000000,4.25000000,2.70000000
2013-12-20,2128.37000000,2.52000000,3.63000000,4.24000000,2.69000000
2013-12-23,2089.54000000,2.47000000,3.58000000,4.10000000,2.63000000
2013-12-24,2094.07000000,2.47000000,3.59000000,4.18000000,2.66000000
2013-12-25,2095.02000000,2.47000000,3.59000000,4.16000000,2.65000000
2013-12-26,2102.66000000,2.46000000,3.59000000,4.13000000,2.65000000
2013-12-27,2074.59000000,2.44000000,3.55000000,4.08000000,2.63000000
2013-12-30,2108.88000000,2.47000000,3.59000000,4.16000000,2.67000000
2013-12-31,2090.68000000,2.46000000,3.56000000,4.08000000,2.60000000
2014-01-02,2112.13000000,2.48000000,3.58000000,4.12000000,2.62000000
2014-01-03,2101.54000000,2.46000000,3.57000000,4.08000000,2.60000000
2014-01-06,2078.68000000,2.46000000,3.56000000,4.06000000,2.57000000
2014-01-07,2034.22000000,2.42000000,3.53000000,4.04000000,2.51000000
2014-01-08,2047.26000000,2.42000000,3.54000000,4.01000000,2.51000000
2014-01-09,2041.77000000,2.42000000,3.56000000,3.97000000,2.51000000
2014-01-10,2023.54000000,2.41000000,3.53000000,3.95000000,2.50000000
2014-01-13,2014.98000000,2.40000000,3.54000000,3.97000000,2.50000000
2014-01-14,2007.16000000,2.41000000,3.53000000,4.01000000,2.51000000
2014-01-15,2024.23000000,2.41000000,3.51000000,4.00000000,2.51000000
2014-01-16,2022.54000000,2.39000000,3.45000000,3.96000000,2.51000000
2014-01-17,2017.52000000,2.37000000,3.41000000,3.92000000,2.50000000
2014-01-20,2001.89000000,2.36000000,3.41000000,3.92000000,2.49000000
2014-01-21,1992.02000000,2.37000000,3.39000000,3.91000000,2.46000000
2014-01-22,2009.97000000,2.37000000,3.40000000,3.92000000,2.47000000
2014-01-23,2048.33000000,2.38000000,3.41000000,3.94000000,2.50000000
2014-01-24,2037.67000000,2.36000000,3.40000000,3.92000000,2.48000000
2014-01-27,2044.27000000,2.36000000,3.39000000,3.91000000,2.48000000
2014-01-28,2036.40000000,2.37000000,3.36000000,3.91000000,2.48000000
2014-01-29,2042.18000000,2.38000000,3.38000000,3.93000000,2.50000000
2014-01-30,2045.93000000,2.39000000,3.43000000,3.95000000,2.52000000
2014-02-07,2022.32000000,2.37000000,3.39000000,3.92000000,2.50000000
2014-02-10,2049.98000000,2.37000000,3.41000000,3.95000000,2.50000000
2014-02-11,2086.18000000,2.38000000,3.41000000,3.94000000,2.51000000
2014-02-12,2103.83000000,2.40000000,3.44000000,3.99000000,2.54000000
2014-02-13,2106.93000000,2.40000000,3.43000000,3.98000000,2.54000000
2014-02-14,2097.32000000,2.41000000,3.45000000,3.99000000,2.55000000
2014-02-17,2124.88000000,2.41000000,3.44000000,4.01000000,2.54000000
2014-02-18,2134.14000000,2.40000000,3.44000000,4.00000000,2.55000000
2014-02-19,2116.92000000,2.38000000,3.43000000,3.96000000,2.54000000
2014-02-20,2152.89000000,2.40000000,3.47000000,4.02000000,2.62000000
2014-02-21,2131.59000000,2.38000000,3.44000000,3.99000000,2.60000000
2014-02-24,2099.72000000,2.37000000,3.42000000,3.95000000,2.57000000
2014-02-25,2077.28000000,2.35000000,3.37000000,3.89000000,2.53000000
2014-02-26,2026.61000000,2.33000000,3.36000000,3.86000000,2.53000000
2014-02-27,2045.10000000,2.34000000,3.34000000,3.86000000,2.52000000
2014-02-28,2040.62000000,2.34000000,3.35000000,3.88000000,2.52000000
2014-03-03,2052.07000000,2.34000000,3.33000000,3.85000000,2.51000000
2014-03-04,2068.11000000,2.32000000,3.33000000,3.84000000,2.50000000
2014-03-05,2073.29000000,2.33000000,3.34000000,3.84000000,2.50000000
2014-03-06,2050.03000000,2.32000000,3.32000000,3.82000000,2.48000000
2014-03-07,2058.38000000,2.33000000,3.33000000,3.85000000,2.50000000
2014-03-10,2042.35000000,2.32000000,3.32000000,3.82000000,2.48000000
2014-03-11,1994.42000000,2.29000000,3.26000000,3.78000000,2.46000000
2014-03-12,1996.24000000,2.29000000,3.22000000,3.78000000,2.46000000
2014-03-13,2000.69000000,2.30000000,3.24000000,3.79000000,2.46000000
2014-03-14,2008.82000000,2.35000000,3.25000000,3.80000000,2.49000000
2014-03-17,2009.88000000,2.35000000,3.24000000,3.81000000,2.48000000
2014-03-18,2026.22000000,2.34000000,3.26000000,3.82000000,2.48000000
2014-03-19,2019.98000000,2.33000000,3.25000000,3.80000000,2.47000000
2014-03-20,2017.22000000,2.33000000,3.27000000,3.78000000,2.46000000
2014-03-21,1987.68000000,2.33000000,3.27000000,3.77000000,2.46000000
2014-03-24,2050.83000000,2.41000000,3.35000000,3.88000000,2.54000000
2014-03-25,2063.32000000,2.39000000,3.38000000,3.87000000,2.53000000
2014-03-26,2070.57000000,2.40000000,3.36000000,3.88000000,2.53000000
2014-03-27,2060.81000000,2.40000000,3.39000000,3.90000000,2.55000000
2014-03-28,2046.85000000,2.40000000,3.39000000,3.92000000,2.57000000
2014-03-31,2043.05000000,2.43000000,3.47000000,4.02000000,2.58000000
2014-04-01,2031.01000000,2.42000000,3.45000000,4.00000000,2.58000000
2014-04-02,2049.42000000,2.43000000,3.45000000,4.03000000,2.59000000
2014-04-03,2063.50000000,2.44000000,3.45000000,4.03000000,2.60000000
2014-04-04,2037.55000000,2.38000000,3.41000000,3.94000000,2.57000000
2014-04-08,2054.53000000,2.40000000,3.43000000,3.99000000,2.60000000
2014-04-09,2100.65000000,2.44000000,3.49000000,4.03000000,2.64000000
2014-04-10,2105.88000000,2.44000000,3.48000000,4.02000000,2.63000000
2014-04-11,2130.37000000,2.46000000,3.55000000,4.07000000,2.66000000
2014-04-14,2127.41000000,2.47000000,3.53000000,4.06000000,2.67000000
2014-04-15,2125.90000000,2.45000000,3.49000000,4.04000000,2.66000000
2014-04-16,2097.21000000,2.43000000,3.46000000,4.00000000,2.62000000
2014-04-17,2108.95000000,2.45000000,3.50000000,4.01000000,2.64000000
2014-04-18,2091.48000000,2.43000000,3.46000000,3.99000000,2.62000000
2014-04-21,2085.98000000,2.42000000,3.46000000,3.97000000,2.62000000
2014-04-22,2062.79000000,2.40000000,3.43000000,3.95000000,2.60000000
2014-04-23,2068.08000000,2.41000000,3.44000000,3.96000000,2.62000000
2014-04-24,2064.16000000,2.41000000,3.43000000,3.96000000,2.61000000
2014-04-25,2060.54000000,2.41000000,3.44000000,3.96000000,2.61000000
2014-04-28,2033.34000000,2.41000000,3.46000000,3.97000000,2.62000000
2014-04-29,2001.90000000,2.42000000,3.45000000,3.98000000,2.62000000
2014-04-30,2020.44000000,2.43000000,3.45000000,3.98000000,2.61000000
2014-05-05,2022.18000000,2.41000000,3.42000000,3.95000000,2.61000000
2014-05-06,2024.26000000,2.39000000,3.42000000,3.94000000,2.59000000
2014-05-07,2023.15000000,2.38000000,3.40000000,3.94000000,2.59000000
2014-05-08,2006.85000000,2.39000000,3.40000000,3.94000000,2.60000000
2014-05-09,2016.50000000,2.40000000,3.44000000,3.96000000,2.60000000
2014-05-12,2022.93000000,2.41000000,3.45000000,3.98000000,2.61000000
2014-05-13,2055.08000000,2.42000000,3.49000000,3.99000000,2.64000000
2014-05-14,2049.27000000,2.43000000,3.46000000,3.99000000,2.65000000
2014-05-15,2044.38000000,2.43000000,3.45000000,3.97000000,2.64000000
2014-05-16,2023.60000000,2.44000000,3.47000000,3.99000000,2.64000000
2014-05-19,2023.01000000,2.45000000,3.47000000,4.00000000,2.65000000
2014-05-20,2011.85000000,2.44000000,3.47000000,3.99000000,2.65000000
2014-05-21,2001.31000000,2.44000000,3.46000000,3.97000000,2.64000000
2014-05-22,2023.15000000,2.45000000,3.48000000,4.00000000,2.66000000
2014-05-23,2020.11000000,2.46000000,3.50000000,4.00000000,2.67000000
2014-05-26,2042.03000000,2.47000000,3.53000000,4.03000000,2.68000000
2014-05-27,2039.79000000,2.46000000,3.51000000,4.02000000,2.68000000
2014-05-28,2034.56000000,2.47000000,3.53000000,4.02000000,2.68000000
2014-05-29,2051.84000000,2.49000000,3.58000000,4.06000000,2.70000000
2014-05-30,2040.39000000,2.49000000,3.57000000,4.06000000,2.69000000
2014-06-03,2039.20000000,2.49000000,3.56000000,4.03000000,2.68000000
2014-06-04,2037.99000000,2.50000000,3.59000000,4.05000000,2.72000000
2014-06-05,2019.44000000,2.48000000,3.57000000,4.03000000,2.71000000
2014-06-06,2040.86000000,2.52000000,3.63000000,4.07000000,2.73000000
2014-06-09,2024.94000000,2.50000000,3.61000000,4.05000000,2.70000000
2014-06-10,2033.21000000,2.52000000,3.66000000,4.09000000,2.71000000
2014-06-11,2049.13000000,2.54000000,3.72000000,4.13000000,2.74000000
2014-06-12,2051.58000000,2.54000000,3.70000000,4.12000000,2.74000000
2014-06-13,2049.21000000,2.54000000,3.70000000,4.13000000,2.76000000
2014-06-16,2070.70000000,2.58000000,3.74000000,4.16000000,2.79000000
2014-06-17,2080.48000000,2.57000000,3.76000000,4.18000000,2.80000000
2014-06-18,2064.38000000,2.56000000,3.73000000,4.15000000,2.78000000
2014-06-19,2054.62000000,2.52000000,3.73000000,4.14000000,2.76000000
2014-06-20,2013.41000000,2.49000000,3.45000000,4.11000000,2.72000000
2014-06-23,2026.23000000,2.52000000,3.44000000,4.14000000,2.75000000
2014-06-24,2023.70000000,2.51000000,3.41000000,4.12000000,2.74000000
2014-06-25,2030.43000000,2.50000000,3.41000000,4.12000000,2.75000000
2014-06-26,2025.66000000,2.51000000,3.38000000,4.10000000,2.77000000
2014-06-27,2031.91000000,2.53000000,3.39000000,4.11000000,2.58000000
2014-06-30,2038.61000000,2.53000000,3.39000000,4.11000000,2.55000000
2014-07-01,2051.23000000,2.53000000,3.40000000,4.14000000,2.56000000
2014-07-02,2049.49000000,2.52000000,3.39000000,4.13000000,2.56000000
2014-07-03,2051.63000000,2.35000000,3.40000000,4.14000000,2.57000000
2014-07-04,2062.36000000,2.36000000,3.42000000,4.17000000,2.59000000
2014-07-07,2058.13000000,2.36000000,3.42000000,4.19000000,2.58000000
2014-07-08,2058.13000000,2.37000000,3.45000000,4.20000000,2.57000000
2014-07-09,2061.64000000,2.37000000,3.47000000,4.21000000,2.57000000
2014-07-10,2036.54000000,2.35000000,3.42000000,3.89000000,2.54000000
2014-07-11,2033.87000000,2.36000000,3.44000000,3.87000000,2.54000000
2014-07-14,2047.74000000,2.36000000,3.45000000,3.90000000,2.55000000
2014-07-15,2065.90000000,2.36000000,3.46000000,3.91000000,2.57000000
2014-07-16,2068.34000000,2.37000000,3.46000000,3.92000000,2.57000000
2014-07-17,2062.89000000,2.37000000,3.45000000,3.93000000,2.56000000
2014-07-18,2047.50000000,2.36000000,3.43000000,3.90000000,2.56000000
2014-07-21,2057.77000000,2.36000000,3.45000000,3.89000000,2.57000000
2014-07-22,2050.50000000,2.36000000,3.41000000,3.89000000,2.56000000
2014-07-23,2074.20000000,2.36000000,3.43000000,3.90000000,2.56000000
2014-07-24,2079.63000000,2.36000000,3.44000000,3.93000000,2.57000000
2014-07-25,2108.71000000,2.41000000,3.49000000,4.00000000,2.60000000
2014-07-28,2135.25000000,2.46000000,3.53000000,4.04000000,2.62000000
2014-07-29,2179.83000000,2.53000000,3.60000000,4.16000000,2.71000000
2014-07-30,2178.18000000,2.51000000,3.59000000,4.16000000,2.70000000
2014-07-31,2179.54000000,2.49000000,3.57000000,4.11000000,2.68000000
2014-08-01,2194.17000000,2.51000000,3.59000000,4.14000000,2.70000000
2014-08-04,2190.04000000,2.53000000,3.59000000,4.16000000,2.72000000
2014-08-05,2224.63000000,2.54000000,3.61000000,4.18000000,2.73000000
2014-08-06,2212.00000000,2.53000000,3.58000000,4.16000000,2.71000000
2014-08-07,2216.66000000,2.53000000,3.57000000,4.15000000,2.70000000
2014-08-08,2188.71000000,2.50000000,3.52000000,4.09000000,2.68000000
2014-08-11,2199.43000000,2.51000000,3.51000000,4.09000000,2.69000000
2014-08-12,2222.70000000,2.52000000,3.57000000,4.11000000,2.70000000
2014-08-13,2223.05000000,2.51000000,3.53000000,4.09000000,2.70000000
2014-08-14,2221.54000000,2.50000000,3.52000000,4.12000000,2.70000000
2014-08-15,2207.23000000,2.51000000,3.51000000,4.10000000,2.69000000
2014-08-18,2229.80000000,2.52000000,3.52000000,4.11000000,2.70000000
2014-08-19,2242.34000000,2.50000000,3.52000000,4.11000000,2.70000000
2014-08-20,2241.66000000,2.51000000,3.51000000,4.10000000,2.70000000
2014-08-21,2239.57000000,2.50000000,3.51000000,4.09000000,2.70000000
2014-08-22,2228.97000000,2.48000000,3.50000000,4.06000000,2.69000000
2014-08-25,2241.10000000,2.48000000,3.51000000,4.07000000,2.70000000
2014-08-26,2225.29000000,2.46000000,3.49000000,4.05000000,2.69000000
2014-08-27,2207.03000000,2.45000000,3.49000000,4.06000000,2.68000000
2014-08-28,2210.48000000,2.44000000,3.48000000,4.04000000,2.67000000
2014-08-29,2198.95000000,2.42000000,3.45000000,4.01000000,2.64000000
2014-09-01,2220.13000000,2.44000000,3.47000000,4.02000000,2.67000000
2014-09-02,2239.68000000,2.44000000,3.48000000,4.02000000,2.67000000
2014-09-03,2268.40000000,2.48000000,3.52000000,4.06000000,2.68000000
2014-09-04,2290.03000000,2.50000000,3.56000000,4.12000000,2.71000000
2014-09-05,2311.30000000,2.52000000,3.59000000,4.14000000,2.72000000
2014-09-09,2328.43000000,2.53000000,3.61000000,4.16000000,2.74000000
2014-09-10,2318.50000000,2.51000000,3.58000000,4.13000000,2.73000000
2014-09-11,2315.73000000,2.49000000,3.56000000,4.12000000,2.70000000
2014-09-12,2308.35000000,2.48000000,3.55000000,4.11000000,2.70000000
2014-09-15,2330.19000000,2.49000000,3.55000000,4.12000000,2.71000000
2014-09-16,2341.03000000,2.49000000,3.56000000,4.12000000,2.72000000
2014-09-17,2298.98000000,2.49000000,3.56000000,4.12000000,2.71000000
2014-09-18,2303.85000000,2.48000000,3.56000000,4.11000000,2.70000000
2014-09-19,2312.98000000,2.50000000,3.56000000,4.11000000,2.72000000
2014-09-22,2323.55000000,2.49000000,3.54000000,4.11000000,2.71000000
2014-09-23,2289.09000000,2.45000000,3.49000000,4.05000000,2.67000000
2014-09-24,2302.23000000,2.46000000,3.48000000,4.06000000,2.67000000
2014-09-25,2352.86000000,2.50000000,3.56000000,4.13000000,2.71000000
2014-09-26,2339.29000000,2.48000000,3.54000000,4.10000000,2.69000000
2014-09-29,2353.71000000,2.49000000,3.54000000,4.10000000,2.69000000
2014-09-30,2361.32000000,2.49000000,3.52000000,4.09000000,2.69000000
2014-10-08,2368.58000000,2.49000000,3.53000000,4.09000000,2.69000000
2014-10-09,2383.86000000,2.49000000,3.52000000,4.09000000,2.69000000
2014-10-10,2380.75000000,2.48000000,3.51000000,4.08000000,2.69000000
2014-10-13,2366.43000000,2.47000000,3.50000000,4.06000000,2.68000000
2014-10-14,2362.80000000,2.45000000,3.48000000,4.04000000,2.66000000
2014-10-15,2358.23000000,2.46000000,3.48000000,4.05000000,2.66000000
2014-10-16,2361.13000000,2.47000000,3.49000000,4.05000000,2.66000000
2014-10-17,2352.78000000,2.48000000,3.52000000,4.07000000,2.67000000
2014-10-20,2346.05000000,2.47000000,3.52000000,4.10000000,2.68000000
2014-10-21,2355.03000000,2.47000000,3.52000000,4.08000000,2.67000000
2014-10-22,2339.22000000,2.46000000,3.50000000,4.06000000,2.66000000
2014-10-23,2322.32000000,2.47000000,3.50000000,4.06000000,2.67000000
2014-10-24,2303.08000000,2.45000000,3.51000000,4.05000000,2.67000000
2014-10-27,2293.57000000,2.44000000,3.51000000,4.04000000,2.66000000
2014-10-28,2294.01000000,2.43000000,3.49000000,3.99000000,2.61000000
2014-10-29,2343.72000000,2.45000000,3.52000000,4.04000000,2.64000000
2014-10-30,2371.89000000,2.47000000,3.55000000,4.06000000,2.69000000
2014-10-31,2393.18000000,2.50000000,3.59000000,4.10000000,2.71000000
2014-11-03,2425.23000000,2.55000000,3.67000000,4.18000000,2.81000000
2014-11-04,2428.27000000,2.54000000,3.63000000,4.14000000,2.78000000
2014-11-05,2432.17000000,2.53000000,3.64000000,4.16000000,2.79000000
2014-11-06,2419.62000000,2.50000000,3.58000000,4.14000000,2.76000000
2014-11-07,2427.90000000,2.50000000,3.56000000,4.13000000,2.75000000
2014-11-10,2436.63000000,2.51000000,3.60000000,4.16000000,2.78000000
2014-11-11,2483.65000000,2.56000000,3.69000000,4.24000000,2.92000000
2014-11-12,2454.60000000,2.65000000,3.78000000,4.29000000,3.06000000
2014-11-13,2495.00000000,2.66000000,3.76000000,4.32000000,3.08000000
2014-11-14,2477.97000000,2.65000000,3.78000000,4.31000000,3.09000000
2014-11-17,2506.86000000,2.70000000,3.88000000,4.41000000,3.09000000
2014-11-18,2474.18000000,2.62000000,3.79000000,4.29000000,3.01000000
2014-11-19,2452.15000000,2.54000000,3.70000000,4.19000000,2.91000000
2014-11-20,2443.28000000,2.53000000,3.68000000,4.18000000,2.90000000
2014-11-21,2452.64000000,2.54000000,3.69000000,4.17000000,2.92000000
2014-11-24,2505.53000000,2.53000000,3.70000000,4.19000000,2.90000000
2014-11-25,2532.00000000,2.56000000,3.73000000,4.25000000,2.93000000
2014-11-26,2572.65000000,2.61000000,3.77000000,4.28000000,2.96000000
2014-11-27,2615.37000000,2.69000000,3.84000000,4.39000000,3.07000000
2014-11-28,2629.63000000,2.68000000,3.83000000,4.39000000,3.08000000
2014-12-01,2691.73000000,2.86000000,4.05000000,4.79000000,3.33000000
2014-12-02,2667.82000000,2.80000000,3.98000000,4.73000000,3.28000000
2014-12-03,2768.68000000,2.97000000,4.16000000,5.11000000,3.50000000
2014-12-04,2783.47000000,2.94000000,4.10000000,4.96000000,3.40000000
2014-12-05,2926.57000000,3.08000000,4.30000000,5.22000000,3.53000000
2014-12-08,2907.81000000,3.25000000,4.49000000,5.69000000,3.59000000
2014-12-09,2992.49000000,3.28000000,4.54000000,5.91000000,3.55000000
2014-12-10,2855.94000000,3.05000000,4.17000000,5.46000000,3.31000000
2014-12-11,2912.35000000,3.05000000,4.21000000,5.45000000,3.32000000
2014-12-12,2929.36000000,3.05000000,4.22000000,5.45000000,3.34000000
2014-12-15,2921.45000000,3.02000000,4.18000000,5.40000000,3.30000000
2014-12-16,2953.81000000,3.00000000,4.12000000,5.30000000,3.28000000
2014-12-17,3031.95000000,3.11000000,4.27000000,5.66000000,3.42000000
2014-12-18,3062.80000000,3.25000000,4.46000000,5.99000000,3.55000000
2014-12-19,3053.07000000,3.16000000,4.34000000,5.76000000,3.45000000
2014-12-22,3129.27000000,3.29000000,4.46000000,6.13000000,3.66000000
2014-12-23,3085.08000000,3.42000000,4.60000000,6.25000000,3.74000000
2014-12-24,3039.21000000,3.36000000,4.51000000,6.26000000,3.72000000
2014-12-25,2992.46000000,3.27000000,4.38000000,6.08000000,3.66000000
2014-12-26,3078.00000000,3.34000000,4.47000000,6.35000000,3.71000000
2014-12-29,3212.56000000,3.56000000,4.78000000,6.75000000,4.00000000
2014-12-30,3160.80000000,3.44000000,4.61000000,6.41000000,3.81000000
2014-12-31,3172.60000000,3.55000000,4.73000000,6.57000000,3.94000000
2015-01-05,3258.63000000,3.76000000,4.93000000,6.76000000,4.18000000
2015-01-06,3330.80000000,3.81000000,5.00000000,6.79000000,4.38000000
2015-01-07,3326.65000000,3.90000000,5.00000000,6.69000000,4.46000000
2015-01-08,3371.96000000,3.90000000,5.05000000,6.66000000,4.55000000
2015-01-09,3276.97000000,3.70000000,4.82000000,6.35000000,4.28000000
2015-01-12,3258.21000000,3.70000000,4.85000000,6.30000000,4.38000000
2015-01-13,3223.54000000,3.65000000,4.79000000,6.22000000,4.39000000
2015-01-14,3242.34000000,3.67000000,4.84000000,6.20000000,4.46000000
2015-01-15,3224.07000000,3.72000000,4.89000000,6.33000000,4.59000000
2015-01-16,3343.60000000,3.89000000,5.12000000,6.58000000,4.89000000
2015-01-19,3189.73000000,3.67000000,4.80000000,6.05000000,4.53000000
2015-01-20,3114.56000000,3.53000000,4.66000000,5.95000000,4.48000000
2015-01-21,3189.08000000,3.59000000,4.68000000,5.98000000,4.49000000
2015-01-22,3327.32000000,3.76000000,4.92000000,6.25000000,4.88000000
2015-01-23,3357.10000000,3.74000000,4.91000000,6.26000000,4.88000000
2015-01-26,3347.26000000,3.73000000,4.97000000,6.18000000,4.78000000
2015-01-27,3389.85000000,3.71000000,4.93000000,6.15000000,4.75000000
2015-01-28,3325.72000000,3.59000000,4.73000000,5.97000000,4.57000000
2015-01-29,3259.00000000,3.51000000,4.61000000,5.85000000,4.44000000
2015-01-30,3273.75000000,3.52000000,4.59000000,5.90000000,4.45000000
2015-02-02,3148.14000000,3.38000000,4.48000000,5.72000000,4.24000000
2015-02-03,3156.09000000,3.35000000,4.45000000,5.72000000,4.18000000
2015-02-04,3212.82000000,3.41000000,4.50000000,5.82000000,4.24000000
2015-02-05,3251.21000000,3.56000000,4.59000000,6.01000000,4.37000000
2015-02-06,3120.09000000,3.29000000,4.37000000,5.60000000,4.05000000
2015-02-09,3063.51000000,3.20000000,4.27000000,5.46000000,3.97000000
2015-02-10,3090.49000000,3.22000000,4.29000000,5.48000000,4.00000000
2015-02-11,3145.76000000,3.27000000,4.31000000,5.58000000,4.10000000
2015-02-12,3157.96000000,3.26000000,4.32000000,5.56000000,4.09000000
2015-02-13,3186.81000000,3.26000000,4.36000000,5.55000000,4.08000000
2015-02-16,3206.14000000,3.30000000,4.43000000,5.59000000,4.09000000
2015-02-17,3230.88000000,3.30000000,4.43000000,5.58000000,4.09000000
2015-02-25,3256.48000000,3.31000000,4.49000000,5.61000000,4.10000000
2015-02-26,3222.15000000,3.28000000,4.47000000,5.52000000,4.04000000
2015-02-27,3296.83000000,3.35000000,4.60000000,5.68000000,4.12000000
2015-03-02,3332.72000000,3.36000000,4.59000000,5.72000000,4.12000000
2015-03-03,3317.70000000,3.34000000,4.54000000,5.70000000,4.07000000
2015-03-04,3264.18000000,3.24000000,4.40000000,5.52000000,3.95000000
2015-03-05,3264.08000000,3.20000000,4.35000000,5.47000000,3.88000000
2015-03-06,3248.04000000,3.13000000,4.32000000,5.35000000,3.78000000
2015-03-09,3224.31000000,3.15000000,4.36000000,5.45000000,3.85000000
2015-03-10,3289.08000000,3.25000000,4.47000000,5.65000000,3.98000000
2015-03-11,3289.59000000,3.20000000,4.43000000,5.59000000,3.95000000
2015-03-12,3314.81000000,3.26000000,4.52000000,5.75000000,4.09000000
2015-03-13,3359.49000000,3.33000000,4.61000000,5.84000000,4.20000000
2015-03-16,3391.16000000,3.34000000,4.59000000,5.85000000,4.15000000
2015-03-17,3469.60000000,3.38000000,4.62000000,5.91000000,4.21000000
2015-03-18,3510.50000000,3.41000000,4.63000000,5.94000000,4.22000000
2015-03-19,3576.02000000,3.53000000,4.73000000,6.11000000,4.33000000
2015-03-20,3587.08000000,3.48000000,4.68000000,6.02000000,4.27000000
2015-03-23,3640.10000000,3.60000000,4.78000000,6.16000000,4.43000000
2015-03-24,3692.57000000,3.62000000,4.81000000,6.18000000,4.42000000
2015-03-25,3680.95000000,3.71000000,4.78000000,6.13000000,4.40000000
2015-03-26,3641.94000000,3.60000000,4.65000000,5.93000000,4.28000000
2015-03-27,3686.13400000,3.65000000,4.73000000,5.98000000,4.30000000
2015-03-30,3710.61000000,3.66000000,4.75000000,6.02000000,4.37000000
2015-03-31,3822.99000000,3.78000000,4.99000000,6.28000000,4.52000000
2015-04-01,3748.34000000,3.65000000,4.83000000,6.10000000,4.38000000
2015-04-02,3827.69000000,3.70000000,4.91000000,6.17000000,4.41000000
2015-04-03,3803.38000000,3.62000000,4.81000000,6.07000000,4.33000000
2015-04-07,3899.42000000,3.70000000,4.93000000,6.23000000,4.42000000
2015-04-08,3976.53000000,3.77000000,5.01000000,6.28000000,4.48000000
2015-04-09,4006.13000000,3.81000000,5.05000000,6.37000000,4.54000000
2015-04-10,3947.49000000,3.76000000,5.01000000,6.38000000,4.49000000
2015-04-13,4072.72000000,3.88000000,5.18000000,6.65000000,4.65000000
2015-04-14,4125.78000000,3.90000000,5.30000000,6.89000000,4.67000000
2015-04-15,4135.65000000,3.87000000,5.26000000,6.89000000,4.64000000
2015-04-16,4055.92000000,3.88000000,5.41000000,7.01000000,4.67000000
2015-04-17,4254.72000000,4.03000000,5.72000000,7.30000000,4.90000000
2015-04-20,4301.35000000,4.09000000,5.69000000,7.21000000,4.99000000
2015-04-21,4212.19000000,3.93000000,5.40000000,6.85000000,4.70000000
2015-04-22,4304.60000000,4.01000000,5.47000000,6.93000000,4.79000000
2015-04-23,4414.48000000,4.04000000,5.53000000,7.00000000,4.86000000
2015-04-24,4355.95000000,3.95000000,5.37000000,6.80000000,4.71000000
2015-04-27,4441.93000000,3.93000000,5.33000000,6.73000000,4.66000000
2015-04-28,4527.63000000,4.02000000,5.53000000,7.02000000,4.83000000
2015-04-29,4446.12000000,4.03000000,5.57000000,7.08000000,5.00000000
2015-04-30,4483.01000000,4.02000000,5.50000000,6.99000000,4.96000000
2015-05-04,4441.34000000,3.96000000,5.39000000,6.85000000,4.83000000
2015-05-05,4479.85000000,3.94000000,5.39000000,6.89000000,4.82000000
2015-05-06,4311.64000000,3.77000000,5.14000000,6.55000000,4.58000000
2015-05-07,4197.90000000,3.72000000,5.13000000,6.49000000,4.49000000
2015-05-08,4152.98000000,3.68000000,5.13000000,6.44000000,4.47000000
2015-05-11,4231.27000000,3.70000000,5.15000000,6.47000000,4.50000000
2015-05-12,4342.37000000,3.75000000,5.22000000,6.57000000,4.55000000
2015-05-13,4402.38000000,3.76000000,5.21000000,6.63000000,4.63000000
2015-05-14,4372.82000000,3.73000000,5.18000000,6.72000000,4.58000000
2015-05-15,4366.82000000,3.70000000,5.12000000,6.56000000,4.52000000
2015-05-18,4277.90000000,3.63000000,5.03000000,6.37000000,4.40000000
2015-05-19,4285.78000000,3.60000000,4.99000000,6.30000000,4.31000000
2015-05-20,4434.98000000,3.70000000,5.14000000,6.52000000,4.46000000
2015-05-21,4456.44000000,3.69000000,5.15000000,6.50000000,4.43000000
2015-05-22,4584.98000000,3.71000000,5.25000000,6.54000000,4.49000000
2015-05-25,4660.08000000,3.80000000,5.35000000,6.71000000,4.60000000
2015-05-26,4854.85000000,3.93000000,5.45000000,6.87000000,4.69000000
2015-05-27,4932.85000000,3.89000000,5.45000000,6.85000000,4.68000000
2015-05-28,4943.74000000,3.86000000,5.36000000,6.74000000,4.64000000
2015-05-29,4603.46000000,3.66000000,5.07000000,6.33000000,4.38000000
2015-06-01,4633.10000000,3.64000000,5.07000000,6.40000000,4.34000000
2015-06-02,4844.70000000,3.75000000,5.21000000,6.67000000,4.49000000
2015-06-03,4924.38000000,3.78000000,5.20000000,6.70000000,4.51000000
2015-06-04,4912.94000000,3.75000000,5.20000000,6.68000000,4.51000000
2015-06-05,5016.09000000,3.90000000,5.41000000,7.05000000,4.80000000
2015-06-08,5045.69000000,3.86000000,5.32000000,6.89000000,4.72000000
2015-06-09,5145.98000000,4.12000000,5.65000000,7.41000000,5.25000000
2015-06-10,5049.20000000,4.00000000,5.44000000,7.18000000,5.15000000
2015-06-11,5101.44000000,3.98000000,5.42000000,7.16000000,5.14000000
2015-06-12,5143.34000000,3.95000000,5.43000000,7.06000000,5.02000000
2015-06-15,5174.42000000,3.96000000,5.45000000,7.11000000,5.08000000
2015-06-16,5004.41000000,3.84000000,5.29000000,6.85000000,4.92000000
2015-06-17,4890.55000000,3.87000000,5.29000000,7.03000000,5.01000000
2015-06-18,4942.52000000,3.84000000,5.26000000,6.95000000,4.89000000
2015-06-19,4689.93000000,3.70000000,5.08000000,6.64000000,4.68000000
2015-06-23,4471.61000000,3.59000000,5.00000000,6.42000000,4.55000000
2015-06-24,4604.58000000,3.71000000,5.18000000,6.65000000,4.75000000
2015-06-25,4711.76000000,3.82000000,5.31000000,6.96000000,4.91000000
2015-06-26,4399.93000000,3.64000000,5.11000000,6.61000000,4.67000000
2015-06-29,4289.77000000,3.60000000,5.04000000,6.62000000,4.66000000
2015-06-30,4006.75000000,3.54000000,5.06000000,6.63000000,4.60000000
2015-07-01,4214.15000000,3.66000000,5.20000000,6.75000000,4.87000000
2015-07-02,4058.62000000,3.61000000,5.15000000,6.50000000,4.78000000
2015-07-03,3793.71000000,3.58000000,5.30000000,6.51000000,4.70000000
2015-07-06,3975.21000000,3.80000000,5.73000000,6.79000000,4.85000000
2015-07-07,3654.78000000,3.80000000,5.48000000,6.65000000,4.80000000
2015-07-08,3467.40000000,3.95000000,5.42000000,7.00000000,5.10000000
2015-07-09,3432.45000000,3.93000000,5.47000000,6.84000000,5.59000000
2015-07-10,3707.46000000,3.87000000,5.40000000,6.86000000,5.39000000
2015-07-13,3918.99000000,3.84000000,5.39000000,6.95000000,5.30000000
2015-07-14,3958.37000000,3.72000000,5.20000000,6.68000000,5.09000000
2015-07-15,3874.97000000,3.68000000,5.11000000,6.63000000,5.10000000
2015-07-16,3758.50000000,3.80000000,5.27000000,6.76000000,5.37000000
2015-07-17,3831.42000000,3.77000000,5.22000000,6.67000000,5.21000000
2015-07-20,3948.42000000,3.75000000,5.18000000,6.66000000,5.10000000
2015-07-21,3939.90000000,3.71000000,5.15000000,6.57000000,5.09000000
2015-07-22,3996.43000000,3.68000000,5.13000000,6.48000000,5.05000000
2015-07-23,4022.27000000,3.67000000,5.11000000,6.47000000,5.02000000
2015-07-24,4124.75000000,3.69000000,5.15000000,6.54000000,5.05000000
2015-07-27,3985.57000000,3.62000000,5.06000000,6.41000000,4.96000000
2015-07-28,3573.14000000,3.38000000,4.76000000,5.86000000,4.50000000
2015-07-29,3689.82000000,3.44000000,4.80000000,6.13000000,4.60000000
2015-07-30,3773.79000000,3.45000000,4.85000000,6.14000000,4.62000000
2015-07-31,3655.67000000,3.39000000,4.77000000,5.98000000,4.49000000
2015-08-03,3614.99000000,3.42000000,4.79000000,6.00000000,4.42000000
2015-08-04,3621.85000000,3.50000000,4.83000000,6.15000000,4.41000000
2015-08-05,3745.65000000,3.50000000,4.85000000,6.17000000,4.45000000
2015-08-06,3625.50000000,3.43000000,4.79000000,6.02000000,4.34000000
2015-08-07,3692.61000000,3.44000000,4.83000000,6.02000000,4.39000000
2015-08-10,3786.03000000,3.43000000,4.83000000,6.06000000,4.37000000
2015-08-11,3928.81000000,3.49000000,4.89000000,6.15000000,4.47000000
2015-08-12,3881.23000000,3.46000000,4.83000000,6.03000000,4.42000000
2015-08-13,3869.91000000,3.44000000,4.79000000,6.00000000,4.37000000
2015-08-14,3976.41000000,3.43000000,4.79000000,6.00000000,4.39000000
2015-08-17,3947.84000000,3.42000000,4.75000000,5.99000000,4.35000000
2015-08-18,3999.13000000,3.40000000,4.71000000,5.92000000,4.33000000
2015-08-19,3646.80000000,3.33000000,4.61000000,5.71000000,4.21000000
2015-08-20,3754.57000000,3.36000000,4.59000000,5.70000000,4.30000000
2015-08-21,3609.96000000,3.30000000,4.52000000,5.54000000,4.15000000
2015-08-24,3373.48000000,3.28000000,4.48000000,5.35000000,4.05000000
2015-08-25,3004.13000000,2.90000000,3.98000000,4.74000000,3.63000000
2015-08-26,2980.79000000,2.80000000,3.97000000,4.70000000,3.58000000
2015-08-27,2978.03000000,2.84000000,4.06000000,4.91000000,3.67000000
2015-08-28,3125.26000000,2.99000000,4.22000000,5.12000000,3.90000000
2015-08-31,3203.56000000,2.98000000,4.18000000,5.11000000,3.83000000
2015-09-01,3157.83000000,2.98000000,4.19000000,5.14000000,3.81000000
2015-09-02,3027.68000000,3.06000000,4.37000000,5.39000000,3.93000000
2015-09-07,3149.38000000,3.26000000,4.73000000,5.69000000,4.11000000
2015-09-08,3054.44000000,3.10000000,4.44000000,5.36000000,3.92000000
2015-09-09,3182.55000000,3.14000000,4.45000000,5.42000000,3.98000000
2015-09-10,3190.55000000,3.14000000,4.46000000,5.46000000,3.96000000
2015-09-11,3189.48000000,3.15000000,4.45000000,5.51000000,3.99000000
2015-09-14,3221.17000000,3.14000000,4.42000000,5.47000000,3.93000000
2015-09-15,3043.80000000,3.11000000,4.47000000,5.48000000,3.90000000
2015-09-16,2998.04000000,3.14000000,4.48000000,5.45000000,3.88000000
2015-09-17,3131.98000000,3.15000000,4.51000000,5.50000000,3.91000000
2015-09-18,3100.28000000,3.15000000,4.51000000,5.47000000,3.90000000
2015-09-21,3072.09000000,3.13000000,4.42000000,5.40000000,3.84000000
2015-09-22,3161.32000000,3.12000000,4.42000000,5.37000000,3.85000000
2015-09-23,3137.72000000,3.12000000,4.41000000,5.37000000,3.85000000
2015-09-24,3126.49000000,3.10000000,4.38000000,5.32000000,3.80000000
2015-09-25,3130.85000000,3.08000000,4.36000000,5.25000000,3.79000000
2015-09-28,3085.57000000,3.09000000,4.41000000,5.30000000,3.80000000
2015-09-29,3055.22000000,3.07000000,4.36000000,5.22000000,3.76000000
2015-09-30,3052.84000000,3.03000000,4.33000000,5.19000000,3.73000000
2015-10-08,3156.07000000,3.08000000,4.40000000,5.30000000,3.79000000
2015-10-09,3146.64000000,3.08000000,4.40000000,5.30000000,3.79000000
2015-10-12,3193.54000000,3.10000000,4.45000000,5.33000000,3.80000000
2015-10-13,3262.16000000,3.14000000,4.49000000,5.44000000,3.85000000
2015-10-14,3280.02000000,3.12000000,4.43000000,5.38000000,3.83000000
2015-10-15,3255.03000000,3.10000000,4.43000000,5.39000000,3.84000000
2015-10-16,3358.30000000,3.14000000,4.50000000,5.45000000,3.90000000
2015-10-19,3401.63000000,3.15000000,4.50000000,5.48000000,3.93000000
2015-10-20,3377.55000000,3.12000000,4.48000000,5.47000000,3.90000000
2015-10-21,3428.56000000,3.14000000,4.50000000,5.48000000,3.92000000
2015-10-22,3292.29000000,3.15000000,4.59000000,5.51000000,3.95000000
2015-10-23,3377.55000000,3.15000000,4.61000000,5.50000000,3.95000000
2015-10-26,3448.65000000,3.18000000,4.63000000,5.58000000,3.97000000
2015-10-27,3409.14000000,3.16000000,4.61000000,5.57000000,3.93000000
2015-10-28,3417.01000000,3.15000000,4.60000000,5.50000000,3.91000000
2015-10-29,3387.77000000,3.14000000,4.60000000,5.48000000,3.90000000
2015-10-30,3380.28000000,3.13000000,4.58000000,5.50000000,3.88000000
2015-11-02,3337.58000000,3.13000000,4.55000000,5.46000000,3.87000000
2015-11-03,3330.32000000,3.11000000,4.52000000,5.43000000,3.85000000
2015-11-04,3325.62000000,3.07000000,4.44000000,5.35000000,3.81000000
2015-11-05,3459.22000000,3.14000000,4.53000000,5.49000000,3.90000000
2015-11-06,3514.44000000,3.18000000,4.62000000,5.60000000,3.97000000
2015-11-09,3588.50000000,3.23000000,4.69000000,5.78000000,4.07000000
2015-11-10,3617.40000000,3.30000000,4.76000000,5.89000000,4.14000000
2015-11-11,3635.00000000,3.29000000,4.71000000,5.86000000,4.14000000
2015-11-12,3656.82000000,3.26000000,4.68000000,5.87000000,4.10000000
2015-11-13,3600.76000000,3.22000000,4.63000000,5.73000000,4.02000000
2015-11-16,3522.46000000,3.19000000,4.57000000,5.63000000,3.99000000
2015-11-17,3629.98000000,3.23000000,4.65000000,5.71000000,4.05000000
2015-11-18,3605.06000000,3.23000000,4.66000000,5.71000000,4.06000000
2015-11-19,3573.78000000,3.24000000,4.66000000,5.72000000,4.07000000
2015-11-20,3620.79000000,3.24000000,4.67000000,5.75000000,4.08000000
2015-11-23,3630.87000000,3.22000000,4.66000000,5.77000000,4.03000000
2015-11-24,3602.89000000,3.20000000,4.64000000,5.69000000,4.01000000
2015-11-25,3614.07000000,3.19000000,4.62000000,5.70000000,4.03000000
2015-11-26,3659.57000000,3.22000000,4.65000000,5.80000000,4.08000000
2015-11-27,3616.54000000,3.21000000,4.66000000,5.77000000,4.06000000
2015-11-30,3433.85000000,3.13000000,4.57000000,5.67000000,3.96000000
2015-12-01,3442.44000000,3.14000000,4.59000000,5.77000000,4.11000000
2015-12-02,3450.28000000,3.12000000,4.54000000,5.68000000,4.00000000
2015-12-03,3525.73000000,3.22000000,4.68000000,5.89000000,4.14000000
2015-12-04,3558.15000000,3.32000000,4.80000000,6.08000000,4.25000000
2015-12-07,3529.81000000,3.30000000,4.70000000,5.93000000,4.18000000
2015-12-08,3518.65000000,3.25000000,4.63000000,5.83000000,4.09000000
2015-12-09,3462.58000000,3.19000000,4.61000000,5.75000000,4.04000000
2015-12-10,3469.81000000,3.22000000,4.65000000,5.79000000,4.09000000
2015-12-11,3441.60000000,3.21000000,4.60000000,5.77000000,4.05000000
2015-12-14,3403.51000000,3.20000000,4.57000000,5.66000000,4.00000000
2015-12-15,3518.13000000,3.27000000,4.64000000,5.81000000,4.08000000
2015-12-16,3522.09000000,3.25000000,4.61000000,5.75000000,4.05000000
2015-12-17,3533.63000000,3.24000000,4.60000000,5.75000000,4.05000000
2015-12-18,3574.94000000,3.25000000,4.61000000,5.76000000,4.06000000
2015-12-21,3568.58000000,3.26000000,4.60000000,5.78000000,4.05000000
2015-12-22,3645.99000000,3.31000000,4.69000000,5.90000000,4.10000000
2015-12-23,3653.28000000,3.30000000,4.66000000,5.88000000,4.09000000
2015-12-24,3631.31000000,3.30000000,4.68000000,5.89000000,4.07000000
2015-12-25,3614.05000000,3.28000000,4.65000000,5.91000000,4.06000000
2015-12-28,3635.77000000,3.27000000,4.65000000,5.92000000,4.05000000
2015-12-29,3528.40000000,3.21000000,4.59000000,5.77000000,4.01000000
2015-12-30,3566.73000000,3.23000000,4.60000000,5.80000000,4.04000000
2015-12-31,3570.47000000,3.23000000,4.60000000,5.78000000,4.03000000
2016-01-04,3536.59000000,3.24000000,4.58000000,5.77000000,4.01000000
2016-01-05,3196.65000000,3.10000000,4.42000000,5.52000000,3.80000000
2016-01-06,3291.19000000,3.15000000,4.45000000,5.58000000,3.85000000
2016-01-07,3309.66000000,3.16000000,4.49000000,5.60000000,3.87000000
2016-01-08,3194.63000000,3.14000000,4.44000000,5.58000000,3.82000000
2016-01-11,3131.85000000,3.14000000,4.43000000,5.49000000,3.76000000
2016-01-12,3026.16000000,3.11000000,4.36000000,5.34000000,3.67000000
2016-01-13,3041.11000000,3.13000000,4.35000000,5.34000000,3.65000000
2016-01-14,2874.05000000,3.09000000,4.26000000,5.10000000,3.55000000
2016-01-15,2988.05000000,3.11000000,4.29000000,5.18000000,3.57000000
2016-01-18,2847.54000000,3.05000000,4.19000000,5.02000000,3.44000000
2016-01-19,2914.41000000,3.08000000,4.19000000,5.05000000,3.46000000
2016-01-20,2993.01000000,3.10000000,4.25000000,5.13000000,3.52000000
2016-01-21,2934.39000000,3.08000000,4.20000000,5.06000000,3.44000000
2016-01-22,2911.11000000,3.10000000,4.21000000,5.07000000,3.45000000
2016-01-25,2934.08000000,3.09000000,4.22000000,5.05000000,3.45000000
2016-01-26,2907.72000000,3.08000000,4.21000000,5.05000000,3.43000000
2016-01-27,2756.08000000,2.95000000,4.09000000,4.93000000,3.24000000
2016-01-28,2711.16000000,2.95000000,4.10000000,4.82000000,3.20000000
2016-01-29,2652.85000000,2.91000000,4.04000000,4.75000000,3.16000000
2016-02-01,2730.98000000,2.99000000,4.09000000,4.80000000,3.22000000
2016-02-02,2687.98000000,2.94000000,4.02000000,4.70000000,3.16000000
2016-02-03,2719.57000000,2.94000000,4.02000000,4.70000000,3.17000000
2016-02-04,2751.43000000,2.93000000,4.02000000,4.68000000,3.18000000
2016-02-05,2783.08000000,2.93000000,4.02000000,4.71000000,3.19000000
2016-02-15,2684.96000000,2.87000000,3.94000000,4.60000000,3.10000000
2016-02-16,2758.58000000,2.90000000,3.98000000,4.64000000,3.14000000
2016-02-17,2829.76000000,2.94000000,4.04000000,4.72000000,3.21000000
2016-02-18,2881.78000000,2.98000000,4.05000000,4.74000000,3.24000000
2016-02-19,2854.90000000,2.96000000,4.04000000,4.72000000,3.22000000
2016-02-22,2888.60000000,2.98000000,4.04000000,4.71000000,3.24000000
2016-02-23,2925.71000000,3.00000000,4.08000000,4.78000000,3.28000000
2016-02-24,2889.88000000,2.96000000,4.04000000,4.71000000,3.23000000
2016-02-25,2922.24000000,2.98000000,4.05000000,4.73000000,3.24000000
2016-02-26,2760.06000000,2.93000000,4.01000000,4.59000000,3.14000000
2016-02-29,2754.81000000,2.95000000,4.01000000,4.61000000,3.14000000
2016-03-01,2688.38000000,2.98000000,4.02000000,4.54000000,3.17000000
2016-03-02,2733.77000000,3.00000000,4.03000000,4.58000000,3.20000000
2016-03-03,2847.33000000,3.04000000,4.10000000,4.70000000,3.25000000
2016-03-04,2848.54000000,3.07000000,4.12000000,4.70000000,3.26000000
2016-03-07,2886.64000000,3.18000000,4.27000000,4.82000000,3.38000000
2016-03-08,2895.67000000,3.17000000,4.26000000,4.82000000,3.37000000
2016-03-09,2839.41000000,3.15000000,4.28000000,4.75000000,3.35000000
2016-03-10,2847.57000000,3.18000000,4.36000000,4.76000000,3.39000000
2016-03-11,2781.60000000,3.14000000,4.30000000,4.75000000,3.33000000
2016-03-14,2830.08000000,3.18000000,4.34000000,4.77000000,3.39000000
2016-03-15,2853.98000000,3.19000000,4.29000000,4.79000000,3.40000000
2016-03-16,2858.71000000,3.17000000,4.24000000,4.79000000,3.37000000
2016-03-17,2875.41000000,3.24000000,4.30000000,4.85000000,3.42000000
2016-03-18,2915.52000000,3.22000000,4.30000000,4.87000000,3.42000000
2016-03-21,2978.46000000,3.21000000,4.30000000,4.88000000,3.43000000
2016-03-22,3001.63000000,3.21000000,4.31000000,4.90000000,3.42000000
2016-03-23,2991.17000000,3.18000000,4.30000000,4.89000000,3.39000000
2016-03-24,2986.80000000,3.18000000,4.30000000,4.86000000,3.38000000
2016-03-25,2956.20000000,3.16000000,4.26000000,4.82000000,3.35000000
2016-03-28,2988.01000000,3.16000000,4.27000000,4.85000000,3.36000000
2016-03-29,2956.71000000,3.16000000,4.28000000,4.82000000,3.35000000
2016-03-30,2941.22000000,3.16000000,4.24000000,4.82000000,3.36000000
2016-03-31,3009.37000000,3.20000000,4.31000000,4.90000000,3.40000000
2016-04-01,2997.09000000,3.19000000,4.29000000,4.84000000,3.39000000
2016-04-05,3000.94000000,3.18000000,4.30000000,4.82000000,3.39000000
2016-04-06,3039.74000000,3.19000000,4.30000000,4.83000000,3.42000000
2016-04-07,3058.34000000,3.19000000,4.30000000,4.84000000,3.43000000
2016-04-08,2988.20000000,3.15000000,4.25000000,4.78000000,3.37000000
2016-04-11,3006.91000000,3.15000000,4.26000000,4.76000000,3.37000000
2016-04-12,3031.30000000,3.17000000,4.29000000,4.80000000,3.40000000
2016-04-13,3041.36000000,3.16000000,4.29000000,4.79000000,3.40000000
2016-04-14,3080.09000000,3.20000000,4.33000000,4.83000000,3.43000000
2016-04-15,3085.03000000,3.19000000,4.33000000,4.83000000,3.42000000
2016-04-18,3058.46000000,3.17000000,4.29000000,4.82000000,3.40000000
2016-04-19,3047.13000000,3.16000000,4.29000000,4.80000000,3.39000000
2016-04-20,3050.38000000,3.16000000,4.29000000,4.79000000,3.39000000
2016-04-21,2954.37000000,3.13000000,4.26000000,4.69000000,3.34000000
2016-04-22,2933.03000000,3.11000000,4.28000000,4.68000000,3.34000000
2016-04-25,2949.97000000,3.13000000,4.27000000,4.70000000,3.35000000
2016-04-26,2944.72000000,3.13000000,4.27000000,4.69000000,3.36000000
2016-04-27,2967.19000000,3.14000000,4.28000000,4.70000000,3.37000000
2016-04-28,2955.74000000,3.13000000,4.28000000,4.69000000,3.36000000
2016-04-29,2935.38000000,3.12000000,4.27000000,4.69000000,3.36000000
2016-05-03,2940.39000000,3.12000000,4.26000000,4.70000000,3.35000000
2016-05-04,2983.03000000,3.13000000,4.27000000,4.73000000,3.36000000
2016-05-05,2987.02000000,3.13000000,4.27000000,4.72000000,3.36000000
2016-05-06,2998.40000000,3.13000000,4.28000000,4.74000000,3.37000000
2016-05-09,2896.16000000,3.10000000,4.23000000,4.70000000,3.32000000
2016-05-10,2822.33000000,3.06000000,4.16000000,4.64000000,3.27000000
2016-05-11,2843.54000000,3.07000000,4.17000000,4.69000000,3.28000000
2016-05-12,2812.11000000,3.06000000,4.17000000,4.69000000,3.26000000
2016-05-13,2828.46000000,3.05000000,4.18000000,4.68000000,3.25000000
2016-05-16,2816.78000000,3.05000000,4.20000000,4.68000000,3.23000000
2016-05-17,2850.93000000,3.06000000,4.24000000,4.70000000,3.25000000
2016-05-18,2828.18000000,3.05000000,4.25000000,4.69000000,3.24000000
2016-05-19,2802.31000000,3.06000000,4.23000000,4.68000000,3.23000000
2016-05-20,2792.89000000,3.07000000,4.24000000,4.69000000,3.23000000
2016-05-23,2826.31000000,3.08000000,4.26000000,4.71000000,3.24000000
2016-05-24,2839.68000000,3.10000000,4.27000000,4.74000000,3.25000000
2016-05-25,2835.03000000,3.10000000,4.27000000,4.75000000,3.24000000
2016-05-26,2813.54000000,3.10000000,4.26000000,4.75000000,3.24000000
2016-05-27,2817.97000000,3.10000000,4.27000000,4.77000000,3.23000000
2016-05-30,2814.65000000,3.11000000,4.29000000,4.78000000,3.24000000
2016-05-31,2822.59000000,3.12000000,4.29000000,4.79000000,3.27000000
2016-06-01,2917.15000000,3.19000000,4.36000000,4.87000000,3.36000000
2016-06-02,2911.22000000,3.16000000,4.34000000,4.86000000,3.34000000
2016-06-03,2929.79000000,3.17000000,4.35000000,4.88000000,3.34000000
2016-06-06,2940.99000000,3.19000000,4.36000000,4.89000000,3.34000000
2016-06-07,2936.28000000,3.19000000,4.38000000,4.93000000,3.33000000
2016-06-08,2932.38000000,3.18000000,4.41000000,4.96000000,3.36000000
2016-06-13,2897.27000000,3.16000000,4.37000000,4.88000000,3.34000000
2016-06-14,2824.23000000,3.14000000,4.35000000,4.87000000,3.30000000
2016-06-15,2814.69000000,3.15000000,4.39000000,4.88000000,3.30000000
2016-06-16,2878.40000000,3.16000000,4.37000000,4.89000000,3.31000000
2016-06-17,2873.01000000,3.16000000,4.37000000,4.89000000,3.30000000
2016-06-20,2887.64000000,3.18000000,4.39000000,4.91000000,3.31000000
2016-06-21,2898.38000000,3.17000000,4.40000000,4.92000000,3.32000000
2016-06-22,2872.73000000,3.17000000,4.40000000,4.94000000,3.34000000
2016-06-23,2902.40000000,3.18000000,4.44000000,4.97000000,3.36000000
2016-06-24,2883.76000000,3.18000000,4.44000000,5.00000000,3.20000000
2016-06-27,2840.56000000,3.16000000,4.39000000,4.96000000,3.15000000
2016-06-28,2885.01000000,3.16000000,4.41000000,4.98000000,3.16000000
2016-06-29,2918.53000000,3.17000000,4.41000000,5.00000000,3.18000000
2016-06-30,2931.48000000,3.19000000,4.42000000,4.73000000,3.19000000
2016-07-01,2931.80000000,3.21000000,4.45000000,4.75000000,3.21000000
2016-07-04,2924.29000000,3.22000000,4.47000000,4.76000000,3.21000000
2016-07-05,2991.75000000,3.27000000,4.54000000,4.79000000,3.25000000
2016-07-06,2998.52000000,3.27000000,4.54000000,4.80000000,3.25000000
2016-07-07,3009.35000000,3.12000000,4.55000000,4.81000000,3.25000000
2016-07-08,3000.33000000,3.09000000,4.35000000,4.80000000,3.25000000
2016-07-11,2993.75000000,3.08000000,4.28000000,4.76000000,3.23000000
2016-07-12,2992.52000000,3.08000000,4.27000000,4.81000000,3.25000000
2016-07-13,3049.51000000,3.12000000,4.33000000,4.97000000,3.30000000
2016-07-14,3054.97000000,3.14000000,4.35000000,5.04000000,3.33000000
2016-07-15,3056.68000000,3.12000000,4.31000000,5.03000000,3.32000000
2016-07-18,3047.64000000,3.11000000,4.31000000,5.09000000,3.32000000
2016-07-19,3040.23000000,3.12000000,4.34000000,5.18000000,3.34000000
2016-07-20,3034.71000000,3.10000000,4.30000000,5.13000000,3.32000000
2016-07-21,3027.60000000,3.09000000,4.28000000,5.04000000,3.30000000
2016-07-22,3038.12000000,3.10000000,4.28000000,5.07000000,3.30000000
2016-07-25,3008.09000000,3.08000000,4.26000000,5.02000000,3.30000000
2016-07-26,3014.04000000,3.09000000,4.29000000,5.02000000,3.32000000
2016-07-27,3050.37000000,3.12000000,4.31000000,5.08000000,3.35000000
2016-07-28,2980.50000000,3.11000000,4.30000000,5.03000000,3.33000000
2016-07-29,2992.54000000,3.11000000,4.29000000,5.02000000,3.33000000
2016-08-01,2971.95000000,3.10000000,4.30000000,5.06000000,3.33000000
2016-08-02,2950.08000000,3.11000000,4.32000000,5.09000000,3.35000000
2016-08-03,2963.21000000,3.11000000,4.33000000,5.07000000,3.35000000
2016-08-04,2976.41000000,3.12000000,4.32000000,5.06000000,3.33000000
2016-08-05,2978.78000000,3.11000000,4.31000000,5.03000000,3.32000000
2016-08-08,2972.62000000,3.11000000,4.32000000,5.05000000,3.33000000
2016-08-09,3001.31000000,3.12000000,4.33000000,5.08000000,3.34000000
2016-08-10,3023.47000000,3.13000000,4.37000000,5.11000000,3.35000000
2016-08-11,3013.68000000,3.14000000,4.38000000,5.10000000,3.35000000
2016-08-12,3000.27000000,3.16000000,4.42000000,5.20000000,3.39000000
2016-08-15,3056.48000000,3.22000000,4.51000000,5.38000000,3.50000000
2016-08-16,3130.53000000,3.26000000,4.59000000,5.46000000,3.56000000
2016-08-17,3106.99000000,3.20000000,4.43000000,5.32000000,3.43000000
2016-08-18,3107.75000000,3.18000000,4.43000000,5.29000000,3.43000000
2016-08-19,3100.39000000,3.18000000,4.44000000,5.26000000,3.42000000
2016-08-22,3107.38000000,3.18000000,4.43000000,5.26000000,3.42000000
2016-08-23,3081.57000000,3.20000000,4.47000000,5.27000000,3.44000000
2016-08-24,3092.02000000,3.21000000,4.52000000,5.33000000,3.46000000
2016-08-25,3073.44000000,3.20000000,4.51000000,5.32000000,3.45000000
2016-08-26,3069.85000000,3.21000000,4.52000000,5.33000000,3.45000000
2016-08-29,3068.46000000,3.20000000,4.49000000,5.27000000,3.45000000
2016-08-30,3071.44000000,3.18000000,4.48000000,5.24000000,3.43000000
2016-08-31,3072.92000000,3.21000000,4.50000000,5.26000000,3.45000000
2016-09-01,3083.96000000,3.20000000,4.52000000,5.27000000,3.48000000
2016-09-02,3057.49000000,3.18000000,4.51000000,5.28000000,3.47000000
2016-09-05,3070.71000000,3.19000000,4.52000000,5.30000000,3.47000000
2016-09-06,3071.06000000,3.20000000,4.52000000,5.31000000,3.46000000
2016-09-07,3091.33000000,3.20000000,4.47000000,5.30000000,3.45000000
2016-09-08,3089.95000000,3.20000000,4.46000000,5.29000000,3.45000000
2016-09-09,3095.43000000,3.19000000,4.48000000,5.27000000,3.45000000
2016-09-12,3037.51000000,3.18000000,4.45000000,5.23000000,3.43000000
2016-09-13,3025.03000000,3.15000000,4.45000000,5.17000000,3.38000000
2016-09-14,3008.90000000,3.14000000,4.42000000,5.16000000,3.37000000
2016-09-19,3005.32000000,3.11000000,4.37000000,5.13000000,3.33000000
2016-09-20,3027.17000000,3.12000000,4.40000000,5.16000000,3.35000000
2016-09-21,3021.58000000,3.12000000,4.39000000,5.15000000,3.35000000
2016-09-22,3038.42000000,3.14000000,4.42000000,5.19000000,3.38000000
2016-09-23,3044.79000000,3.14000000,4.44000000,5.21000000,3.39000000
2016-09-26,3028.24000000,3.14000000,4.44000000,5.23000000,3.40000000
2016-09-27,2974.59000000,3.12000000,4.41000000,5.15000000,3.37000000
2016-09-28,3000.70000000,3.14000000,4.44000000,5.18000000,3.38000000
2016-09-29,2992.17000000,3.13000000,4.43000000,5.16000000,3.36000000
2016-09-30,2994.25000000,3.14000000,4.43000000,5.16000000,3.36000000
2016-10-10,3020.46000000,3.14000000,4.43000000,5.19000000,3.38000000
2016-10-11,3051.62000000,3.15000000,4.46000000,5.22000000,3.40000000
2016-10-12,3057.32000000,3.14000000,4.44000000,5.20000000,3.40000000
2016-10-13,3057.97000000,3.14000000,4.43000000,5.18000000,3.39000000
2016-10-14,3056.99000000,3.14000000,4.41000000,5.15000000,3.38000000
2016-10-17,3064.69000000,3.14000000,4.41000000,5.17000000,3.38000000
2016-10-18,3037.40000000,3.13000000,4.37000000,5.12000000,3.36000000
2016-10-19,3085.75000000,3.14000000,4.41000000,5.17000000,3.39000000
2016-10-20,3084.91000000,3.15000000,4.41000000,5.18000000,3.39000000
2016-10-21,3081.39000000,3.14000000,4.39000000,5.17000000,3.39000000
2016-10-24,3092.05000000,3.14000000,4.40000000,5.20000000,3.40000000
2016-10-25,3127.97000000,3.17000000,4.43000000,5.28000000,3.43000000
2016-10-26,3129.84000000,3.18000000,4.44000000,5.28000000,3.44000000
2016-10-27,3112.60000000,3.16000000,4.41000000,5.24000000,3.41000000
2016-10-28,3111.70000000,3.15000000,4.41000000,5.23000000,3.39000000
2016-10-31,3097.19000000,3.16000000,4.42000000,5.25000000,3.40000000
2016-11-01,3101.66000000,3.16000000,4.42000000,5.25000000,3.38000000
2016-11-02,3115.73000000,3.16000000,4.42000000,5.28000000,3.39000000
2016-11-03,3096.76000000,3.15000000,4.42000000,5.25000000,3.37000000
2016-11-04,3126.35000000,3.15000000,4.42000000,5.28000000,3.37000000
2016-11-07,3124.89000000,3.15000000,4.40000000,5.24000000,3.36000000
2016-11-08,3140.94000000,3.16000000,4.40000000,5.26000000,3.36000000
2016-11-09,3146.08000000,3.18000000,4.42000000,5.30000000,3.38000000
2016-11-10,3148.54000000,3.16000000,4.42000000,5.29000000,3.37000000
2016-11-11,3169.40000000,3.16000000,4.42000000,5.30000000,3.37000000
2016-11-14,3187.71000000,3.16000000,4.40000000,5.30000000,3.37000000
2016-11-15,3209.95000000,3.17000000,4.40000000,5.32000000,3.39000000
2016-11-16,3208.50000000,3.16000000,4.40000000,5.32000000,3.39000000
2016-11-17,3198.50000000,3.16000000,4.39000000,5.29000000,3.38000000
2016-11-18,3207.19000000,3.16000000,4.39000000,5.30000000,3.39000000
2016-11-21,3188.50000000,3.16000000,4.39000000,5.28000000,3.37000000
2016-11-22,3220.98000000,3.18000000,4.41000000,5.32000000,3.39000000
2016-11-23,3247.94000000,3.19000000,4.42000000,5.35000000,3.42000000
2016-11-24,3237.43000000,3.20000000,4.44000000,5.39000000,3.45000000
2016-11-25,3241.24000000,3.19000000,4.43000000,5.41000000,3.45000000
2016-11-28,3270.05000000,3.22000000,4.50000000,5.57000000,3.50000000
2016-11-29,3269.23000000,3.21000000,4.55000000,5.58000000,3.54000000
2016-11-30,3272.14000000,3.23000000,4.56000000,5.63000000,3.55000000
2016-12-01,3257.03000000,3.21000000,4.52000000,5.56000000,3.51000000
2016-12-02,3270.12000000,3.22000000,4.51000000,5.58000000,3.51000000
2016-12-05,3203.78000000,3.21000000,4.50000000,5.62000000,3.50000000
2016-12-06,3202.03000000,3.24000000,4.55000000,5.64000000,3.51000000
2016-12-07,3198.47000000,3.24000000,4.54000000,5.59000000,3.50000000
2016-12-08,3225.55000000,3.24000000,4.54000000,5.55000000,3.50000000
2016-12-09,3209.34000000,3.23000000,4.54000000,5.56000000,3.51000000
2016-12-12,3233.67000000,3.26000000,4.59000000,5.71000000,3.60000000
2016-12-13,3138.99000000,3.24000000,4.60000000,5.68000000,3.62000000
2016-12-14,3149.38000000,3.21000000,4.56000000,5.61000000,3.57000000
2016-12-15,3125.76000000,3.20000000,4.56000000,5.59000000,3.57000000
2016-12-16,3111.51000000,3.15000000,4.45000000,5.41000000,3.47000000
2016-12-19,3120.70000000,3.15000000,4.43000000,5.35000000,3.45000000
2016-12-20,3115.90000000,3.14000000,4.44000000,5.39000000,3.45000000
2016-12-21,3107.24000000,3.12000000,4.39000000,5.34000000,3.42000000
2016-12-22,3132.16000000,3.13000000,4.42000000,5.37000000,3.45000000
2016-12-23,3134.93000000,3.12000000,4.40000000,5.34000000,3.44000000
2016-12-26,3095.58000000,3.11000000,4.38000000,5.32000000,3.42000000
2016-12-27,3117.39000000,3.12000000,4.39000000,5.35000000,3.43000000
2016-12-28,3113.77000000,3.11000000,4.39000000,5.36000000,3.41000000
2016-12-29,3095.84000000,3.09000000,4.36000000,5.38000000,3.41000000
2016-12-30,3097.35000000,3.10000000,4.38000000,5.43000000,3.42000000
2017-01-03,3105.31000000,3.10000000,4.40000000,5.44000000,3.44000000
2017-01-04,3133.79000000,3.12000000,4.42000000,5.47000000,3.46000000
2017-01-05,3157.91000000,3.13000000,4.43000000,5.49000000,3.48000000
2017-01-06,3163.78000000,3.13000000,4.44000000,5.48000000,3.46000000
2017-01-09,3148.53000000,3.13000000,4.45000000,5.44000000,3.43000000
2017-01-10,3167.57000000,3.12000000,4.45000000,5.46000000,3.44000000
2017-01-11,3156.69000000,3.12000000,4.46000000,5.47000000,3.43000000
2017-01-12,3133.60000000,3.12000000,4.46000000,5.47000000,3.43000000
2017-01-13,3116.08000000,3.11000000,4.45000000,5.47000000,3.42000000
2017-01-16,3104.49000000,3.12000000,4.47000000,5.53000000,3.45000000
2017-01-17,3087.03000000,3.15000000,4.52000000,5.58000000,3.49000000
2017-01-18,3104.77000000,3.15000000,4.52000000,5.61000000,3.50000000
2017-01-19,3104.97000000,3.15000000,4.53000000,5.61000000,3.51000000
2017-01-20,3095.82000000,3.15000000,4.52000000,5.60000000,3.51000000
2017-01-23,3125.42000000,3.16000000,4.52000000,5.61000000,3.52000000
2017-01-24,3134.59000000,3.16000000,4.52000000,5.58000000,3.51000000
2017-01-25,3137.65000000,3.18000000,4.55000000,5.66000000,3.53000000
2017-01-26,3149.22000000,3.19000000,4.56000000,5.69000000,3.54000000
2017-02-03,3160.08000000,3.21000000,4.59000000,5.75000000,3.58000000
2017-02-06,3143.09000000,3.19000000,4.57000000,5.70000000,3.55000000
2017-02-07,3154.40000000,3.18000000,4.55000000,5.65000000,3.55000000
2017-02-08,3148.09000000,3.17000000,4.55000000,5.64000000,3.53000000
2017-02-09,3164.69000000,3.17000000,4.55000000,5.64000000,3.54000000
2017-02-10,3183.01000000,3.19000000,4.57000000,5.69000000,3.57000000
2017-02-13,3198.99000000,3.20000000,4.59000000,5.73000000,3.60000000
2017-02-14,3216.14000000,3.22000000,4.62000000,5.76000000,3.63000000
2017-02-15,3215.46000000,3.22000000,4.62000000,5.79000000,3.62000000
2017-02-16,3210.36000000,3.29000000,4.68000000,5.93000000,3.68000000
2017-02-17,3227.71000000,3.29000000,4.70000000,5.94000000,3.69000000
2017-02-20,3198.96000000,3.25000000,4.63000000,5.85000000,3.64000000
2017-02-21,3242.22000000,3.27000000,4.68000000,5.97000000,3.70000000
2017-02-22,3252.69000000,3.26000000,4.68000000,5.94000000,3.71000000
2017-02-23,3258.83000000,3.27000000,4.70000000,5.97000000,3.71000000
2017-02-24,3246.86000000,3.27000000,4.70000000,5.96000000,3.73000000
2017-02-27,3249.19000000,3.26000000,4.68000000,5.95000000,3.71000000
2017-02-28,3225.97000000,3.24000000,4.68000000,5.89000000,3.68000000
2017-03-01,3240.07000000,3.25000000,4.68000000,5.92000000,3.69000000
2017-03-02,3250.52000000,3.26000000,4.68000000,5.90000000,3.68000000
2017-03-03,3219.20000000,3.24000000,4.66000000,5.89000000,3.66000000
2017-03-06,3217.33000000,3.24000000,4.64000000,5.86000000,3.65000000
2017-03-07,3233.09000000,3.24000000,4.64000000,5.88000000,3.62000000
2017-03-08,3240.53000000,3.23000000,4.66000000,5.93000000,3.63000000
2017-03-09,3233.70000000,3.24000000,4.68000000,5.89000000,3.63000000
2017-03-10,3213.73000000,3.23000000,4.70000000,5.87000000,3.63000000
2017-03-13,3209.45000000,3.23000000,4.70000000,5.86000000,3.63000000
2017-03-14,3235.25000000,3.25000000,4.72000000,5.92000000,3.67000000
2017-03-15,3235.40000000,3.26000000,4.76000000,5.92000000,3.65000000
2017-03-16,3247.16000000,3.26000000,4.74000000,5.92000000,3.66000000
2017-03-17,3271.87000000,3.27000000,4.71000000,5.93000000,3.68000000
2017-03-20,3241.11000000,3.26000000,4.70000000,5.90000000,3.64000000
2017-03-21,3250.25000000,3.26000000,4.70000000,5.88000000,3.66000000
2017-03-22,3246.22000000,3.24000000,4.71000000,5.87000000,3.64000000
2017-03-23,3245.81000000,3.23000000,4.67000000,5.79000000,3.61000000
2017-03-24,3247.35000000,3.24000000,4.67000000,5.82000000,3.61000000
2017-03-27,3268.92000000,3.24000000,4.67000000,5.83000000,3.62000000
2017-03-28,3265.63000000,3.28000000,4.75000000,5.92000000,3.66000000
2017-03-29,3252.87000000,3.28000000,4.74000000,5.91000000,3.64000000
2017-03-30,3235.14000000,3.29000000,4.77000000,5.91000000,3.64000000
2017-03-31,3206.25000000,3.28000000,4.78000000,5.91000000,3.65000000
2017-04-05,3235.66000000,3.33000000,4.84000000,5.97000000,3.67000000
2017-04-06,3272.19000000,3.35000000,4.85000000,6.01000000,3.67000000
2017-04-07,3280.62000000,3.34000000,4.82000000,6.00000000,3.65000000
2017-04-10,3285.46000000,3.36000000,4.86000000,6.04000000,3.64000000
2017-04-11,3266.22000000,3.33000000,4.81000000,5.95000000,3.62000000
2017-04-12,3283.84000000,3.33000000,4.79000000,5.89000000,3.61000000
2017-04-13,3265.22000000,3.32000000,4.84000000,5.95000000,3.62000000
2017-04-14,3276.14000000,3.32000000,4.80000000,5.91000000,3.63000000
2017-04-17,3229.95000000,3.29000000,4.79000000,5.87000000,3.60000000
2017-04-18,3215.40000000,3.29000000,4.80000000,5.87000000,3.60000000
2017-04-19,3184.67000000,3.26000000,4.77000000,5.82000000,3.56000000
2017-04-20,3165.67000000,3.25000000,4.73000000,5.75000000,3.53000000
2017-04-21,3170.29000000,3.26000000,4.73000000,5.76000000,3.51000000
2017-04-24,3164.25000000,3.28000000,4.79000000,5.89000000,3.54000000
2017-04-25,3123.89000000,3.31000000,4.82000000,5.89000000,3.57000000
2017-04-26,3132.92000000,3.32000000,4.82000000,5.92000000,3.57000000
2017-04-27,3131.35000000,3.34000000,4.86000000,5.98000000,3.58000000
2017-04-28,3144.02000000,3.37000000,4.87000000,5.94000000,3.58000000
2017-05-02,3147.23000000,3.37000000,4.86000000,5.97000000,3.58000000
2017-05-03,3138.31000000,3.33000000,4.82000000,5.91000000,3.55000000
2017-05-04,3127.11000000,3.31000000,4.80000000,5.88000000,3.53000000
2017-05-05,3114.77000000,3.31000000,4.79000000,5.88000000,3.52000000
2017-05-08,3090.07000000,3.32000000,4.83000000,5.91000000,3.52000000
2017-05-09,3064.85000000,3.36000000,4.87000000,5.93000000,3.55000000
2017-05-10,3078.17000000,3.35000000,4.86000000,5.93000000,3.56000000
2017-05-11,3036.79000000,3.37000000,4.90000000,5.94000000,3.58000000
2017-05-12,3054.11000000,3.40000000,4.92000000,5.99000000,3.61000000
2017-05-15,3085.93000000,3.46000000,5.05000000,6.17000000,3.67000000
2017-05-16,3082.87000000,3.44000000,5.08000000,6.13000000,3.66000000
2017-05-17,3107.80000000,3.40000000,4.99000000,6.09000000,3.62000000
2017-05-18,3082.33000000,3.39000000,4.94000000,6.03000000,3.60000000
2017-05-19,3086.71000000,3.42000000,5.00000000,6.06000000,3.61000000
2017-05-22,3087.17000000,3.43000000,4.96000000,6.05000000,3.61000000
2017-05-23,3069.39000000,3.45000000,5.03000000,6.11000000,3.63000000
2017-05-24,3047.57000000,3.49000000,5.10000000,6.20000000,3.67000000
2017-05-25,3055.34000000,3.49000000,5.11000000,6.16000000,3.65000000
2017-05-26,3101.29000000,3.49000000,5.13000000,6.29000000,3.68000000
2017-05-31,3125.33000000,3.50000000,5.21000000,6.36000000,3.70000000
2017-06-01,3108.42000000,3.55000000,5.24000000,6.34000000,3.72000000
2017-06-02,3094.23000000,3.58000000,5.31000000,6.40000000,3.74000000
2017-06-05,3102.11000000,3.56000000,5.28000000,6.35000000,3.72000000
2017-06-06,3084.54000000,3.45000000,5.12000000,6.15000000,3.63000000
2017-06-07,3101.76000000,3.47000000,5.13000000,6.18000000,3.64000000
2017-06-08,3136.47000000,3.50000000,5.15000000,6.17000000,3.66000000
2017-06-09,3147.45000000,3.51000000,5.16000000,6.18000000,3.67000000
2017-06-12,3149.53000000,3.50000000,5.16000000,6.20000000,3.65000000
2017-06-13,3134.01000000,3.48000000,5.15000000,6.24000000,3.63000000
2017-06-14,3146.75000000,3.49000000,5.14000000,6.27000000,3.64000000
2017-06-15,3125.59000000,3.47000000,5.14000000,6.23000000,3.62000000
2017-06-16,3126.37000000,3.44000000,5.04000000,6.16000000,3.61000000
2017-06-19,3122.16000000,3.45000000,5.04000000,6.12000000,3.61000000
2017-06-20,3148.02000000,3.44000000,5.00000000,6.13000000,3.61000000
2017-06-21,3148.99000000,3.47000000,5.05000000,6.19000000,3.63000000
2017-06-22,3152.24000000,3.47000000,5.05000000,6.18000000,3.62000000
2017-06-23,3138.44000000,3.49000000,5.10000000,6.26000000,3.64000000
2017-06-26,3157.00000000,3.51000000,5.13000000,6.34000000,3.67000000
2017-06-27,3183.42000000,3.50000000,5.10000000,6.31000000,3.66000000
2017-06-28,3183.63000000,3.48000000,5.09000000,6.37000000,3.66000000
2017-06-29,3174.98000000,3.48000000,5.09000000,6.40000000,3.67000000
2017-06-30,3176.95000000,3.49000000,5.16000000,6.19000000,3.67000000
2017-07-03,3192.00000000,3.51000000,5.24000000,6.14000000,3.70000000
2017-07-04,3192.89000000,3.52000000,5.24000000,6.14000000,3.68000000
2017-07-05,3179.22000000,3.52000000,5.24000000,6.08000000,3.68000000
2017-07-06,3203.86000000,3.52000000,5.21000000,6.08000000,3.68000000
2017-07-07,3203.82000000,3.52000000,5.23000000,6.08000000,3.67000000
2017-07-10,3208.46000000,3.54000000,5.21000000,6.10000000,3.68000000
2017-07-11,3201.52000000,3.53000000,5.00000000,6.08000000,3.69000000
2017-07-12,3201.93000000,3.57000000,5.06000000,6.20000000,3.73000000
2017-07-13,3192.36000000,3.44000000,5.10000000,6.30000000,3.76000000
2017-07-14,3212.03000000,3.47000000,5.17000000,6.31000000,3.68000000
2017-07-17,3219.79000000,3.50000000,5.19000000,6.33000000,3.68000000
2017-07-18,3159.73000000,3.59000000,5.29000000,6.46000000,3.76000000
2017-07-19,3181.40000000,3.56000000,5.27000000,6.39000000,3.75000000
2017-07-20,3227.51000000,3.58000000,5.27000000,6.42000000,3.77000000
2017-07-21,3236.59000000,3.58000000,5.28000000,6.46000000,3.78000000
2017-07-24,3230.90000000,3.60000000,5.32000000,6.43000000,3.77000000
2017-07-25,3249.14000000,3.62000000,5.40000000,6.47000000,3.82000000
2017-07-26,3244.46000000,3.69000000,5.48000000,6.63000000,3.85000000
2017-07-27,3243.76000000,3.74000000,5.57000000,6.74000000,3.91000000
2017-07-28,3240.17000000,3.70000000,5.51000000,6.69000000,3.85000000
2017-07-31,3252.75000000,3.72000000,5.53000000,6.79000000,3.88000000
2017-08-01,3274.37000000,3.71000000,5.51000000,6.74000000,3.92000000
2017-08-02,3288.52000000,3.74000000,5.56000000,6.80000000,3.96000000
2017-08-03,3279.99000000,3.79000000,5.70000000,6.89000000,4.05000000
2017-08-04,3269.32000000,3.76000000,5.63000000,6.83000000,4.05000000
2017-08-07,3257.67000000,3.75000000,5.64000000,6.84000000,4.02000000
2017-08-08,3277.19000000,3.73000000,5.63000000,6.82000000,4.02000000
2017-08-09,3277.81000000,3.71000000,5.65000000,6.85000000,4.05000000
2017-08-10,3269.73000000,3.64000000,5.54000000,6.68000000,3.98000000
2017-08-11,3237.92000000,3.62000000,5.46000000,6.59000000,3.94000000
2017-08-14,3206.04000000,3.62000000,5.50000000,6.58000000,3.92000000
2017-08-15,3235.23000000,3.60000000,5.49000000,6.64000000,3.92000000
2017-08-16,3247.85000000,3.65000000,5.61000000,6.78000000,4.05000000
2017-08-17,3253.85000000,3.63000000,5.63000000,6.76000000,4.03000000
2017-08-18,3253.24000000,3.63000000,5.59000000,6.71000000,4.00000000
2017-08-21,3274.58000000,3.64000000,5.59000000,6.69000000,4.00000000
2017-08-22,3287.61000000,3.66000000,5.62000000,6.73000000,3.99000000
2017-08-23,3283.80000000,3.69000000,5.68000000,6.78000000,4.00000000
2017-08-24,3287.96000000,3.75000000,5.88000000,6.90000000,4.06000000
2017-08-25,3271.46000000,3.78000000,5.90000000,6.96000000,4.06000000
2017-08-28,3336.13000000,3.91000000,6.14000000,7.15000000,4.23000000
2017-08-29,3362.06000000,3.86000000,6.03000000,7.08000000,4.23000000
2017-08-30,3361.82000000,3.90000000,6.08000000,7.10000000,4.30000000
2017-08-31,3361.46000000,3.84000000,5.95000000,7.02000000,4.29000000
2017-09-01,3365.99000000,3.77000000,5.86000000,6.94000000,4.22000000
2017-09-04,3369.72000000,3.69000000,5.77000000,6.84000000,4.20000000
2017-09-05,3377.20000000,3.76000000,5.87000000,6.88000000,4.21000000
2017-09-06,3372.43000000,3.83000000,5.93000000,7.07000000,4.25000000
2017-09-07,3383.63000000,3.84000000,5.90000000,7.00000000,4.26000000
2017-09-08,3364.43000000,3.82000000,5.87000000,7.01000000,4.22000000
2017-09-11,3365.35000000,3.82000000,5.92000000,7.03000000,4.21000000
2017-09-12,3381.49000000,3.83000000,5.88000000,6.99000000,4.20000000
2017-09-13,3374.72000000,3.84000000,5.91000000,6.96000000,4.20000000
2017-09-14,3383.47000000,3.83000000,5.92000000,6.97000000,4.19000000
2017-09-15,3365.15000000,3.77000000,5.86000000,6.84000000,4.10000000
2017-09-18,3352.51000000,3.76000000,5.80000000,6.82000000,4.07000000
2017-09-19,3365.53000000,3.72000000,5.75000000,6.75000000,4.08000000
2017-09-20,3352.18000000,3.71000000,5.75000000,6.78000000,4.07000000
2017-09-21,3364.70000000,3.72000000,5.78000000,6.78000000,4.12000000
2017-09-22,3347.16000000,3.76000000,5.94000000,6.95000000,4.14000000
2017-09-25,3344.59000000,3.78000000,5.95000000,6.93000000,4.19000000
2017-09-26,3336.35000000,3.83000000,6.09000000,7.07000000,4.21000000
2017-09-27,3340.82000000,3.84000000,6.05000000,7.04000000,4.20000000
2017-09-28,3343.84000000,3.82000000,6.00000000,6.97000000,4.15000000
2017-09-29,3340.31000000,3.83000000,6.04000000,6.95000000,4.13000000
2017-10-09,3403.25000000,3.91000000,6.27000000,7.22000000,4.24000000
2017-10-10,3373.34000000,3.78000000,6.09000000,7.00000000,4.13000000
2017-10-11,3381.49000000,3.78000000,6.11000000,7.07000000,4.14000000
2017-10-12,3385.53000000,3.83000000,6.18000000,7.10000000,4.18000000
2017-10-13,3384.49000000,3.80000000,6.20000000,7.09000000,4.15000000
2017-10-16,3393.21000000,3.77000000,6.12000000,7.05000000,4.14000000
2017-10-17,3373.23000000,3.80000000,6.19000000,7.13000000,4.15000000
2017-10-18,3373.53000000,3.78000000,6.17000000,7.09000000,4.14000000
2017-10-19,3374.64000000,3.81000000,6.25000000,7.20000000,4.15000000
2017-10-20,3363.51000000,3.83000000,6.32000000,7.27000000,4.17000000
2017-10-23,3382.28000000,3.82000000,6.24000000,7.20000000,4.16000000
2017-10-24,3376.60000000,3.79000000,6.19000000,7.13000000,4.11000000
2017-10-25,3384.86000000,3.80000000,6.21000000,7.14000000,4.12000000
2017-10-26,3397.52000000,3.76000000,6.14000000,7.09000000,4.07000000
2017-10-27,3404.50000000,3.69000000,6.05000000,7.03000000,3.99000000
2017-10-30,3413.87000000,3.72000000,6.18000000,7.16000000,4.03000000
2017-10-31,3381.00000000,3.75000000,6.24000000,7.22000000,4.02000000
2017-11-01,3393.97000000,3.74000000,6.11000000,7.16000000,3.94000000
2017-11-02,3391.65000000,3.72000000,6.09000000,7.06000000,3.90000000
2017-11-03,3377.74000000,3.72000000,6.07000000,7.04000000,3.88000000
2017-11-06,3369.69000000,3.70000000,6.06000000,6.97000000,3.86000000
2017-11-07,3389.47000000,3.68000000,6.03000000,6.95000000,3.87000000
2017-11-08,3409.15000000,3.70000000,6.06000000,7.01000000,3.92000000
2017-11-09,3410.67000000,3.70000000,6.02000000,7.00000000,3.94000000
2017-11-10,3423.18000000,3.67000000,5.95000000,6.91000000,3.92000000
2017-11-13,3435.18000000,3.63000000,5.84000000,6.81000000,3.86000000
2017-11-14,3446.55000000,3.63000000,5.96000000,6.83000000,3.87000000
2017-11-15,3416.21000000,3.61000000,5.88000000,6.84000000,3.87000000
2017-11-16,3393.19000000,3.61000000,5.89000000,6.83000000,3.87000000
2017-11-17,3392.68000000,3.57000000,5.86000000,6.79000000,3.85000000
2017-11-20,3361.36000000,3.64000000,6.01000000,6.96000000,3.91000000
2017-11-21,3382.36000000,3.67000000,6.08000000,7.09000000,3.94000000
2017-11-22,3417.33000000,3.68000000,6.14000000,7.20000000,3.94000000
2017-11-23,3425.01000000,3.81000000,6.23000000,7.37000000,4.02000000
2017-11-24,3340.38000000,3.77000000,6.11000000,7.33000000,3.99000000
2017-11-27,3346.66000000,3.79000000,6.04000000,7.26000000,3.99000000
2017-11-28,3311.23000000,3.77000000,5.95000000,7.16000000,3.93000000
2017-11-29,3335.57000000,3.75000000,5.94000000,7.09000000,3.92000000
2017-11-30,3328.64000000,3.75000000,5.92000000,7.11000000,3.93000000
2017-12-01,3315.10000000,3.75000000,5.91000000,7.14000000,3.93000000
2017-12-04,3310.38000000,3.73000000,5.87000000,6.95000000,3.92000000
2017-12-05,3301.69000000,3.74000000,5.89000000,7.00000000,3.92000000
2017-12-06,3291.31000000,3.80000000,5.98000000,7.14000000,3.98000000
2017-12-07,3283.28000000,3.79000000,5.94000000,7.12000000,3.96000000
2017-12-08,3264.48000000,3.76000000,5.88000000,7.00000000,3.94000000
2017-12-11,3290.49000000,3.73000000,5.88000000,6.99000000,3.92000000
2017-12-12,3320.31000000,3.73000000,5.88000000,6.98000000,3.93000000
2017-12-13,3278.40000000,3.70000000,5.85000000,6.93000000,3.88000000
2017-12-14,3302.93000000,3.72000000,5.90000000,7.05000000,3.91000000
2017-12-15,3287.53000000,3.71000000,5.88000000,6.99000000,3.90000000
2017-12-18,3268.03000000,3.68000000,5.86000000,6.98000000,3.88000000
2017-12-19,3266.02000000,3.67000000,5.90000000,7.09000000,3.87000000
2017-12-20,3296.74000000,3.70000000,5.99000000,7.24000000,3.90000000
2017-12-21,3281.12000000,3.70000000,5.97000000,7.30000000,3.90000000
2017-12-22,3297.69000000,3.70000000,5.97000000,7.25000000,3.91000000
2017-12-25,3296.21000000,3.68000000,5.93000000,7.24000000,3.90000000
2017-12-26,3277.84000000,3.68000000,6.00000000,7.41000000,3.92000000
2017-12-27,3302.46000000,3.76000000,6.09000000,7.49000000,3.95000000
2017-12-28,3272.29000000,3.74000000,6.03000000,7.50000000,3.90000000
2017-12-29,3295.25000000,3.79000000,6.13000000,7.55000000,3.94000000
2018-01-02,3314.03000000,3.84000000,6.19000000,7.69000000,3.98000000
2018-01-03,3347.74000000,3.83000000,6.18000000,7.70000000,3.97000000
2018-01-04,3371.00000000,3.88000000,6.18000000,7.76000000,4.00000000
2018-01-05,3386.46000000,3.87000000,6.09000000,7.64000000,4.00000000
2018-01-08,3391.55000000,3.88000000,6.09000000,7.70000000,3.98000000
2018-01-09,3406.11000000,3.85000000,6.07000000,7.59000000,4.01000000
2018-01-10,3414.11000000,3.82000000,6.08000000,7.58000000,3.97000000
2018-01-11,3415.58000000,3.91000000,6.18000000,7.78000000,4.03000000
2018-01-12,3423.88000000,4.00000000,6.20000000,7.89000000,4.09000000
2018-01-15,3428.95000000,4.02000000,6.24000000,7.88000000,4.10000000
2018-01-16,3403.47000000,4.11000000,6.43000000,8.06000000,4.17000000
2018-01-17,3438.58000000,4.15000000,6.64000000,8.25000000,4.23000000
2018-01-18,3449.88000000,4.27000000,6.75000000,8.45000000,4.27000000
2018-01-19,3481.62000000,4.42000000,7.14000000,9.00000000,4.43000000
2018-01-22,3476.99000000,4.44000000,7.04000000,8.95000000,4.37000000
2018-01-23,3504.34000000,4.37000000,7.15000000,9.01000000,4.40000000
2018-01-24,3553.48000000,4.54000000,7.49000000,9.73000000,4.71000000
2018-01-25,3555.17000000,4.52000000,7.33000000,9.60000000,4.66000000
2018-01-26,3535.49000000,4.52000000,7.29000000,9.43000000,4.61000000
2018-01-29,3563.64000000,4.51000000,7.37000000,9.60000000,4.67000000
2018-01-30,3511.50000000,4.51000000,7.40000000,9.49000000,4.57000000
2018-01-31,3470.51000000,4.41000000,7.28000000,9.37000000,4.46000000
2018-02-01,3478.67000000,4.45000000,7.44000000,9.47000000,4.53000000
2018-02-02,3419.22000000,4.48000000,7.60000000,9.45000000,4.58000000
2018-02-05,3411.67000000,4.46000000,7.48000000,9.43000000,4.51000000
2018-02-06,3418.01000000,4.65000000,7.59000000,9.61000000,4.69000000
2018-02-07,3412.74000000,4.70000000,7.57000000,9.51000000,4.82000000
2018-02-08,3281.05000000,4.43000000,7.05000000,8.71000000,4.52000000
2018-02-09,3172.85000000,4.17000000,6.58000000,8.24000000,4.30000000
2018-02-12,3128.37000000,4.14000000,6.64000000,8.30000000,4.25000000
2018-02-13,3176.11000000,4.13000000,6.66000000,8.37000000,4.24000000
2018-02-14,3188.25000000,4.15000000,6.79000000,8.43000000,4.27000000
2018-02-22,3237.57000000,4.27000000,7.03000000,8.70000000,4.34000000
2018-02-23,3275.43000000,4.31000000,7.03000000,8.81000000,4.39000000
2018-02-26,3307.29000000,4.37000000,7.06000000,8.90000000,4.42000000
2018-02-27,3328.67000000,4.31000000,7.00000000,8.71000000,4.40000000
2018-02-28,3264.06000000,4.14000000,6.71000000,8.30000000,4.27000000
2018-03-01,3235.09000000,4.10000000,6.63000000,8.23000000,4.20000000
2018-03-02,3248.45000000,4.09000000,6.61000000,8.16000000,4.20000000
2018-03-05,3255.87000000,4.10000000,6.67000000,8.17000000,4.16000000
2018-03-06,3266.49000000,4.10000000,6.65000000,8.18000000,4.17000000
2018-03-07,3288.86000000,4.06000000,6.59000000,8.19000000,4.21000000
2018-03-08,3268.35000000,4.04000000,6.65000000,8.26000000,4.22000000
2018-03-09,3291.43000000,4.03000000,6.58000000,8.22000000,4.20000000
2018-03-12,3319.21000000,4.04000000,6.60000000,8.30000000,4.20000000
2018-03-13,3324.12000000,4.08000000,6.49000000,8.14000000,4.18000000
2018-03-14,3298.67000000,4.12000000,6.46000000,8.14000000,4.18000000
2018-03-15,3277.51000000,4.07000000,6.41000000,8.00000000,4.15000000
2018-03-16,3290.21000000,4.12000000,6.46000000,8.05000000,4.17000000
2018-03-19,3264.93000000,4.06000000,6.34000000,7.91000000,4.13000000
2018-03-20,3257.22000000,4.05000000,6.35000000,7.97000000,4.12000000
2018-03-21,3299.73000000,4.10000000,6.55000000,8.15000000,4.17000000
2018-03-22,3281.26000000,4.11000000,6.49000000,8.11000000,4.16000000
2018-03-23,3172.77000000,3.97000000,6.34000000,7.86000000,4.11000000
2018-03-26,3117.32000000,3.93000000,6.23000000,7.72000000,4.08000000
2018-03-27,3164.80000000,3.87000000,6.09000000,7.59000000,4.03000000
2018-03-28,3130.57000000,3.81000000,5.92000000,7.36000000,3.93000000
2018-03-29,3127.26000000,3.85000000,6.00000000,7.46000000,3.96000000
2018-03-30,3161.79000000,3.95000000,6.10000000,7.68000000,3.99000000
2018-04-02,3169.78000000,3.90000000,6.08000000,7.74000000,3.93000000
2018-04-03,3130.01000000,3.81000000,5.90000000,7.42000000,3.85000000
2018-04-04,3147.05000000,3.83000000,5.90000000,7.46000000,3.87000000
2018-04-09,3125.44000000,3.82000000,5.88000000,7.39000000,3.84000000
2018-04-10,3144.26000000,3.83000000,5.86000000,7.36000000,3.85000000
2018-04-11,3197.37000000,3.92000000,6.12000000,7.82000000,3.93000000
2018-04-12,3203.28000000,3.98000000,6.22000000,7.89000000,3.95000000
2018-04-13,3192.04000000,3.93000000,6.13000000,7.80000000,3.95000000
2018-04-16,3152.89000000,3.85000000,6.00000000,7.55000000,3.85000000
2018-04-17,3112.97000000,3.75000000,5.82000000,7.30000000,3.77000000
2018-04-18,3091.91000000,3.77000000,5.87000000,7.42000000,3.81000000
2018-04-19,3094.27000000,3.76000000,5.88000000,7.34000000,3.78000000
2018-04-20,3105.46000000,3.76000000,5.90000000,7.40000000,3.78000000
2018-04-23,3063.44000000,3.73000000,5.87000000,7.33000000,3.76000000
2018-04-24,3069.75000000,3.77000000,6.04000000,7.50000000,3.78000000
2018-04-25,3112.40000000,3.82000000,6.03000000,7.53000000,3.82000000
2018-04-26,3119.50000000,3.81000000,5.99000000,7.49000000,3.81000000
2018-04-27,3082.41000000,3.79000000,5.95000000,7.44000000,3.80000000
2018-05-02,3087.41000000,3.85000000,6.06000000,7.58000000,3.83000000
2018-05-03,3074.52000000,3.85000000,5.98000000,7.47000000,3.80000000
2018-05-04,3093.12000000,3.83000000,5.93000000,7.42000000,3.81000000
2018-05-07,3094.90000000,3.84000000,5.91000000,7.35000000,3.81000000
2018-05-08,3135.30000000,3.85000000,5.95000000,7.41000000,3.83000000
2018-05-09,3160.14000000,3.90000000,5.99000000,7.59000000,3.87000000
2018-05-10,3169.05000000,3.91000000,6.01000000,7.61000000,3.88000000
2018-05-11,3179.80000000,3.90000000,6.01000000,7.61000000,3.89000000
2018-05-14,3167.04000000,3.92000000,6.09000000,7.75000000,3.90000000
2018-05-15,3180.42000000,3.95000000,6.08000000,7.81000000,3.91000000
2018-05-16,3180.23000000,3.90000000,6.07000000,7.71000000,3.88000000
2018-05-17,3170.01000000,3.86000000,6.01000000,7.63000000,3.85000000
2018-05-18,3151.08000000,3.84000000,5.95000000,7.59000000,3.85000000
2018-05-21,3206.18000000,3.91000000,6.08000000,7.77000000,3.91000000
2018-05-22,3211.25000000,3.91000000,6.01000000,7.62000000,3.91000000
2018-05-23,3205.44000000,3.87000000,5.95000000,7.49000000,3.87000000
2018-05-24,3167.94000000,3.84000000,5.86000000,7.37000000,3.84000000
2018-05-25,3148.41000000,3.64000000,5.76000000,7.27000000,3.81000000
2018-05-28,3136.81000000,3.63000000,5.76000000,7.28000000,3.81000000
2018-05-29,3129.62000000,3.60000000,5.75000000,7.25000000,3.80000000
2018-05-30,3081.14000000,3.59000000,5.65000000,7.11000000,3.80000000
2018-05-31,3061.83000000,3.59000000,5.66000000,7.09000000,3.78000000
2018-06-01,3084.75000000,3.57000000,5.64000000,7.09000000,3.76000000
2018-06-04,3083.43000000,3.61000000,5.66000000,7.10000000,3.77000000
2018-06-05,3088.01000000,3.67000000,5.71000000,7.16000000,3.79000000
2018-06-06,3109.17000000,3.67000000,5.69000000,7.14000000,3.79000000
2018-06-07,3121.18000000,3.65000000,5.67000000,7.18000000,3.78000000
2018-06-08,3100.60000000,3.64000000,5.67000000,7.15000000,3.77000000
2018-06-11,3057.34000000,3.58000000,5.57000000,7.01000000,3.73000000
2018-06-12,3053.03000000,3.59000000,5.58000000,7.00000000,3.73000000
2018-06-13,3071.46000000,3.60000000,5.58000000,7.06000000,3.74000000
2018-06-14,3038.07000000,3.58000000,5.54000000,7.02000000,3.71000000
2018-06-15,3037.45000000,3.60000000,5.61000000,7.09000000,3.73000000
2018-06-19,2982.65000000,3.61000000,5.66000000,7.16000000,3.73000000
2018-06-20,2889.98000000,3.61000000,5.70000000,7.17000000,3.75000000
2018-06-21,2912.00000000,3.58000000,5.69000000,7.11000000,3.73000000
2018-06-22,2855.58000000,3.57000000,5.65000000,7.02000000,3.72000000
2018-06-25,2903.45000000,3.59000000,5.69000000,7.12000000,3.75000000
2018-06-26,2829.99000000,3.51000000,5.51000000,6.84000000,3.68000000
2018-06-27,2842.40000000,3.45000000,5.40000000,6.68000000,3.64000000
2018-06-28,2799.90000000,3.40000000,5.28000000,6.53000000,3.59000000
2018-06-29,2789.81000000,3.38000000,5.22000000,6.44000000,3.57000000
2018-07-02,2841.58000000,3.43000000,5.30000000,6.53000000,3.60000000
2018-07-03,2774.57000000,3.32000000,5.09000000,6.23000000,3.46000000
2018-07-04,2776.63000000,3.30000000,5.13000000,6.31000000,3.50000000
2018-07-05,2755.34000000,3.32000000,5.17000000,6.31000000,3.53000000
2018-07-06,2731.35000000,3.34000000,5.23000000,6.40000000,3.58000000
2018-07-09,2752.45000000,3.40000000,5.31000000,6.49000000,3.61000000
2018-07-10,2819.71000000,3.51000000,5.56000000,6.82000000,3.76000000
2018-07-11,2780.70000000,3.45000000,5.41000000,6.60000000,3.67000000
2018-07-12,2771.04000000,3.46000000,5.47000000,6.71000000,3.71000000
2018-07-13,2831.43000000,3.54000000,5.45000000,6.99000000,3.62000000
2018-07-16,2827.08000000,3.49000000,5.33000000,6.94000000,3.56000000
2018-07-17,2806.89000000,3.42000000,5.23000000,6.47000000,3.50000000
2018-07-18,2801.78000000,3.42000000,5.24000000,6.39000000,3.49000000
2018-07-19,2791.02000000,3.42000000,5.24000000,6.43000000,3.47000000
2018-07-20,2769.75000000,3.36000000,5.16000000,6.34000000,3.45000000
2018-07-23,2815.20000000,3.51000000,5.48000000,6.77000000,3.53000000
2018-07-24,2862.27000000,3.60000000,5.62000000,6.92000000,3.58000000
2018-07-25,2911.45000000,3.64000000,5.61000000,6.95000000,3.61000000
2018-07-26,2905.79000000,3.64000000,5.62000000,6.92000000,3.60000000
2018-07-27,2879.69000000,3.59000000,5.53000000,6.85000000,3.56000000
2018-07-30,2871.94000000,3.58000000,5.53000000,6.85000000,3.56000000
2018-07-31,2866.90000000,3.59000000,5.59000000,6.94000000,3.59000000
2018-08-01,2882.51000000,3.64000000,5.65000000,7.02000000,3.62000000
2018-08-02,2815.34000000,3.59000000,5.52000000,6.80000000,3.55000000
2018-08-03,2763.40000000,3.50000000,5.44000000,6.74000000,3.49000000
2018-08-06,2736.53000000,3.53000000,5.51000000,6.82000000,3.49000000
2018-08-07,2711.74000000,3.57000000,5.51000000,6.90000000,3.51000000
2018-08-08,2771.13000000,3.63000000,5.56000000,6.96000000,3.55000000
2018-08-09,2729.58000000,3.56000000,5.47000000,6.81000000,3.52000000
2018-08-10,2791.40000000,3.63000000,5.55000000,6.91000000,3.56000000
2018-08-13,2769.02000000,3.58000000,5.47000000,6.81000000,3.52000000
2018-08-14,2780.74000000,3.55000000,5.37000000,6.65000000,3.50000000
2018-08-15,2777.25000000,3.54000000,5.36000000,6.65000000,3.50000000
2018-08-16,2691.43000000,3.47000000,5.22000000,6.49000000,3.43000000
2018-08-17,2723.89000000,3.52000000,5.30000000,6.65000000,3.48000000
2018-08-20,2673.07000000,3.51000000,5.29000000,6.55000000,3.46000000
2018-08-21,2700.34000000,3.57000000,5.38000000,6.65000000,3.50000000
2018-08-22,2731.96000000,3.59000000,5.40000000,6.71000000,3.51000000
2018-08-23,2714.87000000,3.57000000,5.38000000,6.70000000,3.50000000
2018-08-24,2717.08000000,3.56000000,5.39000000,6.66000000,3.50000000
2018-08-27,2736.32000000,3.62000000,5.49000000,6.83000000,3.54000000
2018-08-28,2782.29000000,3.64000000,5.53000000,6.92000000,3.55000000
2018-08-29,2774.86000000,3.63000000,5.50000000,6.92000000,3.55000000
2018-08-30,2769.33000000,3.63000000,5.48000000,6.90000000,3.56000000
2018-08-31,2730.11000000,3.60000000,5.36000000,6.83000000,3.54000000
2018-09-03,2716.40000000,3.62000000,5.42000000,6.87000000,3.55000000
2018-09-04,2720.65000000,3.64000000,5.43000000,6.88000000,3.55000000
2018-09-05,2741.38000000,3.64000000,5.41000000,6.89000000,3.57000000
2018-09-06,2697.58000000,3.60000000,5.33000000,6.68000000,3.53000000
2018-09-07,2696.68000000,3.58000000,5.34000000,6.68000000,3.50000000
2018-09-10,2698.01000000,3.58000000,5.34000000,6.61000000,3.50000000
2018-09-11,2668.49000000,3.59000000,5.34000000,6.63000000,3.51000000
2018-09-12,2659.74000000,3.58000000,5.31000000,6.55000000,3.50000000
2018-09-13,2679.21000000,3.59000000,5.34000000,6.59000000,3.51000000
2018-09-14,2688.78000000,3.63000000,5.39000000,6.63000000,3.54000000
2018-09-17,2671.29000000,3.62000000,5.36000000,6.63000000,3.53000000
2018-09-18,2644.30000000,3.62000000,5.33000000,6.60000000,3.53000000
2018-09-19,2694.80000000,3.64000000,5.37000000,6.67000000,3.55000000
2018-09-20,2732.17000000,3.65000000,5.44000000,6.80000000,3.58000000
2018-09-21,2733.87000000,3.68000000,5.51000000,6.88000000,3.57000000
2018-09-25,2775.07000000,3.86000000,5.67000000,7.10000000,3.65000000
2018-09-26,2785.32000000,3.86000000,5.69000000,7.09000000,3.65000000
2018-09-27,2805.79000000,3.84000000,5.69000000,7.11000000,3.67000000
2018-09-28,2794.26000000,3.84000000,5.69000000,7.12000000,3.68000000
2018-10-08,2768.21000000,3.81000000,5.63000000,7.04000000,3.66000000
2018-10-09,2713.73000000,3.77000000,5.52000000,6.91000000,3.61000000
2018-10-10,2723.72000000,3.75000000,5.54000000,6.90000000,3.60000000
2018-10-11,2643.07000000,3.66000000,5.42000000,6.69000000,3.54000000
2018-10-12,2574.04000000,3.66000000,5.40000000,6.74000000,3.49000000
2018-10-15,2605.91000000,3.74000000,5.52000000,6.92000000,3.54000000
2018-10-16,2567.76000000,3.70000000,5.43000000,6.82000000,3.51000000
2018-10-17,2574.31000000,3.76000000,5.50000000,6.93000000,3.54000000
2018-10-18,2544.91000000,3.76000000,5.42000000,6.82000000,3.53000000
2018-10-19,2460.08000000,3.68000000,5.35000000,6.70000000,3.50000000
2018-10-22,2565.64000000,3.81000000,5.50000000,7.02000000,3.62000000
2018-10-23,2652.65000000,3.87000000,5.63000000,7.15000000,3.68000000
2018-10-24,2579.97000000,3.80000000,5.46000000,6.98000000,3.62000000
2018-10-25,2540.93000000,3.81000000,5.52000000,7.00000000,3.63000000
2018-10-26,2610.90000000,3.88000000,5.66000000,7.26000000,3.71000000
2018-10-29,2593.59000000,3.90000000,5.67000000,7.28000000,3.71000000
2018-10-30,2538.57000000,3.82000000,5.61000000,7.09000000,3.70000000
2018-10-31,2573.01000000,3.85000000,5.61000000,7.15000000,3.74000000
2018-11-01,2617.03000000,3.87000000,5.65000000,7.17000000,3.72000000
2018-11-02,2649.25000000,3.86000000,5.63000000,7.17000000,3.70000000
2018-11-05,2665.43000000,3.85000000,5.61000000,7.11000000,3.69000000
2018-11-06,2660.72000000,3.81000000,5.57000000,7.04000000,3.68000000
2018-11-07,2659.84000000,3.80000000,5.53000000,6.99000000,3.67000000
2018-11-08,2660.09000000,3.81000000,5.53000000,7.01000000,3.68000000
2018-11-09,2621.24000000,3.76000000,5.47000000,6.85000000,3.66000000
2018-11-12,2593.20000000,3.64000000,5.31000000,6.69000000,3.59000000
2018-11-13,2600.50000000,3.61000000,5.31000000,6.66000000,3.58000000
2018-11-14,2648.31000000,3.64000000,5.37000000,6.71000000,3.62000000
2018-11-15,2632.14000000,3.59000000,5.31000000,6.61000000,3.57000000
2018-11-16,2669.78000000,3.61000000,5.35000000,6.68000000,3.60000000
2018-11-19,2681.90000000,3.61000000,5.36000000,6.67000000,3.61000000
2018-11-20,2684.29000000,3.64000000,5.39000000,6.73000000,3.63000000
2018-11-21,2619.82000000,3.58000000,5.31000000,6.69000000,3.59000000
2018-11-22,2655.90000000,3.62000000,5.37000000,6.72000000,3.62000000
2018-11-23,2640.67000000,3.59000000,5.36000000,6.68000000,3.60000000
2018-11-26,2580.84000000,3.58000000,5.35000000,6.66000000,3.59000000
2018-11-27,2585.83000000,3.60000000,5.35000000,6.70000000,3.61000000
2018-11-28,2575.45000000,3.57000000,5.33000000,6.66000000,3.58000000
2018-11-29,2613.78000000,3.59000000,5.37000000,6.72000000,3.61000000
2018-11-30,2564.56000000,3.56000000,5.32000000,6.64000000,3.58000000
2018-12-03,2647.13000000,3.62000000,5.41000000,6.76000000,3.64000000
2018-12-04,2651.56000000,3.61000000,5.41000000,6.75000000,3.65000000
2018-12-05,2629.83000000,3.59000000,5.38000000,6.70000000,3.63000000
2018-12-06,2629.82000000,3.59000000,5.35000000,6.67000000,3.63000000
2018-12-07,2609.34000000,3.58000000,5.35000000,6.66000000,3.61000000
2018-12-10,2589.19000000,3.56000000,5.31000000,6.60000000,3.59000000
2018-12-11,2587.01000000,3.56000000,5.33000000,6.57000000,3.57000000
2018-12-12,2608.11000000,3.57000000,5.34000000,6.62000000,3.58000000
2018-12-13,2607.14000000,3.57000000,5.35000000,6.66000000,3.59000000
2018-12-14,2627.28000000,3.58000000,5.36000000,6.70000000,3.60000000
2018-12-17,2587.26000000,3.56000000,5.33000000,6.63000000,3.58000000
2018-12-18,2583.63000000,3.56000000,5.35000000,6.63000000,3.59000000
2018-12-19,2578.68000000,3.55000000,5.36000000,6.63000000,3.60000000
2018-12-20,2544.51000000,3.53000000,5.33000000,6.55000000,3.58000000
2018-12-21,2526.55000000,3.50000000,5.20000000,6.36000000,3.54000000
2018-12-24,2506.74000000,3.49000000,5.14000000,6.27000000,3.56000000
2018-12-25,2503.95000000,3.52000000,5.16000000,6.24000000,3.58000000
2018-12-26,2501.12000000,3.55000000,5.22000000,6.26000000,3.61000000
2018-12-27,2527.72000000,3.61000000,5.30000000,6.35000000,3.63000000
2018-12-28,2483.62000000,3.61000000,5.30000000,6.31000000,3.64000000
2019-01-02,2497.88000000,3.61000000,5.30000000,6.37000000,3.62000000
2019-01-03,2461.78000000,3.51000000,5.18000000,6.25000000,3.54000000
2019-01-04,2446.02000000,3.53000000,5.18000000,6.21000000,3.53000000
2019-01-07,2528.70000000,3.61000000,5.30000000,6.38000000,3.59000000
2019-01-08,2530.30000000,3.57000000,5.25000000,6.33000000,3.57000000
2019-01-09,2536.42000000,3.54000000,5.21000000,6.36000000,3.54000000
2019-01-10,2543.85000000,3.55000000,5.24000000,6.39000000,3.54000000
2019-01-11,2539.55000000,3.51000000,5.23000000,6.35000000,3.53000000
2019-01-14,2553.33000000,3.53000000,5.26000000,6.36000000,3.53000000
2019-01-15,2537.37000000,3.50000000,5.21000000,6.31000000,3.51000000
2019-01-16,2569.07000000,3.52000000,5.23000000,6.38000000,3.52000000
2019-01-17,2573.58000000,3.53000000,5.25000000,6.43000000,3.53000000
2019-01-18,2567.74000000,3.54000000,5.27000000,6.48000000,3.54000000
2019-01-21,2599.06000000,3.58000000,5.41000000,6.65000000,3.57000000
2019-01-22,2609.64000000,3.59000000,5.46000000,6.67000000,3.57000000
2019-01-23,2575.26000000,3.57000000,5.40000000,6.61000000,3.56000000
2019-01-24,2584.65000000,3.60000000,5.46000000,6.68000000,3.57000000
2019-01-25,2596.26000000,3.63000000,5.48000000,6.72000000,3.60000000
2019-01-28,2615.71000000,3.69000000,5.60000000,6.87000000,3.63000000
2019-01-29,2592.35000000,3.67000000,5.51000000,6.79000000,3.62000000
2019-01-30,2584.75000000,3.69000000,5.54000000,6.83000000,3.64000000
2019-01-31,2581.33000000,3.70000000,5.57000000,6.90000000,3.64000000
2019-02-01,2597.78000000,3.73000000,5.68000000,7.10000000,3.69000000
2019-02-11,2613.17000000,3.70000000,5.62000000,7.02000000,3.66000000
2019-02-12,2654.03000000,3.71000000,5.64000000,7.08000000,3.67000000
2019-02-13,2674.52000000,3.72000000,5.65000000,7.06000000,3.69000000
2019-02-14,2715.54000000,3.76000000,5.69000000,7.09000000,3.72000000
2019-02-15,2712.79000000,3.71000000,5.63000000,7.01000000,3.69000000
2019-02-18,2699.82000000,3.67000000,5.54000000,6.88000000,3.67000000
2019-02-19,2759.50000000,3.71000000,5.59000000,6.95000000,3.69000000
2019-02-20,2761.06000000,3.70000000,5.58000000,7.00000000,3.69000000
2019-02-21,2759.94000000,3.70000000,5.57000000,6.99000000,3.68000000
2019-02-22,2749.46000000,3.67000000,5.55000000,6.92000000,3.66000000
2019-02-25,2838.39000000,3.70000000,5.57000000,7.00000000,3.70000000
2019-02-26,2969.10000000,3.85000000,5.89000000,7.30000000,3.87000000
2019-02-27,2939.93000000,3.79000000,5.78000000,7.20000000,3.84000000
2019-02-28,2950.05000000,3.82000000,5.79000000,7.24000000,3.88000000
2019-03-01,2954.40000000,3.82000000,5.77000000,7.22000000,3.85000000
2019-03-04,3015.94000000,3.87000000,5.90000000,7.42000000,3.92000000
2019-03-05,3019.88000000,3.85000000,5.83000000,7.30000000,3.90000000
2019-03-06,3060.43000000,3.84000000,5.80000000,7.25000000,3.89000000
2019-03-07,3103.67000000,3.84000000,5.84000000,7.30000000,3.93000000
2019-03-08,3038.34000000,3.77000000,5.70000000,7.10000000,3.87000000
2019-03-11,2969.08000000,3.69000000,5.58000000,6.91000000,3.74000000
2019-03-12,3049.08000000,3.72000000,5.63000000,6.98000000,3.79000000
2019-03-13,3062.33000000,3.74000000,5.61000000,7.00000000,3.83000000
2019-03-14,3013.60000000,3.70000000,5.57000000,6.93000000,3.80000000
2019-03-15,3000.88000000,3.70000000,5.56000000,6.94000000,3.79000000
2019-03-18,3027.80000000,3.72000000,5.57000000,7.03000000,3.79000000
2019-03-19,3099.90000000,3.76000000,5.67000000,7.16000000,3.84000000
2019-03-20,3084.17000000,3.73000000,5.63000000,7.13000000,3.81000000
2019-03-21,3094.12000000,3.73000000,5.61000000,7.13000000,3.80000000
2019-03-22,3100.73000000,3.72000000,5.59000000,7.08000000,3.80000000
2019-03-25,3058.80000000,3.69000000,5.53000000,6.96000000,3.78000000
2019-03-26,3057.56000000,3.68000000,5.49000000,6.88000000,3.75000000
2019-03-27,3012.26000000,3.67000000,5.46000000,6.84000000,3.73000000
2019-03-28,3009.80000000,3.68000000,5.49000000,6.86000000,3.72000000
2019-03-29,3000.68000000,3.67000000,5.47000000,6.83000000,3.71000000
2019-04-01,3111.66000000,3.73000000,5.59000000,6.97000000,3.79000000
2019-04-02,3183.27000000,3.78000000,5.66000000,7.16000000,3.84000000
2019-04-03,3159.15000000,3.72000000,5.60000000,7.05000000,3.81000000
2019-04-04,3233.69000000,3.75000000,5.70000000,7.25000000,3.85000000
2019-04-08,3271.27000000,3.80000000,5.85000000,7.50000000,3.91000000
2019-04-09,3240.39000000,3.78000000,5.81000000,7.34000000,3.89000000
2019-04-10,3224.65000000,3.77000000,5.75000000,7.29000000,3.86000000
2019-04-11,3241.55000000,3.77000000,5.75000000,7.33000000,3.86000000
2019-04-12,3184.86000000,3.73000000,5.72000000,7.22000000,3.87000000
2019-04-15,3233.46000000,3.77000000,5.81000000,7.33000000,3.91000000
2019-04-16,3164.40000000,3.76000000,5.78000000,7.33000000,3.88000000
2019-04-17,3250.15000000,3.87000000,5.99000000,7.70000000,4.00000000
2019-04-18,3261.07000000,3.87000000,6.01000000,7.71000000,4.02000000
2019-04-19,3250.15000000,3.84000000,5.94000000,7.60000000,4.01000000
2019-04-22,3278.49000000,3.85000000,5.99000000,7.61000000,4.04000000
2019-04-23,3211.87000000,3.78000000,5.84000000,7.34000000,3.93000000
2019-04-24,3203.56000000,3.78000000,5.82000000,7.41000000,3.96000000
2019-04-25,3190.59000000,3.77000000,5.79000000,7.39000000,3.90000000
2019-04-26,3108.16000000,3.73000000,5.71000000,7.30000000,3.87000000
2019-04-29,3090.63000000,3.73000000,5.73000000,7.29000000,3.87000000
2019-04-30,3052.62000000,3.73000000,5.80000000,7.35000000,3.89000000
2019-05-06,2984.73000000,3.71000000,5.69000000,7.24000000,3.85000000
2019-05-07,2914.29000000,3.67000000,5.70000000,7.17000000,3.79000000
2019-05-08,2873.14000000,3.64000000,5.60000000,7.02000000,3.74000000
2019-05-09,2871.20000000,3.60000000,5.57000000,6.96000000,3.71000000
2019-05-10,2878.23000000,3.61000000,5.54000000,6.93000000,3.71000000
2019-05-13,2905.07000000,3.63000000,5.55000000,6.90000000,3.72000000
2019-05-14,2872.83000000,3.58000000,5.51000000,6.91000000,3.68000000
2019-05-15,2902.64000000,3.60000000,5.54000000,6.96000000,3.70000000
2019-05-16,2933.50000000,3.60000000,5.54000000,6.99000000,3.73000000
2019-05-17,2955.77000000,3.62000000,5.60000000,7.00000000,3.77000000
2019-05-20,2874.80000000,3.60000000,5.56000000,6.92000000,3.73000000
2019-05-21,2867.71000000,3.65000000,5.61000000,6.97000000,3.78000000
2019-05-22,2905.52000000,3.67000000,5.64000000,7.01000000,3.80000000
2019-05-23,2880.84000000,3.67000000,5.65000000,6.95000000,3.80000000
2019-05-24,2847.84000000,3.68000000,5.65000000,6.96000000,3.78000000
2019-05-27,2851.28000000,3.68000000,5.68000000,6.99000000,3.79000000
2019-05-28,2890.27000000,3.70000000,5.66000000,6.98000000,3.81000000
2019-05-29,2894.83000000,3.71000000,5.64000000,6.98000000,3.83000000
2019-05-30,2903.42000000,3.69000000,5.65000000,6.95000000,3.85000000
2019-05-31,2904.50000000,3.71000000,5.65000000,6.98000000,3.89000000
2019-06-03,2901.74000000,3.69000000,5.62000000,6.99000000,3.71000000
2019-06-04,2887.64000000,3.73000000,5.70000000,7.01000000,3.70000000
2019-06-05,2882.94000000,3.76000000,5.74000000,7.10000000,3.71000000
2019-06-06,2862.33000000,3.78000000,5.78000000,7.18000000,3.73000000
2019-06-10,2833.01000000,3.76000000,5.74000000,7.18000000,3.72000000
2019-06-11,2854.07000000,3.80000000,5.78000000,7.27000000,3.75000000
2019-06-12,2917.22000000,3.80000000,5.78000000,7.27000000,3.75000000
2019-06-13,2905.29000000,3.82000000,5.75000000,7.25000000,3.73000000
2019-06-14,2913.00000000,3.79000000,5.74000000,7.22000000,3.74000000
2019-06-17,2880.42000000,3.76000000,5.73000000,7.23000000,3.74000000
2019-06-18,2891.09000000,3.80000000,5.74000000,7.25000000,3.75000000
2019-06-19,2944.12000000,3.70000000,5.81000000,7.45000000,3.79000000
2019-06-20,2917.33000000,3.65000000,5.78000000,7.45000000,3.78000000
2019-06-21,2990.37000000,3.66000000,5.84000000,7.50000000,3.80000000
2019-06-24,3004.29000000,3.64000000,5.85000000,7.41000000,3.77000000
2019-06-25,3004.91000000,3.65000000,5.87000000,7.44000000,3.78000000
2019-06-26,2964.62000000,3.64000000,5.81000000,7.31000000,3.75000000
2019-06-27,2982.61000000,3.62000000,5.86000000,7.39000000,3.75000000
2019-06-28,2992.24000000,3.62000000,5.89000000,7.41000000,3.75000000
2019-07-01,3024.62000000,3.62000000,5.94000000,7.50000000,3.77000000
2019-07-02,3042.58000000,3.62000000,5.91000000,7.45000000,3.75000000
2019-07-03,3031.83000000,3.64000000,5.68000000,7.46000000,3.77000000
2019-07-04,3015.68000000,3.66000000,5.67000000,7.50000000,3.77000000
2019-07-05,3004.74000000,3.66000000,5.66000000,7.50000000,3.76000000
2019-07-08,2997.81000000,3.64000000,5.65000000,7.52000000,3.74000000
2019-07-09,2928.82000000,3.60000000,5.57000000,7.45000000,3.71000000
2019-07-10,2935.19000000,3.59000000,5.58000000,7.10000000,3.71000000
2019-07-11,2928.06000000,3.59000000,5.56000000,7.03000000,3.71000000
2019-07-12,2915.34000000,3.60000000,5.58000000,7.07000000,3.71000000
2019-07-15,2921.55000000,3.60000000,5.60000000,7.16000000,3.71000000
2019-07-16,2938.64000000,3.58000000,5.60000000,7.19000000,3.70000000
2019-07-17,2933.02000000,3.58000000,5.59000000,7.19000000,3.68000000
2019-07-18,2921.74000000,3.56000000,5.54000000,7.13000000,3.66000000
2019-07-19,2909.68000000,3.56000000,5.56000000,7.23000000,3.66000000
2019-07-22,2925.79000000,3.57000000,5.59000000,7.25000000,3.68000000
2019-07-23,2886.90000000,3.57000000,5.63000000,7.23000000,3.67000000
2019-07-24,2907.93000000,3.60000000,5.66000000,7.31000000,3.70000000
2019-07-25,2923.19000000,3.58000000,5.69000000,7.35000000,3.70000000
2019-07-26,2928.06000000,3.59000000,5.67000000,7.37000000,3.69000000
2019-07-29,2943.92000000,3.59000000,5.69000000,7.36000000,3.70000000
2019-07-30,2946.26000000,3.60000000,5.67000000,7.38000000,3.70000000
2019-07-31,2944.40000000,3.61000000,5.65000000,7.38000000,3.71000000
2019-08-01,2920.85000000,3.59000000,5.62000000,7.35000000,3.70000000
2019-08-02,2861.33000000,3.55000000,5.56000000,7.25000000,3.65000000
2019-08-05,2854.58000000,3.54000000,5.54000000,7.17000000,3.63000000
2019-08-06,2776.99000000,3.46000000,5.43000000,7.03000000,3.54000000
2019-08-07,2789.02000000,3.46000000,5.43000000,7.07000000,3.54000000
2019-08-08,2784.18000000,3.44000000,5.41000000,7.06000000,3.53000000
2019-08-09,2805.59000000,3.46000000,5.44000000,7.15000000,3.55000000
2019-08-12,2781.98000000,3.45000000,5.46000000,7.13000000,3.56000000
2019-08-13,2798.05000000,3.46000000,5.49000000,7.14000000,3.57000000
2019-08-14,2824.49000000,3.47000000,5.54000000,7.15000000,3.60000000
2019-08-15,2762.34000000,3.40000000,5.48000000,7.00000000,3.54000000
2019-08-16,2817.57000000,3.43000000,5.56000000,7.11000000,3.58000000
2019-08-19,2835.52000000,3.42000000,5.47000000,7.01000000,3.57000000
2019-08-20,2879.08000000,3.42000000,5.46000000,7.03000000,3.57000000
2019-08-21,2875.47000000,3.43000000,5.41000000,6.98000000,3.56000000
2019-08-22,2887.66000000,3.43000000,5.44000000,7.00000000,3.56000000
2019-08-23,2885.15000000,3.41000000,5.40000000,6.97000000,3.55000000
2019-08-26,2851.02000000,3.38000000,5.36000000,6.94000000,3.51000000
2019-08-27,2879.52000000,3.39000000,5.40000000,6.95000000,3.53000000
2019-08-28,2901.63000000,3.42000000,5.41000000,6.93000000,3.56000000
2019-08-29,2896.00000000,3.40000000,5.39000000,6.94000000,3.54000000
2019-08-30,2907.38000000,3.41000000,5.44000000,6.97000000,3.55000000
2019-09-02,2886.94000000,3.40000000,5.40000000,6.90000000,3.53000000
2019-09-03,2925.94000000,3.42000000,5.38000000,6.88000000,3.54000000
2019-09-04,2927.75000000,3.41000000,5.40000000,6.86000000,3.55000000
2019-09-05,2972.66000000,3.45000000,5.48000000,7.02000000,3.60000000
2019-09-06,2996.62000000,3.49000000,5.51000000,7.12000000,3.64000000
2019-09-09,3023.78000000,3.51000000,5.54000000,7.14000000,3.65000000
2019-09-10,3027.41000000,3.49000000,5.51000000,7.10000000,3.63000000
2019-09-11,3029.93000000,3.49000000,5.52000000,7.08000000,3.63000000
2019-09-12,3016.63000000,3.53000000,5.55000000,7.16000000,3.67000000
2019-09-16,3041.92000000,3.53000000,5.57000000,7.14000000,3.66000000
2019-09-17,3023.71000000,3.52000000,5.56000000,7.11000000,3.65000000
2019-09-18,2984.08000000,3.49000000,5.52000000,7.04000000,3.63000000
2019-09-19,2992.92000000,3.49000000,5.51000000,7.07000000,3.61000000
2019-09-20,3004.81000000,3.49000000,5.51000000,7.07000000,3.62000000
2019-09-23,2998.40000000,3.48000000,5.51000000,7.06000000,3.61000000
2019-09-24,2979.48000000,3.47000000,5.48000000,6.99000000,3.61000000
2019-09-25,2977.67000000,3.48000000,5.49000000,6.95000000,3.60000000
2019-09-26,2964.48000000,3.47000000,5.51000000,7.00000000,3.60000000
2019-09-27,2929.49000000,3.49000000,5.55000000,7.06000000,3.61000000
2019-09-30,2927.92000000,3.48000000,5.53000000,7.03000000,3.59000000
2019-10-08,2905.76000000,3.46000000,5.51000000,6.99000000,3.58000000
2019-10-09,2902.08000000,3.47000000,5.53000000,7.05000000,3.58000000
2019-10-10,2923.71000000,3.49000000,5.58000000,7.14000000,3.61000000
2019-10-11,2954.82000000,3.50000000,5.56000000,7.16000000,3.61000000
2019-10-14,2993.96000000,3.54000000,5.65000000,7.22000000,3.65000000
2019-10-15,3005.66000000,3.57000000,5.71000000,7.30000000,3.68000000
2019-10-16,2992.61000000,3.60000000,5.75000000,7.36000000,3.70000000
2019-10-17,2979.99000000,3.59000000,5.71000000,7.28000000,3.69000000
2019-10-18,2982.34000000,3.60000000,5.72000000,7.29000000,3.69000000
2019-10-21,2933.90000000,3.56000000,5.68000000,7.25000000,3.65000000
2019-10-22,2945.60000000,3.61000000,5.80000000,7.38000000,3.70000000
2019-10-23,2952.97000000,3.61000000,5.79000000,7.33000000,3.69000000
2019-10-24,2944.01000000,3.65000000,5.87000000,7.39000000,3.71000000
2019-10-25,2940.47000000,3.66000000,5.91000000,7.42000000,3.75000000
2019-10-28,2958.69000000,3.66000000,6.00000000,7.45000000,3.73000000
2019-10-29,2979.04000000,3.65000000,5.93000000,7.36000000,3.71000000
2019-10-30,2949.46000000,3.61000000,5.92000000,7.30000000,3.69000000
2019-10-31,2944.84000000,3.63000000,5.97000000,7.34000000,3.69000000
2019-11-01,2924.34000000,3.63000000,5.90000000,7.29000000,3.70000000
2019-11-04,2964.58000000,3.66000000,5.94000000,7.27000000,3.70000000
2019-11-05,2977.70000000,3.65000000,5.91000000,7.33000000,3.70000000
2019-11-06,2992.04000000,3.66000000,5.91000000,7.37000000,3.71000000
2019-11-07,2978.15000000,3.68000000,5.98000000,7.47000000,3.74000000
2019-11-08,2993.98000000,3.67000000,5.98000000,7.54000000,3.74000000
2019-11-11,2949.96000000,3.60000000,5.84000000,7.34000000,3.67000000
2019-11-12,2913.00000000,3.57000000,5.77000000,7.25000000,3.65000000
2019-11-13,2913.02000000,3.55000000,5.79000000,7.22000000,3.65000000
2019-11-14,2907.74000000,3.57000000,5.77000000,7.19000000,3.65000000
2019-11-15,2911.35000000,3.57000000,5.76000000,7.16000000,3.62000000
2019-11-18,2889.55000000,3.57000000,5.78000000,7.15000000,3.61000000
2019-11-19,2904.28000000,3.57000000,5.81000000,7.17000000,3.61000000
2019-11-20,2928.11000000,3.60000000,5.83000000,7.17000000,3.62000000
2019-11-21,2902.55000000,3.57000000,5.77000000,7.08000000,3.62000000
2019-11-22,2906.24000000,3.60000000,5.73000000,7.14000000,3.63000000
2019-11-25,2885.61000000,3.61000000,5.72000000,7.15000000,3.61000000
2019-11-26,2912.52000000,3.65000000,5.85000000,7.23000000,3.66000000
2019-11-27,2905.40000000,3.65000000,5.86000000,7.23000000,3.67000000
2019-11-28,2902.36000000,3.66000000,5.87000000,7.22000000,3.66000000
2019-11-29,2885.97000000,3.64000000,5.82000000,7.11000000,3.65000000
2019-12-02,2874.45000000,3.62000000,5.80000000,7.10000000,3.64000000
2019-12-03,2869.88000000,3.62000000,5.80000000,7.11000000,3.62000000
2019-12-04,2876.91000000,3.62000000,5.79000000,7.13000000,3.60000000
2019-12-05,2886.52000000,3.63000000,5.78000000,7.18000000,3.61000000
2019-12-06,2902.28000000,3.63000000,5.77000000,7.15000000,3.62000000
2019-12-09,2914.46000000,3.61000000,5.74000000,7.13000000,3.63000000
2019-12-10,2908.94000000,3.61000000,5.73000000,7.08000000,3.61000000
2019-12-11,2922.60000000,3.62000000,5.71000000,7.09000000,3.62000000
2019-12-12,2926.34000000,3.62000000,5.75000000,7.10000000,3.62000000
2019-12-13,2937.78000000,3.62000000,5.78000000,7.14000000,3.62000000
2019-12-16,2970.97000000,3.65000000,5.81000000,7.20000000,3.65000000
2019-12-17,2985.26000000,3.65000000,5.79000000,7.15000000,3.65000000
2019-12-18,3021.47000000,3.66000000,5.83000000,7.20000000,3.69000000
2019-12-19,3017.15000000,3.68000000,5.87000000,7.24000000,3.67000000
2019-12-20,3019.64000000,3.69000000,5.92000000,7.26000000,3.68000000
2019-12-23,2999.04000000,3.71000000,5.93000000,7.26000000,3.70000000
2019-12-24,2965.83000000,3.69000000,5.86000000,7.19000000,3.67000000
2019-12-25,2980.43000000,3.68000000,5.86000000,7.18000000,3.67000000
2019-12-26,2981.25000000,3.67000000,5.85000000,7.17000000,3.66000000
2019-12-27,3006.85000000,3.70000000,5.85000000,7.22000000,3.67000000
2019-12-30,2998.17000000,3.73000000,5.88000000,7.22000000,3.68000000
2019-12-31,3036.39000000,3.71000000,5.87000000,7.21000000,3.69000000
2020-01-02,3066.34000000,3.71000000,5.92000000,7.29000000,3.71000000
2020-01-03,3089.02000000,3.74000000,5.97000000,7.31000000,3.73000000
2020-01-06,3070.91000000,3.71000000,5.96000000,7.29000000,3.70000000
2020-01-07,3085.49000000,3.69000000,5.98000000,7.26000000,3.69000000
2020-01-08,3094.24000000,3.71000000,5.96000000,7.21000000,3.71000000
2020-01-09,3082.64000000,3.70000000,5.95000000,7.19000000,3.71000000
2020-01-10,3102.29000000,3.69000000,5.91000000,7.17000000,3.69000000
2020-01-13,3091.49000000,3.68000000,5.90000000,7.16000000,3.70000000
2020-01-14,3120.67000000,3.68000000,5.92000000,7.18000000,3.70000000
2020-01-15,3103.17000000,3.67000000,5.93000000,7.17000000,3.70000000
2020-01-16,3095.73000000,3.66000000,5.87000000,7.15000000,3.68000000
2020-01-17,3081.46000000,3.61000000,5.81000000,7.09000000,3.65000000
2020-01-20,3082.11000000,3.62000000,5.81000000,7.09000000,3.65000000
2020-01-21,3085.79000000,3.62000000,5.82000000,7.09000000,3.65000000
2020-01-22,3038.49000000,3.57000000,5.76000000,7.02000000,3.64000000
2020-01-23,3037.95000000,3.56000000,5.76000000,7.02000000,3.64000000
2020-02-03,2716.70000000,3.30000000,5.30000000,6.42000000,3.41000000
2020-02-04,2685.27000000,3.35000000,5.39000000,6.43000000,3.42000000
2020-02-05,2792.37000000,3.42000000,5.49000000,6.68000000,3.50000000
2020-02-06,2826.89000000,3.43000000,5.50000000,6.74000000,3.52000000
2020-02-07,2858.93000000,3.41000000,5.47000000,6.65000000,3.49000000
2020-02-10,2860.50000000,3.38000000,5.41000000,6.60000000,3.49000000
2020-02-11,2894.54000000,3.40000000,5.43000000,6.63000000,3.51000000
2020-02-12,2895.56000000,3.42000000,5.46000000,6.68000000,3.53000000
2020-02-13,2927.14000000,3.43000000,5.45000000,6.69000000,3.54000000
2020-02-14,2899.87000000,3.40000000,5.40000000,6.60000000,3.52000000
2020-02-17,2924.99000000,3.42000000,5.42000000,6.64000000,3.56000000
2020-02-18,2981.41000000,3.46000000,5.47000000,6.73000000,3.59000000
2020-02-19,2979.52000000,3.45000000,5.45000000,6.69000000,3.59000000
2020-02-20,2981.88000000,3.48000000,5.48000000,6.71000000,3.61000000
2020-02-21,3022.25000000,3.49000000,5.49000000,6.73000000,3.61000000
2020-02-24,3027.89000000,3.48000000,5.48000000,6.77000000,3.60000000
2020-02-25,2982.07000000,3.44000000,5.40000000,6.65000000,3.57000000
2020-02-26,2978.42000000,3.41000000,5.38000000,6.59000000,3.55000000
2020-02-27,2992.49000000,3.44000000,5.40000000,6.65000000,3.60000000
2020-02-28,2924.64000000,3.44000000,5.37000000,6.61000000,3.59000000
2020-03-02,2899.31000000,3.42000000,5.30000000,6.51000000,3.56000000
2020-03-03,3006.89000000,3.47000000,5.37000000,6.63000000,3.61000000
2020-03-04,2981.81000000,3.48000000,5.37000000,6.60000000,3.61000000
2020-03-05,3036.15000000,3.49000000,5.40000000,6.62000000,3.64000000
2020-03-06,3039.94000000,3.51000000,5.42000000,6.66000000,3.65000000
2020-03-09,2987.18000000,3.47000000,5.34000000,6.57000000,3.61000000
2020-03-10,2918.93000000,3.41000000,5.29000000,6.45000000,3.56000000
2020-03-11,3001.76000000,3.47000000,5.35000000,6.54000000,3.60000000
2020-03-12,2936.02000000,3.42000000,5.30000000,6.49000000,3.58000000
2020-03-13,2804.23000000,3.38000000,5.16000000,6.37000000,3.52000000
2020-03-16,2897.30000000,3.41000000,5.22000000,6.49000000,3.57000000
2020-03-17,2796.28000000,3.37000000,5.16000000,6.39000000,3.53000000
2020-03-18,2792.32000000,3.40000000,5.18000000,6.44000000,3.55000000
2020-03-19,2719.41000000,3.35000000,5.11000000,6.35000000,3.48000000
2020-03-20,2727.02000000,3.33000000,5.02000000,6.26000000,3.48000000
2020-03-23,2677.59000000,3.31000000,5.00000000,6.19000000,3.48000000
2020-03-24,2703.02000000,3.31000000,5.02000000,6.23000000,3.47000000
2020-03-25,2775.30000000,3.38000000,5.17000000,6.43000000,3.51000000
2020-03-26,2761.90000000,3.35000000,5.13000000,6.32000000,3.50000000
2020-03-27,2792.98000000,3.39000000,5.21000000,6.43000000,3.53000000
2020-03-30,2739.72000000,3.37000000,5.18000000,6.42000000,3.51000000
2020-03-31,2767.31000000,3.42000000,5.22000000,6.49000000,3.53000000
2020-04-01,2743.54000000,3.37000000,5.15000000,6.33000000,3.49000000
2020-04-02,2720.23000000,3.37000000,5.14000000,6.35000000,3.47000000
2020-04-03,2773.58000000,3.39000000,5.16000000,6.40000000,3.49000000
2020-04-07,2806.97000000,3.43000000,5.18000000,6.47000000,3.52000000
2020-04-08,2805.92000000,3.41000000,5.14000000,6.40000000,3.50000000
2020-04-09,2825.84000000,3.41000000,5.14000000,6.39000000,3.50000000
2020-04-10,2827.19000000,3.41000000,5.13000000,6.40000000,3.49000000
2020-04-13,2784.60000000,3.40000000,5.10000000,6.34000000,3.50000000
2020-04-14,2794.80000000,3.41000000,5.11000000,6.31000000,3.52000000
2020-04-15,2826.66000000,3.41000000,5.11000000,6.34000000,3.53000000
2020-04-16,2798.43000000,3.40000000,5.11000000,6.33000000,3.52000000
2020-04-17,2835.56000000,3.44000000,5.13000000,6.36000000,3.56000000
2020-04-20,2840.41000000,3.43000000,5.14000000,6.34000000,3.57000000
2020-04-21,2842.24000000,3.41000000,5.11000000,6.32000000,3.54000000
2020-04-22,2814.07000000,3.41000000,5.07000000,6.23000000,3.55000000
2020-04-23,2850.51000000,3.42000000,5.09000000,6.26000000,3.49000000
2020-04-24,2834.94000000,3.40000000,5.06000000,6.22000000,3.45000000
2020-04-27,2812.24000000,3.39000000,5.05000000,6.20000000,3.43000000
2020-04-28,2819.99000000,3.41000000,5.09000000,6.26000000,3.44000000
2020-04-29,2801.38000000,3.41000000,5.10000000,6.28000000,3.44000000
2020-04-30,2832.38000000,3.45000000,5.15000000,6.42000000,3.46000000
2020-05-06,2831.63000000,3.42000000,5.12000000,6.36000000,3.44000000
2020-05-07,2876.47000000,3.41000000,5.10000000,6.32000000,3.44000000
2020-05-08,2882.71000000,3.42000000,5.10000000,6.33000000,3.45000000
2020-05-11,2901.57000000,3.42000000,5.11000000,6.36000000,3.46000000
2020-05-12,2894.62000000,3.42000000,5.13000000,6.39000000,3.46000000
2020-05-13,2882.96000000,3.41000000,5.12000000,6.34000000,3.45000000
2020-05-14,2887.06000000,3.40000000,5.12000000,6.37000000,3.46000000
2020-05-15,2880.71000000,3.40000000,5.10000000,6.35000000,3.46000000
2020-05-18,2872.52000000,3.39000000,5.09000000,6.33000000,3.45000000
2020-05-19,2897.69000000,3.40000000,5.12000000,6.36000000,3.47000000
2020-05-20,2896.47000000,3.40000000,5.11000000,6.40000000,3.46000000
2020-05-21,2890.72000000,3.41000000,5.12000000,6.40000000,3.47000000
2020-05-22,2863.05000000,3.40000000,5.10000000,6.43000000,3.45000000
2020-05-25,2816.24000000,3.38000000,5.06000000,6.32000000,3.43000000
2020-05-26,2827.90000000,3.39000000,5.10000000,6.35000000,3.44000000
2020-05-27,2847.32000000,3.39000000,5.08000000,6.35000000,3.43000000
2020-05-28,2838.21000000,3.41000000,5.12000000,6.40000000,3.45000000
2020-05-29,2835.58000000,3.42000000,5.14000000,6.41000000,3.46000000
2020-06-01,2871.96000000,3.41000000,5.13000000,6.40000000,3.46000000
2020-06-02,2916.32000000,3.42000000,5.15000000,6.39000000,3.47000000
2020-06-03,2930.39000000,3.43000000,5.20000000,6.43000000,3.50000000
2020-06-04,2931.84000000,3.43000000,5.20000000,6.45000000,3.52000000
2020-06-05,2923.19000000,3.42000000,5.19000000,6.41000000,3.50000000
2020-06-08,2941.98000000,3.41000000,5.22000000,6.42000000,3.50000000
2020-06-09,2939.54000000,3.41000000,5.24000000,6.40000000,3.51000000
2020-06-10,2951.28000000,3.42000000,5.27000000,6.43000000,3.51000000
2020-06-11,2939.79000000,3.40000000,5.27000000,6.40000000,3.50000000
2020-06-12,2876.80000000,3.37000000,5.23000000,6.31000000,3.47000000
2020-06-15,2908.28000000,3.36000000,5.24000000,6.33000000,3.46000000
2020-06-16,2912.83000000,3.35000000,5.27000000,6.31000000,3.46000000
2020-06-17,2932.67000000,3.35000000,5.28000000,6.30000000,3.46000000
2020-06-18,2929.88000000,3.35000000,5.20000000,6.28000000,3.45000000
2020-06-19,2938.79000000,3.35000000,5.18000000,6.28000000,3.47000000
2020-06-22,2966.90000000,3.35000000,5.20000000,6.28000000,3.46000000
2020-06-23,2960.89000000,3.35000000,5.16000000,6.29000000,3.45000000
2020-06-24,2972.98000000,3.36000000,5.15000000,6.27000000,3.45000000
2020-06-29,2973.08000000,3.37000000,5.28000000,6.38000000,3.46000000
2020-06-30,2965.11000000,3.37000000,5.00000000,6.30000000,3.48000000
2020-07-01,2991.18000000,3.38000000,4.98000000,6.31000000,3.48000000
2020-07-02,3023.72000000,3.39000000,4.98000000,6.36000000,3.51000000
2020-07-03,3104.00000000,3.45000000,5.06000000,6.49000000,3.58000000
2020-07-06,3187.84000000,3.53000000,5.20000000,6.74000000,3.64000000
2020-07-07,3380.95000000,3.80000000,5.67000000,7.30000000,3.90000000
2020-07-08,3337.55000000,3.72000000,5.52000000,7.18000000,3.82000000
2020-07-09,3403.48000000,3.71000000,5.43000000,7.18000000,3.81000000
2020-07-10,3418.93000000,3.47000000,5.36000000,6.85000000,3.77000000
2020-07-13,3379.39000000,3.35000000,5.20000000,6.51000000,3.66000000
2020-07-14,3435.02000000,3.34000000,5.19000000,6.48000000,3.69000000
2020-07-15,3422.08000000,3.32000000,5.16000000,6.43000000,3.50000000
2020-07-16,3356.36000000,3.29000000,5.08000000,6.34000000,3.43000000
2020-07-17,3214.40000000,3.28000000,5.06000000,6.34000000,3.41000000
2020-07-20,3243.91000000,3.28000000,5.07000000,6.31000000,3.42000000
2020-07-21,3330.55000000,3.33000000,5.13000000,6.42000000,3.46000000
2020-07-22,3315.18000000,3.30000000,5.10000000,6.36000000,3.43000000
2020-07-23,3306.15000000,3.28000000,5.07000000,6.31000000,3.43000000
2020-07-24,3310.64000000,3.27000000,5.03000000,6.26000000,3.40000000
2020-07-27,3210.39000000,3.24000000,4.98000000,6.14000000,3.36000000
2020-07-28,3226.13000000,3.23000000,4.99000000,6.09000000,3.35000000
2020-07-29,3221.99000000,3.22000000,4.97000000,6.07000000,3.33000000
2020-07-30,3299.57000000,3.24000000,5.02000000,6.14000000,3.36000000
2020-07-31,3280.80000000,3.23000000,4.98000000,6.11000000,3.34000000
2020-08-03,3332.18000000,3.24000000,4.98000000,6.12000000,3.34000000
2020-08-04,3376.44000000,3.23000000,4.99000000,6.16000000,3.35000000
2020-08-05,3363.33000000,3.25000000,5.02000000,6.22000000,3.38000000
2020-08-06,3380.76000000,3.25000000,5.01000000,6.21000000,3.36000000
2020-08-07,3370.59000000,3.25000000,5.01000000,6.19000000,3.36000000
2020-08-10,3341.53000000,3.23000000,4.97000000,6.17000000,3.35000000
2020-08-11,3379.49000000,3.24000000,4.98000000,6.21000000,3.36000000
2020-08-12,3327.49000000,3.23000000,4.97000000,6.16000000,3.35000000
2020-08-13,3328.18000000,3.24000000,4.98000000,6.21000000,3.34000000
2020-08-14,3315.67000000,3.24000000,4.98000000,6.21000000,3.34000000
2020-08-17,3373.90000000,3.26000000,5.02000000,6.23000000,3.35000000
2020-08-18,3441.93000000,3.29000000,5.09000000,6.37000000,3.39000000
2020-08-19,3444.56000000,3.27000000,5.06000000,6.33000000,3.37000000
2020-08-20,3385.96000000,3.25000000,5.02000000,6.28000000,3.34000000
2020-08-21,3380.23000000,3.25000000,5.01000000,6.23000000,3.34000000
2020-08-24,3391.11000000,3.25000000,5.01000000,6.23000000,3.34000000
2020-08-25,3392.88000000,3.24000000,5.00000000,6.23000000,3.33000000
2020-08-26,3371.81000000,3.24000000,5.00000000,6.21000000,3.31000000
2020-08-27,3333.49000000,3.23000000,4.98000000,6.17000000,3.29000000
2020-08-28,3346.29000000,3.22000000,4.97000000,6.15000000,3.27000000
2020-08-31,3416.55000000,3.23000000,4.99000000,6.22000000,3.30000000
2020-09-01,3389.74000000,3.21000000,4.96000000,6.18000000,3.26000000
2020-09-02,3420.47000000,3.21000000,4.96000000,6.18000000,3.25000000
2020-09-03,3404.03000000,3.18000000,4.92000000,6.16000000,3.22000000
2020-09-04,3336.41000000,3.16000000,4.89000000,6.10000000,3.20000000
2020-09-07,3349.92000000,3.15000000,4.89000000,6.11000000,3.20000000
2020-09-08,3301.22000000,3.15000000,4.90000000,6.14000000,3.19000000
2020-09-09,3281.00000000,3.16000000,4.93000000,6.19000000,3.20000000
2020-09-10,3282.23000000,3.18000000,4.94000000,6.20000000,3.22000000
2020-09-11,3225.78000000,3.16000000,4.90000000,6.15000000,3.19000000
2020-09-14,3275.92000000,3.16000000,4.93000000,6.15000000,3.20000000
2020-09-15,3277.13000000,3.16000000,4.92000000,6.13000000,3.20000000
2020-09-16,3293.17000000,3.16000000,4.92000000,6.12000000,3.20000000
2020-09-17,3277.32000000,3.17000000,4.94000000,6.13000000,3.21000000
2020-09-18,3270.91000000,3.17000000,4.95000000,6.14000000,3.21000000
2020-09-21,3348.90000000,3.20000000,4.97000000,6.24000000,3.23000000
2020-09-22,3290.67000000,3.18000000,4.95000000,6.18000000,3.22000000
2020-09-23,3278.84000000,3.17000000,4.93000000,6.19000000,3.21000000
2020-09-24,3262.88000000,3.16000000,4.91000000,6.17000000,3.21000000
2020-09-25,3234.37000000,3.15000000,4.90000000,6.12000000,3.20000000
2020-09-28,3224.98000000,3.15000000,4.90000000,6.14000000,3.20000000
2020-09-29,3231.86000000,3.19000000,4.94000000,6.19000000,3.24000000
2020-09-30,3232.71000000,3.18000000,4.92000000,6.14000000,3.21000000
2020-10-09,3262.61000000,3.18000000,4.94000000,6.20000000,3.21000000
2020-10-12,3287.33000000,3.17000000,4.92000000,6.13000000,3.21000000
2020-10-13,3353.12000000,3.18000000,4.95000000,6.20000000,3.23000000
2020-10-14,3353.62000000,3.17000000,4.92000000,6.17000000,3.21000000
2020-10-15,3342.92000000,3.16000000,4.92000000,6.17000000,3.20000000
2020-10-16,3334.46000000,3.18000000,4.92000000,6.23000000,3.21000000
2020-10-19,3351.10000000,3.20000000,4.99000000,6.43000000,3.24000000
2020-10-20,3307.15000000,3.20000000,5.01000000,6.51000000,3.24000000
2020-10-21,3332.15000000,3.19000000,4.98000000,6.35000000,3.21000000
2020-10-22,3315.82000000,3.21000000,5.05000000,6.44000000,3.23000000
2020-10-23,3308.16000000,3.21000000,5.05000000,6.44000000,3.23000000
2020-10-26,3258.70000000,3.23000000,5.06000000,6.48000000,3.24000000
2020-10-27,3240.74000000,3.22000000,5.01000000,6.42000000,3.23000000
2020-10-28,3256.22000000,3.20000000,5.02000000,6.38000000,3.22000000
2020-10-29,3235.76000000,3.17000000,4.98000000,6.25000000,3.20000000
2020-10-30,3278.63000000,3.16000000,4.96000000,6.27000000,3.20000000
2020-11-02,3228.72000000,3.16000000,4.92000000,6.26000000,3.18000000
2020-11-03,3239.81000000,3.19000000,4.95000000,6.27000000,3.19000000
2020-11-04,3273.43000000,3.19000000,4.97000000,6.33000000,3.21000000
2020-11-05,3305.58000000,3.19000000,4.97000000,6.42000000,3.21000000
2020-11-06,3326.46000000,3.19000000,4.95000000,6.36000000,3.21000000
2020-11-09,3329.43000000,3.20000000,4.97000000,6.42000000,3.22000000
2020-11-10,3387.62000000,3.22000000,5.01000000,6.44000000,3.22000000
2020-11-11,3354.02000000,3.22000000,5.01000000,6.45000000,3.22000000
2020-11-12,3344.46000000,3.23000000,5.06000000,6.58000000,3.24000000
2020-11-13,3327.23000000,3.21000000,5.01000000,6.50000000,3.22000000
2020-11-16,3325.62000000,3.19000000,4.97000000,6.40000000,3.22000000
2020-11-17,3347.15000000,3.19000000,4.98000000,6.42000000,3.22000000
2020-11-18,3337.33000000,3.20000000,5.00000000,6.48000000,3.23000000
2020-11-19,3339.09000000,3.21000000,5.02000000,6.56000000,3.24000000
2020-11-20,3359.60000000,3.22000000,5.05000000,6.62000000,3.24000000
2020-11-23,3384.10000000,3.20000000,5.01000000,6.54000000,3.24000000
2020-11-24,3407.41000000,3.23000000,5.07000000,6.69000000,3.25000000
2020-11-25,3417.52000000,3.24000000,5.08000000,6.69000000,3.27000000
2020-11-26,3360.06000000,3.22000000,5.04000000,6.65000000,3.24000000
2020-11-27,3373.84000000,3.24000000,5.11000000,6.74000000,3.26000000
2020-11-30,3418.16000000,3.34000000,5.46000000,7.17000000,3.35000000
2020-12-01,3388.99000000,3.28000000,5.31000000,7.18000000,3.29000000
2020-12-02,3453.52000000,3.36000000,5.44000000,7.29000000,3.36000000
2020-12-03,3448.54000000,3.32000000,5.45000000,7.34000000,3.34000000
2020-12-04,3436.73000000,3.31000000,5.38000000,7.25000000,3.31000000
2020-12-07,3446.65000000,3.27000000,5.29000000,7.14000000,3.28000000
2020-12-08,3417.69000000,3.24000000,5.19000000,6.97000000,3.25000000
2020-12-09,3416.08000000,3.22000000,5.14000000,6.78000000,3.24000000
2020-12-10,3365.73000000,3.23000000,5.10000000,6.66000000,3.23000000
2020-12-11,3381.01000000,3.24000000,5.06000000,6.58000000,3.22000000
2020-12-14,3349.53000000,3.23000000,5.07000000,6.52000000,3.21000000
2020-12-15,3366.58000000,3.22000000,5.05000000,6.51000000,3.20000000
2020-12-16,3371.26000000,3.19000000,5.01000000,6.43000000,3.18000000
2020-12-17,3367.28000000,3.17000000,5.00000000,6.43000000,3.18000000
2020-12-18,3400.49000000,3.18000000,5.01000000,6.41000000,3.19000000
2020-12-21,3394.39000000,3.17000000,5.01000000,6.40000000,3.18000000
2020-12-22,3410.97000000,3.16000000,4.99000000,6.34000000,3.18000000
2020-12-23,3362.47000000,3.15000000,4.94000000,6.22000000,3.17000000
2020-12-24,3382.19000000,3.15000000,4.96000000,6.25000000,3.16000000
2020-12-25,3351.79000000,3.14000000,4.96000000,6.27000000,3.17000000
2020-12-28,3396.36000000,3.14000000,4.96000000,6.27000000,3.17000000
2020-12-29,3399.29000000,3.14000000,4.97000000,6.26000000,3.17000000
2020-12-30,3375.01000000,3.14000000,4.97000000,6.26000000,3.17000000
2020-12-31,3419.73000000,3.13000000,4.95000000,6.23000000,3.16000000
2021-01-04,3474.68000000,3.13000000,4.97000000,6.24000000,3.18000000
2021-01-05,3492.19000000,3.13000000,4.99000000,6.22000000,3.16000000
2021-01-06,3530.91000000,3.13000000,4.96000000,6.19000000,3.17000000
2021-01-07,3552.91000000,3.13000000,4.97000000,6.28000000,3.18000000
2021-01-08,3577.69000000,3.14000000,5.00000000,6.32000000,3.19000000
2021-01-11,3571.32000000,3.14000000,5.00000000,6.36000000,3.18000000
2021-01-12,3518.01000000,3.15000000,4.99000000,6.45000000,3.17000000
2021-01-13,3613.28000000,3.15000000,5.03000000,6.48000000,3.18000000
2021-01-14,3584.93000000,3.16000000,5.05000000,6.59000000,3.20000000
2021-01-15,3566.28000000,3.18000000,5.10000000,6.62000000,3.21000000
2021-01-18,3554.80000000,3.19000000,5.13000000,6.75000000,3.22000000
2021-01-19,3596.36000000,3.18000000,5.14000000,6.75000000,3.21000000
2021-01-20,3564.12000000,3.19000000,5.18000000,6.93000000,3.21000000
2021-01-21,3590.92000000,3.18000000,5.16000000,6.83000000,3.20000000
2021-01-22,3616.54000000,3.16000000,5.12000000,6.71000000,3.19000000
2021-01-25,3605.36000000,3.14000000,5.03000000,6.52000000,3.17000000
2021-01-26,3610.97000000,3.14000000,5.03000000,6.60000000,3.17000000
2021-01-27,3567.55000000,3.14000000,5.04000000,6.65000000,3.17000000
2021-01-28,3534.67000000,3.14000000,5.05000000,6.69000000,3.17000000
2021-01-29,3521.72000000,3.14000000,5.03000000,6.69000000,3.16000000
2021-02-01,3477.17000000,3.15000000,5.08000000,6.71000000,3.17000000
2021-02-02,3510.81000000,3.18000000,5.14000000,6.74000000,3.18000000
2021-02-03,3531.15000000,3.15000000,5.09000000,6.70000000,3.18000000
2021-02-04,3503.78000000,3.14000000,5.04000000,6.65000000,3.17000000
2021-02-05,3509.49000000,3.15000000,5.07000000,6.63000000,3.17000000
2021-02-08,3504.56000000,3.19000000,5.18000000,6.97000000,3.20000000
2021-02-09,3539.77000000,3.17000000,5.14000000,6.90000000,3.18000000
2021-02-10,3612.61000000,3.17000000,5.24000000,7.13000000,3.19000000
2021-02-18,3721.09000000,3.24000000,5.33000000,7.23000000,3.22000000
2021-02-19,3661.78000000,3.22000000,5.22000000,7.08000000,3.21000000
2021-02-22,3707.19000000,3.24000000,5.25000000,7.08000000,3.23000000
2021-02-23,3617.70000000,3.25000000,5.35000000,7.24000000,3.24000000
2021-02-24,3638.94000000,3.25000000,5.37000000,7.40000000,3.24000000
2021-02-25,3595.54000000,3.23000000,5.29000000,7.18000000,3.22000000
2021-02-26,3514.56000000,3.25000000,5.39000000,7.27000000,3.23000000
2021-03-01,3531.48000000,3.26000000,5.36000000,7.25000000,3.24000000
2021-03-02,3566.85000000,3.26000000,5.35000000,7.25000000,3.24000000
2021-03-03,3500.16000000,3.21000000,5.28000000,7.03000000,3.23000000
2021-03-04,3546.64000000,3.27000000,5.43000000,7.43000000,3.25000000
2021-03-05,3463.31000000,3.30000000,5.43000000,7.40000000,3.26000000
2021-03-08,3524.98000000,3.36000000,5.58000000,7.50000000,3.30000000
2021-03-09,3415.34000000,3.37000000,5.57000000,7.37000000,3.29000000
2021-03-10,3389.84000000,3.33000000,5.44000000,7.22000000,3.26000000
2021-03-11,3369.90000000,3.38000000,5.45000000,7.28000000,3.28000000
2021-03-12,3447.20000000,3.37000000,5.47000000,7.37000000,3.27000000
2021-03-15,3441.88000000,3.38000000,5.45000000,7.33000000,3.29000000
2021-03-16,3424.65000000,3.42000000,5.56000000,7.49000000,3.31000000
2021-03-17,3435.73000000,3.40000000,5.58000000,7.53000000,3.31000000
2021-03-18,3449.64000000,3.39000000,5.52000000,7.42000000,3.29000000
2021-03-19,3423.87000000,3.39000000,5.49000000,7.44000000,3.29000000
2021-03-22,3406.12000000,3.34000000,5.32000000,7.19000000,3.25000000
2021-03-23,3445.34000000,3.39000000,5.40000000,7.30000000,3.29000000
2021-03-24,3394.13000000,3.39000000,5.37000000,7.26000000,3.29000000
2021-03-25,3355.07000000,3.40000000,5.41000000,7.16000000,3.30000000
2021-03-26,3373.32000000,3.35000000,5.37000000,7.08000000,3.29000000
2021-03-29,3429.63000000,3.32000000,5.37000000,7.11000000,3.26000000
2021-03-30,3432.53000000,3.38000000,5.46000000,7.20000000,3.29000000
2021-03-31,3452.21000000,3.37000000,5.47000000,7.21000000,3.32000000
2021-04-01,3444.81000000,3.40000000,5.51000000,7.31000000,3.35000000
2021-04-02,3472.63000000,3.38000000,5.50000000,7.30000000,3.33000000
2021-04-06,3491.63000000,3.34000000,5.42000000,7.16000000,3.31000000
2021-04-07,3483.42000000,3.33000000,5.42000000,7.24000000,3.30000000
2021-04-08,3467.49000000,3.34000000,5.46000000,7.24000000,3.31000000
2021-04-09,3475.44000000,3.34000000,5.44000000,7.25000000,3.31000000
2021-04-12,3445.97000000,3.36000000,5.42000000,7.19000000,3.31000000
2021-04-13,3411.29000000,3.40000000,5.48000000,7.31000000,3.33000000
2021-04-14,3397.02000000,3.39000000,5.51000000,7.33000000,3.32000000
2021-04-15,3409.61000000,3.34000000,5.43000000,7.21000000,3.31000000
2021-04-16,3407.19000000,3.35000000,5.43000000,7.24000000,3.31000000
2021-04-19,3427.55000000,3.35000000,5.44000000,7.23000000,3.32000000
2021-04-20,3467.15000000,3.35000000,5.43000000,7.23000000,3.32000000
2021-04-21,3456.30000000,3.33000000,5.38000000,7.15000000,3.31000000
2021-04-22,3482.83000000,3.34000000,5.38000000,7.17000000,3.32000000
2021-04-23,3462.09000000,3.30000000,5.31000000,7.12000000,3.29000000
2021-04-26,3484.11000000,3.27000000,5.31000000,7.11000000,3.28000000
2021-04-27,3440.09000000,3.24000000,5.26000000,7.03000000,3.25000000
2021-04-28,3432.16000000,3.24000000,5.24000000,6.99000000,3.25000000
2021-04-29,3458.08000000,3.22000000,5.20000000,6.94000000,3.25000000
2021-04-30,3468.30000000,3.23000000,5.21000000,6.93000000,3.28000000
2021-05-06,3446.07000000,3.20000000,5.11000000,6.74000000,3.26000000
2021-05-07,3446.41000000,3.21000000,5.12000000,6.75000000,3.25000000
2021-05-10,3423.59000000,3.25000000,5.21000000,6.87000000,3.28000000
2021-05-11,3406.60000000,3.24000000,5.24000000,6.91000000,3.26000000
2021-05-12,3429.75000000,3.25000000,5.22000000,6.85000000,3.26000000
2021-05-13,3432.14000000,3.26000000,5.25000000,6.97000000,3.27000000
2021-05-14,3436.09000000,3.27000000,5.24000000,6.95000000,3.28000000
2021-05-17,3490.41000000,3.28000000,5.26000000,6.96000000,3.28000000
2021-05-18,3520.65000000,3.27000000,5.27000000,7.00000000,3.29000000
2021-05-19,3521.11000000,3.25000000,5.25000000,6.97000000,3.28000000
2021-05-20,3500.88000000,3.24000000,5.20000000,6.92000000,3.28000000
2021-05-21,3510.84000000,3.25000000,5.21000000,6.94000000,3.28000000
2021-05-24,3486.27000000,3.24000000,5.17000000,6.88000000,3.28000000
2021-05-25,3502.54000000,3.25000000,5.19000000,6.84000000,3.29000000
2021-05-26,3586.84000000,3.27000000,5.25000000,6.99000000,3.32000000
2021-05-27,3585.73000000,3.28000000,5.26000000,7.00000000,3.31000000
2021-05-28,3610.77000000,3.28000000,5.26000000,6.97000000,3.32000000
2021-05-31,3600.07000000,3.28000000,5.25000000,7.02000000,3.34000000
2021-06-01,3608.60000000,3.26000000,5.21000000,6.92000000,3.32000000
2021-06-02,3626.33000000,3.25000000,5.18000000,6.86000000,3.34000000
2021-06-03,3595.42000000,3.29000000,5.19000000,6.81000000,3.36000000
2021-06-04,3565.47000000,3.29000000,5.16000000,6.77000000,3.17000000
2021-06-07,3597.14000000,3.32000000,5.18000000,6.79000000,3.17000000
2021-06-08,3598.75000000,3.32000000,5.17000000,6.78000000,3.13000000
2021-06-09,3576.80000000,3.34000000,5.19000000,6.78000000,3.13000000
2021-06-10,3587.53000000,3.34000000,5.19000000,6.78000000,3.12000000
2021-06-11,3614.11000000,3.32000000,5.20000000,6.79000000,3.10000000
2021-06-15,3587.47000000,3.32000000,5.18000000,6.75000000,3.08000000
2021-06-16,3556.71000000,3.28000000,5.16000000,6.70000000,3.07000000
2021-06-17,3508.32000000,3.09000000,5.17000000,6.72000000,3.08000000
2021-06-18,3520.50000000,3.08000000,5.17000000,6.70000000,3.08000000
2021-06-21,3515.50000000,3.06000000,5.17000000,6.67000000,3.06000000
2021-06-22,3539.79000000,3.03000000,5.16000000,6.67000000,3.07000000
2021-06-23,3559.40000000,3.03000000,5.16000000,6.65000000,3.07000000
2021-06-24,3568.58000000,3.04000000,5.14000000,6.63000000,3.07000000
2021-06-25,3567.38000000,3.05000000,5.19000000,6.66000000,3.08000000
2021-06-28,3612.25000000,3.07000000,5.23000000,6.74000000,3.09000000
2021-06-29,3601.68000000,3.04000000,5.18000000,6.64000000,3.08000000
2021-06-30,3572.62000000,3.03000000,5.18000000,6.61000000,3.08000000
2021-07-01,3600.55000000,3.04000000,5.17000000,6.65000000,3.08000000
2021-07-02,3569.89000000,3.04000000,5.21000000,6.70000000,3.08000000
2021-07-05,3516.92000000,3.03000000,5.23000000,6.66000000,3.07000000
2021-07-06,3533.13000000,3.04000000,4.96000000,6.63000000,3.08000000
2021-07-07,3508.59000000,3.04000000,4.95000000,6.70000000,3.09000000
2021-07-08,3557.22000000,3.04000000,4.94000000,6.66000000,3.08000000
2021-07-09,3512.23000000,3.03000000,4.89000000,6.55000000,3.06000000
2021-07-12,3545.20000000,3.04000000,4.87000000,6.52000000,3.08000000
2021-07-13,3547.59000000,3.02000000,4.77000000,6.39000000,3.06000000
2021-07-14,3560.83000000,3.03000000,4.75000000,6.39000000,3.06000000
2021-07-15,3519.06000000,2.99000000,4.71000000,5.99000000,3.03000000
2021-07-16,3559.53000000,3.00000000,4.75000000,6.05000000,3.04000000
2021-07-19,3530.49000000,2.99000000,4.73000000,6.05000000,3.04000000
2021-07-20,3515.07000000,3.00000000,4.71000000,6.02000000,3.04000000
2021-07-21,3543.05000000,2.99000000,4.72000000,6.00000000,3.04000000
2021-07-22,3563.66000000,2.99000000,4.70000000,5.93000000,3.04000000
2021-07-23,3571.72000000,2.99000000,4.71000000,5.95000000,3.04000000
2021-07-26,3538.01000000,2.99000000,4.69000000,5.91000000,3.04000000
2021-07-27,3467.45000000,2.98000000,4.66000000,5.86000000,3.04000000
2021-07-28,3355.82000000,2.96000000,4.61000000,5.80000000,3.04000000
2021-07-29,3403.84000000,2.97000000,4.67000000,5.88000000,3.04000000
2021-07-30,3398.20000000,2.95000000,4.62000000,5.80000000,3.02000000
2021-08-02,3385.69000000,2.92000000,4.58000000,5.74000000,2.99000000
2021-08-03,3446.78000000,2.93000000,4.59000000,5.78000000,3.00000000
2021-08-04,3442.94000000,2.91000000,4.58000000,5.74000000,2.98000000
2021-08-05,3461.72000000,2.91000000,4.55000000,5.71000000,2.98000000
2021-08-06,3465.48000000,2.91000000,4.55000000,5.70000000,2.98000000
2021-08-09,3441.75000000,2.90000000,4.52000000,5.68000000,2.99000000
2021-08-10,3488.66000000,2.92000000,4.55000000,5.75000000,3.01000000
2021-08-11,3527.11000000,2.92000000,4.57000000,5.86000000,3.02000000
2021-08-12,3522.72000000,2.94000000,4.63000000,5.96000000,3.03000000
2021-08-13,3514.47000000,2.93000000,4.63000000,5.94000000,3.02000000
2021-08-16,3514.34000000,2.93000000,4.61000000,5.93000000,3.03000000
2021-08-17,3512.11000000,2.93000000,4.61000000,5.91000000,3.02000000
2021-08-18,3442.35000000,2.92000000,4.61000000,5.89000000,3.00000000
2021-08-19,3475.30000000,2.96000000,4.66000000,5.97000000,3.04000000
2021-08-20,3442.51000000,2.94000000,4.64000000,5.93000000,3.02000000
2021-08-23,3436.80000000,2.96000000,4.64000000,5.92000000,3.01000000
2021-08-24,3482.27000000,2.95000000,4.63000000,5.92000000,3.03000000
2021-08-25,3517.92000000,2.94000000,4.64000000,5.94000000,3.03000000
2021-08-26,3537.31000000,2.93000000,4.62000000,5.88000000,3.01000000
2021-08-27,3494.42000000,2.92000000,4.61000000,5.86000000,3.01000000
2021-08-30,3535.07000000,2.92000000,4.63000000,5.87000000,3.01000000
2021-08-31,3519.02000000,2.92000000,4.59000000,5.78000000,3.00000000
2021-09-01,3543.87000000,2.95000000,4.61000000,5.84000000,3.03000000
2021-09-02,3559.90000000,2.98000000,4.68000000,5.94000000,3.05000000
2021-09-03,3602.74000000,2.99000000,4.69000000,5.96000000,3.05000000
2021-09-06,3580.14000000,3.00000000,4.70000000,6.00000000,3.06000000
2021-09-07,3621.71000000,3.01000000,4.73000000,6.00000000,3.06000000
2021-09-08,3673.40000000,3.03000000,4.74000000,6.07000000,3.09000000
2021-09-09,3666.82000000,3.03000000,4.76000000,6.18000000,3.09000000
2021-09-10,3691.19000000,3.04000000,4.75000000,6.23000000,3.09000000
2021-09-13,3699.25000000,3.03000000,4.78000000,6.26000000,3.10000000
2021-09-14,3709.63000000,3.04000000,4.76000000,6.28000000,3.11000000
2021-09-15,3651.16000000,2.99000000,4.70000000,6.15000000,3.06000000
2021-09-16,3664.84000000,2.98000000,4.68000000,6.14000000,3.06000000
2021-09-17,3595.27000000,2.97000000,4.68000000,6.07000000,3.05000000
2021-09-22,3563.21000000,2.95000000,4.65000000,5.95000000,3.05000000
2021-09-23,3651.27000000,2.96000000,4.65000000,5.98000000,3.06000000
2021-09-24,3637.87000000,2.96000000,4.64000000,5.99000000,3.07000000
2021-09-27,3625.96000000,2.94000000,4.63000000,5.94000000,3.05000000
2021-09-28,3577.89000000,2.93000000,4.62000000,5.91000000,3.04000000
2021-09-29,3573.52000000,2.94000000,4.65000000,5.94000000,3.06000000
2021-09-30,3541.93000000,2.95000000,4.68000000,5.98000000,3.06000000
2021-10-08,3609.09000000,2.95000000,4.66000000,5.98000000,3.05000000
2021-10-11,3600.36000000,2.96000000,4.72000000,6.04000000,3.08000000
2021-10-12,3581.30000000,2.98000000,4.74000000,6.09000000,3.08000000
2021-10-13,3543.49000000,2.98000000,4.74000000,6.09000000,3.08000000
2021-10-14,3555.11000000,2.97000000,4.72000000,6.05000000,3.07000000
2021-10-15,3551.99000000,2.96000000,4.72000000,6.04000000,3.07000000
2021-10-18,3571.05000000,2.95000000,4.75000000,6.04000000,3.05000000
2021-10-19,3562.30000000,2.95000000,4.72000000,6.00000000,3.06000000
2021-10-20,3583.24000000,2.95000000,4.73000000,6.04000000,3.07000000
2021-10-21,3590.05000000,2.95000000,4.70000000,6.02000000,3.06000000
2021-10-22,3594.75000000,2.97000000,4.74000000,6.07000000,3.07000000
2021-10-25,3574.26000000,2.96000000,4.71000000,6.03000000,3.06000000
2021-10-26,3612.83000000,2.96000000,4.72000000,6.05000000,3.08000000
2021-10-27,3589.86000000,2.94000000,4.70000000,6.02000000,3.06000000
2021-10-28,3548.70000000,2.94000000,4.68000000,5.99000000,3.06000000
2021-10-29,3519.33000000,2.94000000,4.67000000,5.98000000,3.05000000
2021-11-01,3530.40000000,2.94000000,4.68000000,5.93000000,3.05000000
2021-11-02,3543.38000000,2.96000000,4.73000000,5.98000000,3.07000000
2021-11-03,3501.11000000,2.93000000,4.67000000,5.91000000,3.05000000
2021-11-04,3505.89000000,2.93000000,4.64000000,5.87000000,3.04000000
2021-11-05,3520.21000000,2.92000000,4.64000000,5.83000000,3.04000000
2021-11-08,3491.97000000,2.92000000,4.65000000,5.80000000,3.04000000
2021-11-09,3507.11000000,2.93000000,4.64000000,5.82000000,3.03000000
2021-11-10,3498.94000000,2.92000000,4.64000000,5.84000000,3.03000000
2021-11-11,3486.45000000,2.91000000,4.62000000,5.82000000,3.04000000
2021-11-12,3534.15000000,2.93000000,4.66000000,5.87000000,3.07000000
2021-11-15,3542.90000000,2.93000000,4.65000000,5.83000000,3.05000000
2021-11-16,3530.46000000,2.93000000,4.66000000,5.83000000,3.06000000
2021-11-17,3518.56000000,2.93000000,4.64000000,5.83000000,3.06000000
2021-11-18,3531.49000000,2.93000000,4.64000000,5.82000000,3.06000000
2021-11-19,3519.28000000,2.93000000,4.64000000,5.82000000,3.06000000
2021-11-22,3562.76000000,2.94000000,4.65000000,5.84000000,3.06000000
2021-11-23,3580.51000000,2.94000000,4.63000000,5.82000000,3.06000000
2021-11-24,3590.02000000,2.93000000,4.63000000,5.82000000,3.06000000
2021-11-25,3593.39000000,2.93000000,4.64000000,5.81000000,3.07000000
2021-11-26,3576.11000000,2.93000000,4.63000000,5.80000000,3.07000000
2021-11-29,3528.67000000,2.91000000,4.60000000,5.76000000,3.06000000
2021-11-30,3570.75000000,2.92000000,4.58000000,5.76000000,3.06000000
2021-12-01,3561.89000000,2.91000000,4.58000000,5.75000000,3.04000000
2021-12-02,3573.25000000,2.93000000,4.60000000,5.77000000,3.06000000
2021-12-03,3576.45000000,2.92000000,4.60000000,5.80000000,3.06000000
2021-12-06,3615.24000000,2.93000000,4.61000000,5.81000000,3.06000000
2021-12-07,3611.22000000,2.94000000,4.64000000,5.89000000,3.07000000
2021-12-08,3602.82000000,2.95000000,4.66000000,5.89000000,3.06000000
2021-12-09,3641.16000000,2.94000000,4.65000000,5.88000000,3.06000000
2021-12-10,3654.37000000,2.94000000,4.65000000,5.88000000,3.07000000
2021-12-13,3686.94000000,2.94000000,4.64000000,5.88000000,3.07000000
2021-12-14,3669.81000000,2.93000000,4.63000000,5.87000000,3.06000000
2021-12-15,3655.05000000,2.92000000,4.61000000,5.81000000,3.05000000
2021-12-16,3648.93000000,2.93000000,4.61000000,5.82000000,3.05000000
2021-12-17,3670.26000000,2.94000000,4.61000000,5.82000000,3.05000000
2021-12-20,3620.04000000,2.93000000,4.60000000,5.82000000,3.05000000
2021-12-21,3591.45000000,2.94000000,4.61000000,5.81000000,3.04000000
2021-12-22,3632.68000000,2.95000000,4.65000000,5.88000000,3.06000000
2021-12-23,3625.47000000,2.94000000,4.64000000,5.89000000,3.06000000
2021-12-24,3645.39000000,2.94000000,4.65000000,5.88000000,3.06000000
2021-12-27,3613.05000000,2.94000000,4.64000000,5.89000000,3.05000000
2021-12-28,3619.64000000,2.94000000,4.66000000,5.88000000,3.06000000
2021-12-29,3630.92000000,2.94000000,4.66000000,5.89000000,3.06000000
2021-12-30,3596.49000000,2.94000000,4.65000000,5.87000000,3.06000000
2021-12-31,3626.24000000,2.94000000,4.63000000,5.86000000,3.05000000
2022-01-04,3649.15000000,2.94000000,4.64000000,5.85000000,3.06000000
2022-01-05,3628.26000000,2.94000000,4.66000000,5.91000000,3.07000000
2022-01-06,3581.22000000,2.96000000,4.70000000,6.00000000,3.08000000
2022-01-07,3588.99000000,2.96000000,4.69000000,6.06000000,3.09000000
2022-01-10,3572.74000000,2.99000000,4.74000000,6.13000000,3.14000000
2022-01-11,3589.90000000,2.99000000,4.73000000,6.11000000,3.12000000
2022-01-12,3578.16000000,3.00000000,4.75000000,6.14000000,3.14000000
2022-01-13,3601.03000000,2.98000000,4.71000000,6.08000000,3.11000000
2022-01-14,3544.07000000,3.01000000,4.74000000,6.09000000,3.14000000
2022-01-17,3522.09000000,2.97000000,4.67000000,6.00000000,3.09000000
2022-01-18,3541.89000000,2.96000000,4.65000000,5.98000000,3.08000000
2022-01-19,3567.63000000,2.98000000,4.67000000,6.04000000,3.11000000
2022-01-20,3556.23000000,2.99000000,4.70000000,6.05000000,3.11000000
2022-01-21,3546.75000000,3.00000000,4.73000000,6.11000000,3.12000000
2022-01-24,3508.24000000,2.99000000,4.70000000,6.08000000,3.12000000
2022-01-25,3509.28000000,2.98000000,4.69000000,6.06000000,3.11000000
2022-01-26,3442.69000000,2.95000000,4.66000000,5.99000000,3.09000000
2022-01-27,3456.10000000,2.95000000,4.68000000,6.02000000,3.09000000
2022-01-28,3407.59000000,2.95000000,4.68000000,6.05000000,3.09000000
2022-02-07,3407.76000000,2.98000000,4.69000000,6.03000000,3.11000000
2022-02-08,3428.54000000,3.00000000,4.74000000,6.13000000,3.12000000
2022-02-09,3450.82000000,3.06000000,4.85000000,6.33000000,3.17000000
2022-02-10,3481.91000000,3.05000000,4.85000000,6.29000000,3.17000000
2022-02-11,3472.28000000,3.07000000,4.84000000,6.30000000,3.19000000
2022-02-14,3451.85000000,3.08000000,4.85000000,6.35000000,3.19000000
2022-02-15,3428.04000000,3.04000000,4.79000000,6.27000000,3.16000000
2022-02-16,3457.07000000,3.03000000,4.77000000,6.21000000,3.16000000
2022-02-17,3464.21000000,3.04000000,4.78000000,6.23000000,3.17000000
2022-02-18,3451.63000000,3.03000000,4.77000000,6.24000000,3.18000000
2022-02-21,3488.41000000,3.05000000,4.80000000,6.28000000,3.19000000
2022-02-22,3473.29000000,3.03000000,4.80000000,6.23000000,3.17000000
2022-02-23,3458.51000000,3.02000000,4.78000000,6.23000000,3.17000000
2022-02-24,3474.37000000,3.00000000,4.75000000,6.13000000,3.15000000
2022-02-25,3445.34000000,2.98000000,4.70000000,6.06000000,3.12000000
2022-02-28,3450.32000000,2.96000000,4.67000000,6.02000000,3.11000000
2022-03-01,3471.36000000,2.97000000,4.67000000,6.05000000,3.11000000
2022-03-02,3478.29000000,2.99000000,4.67000000,6.08000000,3.12000000
2022-03-03,3495.93000000,3.00000000,4.69000000,6.08000000,3.13000000
2022-03-04,3459.98000000,3.02000000,4.73000000,6.15000000,3.15000000
2022-03-07,3438.56000000,2.99000000,4.70000000,6.09000000,3.14000000
2022-03-08,3372.55000000,2.97000000,4.65000000,6.06000000,3.12000000
2022-03-09,3303.71000000,2.97000000,4.61000000,6.00000000,3.10000000
2022-03-10,3312.18000000,2.96000000,4.59000000,6.00000000,3.09000000
2022-03-11,3259.32000000,2.94000000,4.55000000,5.97000000,3.08000000
2022-03-14,3271.89000000,2.96000000,4.58000000,5.98000000,3.08000000
2022-03-15,3192.36000000,2.97000000,4.57000000,5.94000000,3.09000000
2022-03-16,3107.67000000,2.93000000,4.54000000,5.82000000,3.04000000
2022-03-17,3215.01000000,2.95000000,4.57000000,5.92000000,3.08000000
2022-03-18,3207.15000000,2.93000000,4.52000000,5.86000000,3.06000000
2022-03-21,3255.62000000,2.96000000,4.56000000,5.99000000,3.09000000
2022-03-22,3249.54000000,2.95000000,4.54000000,5.95000000,3.10000000
2022-03-23,3264.79000000,2.99000000,4.58000000,6.02000000,3.15000000
2022-03-24,3256.06000000,2.98000000,4.55000000,6.00000000,3.13000000
2022-03-25,3247.16000000,2.99000000,4.58000000,6.06000000,3.14000000
2022-03-28,3185.17000000,2.98000000,4.62000000,6.07000000,3.14000000
2022-03-29,3216.01000000,3.01000000,4.69000000,6.19000000,3.16000000
2022-03-30,3217.59000000,3.04000000,4.72000000,6.24000000,3.20000000
2022-03-31,3256.14000000,3.05000000,4.70000000,6.17000000,3.22000000
2022-04-01,3234.67000000,3.07000000,4.75000000,6.24000000,3.26000000
2022-04-06,3269.43000000,3.07000000,4.78000000,6.28000000,3.28000000
2022-04-07,3267.81000000,3.10000000,4.82000000,6.34000000,3.30000000
2022-04-08,3239.88000000,3.09000000,4.82000000,6.26000000,3.28000000
2022-04-11,3239.86000000,3.10000000,4.80000000,6.28000000,3.30000000
2022-04-12,3165.12000000,3.07000000,4.78000000,6.24000000,3.28000000
2022-04-13,3199.80000000,3.08000000,4.78000000,6.24000000,3.29000000
2022-04-14,3203.63000000,3.09000000,4.80000000,6.26000000,3.30000000
2022-04-15,3210.70000000,3.07000000,4.76000000,6.27000000,3.28000000
2022-04-18,3185.94000000,3.06000000,4.75000000,6.21000000,3.27000000
2022-04-19,3192.09000000,3.04000000,4.72000000,6.10000000,3.22000000
2022-04-20,3189.89000000,3.05000000,4.72000000,6.12000000,3.26000000
2022-04-21,3138.43000000,3.06000000,4.74000000,6.09000000,3.27000000
2022-04-22,3058.40000000,3.07000000,4.76000000,6.11000000,3.26000000
2022-04-25,3034.27000000,3.08000000,4.82000000,6.19000000,3.29000000
2022-04-26,2930.45000000,3.06000000,4.75000000,6.10000000,3.28000000
2022-04-27,2866.82000000,3.07000000,4.80000000,6.05000000,3.28000000
2022-04-28,2945.81000000,3.02000000,4.71000000,5.98000000,3.23000000
2022-04-29,2986.06000000,3.06000000,4.76000000,6.06000000,3.26000000
2022-05-05,3044.85000000,3.07000000,4.78000000,6.08000000,3.24000000
2022-05-06,3011.32000000,3.07000000,4.74000000,6.02000000,3.21000000
2022-05-09,2990.20000000,3.05000000,4.73000000,5.99000000,3.19000000
2022-05-10,2965.78000000,3.06000000,4.75000000,5.96000000,3.18000000
2022-05-11,3035.39000000,3.09000000,4.73000000,6.00000000,3.20000000
2022-05-12,3044.80000000,3.05000000,4.66000000,5.95000000,3.19000000
2022-05-13,3068.03000000,3.04000000,4.66000000,5.96000000,3.20000000
2022-05-16,3100.55000000,3.05000000,4.70000000,6.00000000,3.21000000
2022-05-17,3076.50000000,3.04000000,4.69000000,5.98000000,3.20000000
2022-05-18,3095.89000000,3.02000000,4.66000000,5.97000000,3.20000000
2022-05-19,3046.71000000,3.01000000,4.61000000,5.96000000,3.18000000
2022-05-20,3107.09000000,3.02000000,4.62000000,5.97000000,3.19000000
2022-05-23,3150.49000000,3.02000000,4.62000000,5.98000000,3.20000000
2022-05-24,3149.06000000,3.01000000,4.63000000,5.97000000,3.19000000
2022-05-25,3070.17000000,3.02000000,4.67000000,5.97000000,3.19000000
2022-05-26,3111.48000000,3.03000000,4.66000000,5.99000000,3.20000000
2022-05-27,3135.03000000,3.04000000,4.66000000,6.03000000,3.21000000
2022-05-30,3141.96000000,3.04000000,4.67000000,6.04000000,3.21000000
2022-05-31,3149.94000000,3.02000000,4.64000000,6.02000000,3.19000000
2022-06-01,3179.69000000,3.03000000,4.65000000,5.99000000,3.19000000
2022-06-02,3170.31000000,3.01000000,4.64000000,5.97000000,3.19000000
2022-06-06,3196.96000000,3.01000000,4.63000000,5.97000000,3.19000000
2022-06-07,3235.42000000,3.00000000,4.60000000,5.92000000,3.19000000
2022-06-08,3245.02000000,3.00000000,4.62000000,5.94000000,3.19000000
2022-06-09,3259.49000000,2.99000000,4.63000000,5.94000000,3.19000000
2022-06-10,3214.18000000,3.00000000,4.66000000,5.96000000,3.20000000
2022-06-13,3256.28000000,3.01000000,4.68000000,5.98000000,3.21000000
2022-06-14,3224.21000000,2.99000000,4.66000000,5.94000000,3.21000000
2022-06-15,3289.10000000,3.02000000,4.72000000,6.01000000,3.23000000
2022-06-16,3306.84000000,3.04000000,4.73000000,6.05000000,3.24000000
2022-06-17,3265.51000000,3.00000000,4.70000000,5.99000000,3.23000000
2022-06-20,3315.78000000,3.01000000,4.75000000,6.01000000,3.23000000
2022-06-21,3313.79000000,3.00000000,4.71000000,5.99000000,3.22000000
2022-06-22,3309.12000000,3.02000000,4.75000000,6.03000000,3.25000000
2022-06-23,3269.05000000,3.02000000,4.76000000,6.01000000,3.24000000
2022-06-24,3324.74000000,3.03000000,4.76000000,6.05000000,3.25000000
2022-06-27,3364.00000000,3.01000000,4.74000000,6.01000000,3.25000000
2022-06-28,3377.68000000,3.01000000,4.71000000,6.00000000,3.25000000
2022-06-29,3399.68000000,3.02000000,4.73000000,6.01000000,3.24000000
2022-06-30,3358.93000000,3.02000000,4.76000000,6.05000000,3.25000000
2022-07-01,3400.26000000,3.02000000,4.77000000,6.07000000,3.26000000
2022-07-04,3381.82000000,3.01000000,4.77000000,6.09000000,3.27000000
2022-07-05,3411.13000000,3.02000000,4.78000000,6.11000000,3.29000000
2022-07-06,3391.03000000,3.03000000,4.80000000,6.12000000,3.31000000
2022-07-07,3353.13000000,3.02000000,4.78000000,6.10000000,3.30000000
2022-07-08,3380.37000000,3.03000000,4.77000000,5.75000000,3.30000000
2022-07-11,3341.10000000,3.03000000,4.77000000,5.71000000,3.31000000
2022-07-12,3307.22000000,3.04000000,4.52000000,5.78000000,3.33000000
2022-07-13,3279.60000000,3.04000000,4.51000000,5.75000000,3.33000000
2022-07-14,3277.45000000,3.01000000,4.42000000,5.65000000,3.27000000
2022-07-15,3261.38000000,2.78000000,4.36000000,5.58000000,3.03000000
2022-07-18,3235.09000000,2.77000000,4.34000000,5.51000000,3.01000000
2022-07-19,3278.72000000,2.80000000,4.36000000,5.55000000,3.03000000
2022-07-20,3291.55000000,2.85000000,4.40000000,5.59000000,3.06000000
2022-07-21,3297.66000000,2.86000000,4.45000000,5.64000000,3.09000000
2022-07-22,3276.20000000,2.83000000,4.39000000,5.58000000,3.06000000
2022-07-25,3269.71000000,2.85000000,4.41000000,5.60000000,3.08000000
2022-07-26,3254.19000000,2.86000000,4.44000000,5.63000000,3.09000000
2022-07-27,3271.78000000,2.87000000,4.42000000,5.62000000,3.11000000
2022-07-28,3287.50000000,2.84000000,4.39000000,5.62000000,3.09000000
2022-07-29,3282.81000000,2.86000000,4.40000000,5.61000000,3.07000000
2022-08-01,3246.62000000,2.84000000,4.37000000,5.57000000,3.05000000
2022-08-02,3231.26000000,2.83000000,4.36000000,5.53000000,3.04000000
2022-08-03,3188.89000000,2.82000000,4.34000000,5.50000000,3.03000000
2022-08-04,3179.43000000,2.81000000,4.34000000,5.44000000,3.02000000
2022-08-05,3195.23000000,2.86000000,4.38000000,5.47000000,3.04000000
2022-08-08,3218.85000000,2.85000000,4.39000000,5.50000000,3.05000000
2022-08-09,3235.74000000,2.85000000,4.35000000,5.48000000,3.03000000
2022-08-10,3242.36000000,2.84000000,4.34000000,5.50000000,3.03000000
2022-08-11,3243.47000000,2.84000000,4.34000000,5.47000000,3.03000000
2022-08-12,3275.77000000,2.84000000,4.36000000,5.50000000,3.05000000
2022-08-15,3268.37000000,2.83000000,4.35000000,5.50000000,3.04000000
2022-08-16,3278.68000000,2.83000000,4.34000000,5.48000000,3.03000000
2022-08-17,3282.10000000,2.83000000,4.34000000,5.48000000,3.04000000
2022-08-18,3286.37000000,2.83000000,4.34000000,5.49000000,3.04000000
2022-08-19,3275.62000000,2.81000000,4.33000000,5.47000000,3.02000000
2022-08-22,3249.70000000,2.82000000,4.33000000,5.46000000,3.02000000
2022-08-23,3274.43000000,2.83000000,4.33000000,5.46000000,3.02000000
2022-08-24,3279.17000000,2.82000000,4.33000000,5.44000000,3.01000000
2022-08-25,3223.46000000,2.82000000,4.33000000,5.44000000,3.02000000
2022-08-26,3250.63000000,2.83000000,4.34000000,5.46000000,3.03000000
2022-08-29,3203.10000000,2.82000000,4.34000000,5.45000000,3.02000000
2022-08-30,3240.18000000,2.82000000,4.34000000,5.45000000,3.02000000
2022-08-31,3216.53000000,2.83000000,4.35000000,5.47000000,3.04000000
2022-09-01,3196.54000000,2.84000000,4.36000000,5.51000000,3.05000000
2022-09-02,3189.64000000,2.84000000,4.35000000,5.49000000,3.06000000
2022-09-05,3183.95000000,2.83000000,4.35000000,5.48000000,3.04000000
2022-09-06,3207.93000000,2.84000000,4.36000000,5.49000000,3.06000000
2022-09-07,3232.14000000,2.85000000,4.36000000,5.50000000,3.07000000
2022-09-08,3245.56000000,2.83000000,4.36000000,5.49000000,3.07000000
2022-09-09,3241.18000000,2.84000000,4.36000000,5.51000000,3.07000000
2022-09-13,3272.05000000,2.85000000,4.37000000,5.54000000,3.09000000
2022-09-14,3224.68000000,2.84000000,4.36000000,5.53000000,3.07000000
2022-09-15,3248.97000000,2.86000000,4.37000000,5.55000000,3.07000000
2022-09-16,3189.83000000,2.87000000,4.39000000,5.55000000,3.10000000
2022-09-19,3122.75000000,2.85000000,4.37000000,5.51000000,3.06000000
2022-09-20,3127.84000000,2.87000000,4.39000000,5.56000000,3.09000000
2022-09-21,3116.01000000,2.85000000,4.37000000,5.55000000,3.07000000
2022-09-22,3098.77000000,2.86000000,4.36000000,5.55000000,3.07000000
2022-09-23,3106.81000000,2.86000000,4.38000000,5.55000000,3.08000000
2022-09-26,3067.57000000,2.88000000,4.39000000,5.61000000,3.10000000
2022-09-27,3056.39000000,2.85000000,4.35000000,5.54000000,3.07000000
2022-09-28,3089.10000000,2.83000000,4.34000000,5.54000000,3.06000000
2022-09-29,3067.47000000,2.86000000,4.36000000,5.57000000,3.08000000
2022-09-30,3042.17000000,2.83000000,4.34000000,5.52000000,3.06000000
2022-10-10,3026.94000000,2.85000000,4.35000000,5.50000000,3.08000000
2022-10-11,2978.06000000,2.87000000,4.36000000,5.52000000,3.07000000
2022-10-12,2976.72000000,2.87000000,4.37000000,5.52000000,3.06000000
2022-10-13,3008.30000000,2.86000000,4.39000000,5.53000000,3.06000000
2022-10-14,3035.03000000,2.86000000,4.35000000,5.49000000,3.06000000
2022-10-17,3060.52000000,2.85000000,4.34000000,5.49000000,3.06000000
2022-10-18,3094.93000000,2.85000000,4.36000000,5.50000000,3.06000000
2022-10-19,3073.26000000,2.84000000,4.34000000,5.49000000,3.05000000
2022-10-20,3029.30000000,2.84000000,4.35000000,5.48000000,3.05000000
2022-10-21,3038.04000000,2.85000000,4.35000000,5.51000000,3.05000000
2022-10-24,3034.75000000,2.86000000,4.35000000,5.53000000,3.07000000
2022-10-25,2969.16000000,2.85000000,4.35000000,5.50000000,3.06000000
2022-10-26,2977.56000000,2.86000000,4.34000000,5.50000000,3.06000000
2022-10-27,3005.04000000,2.83000000,4.28000000,5.45000000,3.05000000
2022-10-28,2967.02000000,2.80000000,4.26000000,5.42000000,3.04000000
2022-10-31,2893.20000000,2.79000000,4.25000000,5.41000000,3.05000000
2022-11-01,2899.50000000,2.77000000,4.15000000,5.33000000,3.01000000
2022-11-02,2960.65000000,2.72000000,4.05000000,5.26000000,3.01000000
2022-11-03,2981.20000000,2.72000000,4.05000000,5.23000000,3.00000000
2022-11-04,2997.00000000,2.73000000,4.05000000,5.23000000,3.01000000
2022-11-07,3062.86000000,2.74000000,4.09000000,5.28000000,3.04000000
2022-11-08,3077.31000000,2.75000000,4.08000000,5.28000000,3.04000000
2022-11-09,3064.46000000,2.73000000,4.09000000,5.25000000,3.03000000
2022-11-10,3031.69000000,2.74000000,4.09000000,5.26000000,3.03000000
2022-11-11,3099.65000000,2.77000000,4.12000000,5.32000000,3.05000000
2022-11-14,3100.87000000,2.79000000,4.16000000,5.38000000,3.06000000
2022-11-15,3081.13000000,2.81000000,4.16000000,5.38000000,3.06000000
2022-11-16,3133.65000000,2.80000000,4.17000000,5.38000000,3.06000000
2022-11-17,3110.96000000,2.79000000,4.16000000,5.36000000,3.05000000
2022-11-18,3116.73000000,2.80000000,4.17000000,5.35000000,3.06000000
2022-11-21,3078.06000000,2.79000000,4.17000000,5.36000000,3.04000000
2022-11-22,3084.23000000,2.79000000,4.18000000,5.36000000,3.06000000
2022-11-23,3084.74000000,2.83000000,4.23000000,5.43000000,3.08000000
2022-11-24,3104.10000000,2.85000000,4.27000000,5.47000000,3.11000000
2022-11-25,3085.46000000,2.84000000,4.25000000,5.45000000,3.10000000
2022-11-28,3055.29000000,2.86000000,4.29000000,5.52000000,3.11000000
2022-11-29,3096.11000000,2.86000000,4.25000000,5.51000000,3.11000000
2022-11-30,3141.40000000,2.87000000,4.30000000,5.59000000,3.14000000
2022-12-01,3187.99000000,2.89000000,4.32000000,5.61000000,3.15000000
2022-12-02,3160.58000000,2.86000000,4.25000000,5.51000000,3.11000000
2022-12-05,3181.92000000,2.87000000,4.26000000,5.50000000,3.12000000
2022-12-06,3200.28000000,2.89000000,4.30000000,5.60000000,3.14000000
2022-12-07,3204.94000000,2.89000000,4.31000000,5.64000000,3.16000000
2022-12-08,3196.02000000,2.88000000,4.29000000,5.60000000,3.15000000
2022-12-09,3197.12000000,2.90000000,4.30000000,5.61000000,3.17000000
2022-12-12,3195.87000000,2.89000000,4.30000000,5.59000000,3.15000000
2022-12-13,3179.44000000,2.86000000,4.28000000,5.54000000,3.13000000
2022-12-14,3178.55000000,2.90000000,4.30000000,5.63000000,3.17000000
2022-12-15,3177.20000000,2.89000000,4.28000000,5.58000000,3.17000000
2022-12-16,3156.13000000,2.88000000,4.26000000,5.55000000,3.14000000
2022-12-19,3165.31000000,2.90000000,4.28000000,5.64000000,3.17000000
2022-12-20,3098.95000000,2.87000000,4.25000000,5.57000000,3.15000000
2022-12-21,3078.33000000,2.86000000,4.23000000,5.49000000,3.13000000
2022-12-22,3085.80000000,2.87000000,4.26000000,5.57000000,3.14000000
2022-12-23,3038.84000000,2.86000000,4.27000000,5.52000000,3.13000000
2022-12-26,3048.20000000,2.87000000,4.26000000,5.52000000,3.13000000
2022-12-27,3077.75000000,2.86000000,4.27000000,5.52000000,3.13000000
2022-12-28,3088.62000000,2.90000000,4.30000000,5.57000000,3.15000000
2022-12-29,3076.73000000,2.90000000,4.31000000,5.60000000,3.17000000
2022-12-30,3084.52000000,2.89000000,4.31000000,5.62000000,3.17000000
2023-01-03,3087.51000000,2.91000000,4.34000000,5.62000000,3.17000000
2023-01-04,3117.57000000,2.90000000,4.32000000,5.63000000,3.16000000
2023-01-05,3132.76000000,2.94000000,4.36000000,5.70000000,3.21000000
2023-01-06,3155.07000000,2.93000000,4.33000000,5.67000000,3.21000000
2023-01-09,3169.37000000,2.93000000,4.35000000,5.66000000,3.21000000
2023-01-10,3178.02000000,2.92000000,4.34000000,5.64000000,3.20000000
2023-01-11,3172.38000000,2.91000000,4.30000000,5.60000000,3.18000000
2023-01-12,3167.27000000,2.91000000,4.31000000,5.64000000,3.20000000
2023-01-13,3170.35000000,2.92000000,4.30000000,5.60000000,3.20000000
2023-01-16,3198.52000000,2.94000000,4.34000000,5.65000000,3.23000000
2023-01-17,3229.44000000,2.91000000,4.34000000,5.63000000,3.21000000
2023-01-18,3227.59000000,2.92000000,4.33000000,5.61000000,3.23000000
2023-01-19,3221.52000000,2.92000000,4.33000000,5.62000000,3.22000000
2023-01-20,3247.20000000,2.92000000,4.33000000,5.63000000,3.22000000
2023-01-30,3308.87000000,2.93000000,4.34000000,5.66000000,3.24000000
2023-01-31,3266.14000000,2.92000000,4.32000000,5.64000000,3.23000000
2023-02-01,3262.20000000,2.91000000,4.32000000,5.61000000,3.22000000
2023-02-02,3291.78000000,2.92000000,4.32000000,5.62000000,3.22000000
2023-02-03,3275.66000000,2.92000000,4.30000000,5.60000000,3.21000000
2023-02-06,3244.70000000,2.91000000,4.30000000,5.60000000,3.20000000
2023-02-07,3245.23000000,2.92000000,4.29000000,5.60000000,3.20000000
2023-02-08,3251.50000000,2.92000000,4.30000000,5.60000000,3.20000000
2023-02-09,3227.73000000,2.93000000,4.29000000,5.59000000,3.21000000
2023-02-10,3266.44000000,2.93000000,4.31000000,5.61000000,3.21000000
2023-02-13,3256.99000000,2.92000000,4.30000000,5.60000000,3.23000000
2023-02-14,3288.97000000,2.92000000,4.30000000,5.59000000,3.21000000
2023-02-15,3294.02000000,2.92000000,4.30000000,5.60000000,3.21000000
2023-02-16,3281.74000000,2.91000000,4.29000000,5.58000000,3.20000000
2023-02-17,3244.73000000,2.91000000,4.28000000,5.57000000,3.22000000
2023-02-20,3230.47000000,2.92000000,4.29000000,5.56000000,3.22000000
2023-02-21,3291.63000000,2.94000000,4.30000000,5.62000000,3.24000000
2023-02-22,3292.05000000,2.94000000,4.32000000,5.64000000,3.24000000
2023-02-23,3293.52000000,2.94000000,4.31000000,5.63000000,3.24000000
2023-02-24,3287.26000000,2.93000000,4.31000000,5.62000000,3.24000000
2023-02-27,3257.00000000,2.93000000,4.29000000,5.60000000,3.22000000
2023-02-28,3265.74000000,2.93000000,4.29000000,5.60000000,3.22000000
2023-03-01,3279.14000000,2.93000000,4.30000000,5.64000000,3.23000000
2023-03-02,3308.01000000,2.93000000,4.30000000,5.63000000,3.24000000
2023-03-03,3314.77000000,2.94000000,4.32000000,5.68000000,3.27000000
2023-03-06,3332.02000000,2.98000000,4.37000000,5.84000000,3.31000000
2023-03-07,3320.21000000,2.97000000,4.35000000,5.81000000,3.31000000
2023-03-08,3271.88000000,3.01000000,4.37000000,5.86000000,3.32000000
2023-03-09,3285.94000000,3.01000000,4.40000000,5.86000000,3.34000000
2023-03-10,3255.51000000,3.00000000,4.36000000,5.80000000,3.33000000
2023-03-13,3228.12000000,2.98000000,4.34000000,5.74000000,3.29000000
2023-03-14,3261.92000000,3.00000000,4.39000000,5.81000000,3.31000000
2023-03-15,3261.03000000,3.02000000,4.43000000,5.87000000,3.35000000
2023-03-16,3244.47000000,3.03000000,4.45000000,5.91000000,3.39000000
2023-03-17,3245.26000000,3.08000000,4.53000000,6.02000000,3.51000000
2023-03-20,3253.93000000,3.08000000,4.52000000,6.02000000,3.47000000
2023-03-21,3240.84000000,3.11000000,4.52000000,6.02000000,3.50000000
2023-03-22,3263.41000000,3.06000000,4.46000000,5.94000000,3.43000000
2023-03-23,3258.78000000,3.08000000,4.51000000,6.01000000,3.44000000
2023-03-24,3282.74000000,3.09000000,4.51000000,6.06000000,3.48000000
2023-03-27,3261.82000000,3.05000000,4.47000000,5.97000000,3.40000000
2023-03-28,3256.60000000,3.05000000,4.47000000,5.94000000,3.37000000
2023-03-29,3253.62000000,3.08000000,4.50000000,5.98000000,3.38000000
2023-03-30,3243.07000000,3.11000000,4.51000000,5.96000000,3.40000000
2023-03-31,3263.41000000,3.11000000,4.52000000,5.98000000,3.39000000
2023-04-03,3277.34000000,3.11000000,4.46000000,5.93000000,3.38000000
2023-04-04,3297.18000000,3.10000000,4.45000000,5.95000000,3.37000000
2023-04-06,3302.75000000,3.15000000,4.51000000,6.04000000,3.42000000
2023-04-07,3312.48000000,3.19000000,4.52000000,6.04000000,3.44000000
2023-04-10,3331.51000000,3.17000000,4.53000000,6.06000000,3.43000000
2023-04-11,3317.08000000,3.17000000,4.55000000,6.07000000,3.44000000
2023-04-12,3316.86000000,3.21000000,4.56000000,6.07000000,3.46000000
2023-04-13,3321.27000000,3.23000000,4.60000000,6.14000000,3.49000000
2023-04-14,3326.37000000,3.25000000,4.65000000,6.18000000,3.54000000
2023-04-17,3337.06000000,3.22000000,4.63000000,6.19000000,3.51000000
2023-04-18,3379.23000000,3.30000000,4.73000000,6.29000000,3.58000000
2023-04-19,3391.35000000,3.36000000,4.77000000,6.33000000,3.60000000
2023-04-20,3367.05000000,3.38000000,4.76000000,6.33000000,3.60000000
2023-04-21,3364.00000000,3.37000000,4.74000000,6.31000000,3.59000000
2023-04-24,3300.81000000,3.34000000,4.70000000,6.26000000,3.58000000
2023-04-25,3276.40000000,3.35000000,4.71000000,6.28000000,3.64000000
2023-04-26,3255.22000000,3.42000000,4.74000000,6.37000000,3.67000000
2023-04-27,3256.23000000,3.39000000,4.74000000,6.33000000,3.66000000
2023-04-28,3283.12000000,3.41000000,4.74000000,6.32000000,3.66000000
2023-05-04,3306.48000000,3.41000000,4.70000000,6.27000000,3.65000000
2023-05-05,3350.65000000,3.59000000,4.94000000,6.57000000,3.93000000
2023-05-08,3340.99000000,3.64000000,5.02000000,6.71000000,4.09000000
2023-05-09,3402.39000000,3.92000000,5.37000000,7.19000000,4.65000000
2023-05-10,3347.70000000,3.80000000,5.22000000,6.99000000,4.45000000
2023-05-11,3323.66000000,3.60000000,5.03000000,6.64000000,4.26000000
2023-05-12,3304.46000000,3.57000000,4.99000000,6.51000000,4.15000000
2023-05-15,3269.88000000,3.55000000,4.99000000,6.48000000,4.10000000
2023-05-16,3310.16000000,3.57000000,5.04000000,6.63000000,4.15000000
2023-05-17,3281.97000000,3.59000000,4.99000000,6.62000000,4.16000000
2023-05-18,3288.41000000,3.59000000,5.00000000,6.62000000,4.16000000
2023-05-19,3288.89000000,3.68000000,5.11000000,6.70000000,4.19000000
2023-05-22,3278.60000000,3.61000000,5.04000000,6.62000000,4.18000000
2023-05-23,3294.79000000,3.60000000,5.06000000,6.66000000,4.15000000
2023-05-24,3237.70000000,3.48000000,4.95000000,6.51000000,4.02000000
2023-05-25,3197.36000000,3.39000000,4.73000000,6.27000000,3.86000000
2023-05-26,3198.88000000,3.43000000,4.74000000,6.21000000,3.88000000
2023-05-29,3219.76000000,3.51000000,4.81000000,6.36000000,3.89000000
2023-05-30,3214.67000000,3.55000000,4.84000000,6.49000000,3.96000000
2023-05-31,3214.66000000,3.50000000,4.81000000,6.42000000,3.93000000
2023-06-01,3196.15000000,3.50000000,4.82000000,6.39000000,3.90000000
2023-06-02,3212.45000000,3.46000000,4.86000000,6.36000000,3.91000000
2023-06-05,3231.81000000,3.46000000,4.88000000,6.35000000,3.88000000
2023-06-06,3228.41000000,3.55000000,4.96000000,6.47000000,3.96000000
2023-06-07,3197.47000000,3.56000000,4.97000000,6.49000000,4.00000000
2023-06-08,3194.83000000,3.64000000,5.01000000,6.58000000,4.06000000
2023-06-09,3213.03000000,3.72000000,5.08000000,6.65000000,4.15000000
2023-06-12,3225.30000000,3.67000000,5.08000000,6.60000000,4.11000000
2023-06-13,3223.90000000,3.65000000,4.96000000,6.46000000,4.03000000
2023-06-14,3238.12000000,3.67000000,4.99000000,6.51000000,4.06000000
2023-06-15,3230.45000000,3.56000000,4.90000000,6.35000000,4.01000000
2023-06-16,3256.30000000,3.62000000,4.91000000,6.37000000,4.01000000
2023-06-19,3271.16000000,3.58000000,4.88000000,6.31000000,3.96000000
2023-06-20,3252.54000000,3.53000000,4.83000000,6.22000000,3.91000000
2023-06-21,3230.11000000,3.50000000,4.82000000,6.16000000,3.87000000
2023-06-26,3177.23000000,3.52000000,4.85000000,6.22000000,3.87000000
2023-06-27,3153.31000000,3.46000000,4.77000000,6.14000000,3.78000000
2023-06-28,3183.49000000,3.52000000,4.80000000,6.24000000,3.86000000
2023-06-29,3185.42000000,3.51000000,4.81000000,6.21000000,3.87000000
2023-06-30,3178.92000000,3.49000000,4.79000000,6.23000000,3.87000000
2023-07-03,3209.16000000,3.54000000,4.84000000,6.26000000,3.92000000
2023-07-04,3241.23000000,3.62000000,4.87000000,6.32000000,3.98000000
2023-07-05,3240.05000000,3.57000000,4.83000000,6.27000000,3.91000000
2023-07-06,3215.86000000,3.54000000,4.80000000,6.24000000,3.90000000
2023-07-07,3197.47000000,3.50000000,4.76000000,6.19000000,3.87000000
2023-07-10,3208.73000000,3.52000000,4.77000000,6.22000000,3.89000000
2023-07-11,3211.12000000,3.52000000,4.79000000,6.22000000,3.89000000
2023-07-12,3220.38000000,3.53000000,4.83000000,6.29000000,3.94000000
2023-07-13,3202.70000000,3.55000000,4.82000000,6.28000000,3.94000000
2023-07-14,3240.97000000,3.61000000,4.88000000,6.03000000,3.99000000
2023-07-17,3219.02000000,3.62000000,4.60000000,5.96000000,3.78000000
2023-07-18,3206.79000000,3.42000000,4.57000000,5.93000000,3.78000000
2023-07-19,3195.01000000,3.40000000,4.53000000,5.87000000,3.70000000
2023-07-20,3201.91000000,3.40000000,4.57000000,5.89000000,3.72000000
2023-07-21,3163.42000000,3.41000000,4.57000000,5.90000000,3.72000000
2023-07-24,3157.47000000,3.41000000,4.57000000,5.90000000,3.73000000
2023-07-25,3201.46000000,3.44000000,4.59000000,5.89000000,3.73000000
2023-07-26,3228.09000000,3.48000000,4.62000000,5.98000000,3.81000000
2023-07-27,3225.48000000,3.49000000,4.63000000,5.95000000,3.79000000
2023-07-28,3206.74000000,3.53000000,4.68000000,6.03000000,3.82000000
2023-07-31,3287.21000000,3.62000000,4.80000000,6.18000000,3.95000000
2023-08-01,3288.76000000,3.61000000,4.77000000,6.14000000,3.91000000
2023-08-02,3281.86000000,3.61000000,4.75000000,6.11000000,3.90000000
2023-08-03,3254.57000000,3.51000000,4.67000000,5.99000000,3.83000000
2023-08-04,3296.09000000,3.57000000,4.74000000,6.06000000,3.88000000
2023-08-07,3276.78000000,3.55000000,4.73000000,6.04000000,3.87000000
2023-08-08,3260.72000000,3.52000000,4.70000000,5.98000000,3.85000000
2023-08-09,3251.15000000,3.51000000,4.67000000,5.97000000,3.83000000
2023-08-10,3242.21000000,3.53000000,4.70000000,5.97000000,3.83000000
2023-08-11,3254.48000000,3.52000000,4.69000000,5.98000000,3.83000000
2023-08-14,3159.71000000,3.43000000,4.59000000,5.90000000,3.75000000
2023-08-15,3180.56000000,3.42000000,4.57000000,5.88000000,3.73000000
2023-08-16,3164.70000000,3.48000000,4.62000000,5.95000000,3.80000000
2023-08-17,3137.35000000,3.48000000,4.63000000,5.92000000,3.80000000
2023-08-18,3165.10000000,3.46000000,4.59000000,5.91000000,3.77000000
2023-08-21,3125.99000000,3.51000000,4.61000000,5.96000000,3.79000000
2023-08-22,3103.78000000,3.43000000,4.57000000,5.95000000,3.73000000
2023-08-23,3116.27000000,3.48000000,4.61000000,5.98000000,3.79000000
2023-08-24,3085.91000000,3.49000000,4.65000000,6.03000000,3.83000000
2023-08-25,3068.62000000,3.46000000,4.58000000,5.94000000,3.77000000
2023-08-28,3219.04000000,3.59000000,4.80000000,6.25000000,3.94000000
2023-08-29,3091.94000000,3.53000000,4.71000000,6.11000000,3.83000000
2023-08-30,3144.41000000,3.48000000,4.63000000,6.01000000,3.80000000
2023-08-31,3134.55000000,3.48000000,4.58000000,5.99000000,3.75000000
2023-09-01,3126.02000000,3.46000000,4.59000000,6.02000000,3.75000000
2023-09-04,3145.94000000,3.45000000,4.58000000,6.03000000,3.72000000
2023-09-05,3169.74000000,3.47000000,4.59000000,6.06000000,3.73000000
2023-09-06,3147.14000000,3.45000000,4.58000000,6.03000000,3.71000000
2023-09-07,3152.20000000,3.46000000,4.61000000,6.03000000,3.72000000
2023-09-08,3114.23000000,3.45000000,4.62000000,6.04000000,3.71000000
2023-09-11,3119.61000000,3.45000000,4.59000000,6.06000000,3.69000000
2023-09-12,3140.34000000,3.44000000,4.59000000,6.04000000,3.68000000
2023-09-13,3137.77000000,3.44000000,4.60000000,6.05000000,3.67000000
2023-09-14,3124.85000000,3.45000000,4.63000000,6.09000000,3.69000000
2023-09-15,3133.59000000,3.51000000,4.68000000,6.16000000,3.73000000
2023-09-18,3110.44000000,3.48000000,4.64000000,6.12000000,3.70000000
2023-09-19,3123.99000000,3.47000000,4.64000000,6.13000000,3.70000000
2023-09-20,3118.67000000,3.53000000,4.67000000,6.18000000,3.74000000
2023-09-21,3103.18000000,3.59000000,4.69000000,6.25000000,3.78000000
2023-09-22,3084.76000000,3.56000000,4.69000000,6.27000000,3.76000000
2023-09-25,3131.21000000,3.59000000,4.74000000,6.28000000,3.79000000
2023-09-26,3114.02000000,3.62000000,4.74000000,6.31000000,3.81000000
2023-09-27,3104.04000000,3.62000000,4.70000000,6.31000000,3.78000000
2023-09-28,3117.75000000,3.58000000,4.67000000,6.21000000,3.74000000
2023-10-09,3100.00000000,3.58000000,4.65000000,6.27000000,3.74000000
2023-10-10,3104.37000000,3.60000000,4.69000000,6.28000000,3.76000000
2023-10-11,3085.70000000,3.62000000,4.69000000,6.29000000,3.74000000
2023-10-12,3101.71000000,3.70000000,4.80000000,6.51000000,3.84000000
2023-10-13,3092.00000000,3.66000000,4.81000000,6.49000000,3.87000000
2023-10-16,3091.06000000,3.72000000,4.88000000,6.70000000,3.96000000
2023-10-17,3076.43000000,3.70000000,4.91000000,6.71000000,3.98000000
2023-10-18,3076.58000000,3.71000000,4.91000000,6.72000000,3.97000000
2023-10-19,3043.20000000,3.73000000,4.91000000,6.72000000,4.00000000
2023-10-20,2995.36000000,3.65000000,4.80000000,6.59000000,3.94000000
2023-10-23,2969.79000000,3.64000000,4.78000000,6.53000000,3.93000000
2023-10-24,2944.31000000,3.66000000,4.82000000,6.51000000,3.92000000
2023-10-25,2986.41000000,3.62000000,4.77000000,6.47000000,3.86000000
2023-10-26,2960.10000000,3.55000000,4.71000000,6.36000000,3.82000000
2023-10-27,2978.40000000,3.63000000,4.80000000,6.49000000,3.88000000
2023-10-30,3009.61000000,3.63000000,4.75000000,6.40000000,3.86000000
2023-10-31,3019.65000000,3.55000000,4.69000000,6.23000000,3.84000000
2023-11-01,3038.18000000,3.59000000,4.74000000,6.25000000,3.91000000
2023-11-02,3028.66000000,3.63000000,4.78000000,6.28000000,3.94000000
2023-11-03,3012.47000000,3.66000000,4.78000000,6.34000000,3.95000000
2023-11-06,3047.13000000,3.62000000,4.74000000,6.29000000,3.90000000
2023-11-07,3052.92000000,3.57000000,4.71000000,6.20000000,3.84000000
2023-11-08,3051.15000000,3.60000000,4.71000000,6.22000000,3.87000000
2023-11-09,3047.65000000,3.59000000,4.70000000,6.25000000,3.88000000
2023-11-10,3043.56000000,3.63000000,4.77000000,6.38000000,3.94000000
2023-11-13,3044.03000000,3.63000000,4.78000000,6.40000000,3.96000000
2023-11-14,3046.82000000,3.62000000,4.75000000,6.36000000,3.94000000
2023-11-15,3077.03000000,3.64000000,4.78000000,6.38000000,3.98000000
2023-11-16,3066.86000000,3.62000000,4.78000000,6.36000000,3.97000000
2023-11-17,3043.62000000,3.64000000,4.80000000,6.39000000,3.96000000
2023-11-20,3056.93000000,3.63000000,4.78000000,6.38000000,3.95000000
2023-11-21,3074.83000000,3.66000000,4.81000000,6.40000000,3.98000000
2023-11-22,3060.50000000,3.66000000,4.80000000,6.39000000,3.96000000
2023-11-23,3041.68000000,3.66000000,4.81000000,6.38000000,3.98000000
2023-11-24,3060.33000000,3.66000000,4.80000000,6.37000000,3.96000000
2023-11-27,3038.19000000,3.66000000,4.79000000,6.39000000,3.98000000
2023-11-28,3028.60000000,3.64000000,4.78000000,6.35000000,3.97000000
2023-11-29,3038.46000000,3.64000000,4.78000000,6.36000000,3.97000000
2023-11-30,3021.10000000,3.63000000,4.77000000,6.33000000,3.98000000
2023-12-01,3027.35000000,3.66000000,4.80000000,6.39000000,3.99000000
2023-12-04,3033.30000000,3.66000000,4.81000000,6.38000000,4.03000000
2023-12-05,3017.01000000,3.65000000,4.80000000,6.42000000,4.04000000
2023-12-06,2966.95000000,3.61000000,4.76000000,6.35000000,4.00000000
2023-12-07,2965.65000000,3.53000000,4.70000000,6.29000000,3.96000000
2023-12-08,2965.39000000,3.56000000,4.74000000,6.29000000,3.99000000
2023-12-11,2956.29000000,3.57000000,4.72000000,6.33000000,3.92000000
2023-12-12,2986.33000000,3.55000000,4.72000000,6.35000000,3.92000000
2023-12-13,2997.34000000,3.62000000,4.79000000,6.45000000,3.98000000
2023-12-14,2979.70000000,3.63000000,4.79000000,6.44000000,3.99000000
2023-12-15,2966.30000000,3.63000000,4.77000000,6.43000000,3.97000000
2023-12-18,2936.58000000,3.58000000,4.73000000,6.34000000,3.90000000
2023-12-19,2928.76000000,3.63000000,4.77000000,6.42000000,3.99000000
2023-12-20,2932.12000000,3.64000000,4.80000000,6.45000000,3.98000000
2023-12-21,2892.02000000,3.63000000,4.78000000,6.38000000,3.98000000
2023-12-22,2919.29000000,3.62000000,4.79000000,6.40000000,3.99000000
2023-12-25,2909.88000000,3.63000000,4.77000000,6.40000000,3.99000000
2023-12-26,2917.97000000,3.66000000,4.80000000,6.43000000,4.02000000
2023-12-27,2900.15000000,3.67000000,4.82000000,6.46000000,4.03000000
2023-12-28,2913.11000000,3.69000000,4.83000000,6.55000000,4.05000000
2023-12-29,2950.84000000,3.63000000,4.78000000,6.46000000,3.99000000
2024-01-02,2972.78000000,3.64000000,4.78000000,6.51000000,3.99000000
2024-01-03,2957.11000000,3.67000000,4.79000000,6.55000000,4.01000000
2024-01-04,2965.51000000,3.72000000,4.84000000,6.60000000,4.05000000
2024-01-05,2949.82000000,3.77000000,4.89000000,6.66000000,4.14000000
2024-01-08,2923.46000000,3.73000000,4.87000000,6.65000000,4.12000000
2024-01-09,2887.11000000,3.72000000,4.88000000,6.65000000,4.09000000
2024-01-10,2886.98000000,3.72000000,4.87000000,6.65000000,4.10000000
2024-01-11,2873.80000000,3.71000000,4.84000000,6.55000000,4.03000000
2024-01-12,2880.04000000,3.64000000,4.77000000,6.50000000,3.97000000
2024-01-15,2872.56000000,3.70000000,4.80000000,6.55000000,4.03000000
2024-01-16,2881.56000000,3.70000000,4.84000000,6.57000000,4.04000000
2024-01-17,2887.29000000,3.74000000,4.88000000,6.59000000,4.06000000
2024-01-18,2822.67000000,3.69000000,4.83000000,6.54000000,4.03000000
2024-01-19,2836.97000000,3.68000000,4.83000000,6.50000000,4.00000000
2024-01-22,2826.50000000,3.67000000,4.87000000,6.47000000,3.97000000
2024-01-23,2746.89000000,3.68000000,4.89000000,6.47000000,3.98000000
2024-01-24,2782.14000000,3.69000000,4.90000000,6.51000000,3.99000000
2024-01-25,2823.83000000,3.76000000,4.98000000,6.66000000,4.11000000
2024-01-26,2897.91000000,3.80000000,5.01000000,6.69000000,4.14000000
2024-01-29,2910.61000000,3.87000000,5.08000000,6.86000000,4.29000000
2024-01-30,2866.28000000,3.91000000,5.14000000,6.87000000,4.28000000
2024-01-31,2815.50000000,3.87000000,5.12000000,6.82000000,4.25000000
2024-02-01,2773.42000000,3.89000000,5.15000000,6.83000000,4.31000000
2024-02-02,2773.29000000,3.89000000,5.14000000,6.85000000,4.28000000
2024-02-05,2716.08000000,3.93000000,5.17000000,6.90000000,4.30000000
2024-02-06,2680.48000000,4.02000000,5.29000000,7.02000000,4.44000000
2024-02-07,2791.51000000,4.07000000,5.31000000,7.04000000,4.43000000
2024-02-08,2832.49000000,3.99000000,5.16000000,6.85000000,4.32000000
2024-02-19,2886.59000000,3.97000000,5.16000000,6.75000000,4.30000000
2024-02-20,2902.88000000,4.08000000,5.27000000,7.04000000,4.50000000
2024-02-21,2906.02000000,4.14000000,5.34000000,7.09000000,4.52000000
2024-02-22,2945.45000000,4.18000000,5.40000000,7.15000000,4.56000000
2024-02-23,2992.91000000,4.20000000,5.41000000,7.14000000,4.57000000
2024-02-26,3002.12000000,4.26000000,5.48000000,7.18000000,4.60000000
2024-02-27,2966.42000000,4.13000000,5.30000000,6.94000000,4.45000000
2024-02-28,3016.26000000,4.16000000,5.30000000,6.95000000,4.46000000
2024-02-29,2943.62000000,4.15000000,5.31000000,6.94000000,4.45000000
2024-03-01,3013.82000000,4.18000000,5.32000000,6.99000000,4.47000000
2024-03-04,3026.61000000,4.24000000,5.32000000,7.02000000,4.47000000
2024-03-05,3027.10000000,4.23000000,5.32000000,6.98000000,4.51000000
2024-03-06,3041.75000000,4.34000000,5.45000000,7.14000000,4.60000000
2024-03-07,3040.21000000,4.26000000,5.35000000,7.06000000,4.55000000
2024-03-08,3026.17000000,4.27000000,5.37000000,7.10000000,4.56000000
2024-03-11,3042.62000000,4.27000000,5.38000000,7.10000000,4.55000000
2024-03-12,3068.18000000,4.23000000,5.36000000,7.06000000,4.51000000
2024-03-13,3053.34000000,4.13000000,5.19000000,6.87000000,4.39000000
2024-03-14,3042.41000000,4.12000000,5.16000000,6.85000000,4.35000000
2024-03-15,3031.52000000,4.16000000,5.19000000,6.87000000,4.37000000
2024-03-18,3057.21000000,4.16000000,5.21000000,6.83000000,4.35000000
2024-03-19,3077.98000000,4.13000000,5.18000000,6.77000000,4.34000000
2024-03-20,3058.65000000,4.08000000,5.15000000,6.70000000,4.28000000
2024-03-21,3084.41000000,4.13000000,5.20000000,6.75000000,4.36000000
2024-03-22,3070.55000000,4.14000000,5.23000000,6.77000000,4.38000000
2024-03-25,3040.50000000,4.17000000,5.25000000,6.84000000,4.39000000
2024-03-26,3026.92000000,4.23000000,5.29000000,6.87000000,4.41000000
2024-03-27,3026.81000000,4.23000000,5.32000000,6.93000000,4.44000000
2024-03-28,2988.59000000,4.27000000,5.34000000,6.92000000,4.48000000
2024-03-29,3008.38000000,4.17000000,5.25000000,6.84000000,4.37000000
2024-04-01,3049.02000000,4.23000000,5.28000000,6.86000000,4.41000000
2024-04-02,3076.88000000,4.23000000,5.29000000,6.91000000,4.47000000
2024-04-03,3074.89000000,4.27000000,5.34000000,6.97000000,4.49000000
2024-04-08,3057.33000000,4.28000000,5.33000000,6.94000000,4.47000000
2024-04-09,3044.61000000,4.35000000,5.40000000,7.04000000,4.53000000
2024-04-10,3045.96000000,4.28000000,5.34000000,7.00000000,4.48000000
2024-04-11,3013.57000000,4.29000000,5.32000000,7.01000000,4.50000000
2024-04-12,3035.58000000,4.27000000,5.32000000,6.98000000,4.48000000
2024-04-15,3013.67000000,4.28000000,5.33000000,7.02000000,4.49000000
2024-04-16,3043.55000000,4.37000000,5.42000000,7.12000000,4.58000000
2024-04-17,3008.06000000,4.41000000,5.45000000,7.14000000,4.62000000
2024-04-18,3060.03000000,4.44000000,5.49000000,7.25000000,4.65000000
2024-04-19,3060.30000000,4.48000000,5.50000000,7.27000000,4.69000000
2024-04-22,3059.06000000,4.55000000,5.57000000,7.35000000,4.74000000
2024-04-23,3038.61000000,4.50000000,5.49000000,7.29000000,4.66000000
2024-04-24,3029.40000000,4.50000000,5.50000000,7.31000000,4.66000000
2024-04-25,3037.93000000,4.49000000,5.48000000,7.23000000,4.63000000
2024-04-26,3054.98000000,4.55000000,5.49000000,7.24000000,4.65000000
2024-04-29,3086.68000000,4.45000000,5.39000000,7.10000000,4.55000000
2024-04-30,3110.16000000,4.40000000,5.37000000,7.04000000,4.56000000
2024-05-06,3132.51000000,4.41000000,5.45000000,7.15000000,4.61000000
2024-05-07,3139.66000000,4.34000000,5.37000000,7.07000000,4.48000000
2024-05-08,3141.49000000,4.38000000,5.40000000,7.12000000,4.48000000
2024-05-09,3128.16000000,4.43000000,5.40000000,7.14000000,4.53000000
2024-05-10,3158.59000000,4.37000000,5.39000000,7.09000000,4.47000000
2024-05-13,3139.48000000,4.37000000,5.40000000,7.07000000,4.47000000
2024-05-14,3148.85000000,4.38000000,5.41000000,7.08000000,4.46000000
2024-05-15,3141.25000000,4.34000000,5.37000000,7.04000000,4.42000000
2024-05-16,3127.18000000,4.34000000,5.37000000,7.04000000,4.44000000
2024-05-17,3121.71000000,4.36000000,5.41000000,7.16000000,4.47000000
2024-05-20,3156.15000000,4.39000000,5.47000000,7.15000000,4.49000000
2024-05-21,3164.68000000,4.37000000,5.46000000,7.11000000,4.47000000
2024-05-22,3157.19000000,4.41000000,5.50000000,7.14000000,4.51000000
2024-05-23,3149.88000000,4.42000000,5.52000000,7.15000000,4.53000000
2024-05-24,3110.75000000,4.40000000,5.49000000,7.11000000,4.51000000
2024-05-27,3094.14000000,4.40000000,5.45000000,7.07000000,4.49000000
2024-05-28,3122.39000000,4.46000000,5.48000000,7.11000000,4.51000000
2024-05-29,3108.03000000,4.45000000,5.49000000,7.10000000,4.47000000
2024-05-30,3103.71000000,4.43000000,5.47000000,7.07000000,4.44000000
2024-05-31,3094.76000000,4.39000000,5.45000000,7.02000000,4.41000000
2024-06-03,3085.98000000,4.39000000,5.43000000,7.04000000,4.44000000
2024-06-04,3071.32000000,4.41000000,5.44000000,7.07000000,4.44000000
2024-06-05,3086.05000000,4.41000000,5.47000000,7.06000000,4.44000000
2024-06-06,3069.44000000,4.43000000,5.46000000,7.06000000,4.44000000
2024-06-07,3053.92000000,4.24000000,5.46000000,7.10000000,4.45000000
2024-06-11,3042.13000000,4.26000000,5.52000000,7.21000000,4.53000000
2024-06-12,3025.30000000,4.17000000,5.44000000,7.12000000,4.46000000
2024-06-13,3038.09000000,4.16000000,5.40000000,7.14000000,4.41000000
2024-06-14,3020.96000000,4.21000000,5.43000000,7.14000000,4.45000000
2024-06-17,3017.72000000,4.24000000,5.49000000,7.12000000,4.48000000
2024-06-18,3015.07000000,4.17000000,5.42000000,7.07000000,4.43000000
2024-06-19,3029.10000000,4.18000000,5.44000000,7.10000000,4.44000000
2024-06-20,3015.72000000,4.22000000,5.50000000,7.19000000,4.48000000
2024-06-21,2998.24000000,4.24000000,5.51000000,7.21000000,4.49000000
2024-06-24,2982.83000000,4.19000000,5.51000000,7.22000000,4.48000000
2024-06-25,2962.77000000,4.25000000,5.56000000,7.24000000,4.49000000
2024-06-26,2943.45000000,4.26000000,5.60000000,7.27000000,4.51000000
2024-06-27,2962.70000000,4.28000000,5.62000000,7.31000000,4.55000000
2024-06-28,2940.30000000,4.33000000,5.69000000,7.40000000,4.61000000
2024-07-01,2965.25000000,4.36000000,5.69000000,7.40000000,4.62000000
2024-07-02,2992.86000000,4.44000000,5.82000000,7.55000000,4.67000000
2024-07-03,2995.66000000,4.53000000,5.96000000,7.68000000,4.76000000
2024-07-04,2984.83000000,4.48000000,5.89000000,7.61000000,4.71000000
2024-07-05,2954.37000000,4.53000000,5.96000000,7.71000000,4.74000000
2024-07-08,2939.84000000,4.45000000,5.82000000,7.56000000,4.64000000
2024-07-09,2919.57000000,4.49000000,5.89000000,7.66000000,4.69000000
2024-07-10,2949.03000000,4.52000000,5.94000000,7.69000000,4.74000000
2024-07-11,2957.25000000,4.54000000,6.00000000,7.73000000,4.75000000
2024-07-12,2965.61000000,4.51000000,5.92000000,7.30000000,4.69000000
2024-07-15,2963.85000000,4.60000000,6.09000000,7.37000000,4.77000000
2024-07-16,2963.90000000,4.73000000,5.92000000,7.59000000,4.87000000
2024-07-17,2970.81000000,4.71000000,5.88000000,7.55000000,4.65000000
2024-07-18,2951.14000000,4.73000000,5.90000000,7.55000000,4.66000000
2024-07-19,2963.51000000,4.71000000,5.90000000,7.58000000,4.66000000
2024-07-22,2978.19000000,4.69000000,5.88000000,7.50000000,4.65000000
2024-07-23,2960.50000000,4.63000000,5.82000000,7.40000000,4.64000000
2024-07-24,2909.15000000,4.73000000,6.00000000,7.56000000,4.74000000
2024-07-25,2891.89000000,4.77000000,6.05000000,7.59000000,4.75000000
2024-07-26,2886.00000000,4.71000000,6.05000000,7.58000000,4.73000000
2024-07-29,2889.47000000,4.61000000,5.92000000,7.44000000,4.65000000
2024-07-30,2885.22000000,4.70000000,5.97000000,7.57000000,4.75000000
2024-07-31,2877.54000000,4.71000000,5.98000000,7.60000000,4.78000000
2024-08-01,2940.12000000,4.57000000,5.83000000,7.42000000,4.66000000
2024-08-02,2913.02000000,4.62000000,5.85000000,7.46000000,4.69000000
2024-08-05,2889.36000000,4.65000000,5.88000000,7.49000000,4.70000000
2024-08-06,2878.65000000,4.63000000,5.88000000,7.49000000,4.66000000
2024-08-07,2864.01000000,4.57000000,5.82000000,7.41000000,4.61000000
2024-08-08,2864.76000000,4.56000000,5.83000000,7.46000000,4.63000000
2024-08-09,2879.87000000,4.57000000,5.87000000,7.46000000,4.62000000
2024-08-12,2858.89000000,4.61000000,5.92000000,7.51000000,4.63000000
2024-08-13,2860.41000000,4.64000000,5.99000000,7.60000000,4.65000000
2024-08-14,2866.24000000,4.65000000,5.98000000,7.65000000,4.70000000
2024-08-15,2844.20000000,4.66000000,6.02000000,7.65000000,4.72000000
2024-08-16,2877.94000000,4.69000000,6.05000000,7.70000000,4.75000000
2024-08-19,2877.95000000,4.76000000,6.14000000,7.88000000,4.81000000
2024-08-20,2895.55000000,4.89000000,6.26000000,8.06000000,4.93000000
2024-08-21,2858.94000000,4.90000000,6.35000000,8.13000000,4.95000000
2024-08-22,2856.20000000,4.86000000,6.29000000,8.10000000,4.95000000
2024-08-23,2844.77000000,4.91000000,6.42000000,8.22000000,5.07000000
2024-08-26,2855.47000000,4.91000000,6.44000000,8.23000000,5.06000000
2024-08-27,2850.88000000,4.92000000,6.42000000,8.23000000,5.07000000
2024-08-28,2844.33000000,4.98000000,6.53000000,8.36000000,5.16000000
2024-08-29,2829.45000000,4.93000000,6.48000000,8.24000000,5.11000000
2024-08-30,2819.65000000,4.67000000,6.18000000,7.87000000,4.91000000
2024-09-02,2832.35000000,4.53000000,5.90000000,7.45000000,4.77000000
2024-09-03,2809.17000000,4.68000000,5.93000000,7.49000000,4.88000000
2024-09-04,2786.50000000,4.45000000,5.72000000,7.28000000,4.74000000
2024-09-05,2785.26000000,4.52000000,5.70000000,7.31000000,4.74000000
2024-09-06,2791.76000000,4.51000000,5.63000000,7.19000000,4.71000000
2024-09-09,2754.72000000,4.50000000,5.63000000,7.15000000,4.74000000
2024-09-10,2737.88000000,4.52000000,5.61000000,7.12000000,4.70000000
2024-09-11,2732.73000000,4.60000000,5.66000000,7.29000000,4.78000000
2024-09-12,2722.14000000,4.45000000,5.51000000,7.09000000,4.62000000
2024-09-13,2718.99000000,4.48000000,5.54000000,7.06000000,4.65000000
2024-09-18,2705.35000000,4.45000000,5.57000000,7.13000000,4.60000000
2024-09-19,2723.21000000,4.50000000,5.69000000,7.25000000,4.66000000
2024-09-20,2734.23000000,4.50000000,5.66000000,7.17000000,4.60000000
2024-09-23,2735.39000000,4.53000000,5.66000000,7.22000000,4.63000000
2024-09-24,2770.75000000,4.65000000,5.75000000,7.37000000,4.72000000
2024-09-25,2901.42000000,4.87000000,6.09000000,7.80000000,4.98000000
2024-09-26,2893.75000000,4.84000000,6.04000000,7.75000000,4.90000000
2024-09-27,3049.10000000,4.92000000,6.25000000,7.96000000,5.03000000
2024-09-30,3194.72000000,4.69000000,6.01000000,7.65000000,4.86000000
2024-10-08,3674.40000000,5.02000000,6.50000000,8.35000000,5.30000000
2024-10-09,3427.22000000,4.72000000,6.06000000,7.91000000,4.95000000
2024-10-10,3277.69000000,4.69000000,6.05000000,7.85000000,4.84000000
2024-10-11,3287.87000000,4.82000000,6.25000000,8.10000000,5.03000000
2024-10-14,3241.43000000,4.90000000,6.32000000,8.25000000,5.07000000
2024-10-15,3265.75000000,5.01000000,6.43000000,8.51000000,5.12000000
2024-10-16,3169.17000000,4.92000000,6.23000000,8.16000000,5.03000000
2024-10-17,3220.73000000,5.02000000,6.35000000,8.32000000,5.10000000
2024-10-18,3165.97000000,4.99000000,6.29000000,8.26000000,5.06000000
2024-10-21,3276.06000000,4.93000000,6.29000000,8.26000000,5.05000000
2024-10-22,3263.82000000,4.84000000,6.17000000,8.15000000,4.95000000
2024-10-23,3285.25000000,4.85000000,6.14000000,8.14000000,4.95000000
2024-10-24,3287.82000000,4.85000000,6.13000000,8.13000000,4.94000000
2024-10-25,3280.76000000,4.87000000,6.15000000,8.14000000,4.94000000
2024-10-28,3300.46000000,4.80000000,6.11000000,8.10000000,4.91000000
2024-10-29,3328.09000000,4.75000000,6.07000000,8.00000000,4.88000000
2024-10-30,3273.64000000,4.78000000,6.05000000,7.98000000,4.89000000
2024-10-31,3267.98000000,4.73000000,6.04000000,7.98000000,4.84000000
2024-11-01,3275.58000000,4.72000000,6.04000000,7.95000000,4.83000000
2024-11-04,3275.68000000,4.77000000,6.15000000,8.07000000,4.89000000
2024-11-05,3306.81000000,4.76000000,6.10000000,8.06000000,4.88000000
2024-11-06,3395.22000000,4.79000000,6.13000000,8.09000000,4.91000000
2024-11-07,3359.99000000,4.76000000,6.08000000,7.99000000,4.88000000
2024-11-08,3502.13000000,4.79000000,6.15000000,8.07000000,4.93000000
2024-11-11,3432.37000000,4.73000000,6.08000000,7.95000000,4.84000000
2024-11-12,3469.89000000,4.68000000,6.04000000,7.90000000,4.81000000
2024-11-13,3406.92000000,4.65000000,6.00000000,7.84000000,4.79000000
2024-11-14,3429.51000000,4.65000000,6.03000000,7.85000000,4.80000000
2024-11-15,3369.81000000,4.69000000,6.06000000,7.91000000,4.83000000
2024-11-18,3344.69000000,4.72000000,6.08000000,7.96000000,4.88000000
2024-11-19,3324.88000000,4.80000000,6.18000000,8.00000000,5.01000000
2024-11-20,3337.68000000,4.74000000,6.13000000,7.94000000,4.98000000
2024-11-21,3362.94000000,4.76000000,6.13000000,7.95000000,4.95000000
2024-11-22,3368.04000000,4.77000000,6.14000000,7.93000000,4.96000000
2024-11-25,3274.88000000,4.72000000,6.06000000,7.84000000,4.92000000
2024-11-26,3256.86000000,4.73000000,6.07000000,7.87000000,4.91000000
2024-11-27,3250.59000000,4.80000000,6.15000000,7.99000000,4.98000000
2024-11-28,3308.28000000,4.82000000,6.19000000,8.05000000,5.02000000
2024-11-29,3295.21000000,4.87000000,6.19000000,8.06000000,5.04000000
2024-12-02,3328.48000000,4.82000000,6.16000000,7.97000000,5.01000000
2024-12-03,3366.29000000,4.81000000,6.13000000,7.94000000,5.01000000
2024-12-04,3376.57000000,4.89000000,6.21000000,8.06000000,5.08000000
2024-12-05,3353.06000000,4.90000000,6.25000000,8.18000000,5.09000000
2024-12-06,3370.94000000,4.92000000,6.26000000,8.23000000,5.08000000
2024-12-09,3402.63000000,4.95000000,6.30000000,8.26000000,5.10000000
2024-12-10,3490.29000000,5.04000000,6.35000000,8.28000000,5.19000000
2024-12-11,3416.09000000,5.04000000,6.40000000,8.32000000,5.21000000
2024-12-12,3432.28000000,4.98000000,6.32000000,8.22000000,5.14000000
2024-12-13,3442.93000000,5.01000000,6.40000000,8.29000000,5.19000000
2024-12-16,3390.08000000,4.99000000,6.39000000,8.31000000,5.19000000
2024-12-17,3381.81000000,5.11000000,6.52000000,8.45000000,5.27000000
2024-12-18,3371.30000000,5.12000000,6.54000000,8.52000000,5.28000000
2024-12-19,3355.90000000,5.10000000,6.57000000,8.52000000,5.27000000
2024-12-20,3364.48000000,5.04000000,6.50000000,8.47000000,5.24000000
2024-12-23,3367.90000000,5.05000000,6.53000000,8.45000000,5.26000000
2024-12-24,3353.54000000,5.18000000,6.71000000,8.60000000,5.38000000
2024-12-25,3395.11000000,5.26000000,6.77000000,8.78000000,5.43000000
2024-12-26,3389.34000000,5.31000000,6.94000000,8.85000000,5.51000000
2024-12-27,3397.29000000,5.28000000,6.89000000,8.78000000,5.49000000
2024-12-30,3395.40000000,5.29000000,6.88000000,8.75000000,5.46000000
2024-12-31,3406.97000000,5.37000000,6.94000000,8.80000000,5.52000000
2025-01-02,3347.94000000,5.34000000,6.91000000,8.78000000,5.51000000
2025-01-03,3267.08000000,5.19000000,6.81000000,8.59000000,5.37000000
2025-01-06,3209.78000000,5.16000000,6.71000000,8.44000000,5.35000000
2025-01-07,3203.31000000,5.17000000,6.61000000,8.47000000,5.39000000
2025-01-08,3218.86000000,5.16000000,6.69000000,8.64000000,5.46000000
2025-01-09,3220.72000000,5.18000000,6.76000000,8.85000000,5.51000000
2025-01-10,3211.71000000,5.14000000,6.72000000,8.58000000,5.47000000
2025-01-13,3148.83000000,5.08000000,6.66000000,8.37000000,5.41000000
2025-01-14,3165.16000000,5.02000000,6.59000000,8.27000000,5.36000000
2025-01-15,3234.72000000,5.05000000,6.60000000,8.30000000,5.43000000
2025-01-16,3239.03000000,5.09000000,6.64000000,8.34000000,5.47000000
2025-01-17,3226.76000000,5.08000000,6.67000000,8.42000000,5.48000000
2025-01-20,3256.15000000,5.06000000,6.62000000,8.34000000,5.46000000
2025-01-21,3256.83000000,5.02000000,6.58000000,8.30000000,5.42000000
2025-01-22,3235.49000000,5.01000000,6.54000000,8.27000000,5.42000000
2025-01-23,3237.60000000,4.94000000,6.48000000,8.23000000,5.24000000
2025-01-24,3222.88000000,5.05000000,6.67000000,8.44000000,5.34000000
2025-01-27,3256.61000000,5.04000000,6.68000000,8.44000000,5.32000000
2025-02-05,3270.16000000,5.17000000,6.82000000,8.53000000,5.46000000
2025-02-06,3226.58000000,5.05000000,6.70000000,8.42000000,5.33000000
2025-02-07,3269.23000000,5.03000000,6.67000000,8.35000000,5.30000000
2025-02-10,3308.04000000,5.02000000,6.66000000,8.28000000,5.27000000
2025-02-11,3323.67000000,5.02000000,6.68000000,8.31000000,5.28000000
2025-02-12,3312.26000000,5.11000000,6.81000000,8.59000000,5.38000000
2025-02-13,3343.23000000,5.12000000,6.89000000,8.71000000,5.38000000
2025-02-14,3328.48000000,5.17000000,6.96000000,8.78000000,5.41000000
2025-02-17,3355.42000000,5.20000000,6.98000000,8.78000000,5.42000000
2025-02-18,3348.98000000,5.23000000,6.95000000,8.75000000,5.42000000
2025-02-19,3320.78000000,5.28000000,7.08000000,8.78000000,5.53000000
2025-02-20,3347.59000000,5.25000000,7.04000000,8.78000000,5.52000000
2025-02-21,3356.69000000,5.27000000,7.06000000,8.75000000,5.55000000
2025-02-24,3374.08000000,5.16000000,6.90000000,8.62000000,5.46000000
2025-02-25,3345.65000000,5.14000000,6.89000000,8.58000000,5.42000000
2025-02-26,3351.21000000,5.11000000,6.86000000,8.51000000,5.35000000
2025-02-27,3378.45000000,5.12000000,6.86000000,8.54000000,5.40000000
2025-02-28,3374.66000000,5.15000000,6.90000000,8.57000000,5.42000000
2025-03-03,3328.40000000,5.14000000,6.87000000,8.51000000,5.41000000
2025-03-04,3300.50000000,5.11000000,6.82000000,8.48000000,5.41000000
2025-03-05,3324.70000000,5.08000000,6.77000000,8.46000000,5.38000000
2025-03-06,3353.57000000,5.15000000,6.85000000,8.62000000,5.46000000
2025-03-07,3373.18000000,5.11000000,6.83000000,8.52000000,5.44000000
2025-03-10,3373.26000000,5.10000000,6.79000000,8.49000000,5.41000000
2025-03-11,3335.44000000,5.05000000,6.72000000,8.43000000,5.36000000
2025-03-12,3385.69000000,5.07000000,6.76000000,8.46000000,5.37000000
2025-03-13,3371.09000000,5.05000000,6.72000000,8.45000000,5.33000000
2025-03-14,3361.69000000,5.09000000,6.72000000,8.47000000,5.34000000
2025-03-17,3430.81000000,5.10000000,6.75000000,8.50000000,5.36000000
2025-03-18,3434.57000000,5.14000000,6.83000000,8.53000000,5.38000000
2025-03-19,3424.17000000,5.13000000,6.81000000,8.50000000,5.38000000
2025-03-20,3425.22000000,5.17000000,6.87000000,8.57000000,5.43000000
2025-03-21,3401.76000000,5.14000000,6.82000000,8.54000000,5.41000000
2025-03-24,3364.83000000,5.09000000,6.76000000,8.49000000,5.36000000
2025-03-25,3370.00000000,5.15000000,6.83000000,8.59000000,5.40000000
2025-03-26,3365.67000000,5.17000000,6.86000000,8.63000000,5.47000000
2025-03-27,3362.71000000,5.15000000,6.82000000,8.59000000,5.47000000
2025-03-28,3372.04000000,5.14000000,6.86000000,8.62000000,5.53000000
2025-03-31,3343.34000000,5.13000000,6.88000000,8.59000000,5.54000000
2025-04-01,3340.71000000,5.17000000,6.87000000,8.76000000,5.60000000
2025-04-02,3344.17000000,5.12000000,6.79000000,8.66000000,5.50000000
2025-04-03,3319.61000000,5.16000000,6.82000000,8.72000000,5.55000000
2025-04-07,3193.10000000,5.16000000,6.80000000,8.83000000,5.58000000
2025-04-08,3094.26000000,5.02000000,6.70000000,8.80000000,5.40000000
2025-04-09,3110.01000000,5.09000000,6.79000000,8.89000000,5.45000000
2025-04-10,3227.84000000,5.08000000,6.80000000,8.82000000,5.43000000
2025-04-11,3219.51000000,5.09000000,6.76000000,8.75000000,5.39000000
2025-04-14,3251.98000000,5.12000000,6.78000000,8.76000000,5.42000000
2025-04-15,3260.69000000,5.18000000,6.87000000,8.90000000,5.47000000
2025-04-16,3267.67000000,5.30000000,6.96000000,9.00000000,5.58000000
2025-04-17,3261.72000000,5.36000000,7.05000000,9.06000000,5.65000000
2025-04-18,3270.35000000,5.36000000,7.04000000,9.05000000,5.64000000
2025-04-21,3273.14000000,5.41000000,7.13000000,9.20000000,5.68000000
2025-04-22,3289.17000000,5.37000000,7.05000000,9.05000000,5.65000000
2025-04-23,3308.15000000,5.51000000,7.14000000,9.19000000,5.74000000
2025-04-24,3295.15000000,5.48000000,7.09000000,9.12000000,5.71000000
2025-04-25,3300.39000000,5.60000000,7.25000000,9.28000000,5.75000000
2025-04-28,3292.06000000,5.54000000,7.22000000,9.22000000,5.67000000
2025-04-29,3281.45000000,5.60000000,7.30000000,9.38000000,5.72000000
2025-04-30,3284.08000000,5.57000000,7.22000000,9.29000000,5.68000000
2025-05-06,3295.25000000,5.42000000,7.01000000,9.06000000,5.55000000
2025-05-07,3354.97000000,5.40000000,7.01000000,9.11000000,5.52000000
2025-05-08,3331.21000000,5.46000000,7.09000000,9.21000000,5.60000000
2025-05-09,3350.41000000,5.45000000,7.10000000,9.14000000,5.60000000
2025-05-12,3352.97000000,5.50000000,7.15000000,9.23000000,5.65000000
2025-05-13,3386.23000000,5.52000000,7.16000000,9.20000000,5.63000000
2025-05-14,3374.24000000,5.62000000,7.23000000,9.22000000,5.65000000
2025-05-15,3398.43000000,5.64000000,7.23000000,9.23000000,5.69000000
2025-05-16,3374.71000000,5.65000000,7.26000000,9.25000000,5.67000000
2025-05-19,3365.88000000,5.58000000,7.16000000,9.18000000,5.63000000
2025-05-20,3371.69000000,5.57000000,7.14000000,9.17000000,5.62000000
2025-05-21,3380.21000000,5.57000000,7.13000000,9.15000000,5.61000000
2025-05-22,3381.87000000,5.58000000,7.15000000,9.16000000,5.62000000
2025-05-23,3376.87000000,5.61000000,7.12000000,9.18000000,5.63000000
2025-05-26,3346.56000000,5.54000000,7.08000000,9.09000000,5.57000000
2025-05-27,3346.50000000,5.50000000,7.05000000,9.05000000,5.52000000
2025-05-28,3341.85000000,5.53000000,7.06000000,9.07000000,5.57000000
2025-05-29,3340.40000000,5.53000000,7.05000000,9.05000000,5.53000000
2025-05-30,3358.81000000,5.51000000,7.05000000,9.01000000,5.51000000
2025-06-03,3340.07000000,5.52000000,7.05000000,9.03000000,5.49000000
2025-06-04,3363.39000000,5.58000000,7.11000000,9.07000000,5.51000000
2025-06-05,3378.22000000,5.57000000,7.08000000,9.01000000,5.50000000
2025-06-06,3384.29000000,5.58000000,7.10000000,9.01000000,5.47000000
2025-06-09,3388.78000000,5.62000000,7.10000000,9.00000000,5.44000000
2025-06-10,3402.01000000,5.58000000,7.08000000,8.96000000,5.42000000
2025-06-11,3385.46000000,5.61000000,7.10000000,8.96000000,5.44000000
2025-06-12,3397.97000000,5.62000000,7.12000000,8.93000000,5.43000000
2025-06-13,3397.48000000,5.63000000,7.11000000,8.90000000,5.42000000
2025-06-16,3369.37000000,5.60000000,7.08000000,8.86000000,5.32000000
2025-06-17,3388.18000000,5.63000000,7.13000000,8.98000000,5.36000000
2025-06-18,3386.14000000,5.65000000,7.17000000,9.02000000,5.37000000
2025-06-19,3384.29000000,5.74000000,7.24000000,9.19000000,5.49000000
2025-06-20,3358.91000000,5.74000000,7.29000000,9.22000000,5.54000000
2025-06-23,3349.46000000,5.76000000,7.36000000,9.30000000,5.58000000
2025-06-24,3380.08000000,5.89000000,7.51000000,9.40000000,5.65000000
2025-06-25,3419.09000000,5.96000000,7.61000000,9.45000000,5.68000000
2025-06-26,3451.72000000,6.01000000,7.66000000,9.52000000,5.77000000
2025-06-27,3450.69000000,6.07000000,7.72000000,9.56000000,5.79000000
2025-06-30,3423.47000000,5.85000000,7.48000000,9.33000000,5.59000000
2025-07-01,3445.85000000,5.89000000,7.59000000,9.47000000,5.62000000
2025-07-02,3458.17000000,5.97000000,7.68000000,9.75000000,5.66000000
2025-07-03,3456.15000000,5.99000000,7.68000000,9.77000000,5.64000000
2025-07-04,3459.59000000,5.95000000,7.64000000,9.74000000,5.61000000
2025-07-07,3467.98000000,6.03000000,7.74000000,9.79000000,5.70000000
2025-07-08,3474.63000000,6.08000000,7.73000000,9.76000000,5.72000000
2025-07-09,3498.72000000,6.11000000,7.76000000,9.73000000,5.72000000
2025-07-10,3491.50000000,6.21000000,7.87000000,9.85000000,5.79000000
2025-07-11,3511.37000000,6.33000000,8.12000000,9.90000000,5.83000000
2025-07-14,3513.25000000,6.32000000,7.90000000,9.79000000,5.70000000
2025-07-15,3519.81000000,6.40000000,7.86000000,9.80000000,5.77000000
2025-07-16,3502.90000000,6.31000000,7.77000000,9.70000000,5.70000000
2025-07-17,3500.37000000,6.18000000,7.79000000,9.70000000,5.71000000
2025-07-18,3519.48000000,6.15000000,7.74000000,9.66000000,5.67000000
2025-07-21,3542.82000000,6.22000000,7.76000000,9.65000000,5.69000000
2025-07-22,3561.63000000,6.18000000,7.67000000,9.54000000,5.64000000
2025-07-23,3588.88000000,6.09000000,7.59000000,9.40000000,5.56000000
2025-07-24,3578.91000000,6.26000000,7.65000000,9.50000000,5.64000000
2025-07-25,3604.45000000,6.19000000,7.53000000,9.36000000,5.56000000
2025-07-28,3594.23000000,6.17000000,7.49000000,9.35000000,5.54000000
2025-07-29,3595.81000000,6.20000000,7.49000000,9.37000000,5.55000000
2025-07-30,3608.35000000,6.15000000,7.43000000,9.21000000,5.49000000
2025-07-31,3604.70000000,6.25000000,7.49000000,9.33000000,5.53000000
2025-08-01,3568.26000000,6.31000000,7.56000000,9.40000000,5.54000000
2025-08-04,3547.16000000,6.34000000,7.63000000,9.40000000,5.54000000
2025-08-05,3588.81000000,6.40000000,7.68000000,9.53000000,5.57000000
2025-08-06,3615.81000000,6.56000000,7.75000000,9.64000000,5.65000000
2025-08-07,3637.78000000,6.62000000,7.75000000,9.57000000,5.66000000
2025-08-08,3634.85000000,6.72000000,7.84000000,9.63000000,5.71000000
2025-08-11,3637.05000000,6.69000000,7.78000000,9.59000000,5.67000000
2025-08-12,3647.96000000,6.74000000,7.69000000,9.47000000,5.62000000
2025-08-13,3668.66000000,6.86000000,7.77000000,9.51000000,5.66000000
2025-08-14,3685.52000000,6.78000000,7.70000000,9.35000000,5.58000000
2025-08-15,3659.81000000,6.93000000,7.70000000,9.37000000,5.58000000
2025-08-18,3712.50000000,6.79000000,7.51000000,9.19000000,5.44000000
2025-08-19,3728.49000000,6.92000000,7.53000000,9.14000000,5.45000000
2025-08-20,3716.68000000,7.02000000,7.58000000,9.16000000,5.57000000
2025-08-21,3770.68000000,7.07000000,7.57000000,9.17000000,5.68000000
2025-08-22,3772.28000000,7.23000000,7.60000000,9.25000000,5.71000000
2025-08-25,3848.16000000,7.29000000,7.60000000,9.19000000,5.69000000
2025-08-26,3871.47000000,7.21000000,7.58000000,9.19000000,5.67000000
2025-08-27,3869.61000000,7.22000000,7.54000000,9.13000000,5.65000000
2025-08-28,3796.71000000,7.08000000,7.41000000,9.03000000,5.55000000
2025-08-29,3842.82000000,6.99000000,7.38000000,9.01000000,5.54000000
2025-09-01,3869.75000000,7.00000000,7.43000000,9.07000000,5.53000000
2025-09-02,3877.09000000,7.03000000,7.37000000,9.04000000,5.52000000
2025-09-03,3865.29000000,7.19000000,7.57000000,9.22000000,5.63000000
2025-09-04,3807.76000000,7.12000000,7.40000000,9.10000000,5.52000000
2025-09-05,3761.88000000,7.45000000,7.52000000,9.17000000,5.59000000
2025-09-08,3811.67000000,7.23000000,7.41000000,9.02000000,5.50000000
2025-09-09,3816.66000000,7.25000000,7.39000000,8.98000000,5.47000000
2025-09-10,3806.58000000,7.29000000,7.44000000,9.01000000,5.48000000
2025-09-11,3806.06000000,7.28000000,7.46000000,9.12000000,5.48000000
2025-09-12,3875.51000000,7.26000000,7.49000000,9.16000000,5.49000000
2025-09-15,3876.10000000,7.22000000,7.45000000,9.11000000,5.48000000
2025-09-16,3865.98000000,7.13000000,7.41000000,9.02000000,5.46000000
2025-09-17,3854.07000000,7.00000000,7.42000000,9.00000000,5.42000000
2025-09-18,3876.06000000,6.95000000,7.45000000,8.99000000,5.41000000
2025-09-19,3830.44000000,6.72000000,7.28000000,8.74000000,5.29000000
2025-09-22,3822.01000000,6.60000000,7.20000000,8.80000000,5.27000000
2025-09-23,3830.14000000,6.44000000,7.16000000,8.56000000,5.19000000
2025-09-24,3804.48000000,6.62000000,7.39000000,8.83000000,5.29000000
2025-09-25,3852.43000000,6.55000000,7.44000000,8.74000000,5.27000000
2025-09-26,3839.86000000,6.59000000,7.35000000,8.71000000,5.23000000
2025-09-29,3828.17000000,6.59000000,7.38000000,8.64000000,5.24000000
2025-09-30,3869.70000000,6.61000000,7.31000000,8.61000000,5.19000000
2025-10-09,3898.31000000,6.64000000,7.25000000,8.56000000,5.18000000
2025-10-10,3915.48000000,6.70000000,7.29000000,8.64000000,5.22000000
2025-10-13,3800.11000000,6.80000000,7.32000000,8.69000000,5.21000000
2025-10-14,3910.78000000,6.88000000,7.26000000,8.68000000,5.19000000
2025-10-15,3867.54000000,7.11000000,7.47000000,8.89000000,5.28000000
2025-10-16,3900.68000000,7.25000000,7.43000000,8.93000000,5.28000000
2025-10-17,3912.04000000,7.49000000,7.63000000,9.18000000,5.38000000
2025-10-20,3865.55000000,7.54000000,7.59000000,9.13000000,5.32000000
2025-10-21,3870.75000000,7.75000000,7.58000000,9.20000000,5.35000000
2025-10-22,3896.07000000,7.87000000,7.63000000,9.26000000,5.39000000
2025-10-23,3904.16000000,8.09000000,7.76000000,9.38000000,5.46000000
2025-10-24,3929.12000000,7.85000000,7.80000000,9.35000000,5.47000000
2025-10-27,3969.22000000,7.92000000,7.80000000,9.35000000,5.51000000
2025-10-28,3986.89000000,8.18000000,7.90000000,9.42000000,5.59000000
2025-10-29,3990.27000000,8.30000000,7.98000000,9.37000000,5.60000000
2025-10-30,4007.82000000,8.10000000,7.83000000,9.22000000,5.60000000
2025-10-31,3985.06000000,8.05000000,7.87000000,9.29000000,5.66000000
2025-11-03,3954.08000000,7.94000000,7.79000000,9.14000000,5.59000000
2025-11-04,3973.46000000,8.01000000,7.89000000,9.34000000,5.68000000
2025-11-05,3922.58000000,8.18000000,8.17000000,9.56000000,5.72000000
2025-11-06,3973.35000000,8.13000000,8.12000000,9.45000000,5.67000000
2025-11-07,3994.32000000,8.18000000,8.09000000,9.45000000,5.66000000
2025-11-10,4001.79000000,8.06000000,8.02000000,9.37000000,5.63000000
2025-11-11,4023.88000000,8.12000000,8.10000000,9.49000000,5.65000000
2025-11-12,3996.56000000,8.32000000,8.16000000,9.55000000,5.69000000
2025-11-13,3996.51000000,8.56000000,8.21000000,9.60000000,5.77000000
2025-11-14,4007.13000000,8.56000000,8.23000000,9.53000000,5.74000000
2025-11-17,3988.56000000,8.45000000,8.25000000,9.54000000,5.82000000
2025-11-18,3962.44000000,8.28000000,8.14000000,9.43000000,5.74000000
2025-11-19,3937.92000000,8.20000000,8.20000000,9.40000000,5.79000000
2025-11-20,3960.70000000,8.19000000,8.21000000,9.48000000,5.99000000
2025-11-21,3896.66000000,8.15000000,8.28000000,9.79000000,6.23000000
2025-11-24,3848.66000000,8.04000000,8.20000000,9.77000000,6.29000000
2025-11-25,3850.57000000,7.99000000,8.18000000,9.73000000,6.15000000
2025-11-26,3867.43000000,8.07000000,8.31000000,9.85000000,6.26000000
2025-11-27,3867.20000000,7.95000000,8.15000000,9.72000000,6.13000000
2025-11-28,3870.94000000,8.08000000,8.15000000,9.69000000,6.15000000
2025-12-01,3894.21000000,8.01000000,8.05000000,9.61000000,6.06000000
2025-12-02,3908.46000000,7.97000000,8.09000000,9.64000000,6.07000000
2025-12-03,3894.16000000,8.00000000,8.06000000,9.55000000,6.04000000
2025-12-04,3879.74000000,7.96000000,8.07000000,9.43000000,5.95000000
2025-12-05,3873.12000000,7.89000000,8.04000000,9.37000000,5.88000000
2025-12-08,3909.23000000,7.82000000,7.99000000,9.32000000,5.81000000
2025-12-09,3916.51000000,7.86000000,8.01000000,9.29000000,5.81000000
2025-12-10,3901.13000000,8.05000000,8.09000000,9.34000000,5.83000000
2025-12-11,3903.89000000,7.84000000,7.95000000,9.03000000,5.66000000
2025-12-12,3869.41000000,7.87000000,7.97000000,8.95000000,5.70000000
2025-12-15,3865.40000000,7.58000000,7.82000000,8.89000000,5.59000000
2025-12-16,3861.51000000,7.45000000,7.81000000,8.87000000,5.60000000
2025-12-17,3822.51000000,7.35000000,7.78000000,8.85000000,5.58000000
2025-12-18,3857.26000000,7.46000000,7.81000000,8.95000000,5.61000000
2025-12-19,3878.23000000,7.59000000,7.96000000,9.14000000,5.69000000
2025-12-22,3900.54000000,7.51000000,7.86000000,9.12000000,5.65000000
2025-12-23,3919.11000000,7.58000000,7.89000000,9.17000000,5.66000000
2025-12-24,3920.35000000,7.67000000,7.92000000,9.22000000,5.70000000
2025-12-25,3937.72000000,7.63000000,7.90000000,9.15000000,5.66000000
2025-12-26,3957.83000000,7.55000000,7.84000000,9.19000000,5.65000000
2025-12-29,3964.65000000,7.49000000,7.81000000,9.09000000,5.61000000
2025-12-30,3947.87000000,7.63000000,7.84000000,9.25000000,5.66000000
2025-12-31,3968.73000000,7.60000000,7.83000000,9.22000000,5.66000000
2026-01-05,3986.97000000,7.65000000,7.91000000,9.29000000,5.73000000
2026-01-06,4026.02000000,7.57000000,7.81000000,9.24000000,5.67000000
2026-01-07,4083.84000000,7.54000000,7.78000000,9.14000000,5.58000000
2026-01-08,4077.72000000,7.47000000,7.74000000,9.04000000,5.56000000
2026-01-09,4086.76000000,7.42000000,7.69000000,9.08000000,5.51000000
2026-01-12,4134.89000000,7.38000000,7.70000000,9.01000000,5.47000000
2026-01-13,4169.70000000,7.50000000,7.75000000,9.13000000,5.52000000
2026-01-14,4138.65000000,7.58000000,7.79000000,9.19000000,5.53000000
2026-01-15,4106.22000000,7.44000000,7.68000000,9.04000000,5.46000000
2026-01-16,4127.06000000,7.33000000,7.67000000,9.05000000,5.43000000
2026-01-19,4090.72000000,7.17000000,7.60000000,8.95000000,5.38000000
2026-01-20,4116.37000000,7.09000000,7.52000000,8.94000000,5.36000000
2026-01-21,4103.53000000,7.18000000,7.53000000,9.03000000,5.44000000
2026-01-22,4126.07000000,6.90000000,7.35000000,8.87000000,5.33000000
2026-01-23,4130.11000000,6.80000000,7.27000000,8.70000000,5.32000000
2026-01-26,4144.78000000,6.75000000,7.19000000,8.65000000,5.26000000
2026-01-27,4125.22000000,6.88000000,7.24000000,8.68000000,5.31000000
2026-01-28,4150.22000000,6.85000000,7.21000000,8.73000000,5.32000000
2026-01-29,4155.92000000,6.76000000,7.19000000,8.73000000,5.34000000
2026-01-30,4131.99000000,6.78000000,7.27000000,8.77000000,5.38000000
2026-02-02,4079.71000000,6.73000000,7.26000000,8.73000000,5.37000000
2026-02-03,4043.91000000,6.75000000,7.30000000,8.78000000,5.40000000
2026-02-04,4064.68000000,6.64000000,7.18000000,8.65000000,5.29000000
2026-02-05,4075.03000000,6.67000000,7.25000000,8.73000000,5.37000000
2026-02-06,4040.30000000,6.70000000,7.31000000,8.84000000,5.42000000
2026-02-09,4103.54000000,6.63000000,7.25000000,8.81000000,5.33000000
2026-02-10,4127.77000000,6.71000000,7.28000000,8.86000000,5.38000000
2026-02-11,4124.43000000,6.73000000,7.32000000,8.98000000,5.41000000
2026-02-12,4136.99000000,6.79000000,7.29000000,8.93000000,5.41000000
2026-02-13,4115.92000000,6.63000000,7.19000000,8.83000000,5.35000000
2026-02-24,4129.13000000,6.52000000,7.13000000,8.73000000,5.32000000
2026-02-25,4123.78000000,6.49000000,7.06000000,8.70000000,5.29000000
2026-02-26,4151.07000000,6.50000000,7.06000000,8.67000000,5.29000000
2026-02-27,4128.90000000,6.42000000,6.94000000,8.62000000,5.28000000
2026-03-02,4151.80000000,6.39000000,6.90000000,8.60000000,5.28000000
2026-03-03,4189.41000000,6.46000000,6.95000000,8.70000000,5.30000000
2026-03-04,4087.63000000,6.72000000,7.10000000,8.88000000,5.41000000
2026-03-05,4109.78000000,6.56000000,7.04000000,8.84000000,5.31000000
2026-03-06,4085.90000000,6.72000000,7.11000000,8.94000000,5.37000000
2026-03-09,4098.70000000,6.68000000,7.08000000,8.96000000,5.37000000
2026-03-10,4098.59000000,6.60000000,7.08000000,9.01000000,5.35000000
2026-03-11,4123.67000000,6.56000000,7.04000000,8.94000000,5.33000000
2026-03-12,4133.20000000,6.63000000,7.12000000,9.04000000,5.35000000
2026-03-13,4117.57000000,6.64000000,7.16000000,9.10000000,5.37000000
2026-03-16,4092.25000000,6.60000000,7.20000000,9.15000000,5.39000000
2026-03-17,4086.30000000,6.64000000,7.25000000,9.18000000,5.40000000
2026-03-18,4053.31000000,6.77000000,7.39000000,9.25000000,5.50000000
2026-03-19,4028.54000000,6.72000000,7.36000000,9.22000000,5.48000000
2026-03-20,4004.57000000,6.80000000,7.53000000,9.33000000,5.52000000
2026-03-23,3904.95000000,6.74000000,7.48000000,9.32000000,5.49000000
2026-03-24,3849.63000000,6.47000000,7.26000000,9.16000000,5.38000000
2026-03-25,3892.27000000,6.50000000,7.33000000,9.32000000,5.46000000
2026-03-26,3924.96000000,6.53000000,7.31000000,9.36000000,5.53000000
2026-03-27,3852.09000000,6.49000000,7.41000000,9.42000000,5.57000000
2026-03-30,3884.28000000,6.45000000,7.37000000,9.33000000,5.55000000
2026-03-31,3924.07000000,6.51000000,7.57000000,9.54000000,5.67000000
2026-04-01,3939.57000000,6.69000000,7.60000000,9.58000000,5.89000000
2026-04-02,3940.80000000,6.72000000,7.57000000,9.45000000,5.87000000
2026-04-03,3927.59000000,6.93000000,7.62000000,9.53000000,5.95000000
2026-04-07,3884.15000000,6.83000000,7.51000000,9.39000000,5.82000000
2026-04-08,3930.25000000,6.62000000,7.37000000,9.25000000,5.77000000
2026-04-09,3967.63000000,6.63000000,7.32000000,9.29000000,5.74000000
2026-04-10,3985.46000000,6.57000000,7.31000000,9.24000000,5.68000000
2026-04-13,3971.20000000,6.60000000,7.31000000,9.23000000,5.65000000
2026-04-14,4006.73000000,6.60000000,7.35000000,9.29000000,5.66000000
2026-04-15,4039.47000000,6.74000000,7.45000000,9.32000000,5.71000000
2026-04-16,4030.14000000,6.93000000,7.50000000,9.45000000,5.80000000
2026-04-17,4043.38000000,7.00000000,7.45000000,9.47000000,5.77000000
2026-04-20,4053.37000000,7.05000000,7.44000000,9.42000000,5.75000000
2026-04-21,4075.85000000,7.20000000,7.57000000,9.75000000,5.89000000
2026-04-22,4074.81000000,7.18000000,7.62000000,9.85000000,5.93000000
2026-04-23,4110.79000000,7.07000000,7.52000000,9.74000000,5.83000000
2026-04-24,4081.03000000,7.03000000,7.58000000,9.70000000,5.82000000
2026-04-27,4074.81000000,7.02000000,7.55000000,9.72000000,5.80000000
2026-04-28,4076.14000000,6.90000000,7.49000000,9.66000000,5.74000000
2026-04-29,4061.82000000,6.97000000,7.51000000,9.79000000,5.81000000
2026-04-30,4107.30000000,6.92000000,7.46000000,9.80000000,5.80000000
2026-05-06,4135.45000000,6.91000000,7.45000000,9.94000000,5.75000000
2026-05-07,4168.45000000,6.83000000,7.36000000,9.75000000,5.71000000
2026-05-08,4163.85000000,6.89000000,7.41000000,9.72000000,5.70000000
2026-05-11,4201.35000000,6.86000000,7.46000000,9.66000000,5.67000000
2026-05-12,4229.28000000,6.80000000,7.48000000,9.58000000,5.68000000
2026-05-13,4192.31000000,6.67000000,7.34000000,9.62000000,5.75000000
2026-05-14,4256.16000000,6.65000000,7.23000000,9.60000000,5.71000000
2026-05-15,4174.18000000,6.74000000,7.29000000,9.76000000,5.76000000
2026-05-18,4120.14000000,6.65000000,7.24000000,9.74000000,5.79000000
2026-05-19,4122.96000000,6.61000000,7.19000000,9.78000000,5.80000000
2026-05-20,4152.70000000,6.63000000,7.26000000,9.93000000,5.83000000
2026-05-21,4174.38000000,6.45000000,7.13000000,9.80000000,5.71000000
2026-05-22,4096.17000000,6.48000000,7.13000000,10.05000000,5.79000000
2026-05-25,4126.34000000,6.43000000,7.17000000,9.99000000,5.84000000
2026-05-26,4137.32000000,6.44000000,7.17000000,10.11000000,5.88000000
2026-05-27,4138.81000000,6.41000000,7.18000000,10.23000000,5.90000000
2026-05-28,4080.30000000,6.28000000,7.11000000,10.20000000,5.84000000
2026-05-29,4110.52000000,6.18000000,7.03000000,10.01000000,5.80000000
2026-06-01,4067.16000000,6.32000000,7.20000000,10.04000000,5.85000000
2026-06-02,4061.46000000,6.50000000,7.30000000,10.06000000,5.93000000
2026-06-03,4068.34000000,6.43000000,7.33000000,10.14000000,5.96000000
2026-06-04,4053.67000000,6.37000000,7.30000000,10.09000000,5.95000000
2026-06-05,4044.83000000,6.31000000,7.24000000,10.07000000,5.91000000
2026-06-08,3938.71000000,6.40000000,7.38000000,10.27000000,6.05000000
2026-06-09,3977.54000000,6.50000000,7.46000000,10.21000000,6.10000000
2026-06-10,3985.12000000,6.63000000,7.57000000,10.40000000,6.14000000
2026-06-11,3979.71000000,6.74000000,7.71000000,10.50000000,6.22000000
2026-06-12,4017.86000000,6.60000000,7.59000000,10.49000000,6.14000000
2026-06-15,4053.58000000,6.75000000,7.75000000,10.63000000,6.26000000
2026-06-16,4094.21000000,6.65000000,7.53000000,10.29000000,6.10000000
2026-06-17,4074.29000000,6.63000000,7.42000000,10.18000000,6.04000000
2026-06-18,4094.23000000,6.55000000,7.34000000,10.08000000,5.92000000
2026-06-22,4093.95000000,6.33000000,7.13000000,9.88000000,5.78000000
2026-06-23,4153.59000000,6.39000000,7.21000000,9.94000000,5.94000000
2026-06-24,4090.10000000,6.57000000,7.40000000,10.09000000,6.15000000
2026-06-25,4103.48000000,6.28000000,7.14000000,9.79000000,5.90000000
2026-06-26,4098.69000000,6.25000000,7.24000000,9.81000000,5.79000000
2026-06-29,4026.69000000,6.16000000,7.12000000,9.71000000,5.75000000
2026-06-30,4058.17000000,6.20000000,7.18000000,9.77000000,5.76000000
2026-07-01,4090.76000000,6.06000000,7.05000000,9.57000000,5.67000000
2026-07-02,4054.09000000,6.06000000,7.03000000,9.59000000,5.66000000
2026-07-03,4031.34000000,5.95000000,7.03000000,9.56000000,5.58000000
2026-07-06,4059.19000000,5.86000000,7.02000000,9.42000000,5.54000000
2026-07-07,4019.49000000,5.94000000,7.09000000,9.65000000,5.63000000
2026-07-08,3996.81000000,6.03000000,7.22000000,9.86000000,5.77000000
2026-07-09,3977.55000000,6.11000000,7.33000000,9.92000000,5.89000000
2026-07-10,4031.54000000,6.08000000,7.24000000,9.84000000,5.71000000
2026-07-13,3966.02000000,6.22000000,7.31000000,9.80000000,5.78000000
2026-07-14,3909.27000000,6.34000000,7.46000000,10.04000000,5.88000000
2026-07-15,3963.73000000,6.29000000,7.43000000,9.85000000,5.81000000
2026-07-16,3912.38000000,6.37000000,7.51000000,10.00000000,5.88000000
2026-07-17,3865.32000000,6.29000000,7.40000000,9.76000000,5.80000000
2026-07-20,3791.66000000,6.35000000,7.50000000,9.98000000,5.92000000
2026-07-21,3812.16000000,6.65000000,7.79000000,10.38000000,6.08000000
2026-07-22,3839.67000000,6.40000000,7.51000000,10.10000000,5.86000000
2026-07-23,3868.09000000,6.52000000,7.58000000,10.11000000,5.91000000
2026-07-24,3853.63000000,6.64000000,7.76000000,10.24000000,5.99000000
2026-07-27,3808.90000000,6.67000000,7.79000000,10.24000000,6.03000000
2026-07-28,3823.13000000,6.78000000,7.77000000,10.42000000,6.03000000
2026-07-29,3823.29000000,7.01000000,8.03000000,10.62000000,6.10000000
2026-07-30,3812.11000000,6.91000000,7.94000000,10.61000000,5.99000000
2026-07-31,3833.54000000,6.89000000,7.97000000,10.61000000,6.02000000
