date,cash,position_value,equity,invested,shares_sh.601988,shares_sh.601398,shares_sh.601939,shares_sh.601288,daily_return,running_peak,drawdown,bank_buy_hold_equity,index_price_equity
2011-01-04,1000000.0000000000,0.0000000000,1000000.0000000000,False,0.0000000000,0.0000000000,0.0000000000,0.0000000000,0.0000000000,1000000.0000000000,0.0000000000,1002484.2799000000,1000000.0000000000
2011-01-05,1000000.0000000000,0.0000000000,1000000.0000000000,False,0.0000000000,0.0000000000,0.0000000000,0.0000000000,0.0000000000,1000000.0000000000,0.0000000000,992938.2799000000,995071.2495399015
2011-01-06,1000000.0000000000,0.0000000000,1000000.0000000000,False,0.0000000000,0.0000000000,0.0000000000,0.0000000000,0.0000000000,1000000.0000000000,0.0000000000,984758.2799000000,990026.8171699998
2011-01-07,1000000.0000000000,0.0000000000,1000000.0000000000,False,0.0000000000,0.0000000000,0.0000000000,0.0000000000,0.0000000000,1000000.0000000000,0.0000000000,1008675.2799000000,995144.8653006853
2011-01-10,1000000.0000000000,0.0000000000,1000000.0000000000,False,0.0000000000,0.0000000000,0.0000000000,0.0000000000,0.0000000000,1000000.0000000000,0.0000000000,1002339.2799000000,978672.4624471982
2011-01-11,1000000.0000000000,0.0000000000,1000000.0000000000,False,0.0000000000,0.0000000000,0.0000000000,0.0000000000,0.0000000000,1000000.0000000000,0.0000000000,1008821.2799000000,982963.2096471702
2011-01-12,1000000.0000000000,0.0000000000,1000000.0000000000,False,0.0000000000,0.0000000000,0.0000000000,0.0000000000,0.0000000000,1000000.0000000000,0.0000000000,1015481.2799000000,989010.2185686992
2011-01-13,1000000.0000000000,0.0000000000,1000000.0000000000,False,0.0000000000,0.0000000000,0.0000000000,0.0000000000,0.0000000000,1000000.0000000000,0.0000000000,1023900.2799000000,991257.2520288153
2011-01-14,1000000.0000000000,0.0000000000,1000000.0000000000,False,0.0000000000,0.0000000000,0.0000000000,0.0000000000,0.0000000000,1000000.0000000000,0.0000000000,1019766.2799000000,978507.7033635392
2011-01-17,1000000.0000000000,0.0000000000,1000000.0000000000,False,0.0000000000,0.0000000000,0.0000000000,0.0000000000,0.0000000000,1000000.0000000000,0.0000000000,992459.2799000000,948823.0242055632
2011-01-18,1000000.0000000000,0.0000000000,1000000.0000000000,False,0.0000000000,0.0000000000,0.0000000000,0.0000000000,0.0000000000,1000000.0000000000,0.0000000000,997548.2799000000,949636.3030866036
2011-01-19,1000000.0000000000,0.0000000000,1000000.0000000000,False,0.0000000000,0.0000000000,0.0000000000,0.0000000000,0.0000000000,1000000.0000000000,0.0000000000,998334.2799000000,966855.3800851839
2011-01-20,1000000.0000000000,0.0000000000,1000000.0000000000,False,0.0000000000,0.0000000000,0.0000000000,0.0000000000,0.0000000000,1000000.0000000000,0.0000000000,981811.2799000000,938653.5326801395
2011-01-21,1000000.0000000000,0.0000000000,1000000.0000000000,False,0.0000000000,0.0000000000,0.0000000000,0.0000000000,0.0000000000,1000000.0000000000,0.0000000000,995994.2799000000,951848.2814225369
2011-01-24,1000000.0000000000,0.0000000000,1000000.0000000000,False,0.0000000000,0.0000000000,0.0000000000,0.0000000000,0.0000000000,1000000.0000000000,0.0000000000,987951.2799000000,944987.9936199674
2011-01-25,1000000.0000000000,0.0000000000,1000000.0000000000,False,0.0000000000,0.0000000000,0.0000000000,0.0000000000,0.0000000000,1000000.0000000000,0.0000000000,990121.2799000000,938576.4114069374
2011-01-26,1000000.0000000000,0.0000000000,1000000.0000000000,False,0.0000000000,0.0000000000,0.0000000000,0.0000000000,0.0000000000,1000000.0000000000,0.0000000000,992956.2799000000,949576.7093754929
2011-01-27,1000000.0000000000,0.0000000000,1000000.0000000000,False,0.0000000000,0.0000000000,0.0000000000,0.0000000000,0.0000000000,1000000.0000000000,0.0000000000,999710.2799000000,963717.9464708254
2011-01-28,1000000.0000000000,0.0000000000,1000000.0000000000,False,0.0000000000,0.0000000000,0.0000000000,0.0000000000,0.0000000000,1000000.0000000000,0.0000000000,994314.2799000000,964979.9309414054
2011-01-31,1000000.0000000000,0.0000000000,1000000.0000000000,False,0.0000000000,0.0000000000,0.0000000000,0.0000000000,0.0000000000,1000000.0000000000,0.0000000000,1004372.2799000000,978279.8450563510
2011-02-01,1000000.0000000000,0.0000000000,1000000.0000000000,False,0.0000000000,0.0000000000,0.0000000000,0.0000000000,0.0000000000,1000000.0000000000,0.0000000000,1006037.2799000000,981178.9038262668
2011-02-09,1000000.0000000000,0.0000000000,1000000.0000000000,False,0.0000000000,0.0000000000,0.0000000000,0.0000000000,0.0000000000,1000000.0000000000,0.0000000000,1000905.2799000000,972450.1779047552
2011-02-10,1000000.0000000000,0.0000000000,1000000.0000000000,False,0.0000000000,0.0000000000,0.0000000000,0.0000000000,0.0000000000,1000000.0000000000,0.0000000000,1007839.2799000000,987909.4876693600
2011-02-11,1000000.0000000000,0.0000000000,1000000.0000000000,False,0.0000000000,0.0000000000,0.0000000000,0.0000000000,0.0000000000,1000000.0000000000,0.0000000000,1010093.2799000000,991124.0425569207
2011-02-14,1000000.0000000000,0.0000000000,1000000.0000000000,False,0.0000000000,0.0000000000,0.0000000000,0.0000000000,0.0000000000,1000000.0000000000,0.0000000000,1028989.2799000000,1016293.6217201549
2011-02-15,1000000.0000000000,0.0000000000,1000000.0000000000,False,0.0000000000,0.0000000000,0.0000000000,0.0000000000,0.0000000000,1000000.0000000000,0.0000000000,1024037.2799000000,1016332.1823567559
2011-02-16,1000000.0000000000,0.0000000000,1000000.0000000000,False,0.0000000000,0.0000000000,0.0000000000,0.0000000000,0.0000000000,1000000.0000000000,0.0000000000,1023593.2799000000,1024976.7759802289
2011-02-17,1000000.0000000000,0.0000000000,1000000.0000000000,False,0.0000000000,0.0000000000,0.0000000000,0.0000000000,0.0000000000,1000000.0000000000,0.0000000000,1023004.2799000000,1026049.4627802218
2011-02-18,1000000.0000000000,0.0000000000,1000000.0000000000,False,0.0000000000,0.0000000000,0.0000000000,0.0000000000,0.0000000000,1000000.0000000000,0.0000000000,1020357.2799000000,1016524.9855397613
2011-02-21,1000000.0000000000,0.0000000000,1000000.0000000000,False,0.0000000000,0.0000000000,0.0000000000,0.0000000000,0.0000000000,1000000.0000000000,0.0000000000,1017821.2799000000,1027903.8788494908
2011-02-22,1000000.0000000000,0.0000000000,1000000.0000000000,False,0.0000000000,0.0000000000,0.0000000000,0.0000000000,0.0000000000,1000000.0000000000,0.0000000000,1004006.2799000000,1001006.0820640457
2011-02-23,1000000.0000000000,0.0000000000,1000000.0000000000,False,0.0000000000,0.0000000000,0.0000000000,0.0000000000,0.0000000000,1000000.0000000000,0.0000000000,1003237.2799000000,1003498.5013934411
2011-02-24,1000000.0000000000,0.0000000000,1000000.0000000000,False,0.0000000000,0.0000000000,0.0000000000,0.0000000000,0.0000000000,1000000.0000000000,0.0000000000,1003826.2799000000,1009096.8047254307
2011-02-25,1000000.0000000000,0.0000000000,1000000.0000000000,False,0.0000000000,0.0000000000,0.0000000000,0.0000000000,0.0000000000,1000000.0000000000,0.0000000000,1008915.2799000000,1009082.7826757575
2011-02-28,1000000.0000000000,0.0000000000,1000000.0000000000,False,0.0000000000,0.0000000000,0.0000000000,0.0000000000,0.0000000000,1000000.0000000000,0.0000000000,1005098.2799000000,1018368.8850717753
2011-03-01,1000000.0000000000,0.0000000000,1000000.0000000000,False,0.0000000000,0.0000000000,0.0000000000,0.0000000000,0.0000000000,1000000.0000000000,0.0000000000,1009009.2799000000,1023231.0307959266
2011-03-02,1000000.0000000000,0.0000000000,1000000.0000000000,False,0.0000000000,0.0000000000,0.0000000000,0.0000000000,0.0000000000,1000000.0000000000,0.0000000000,1012212.2799000000,1021439.7139501866
2011-03-03,1000000.0000000000,0.0000000000,1000000.0000000000,False,0.0000000000,0.0000000000,0.0000000000,0.0000000000,0.0000000000,1000000.0000000000,0.0000000000,1024158.2799000000,1017643.2440011918
2011-03-04,1000000.0000000000,0.0000000000,1000000.0000000000,False,0.0000000000,0.0000000000,0.0000000000,0.0000000000,0.0000000000,1000000.0000000000,0.0000000000,1029887.2799000000,1031430.4243422782
2011-03-07,1000000.0000000000,0.0000000000,1000000.0000000000,False,0.0000000000,0.0000000000,0.0000000000,0.0000000000,0.0000000000,1000000.0000000000,0.0000000000,1037862.2799000000,1050325.1362767953
2011-03-08,1000000.0000000000,0.0000000000,1000000.0000000000,False,0.0000000000,0.0000000000,0.0000000000,0.0000000000,0.0000000000,1000000.0000000000,0.0000000000,1039758.2799000000,1051632.6924088129
2011-03-09,1000000.0000000000,0.0000000000,1000000.0000000000,False,0.0000000000,0.0000000000,0.0000000000,0.0000000000,0.0000000000,1000000.0000000000,0.0000000000,1044253.2799000000,1052407.4106532522
2011-03-10,1000000.0000000000,0.0000000000,1000000.0000000000,False,0.0000000000,0.0000000000,0.0000000000,0.0000000000,0.0000000000,1000000.0000000000,0.0000000000,1029240.2799000000,1036629.0992585841
2011-03-11,1000000.0000000000,0.0000000000,1000000.0000000000,False,0.0000000000,0.0000000000,0.0000000000,0.0000000000,0.0000000000,1000000.0000000000,0.0000000000,1019958.2799000000,1028447.2332743239
2011-03-14,1000000.0000000000,0.0000000000,1000000.0000000000,False,0.0000000000,0.0000000000,0.0000000000,0.0000000000,0.0000000000,1000000.0000000000,0.0000000000,1014816.2799000000,1029789.8445305242
2011-03-15,1000000.0000000000,0.0000000000,1000000.0000000000,False,0.0000000000,0.0000000000,0.0000000000,0.0000000000,0.0000000000,1000000.0000000000,0.0000000000,1011255.2799000000,1015287.5396561092
2011-03-16,625.2775000001,1006739.0000000000,1007364.2775000001,True,76600.0000000000,58600.0000000000,51500.0000000000,95400.0000000000,0.0073642775,1007364.2775000001,0.0000000000,1016933.2799000000,1027395.5795488405
2011-03-17,1001109.9544000002,0.0000000000,1001109.9544000002,False,0.0000000000,0.0000000000,0.0000000000,0.0000000000,-0.0062086012,1007364.2775000001,-0.0062086012,1010392.2799000000,1015652.1129476101
2011-03-18,802.9523000001,994498.0000000000,995300.9523000001,True,76700.0000000000,58400.0000000000,51000.0000000000,95100.0000000000,-0.0058025615,1007364.2775000001,-0.0119751370,1008359.2799000000,1019013.8993567384
2011-03-21,802.9523000001,1003369.0000000000,1004171.9523000001,True,76700.0000000000,58400.0000000000,51000.0000000000,95100.0000000000,0.0089128821,1007364.2775000001,-0.0031689879,1017332.2799000000,1019802.6396508509
2011-03-22,802.9523000001,1008552.0000000000,1009354.9523000001,True,76700.0000000000,58400.0000000000,51000.0000000000,95100.0000000000,0.0051614666,1009354.9523000001,0.0000000000,1022601.2799000000,1023308.1520691287
2011-03-23,802.9523000001,1015923.0000000000,1016725.9523000001,True,76700.0000000000,58400.0000000000,51000.0000000000,95100.0000000000,0.0073026837,1016725.9523000001,0.0000000000,1030124.2799000000,1033593.3255043556
2011-03-24,1015405.2524000001,0.0000000000,1015405.2524000001,False,0.0000000000,0.0000000000,0.0000000000,0.0000000000,-0.0012989733,1016725.9523000001,-0.0012989733,1033497.2799000000,1032972.8498063204
2011-03-25,1015405.2524000001,0.0000000000,1015405.2524000001,False,0.0000000000,0.0000000000,0.0000000000,0.0000000000,0.0000000000,1016725.9523000001,-0.0012989733,1045624.2799000000,1043874.9934271642
2011-03-28,1015405.2524000001,0.0000000000,1015405.2524000001,False,0.0000000000,0.0000000000,0.0000000000,0.0000000000,0.0000000000,1016725.9523000001,-0.0012989733,1049320.2799000000,1046044.9056140782
2011-03-29,1015405.2524000001,0.0000000000,1015405.2524000001,False,0.0000000000,0.0000000000,0.0000000000,0.0000000000,0.0000000000,1016725.9523000001,-0.0012989733,1050480.2799000000,1036958.6174259022
2011-03-30,1015405.2524000001,0.0000000000,1015405.2524000001,False,0.0000000000,0.0000000000,0.0000000000,0.0000000000,0.0000000000,1016725.9523000001,-0.0012989733,1054084.2799000000,1036148.8440572800
2011-03-31,1015405.2524000001,0.0000000000,1015405.2524000001,False,0.0000000000,0.0000000000,0.0000000000,0.0000000000,0.0000000000,1016725.9523000001,-0.0012989733,1046543.2799000000,1026452.5967083238
2011-04-01,461.8607000001,1022281.0000000000,1022742.8607000001,True,76000.0000000000,56500.0000000000,51000.0000000000,91900.0000000000,0.0072262855,1022742.8607000001,0.0000000000,1056355.2799000000,1040229.2605121554
2011-04-06,1022237.8229000003,0.0000000000,1022237.8229000003,False,0.0000000000,0.0000000000,0.0000000000,0.0000000000,-0.0004938072,1022742.8607000001,-0.0004938072,1075020.2799000000,1052130.4751722082
2011-04-07,1022237.8229000003,0.0000000000,1022237.8229000003,False,0.0000000000,0.0000000000,0.0000000000,0.0000000000,0.0000000000,1022742.8607000001,-0.0004938072,1075370.2799000000,1054426.5858061803
2011-04-08,1022237.8229000003,0.0000000000,1022237.8229000003,False,0.0000000000,0.0000000000,0.0000000000,0.0000000000,0.0000000000,1022742.8607000001,-0.0004938072,1073022.2799000000,1062177.2737629924
2011-04-11,1022237.8229000003,0.0000000000,1022237.8229000003,False,0.0000000000,0.0000000000,0.0000000000,0.0000000000,0.0000000000,1022742.8607000001,-0.0004938072,1076393.2799000000,1059628.7662349043
2011-04-12,1022237.8229000003,0.0000000000,1022237.8229000003,False,0.0000000000,0.0000000000,0.0000000000,0.0000000000,0.0000000000,1022742.8607000001,-0.0004938072,1074985.2799000000,1059145.0055211820
2011-04-13,1022237.8229000003,0.0000000000,1022237.8229000003,False,0.0000000000,0.0000000000,0.0000000000,0.0000000000,0.0000000000,1022742.8607000001,-0.0004938072,1087563.2799000000,1069321.5080714424
2011-04-14,1022237.8229000003,0.0000000000,1022237.8229000003,False,0.0000000000,0.0000000000,0.0000000000,0.0000000000,0.0000000000,1022742.8607000001,-0.0004938072,1096656.2799000000,1066601.2304348587
2011-04-15,1022237.8229000003,0.0000000000,1022237.8229000003,False,0.0000000000,0.0000000000,0.0000000000,0.0000000000,0.0000000000,1022742.8607000001,-0.0004938072,1107423.2799000000,1069367.0797328800
2011-04-18,1022237.8229000003,0.0000000000,1022237.8229000003,False,0.0000000000,0.0000000000,0.0000000000,0.0000000000,0.0000000000,1022742.8607000001,-0.0004938072,1108884.2799000000,1071750.8281773089
2011-04-19,1022237.8229000003,0.0000000000,1022237.8229000003,False,0.0000000000,0.0000000000,0.0000000000,0.0000000000,0.0000000000,1022742.8607000001,-0.0004938072,1085300.2799000000,1051317.1962911678
2011-04-20,1022237.8229000003,0.0000000000,1022237.8229000003,False,0.0000000000,0.0000000000,0.0000000000,0.0000000000,0.0000000000,1022742.8607000001,-0.0004938072,1088117.2799000000,1054121.6062257900
2011-04-21,1022237.8229000003,0.0000000000,1022237.8229000003,False,0.0000000000,0.0000000000,0.0000000000,0.0000000000,0.0000000000,1022742.8607000001,-0.0004938072,1087955.2799000000,1061002.9271028691
2011-04-22,1022237.8229000003,0.0000000000,1022237.8229000003,False,0.0000000000,0.0000000000,0.0000000000,0.0000000000,0.0000000000,1022742.8607000001,-0.0004938072,1077846.2799000000,1055341.5245473506
2011-04-25,1022237.8229000003,0.0000000000,1022237.8229000003,False,0.0000000000,0.0000000000,0.0000000000,0.0000000000,0.0000000000,1022742.8607000001,-0.0004938072,1070980.2799000000,1039366.9044572590
2011-04-26,186.2994000002,1021946.0000000000,1022132.2994000003,True,76000.0000000000,56900.0000000000,49800.0000000000,89000.0000000000,-0.0001032279,1022742.8607000001,-0.0005969842,1069186.2799000000,1030263.0887069918
2011-04-27,186.2994000002,1029514.0000000000,1029700.2994000003,True,76000.0000000000,56900.0000000000,49800.0000000000,89000.0000000000,0.0074041296,1029700.2994000003,0.0000000000,1077110.2799000000,1025506.1083553889
2011-04-28,186.2994000002,1039953.0000000000,1040139.2994000003,True,76000.0000000000,56900.0000000000,49800.0000000000,89000.0000000000,0.0101379013,1040139.2994000003,0.0000000000,1088072.2799000000,1012055.4572064572
2011-04-29,186.2994000002,1036702.0000000000,1036888.2994000003,True,76000.0000000000,56900.0000000000,49800.0000000000,89000.0000000000,-0.0031255429,1040139.2994000003,-0.0031255429,1084734.2799000000,1020633.4460939828
2011-05-03,186.2994000002,1037273.0000000000,1037459.2994000003,True,76000.0000000000,56900.0000000000,49800.0000000000,89000.0000000000,0.0005506861,1040139.2994000003,-0.0025765780,1085214.2799000000,1027882.8457749811
2011-05-04,186.2994000002,1023393.0000000000,1023579.2994000003,True,76000.0000000000,56900.0000000000,49800.0000000000,89000.0000000000,-0.0133788381,1040139.2994000003,-0.0159209444,1070613.2799000000,1004686.8701032373
2011-05-05,186.2994000002,1040132.0000000000,1040318.2994000003,True,76000.0000000000,56900.0000000000,49800.0000000000,89000.0000000000,0.0163533983,1040318.2994000003,0.0000000000,1088151.2799000000,1006923.3870260986
2011-05-06,186.2994000002,1034094.0000000000,1034280.2994000003,True,76000.0000000000,56900.0000000000,49800.0000000000,89000.0000000000,-0.0058039929,1040318.2994000003,-0.0058039929,1081806.2799000000,1003940.1959581441
2011-05-09,186.2994000002,1028103.0000000000,1028289.2994000003,True,76000.0000000000,56900.0000000000,49800.0000000000,89000.0000000000,-0.0057924336,1040318.2994000003,-0.0115628073,1075479.2799000000,1006944.4201006081
2011-05-10,186.2994000002,1033655.0000000000,1033841.2994000003,True,76000.0000000000,56900.0000000000,49800.0000000000,89000.0000000000,0.0053992588,1040318.2994000003,-0.0062259791,1081387.2799000000,1013313.9361646188
2011-05-11,186.2994000002,1029670.0000000000,1029856.2994000003,True,76000.0000000000,56900.0000000000,49800.0000000000,89000.0000000000,-0.0038545568,1040318.2994000003,-0.0100565375,1077204.2799000000,1010786.4617110406
2011-05-12,186.2994000002,1019647.0000000000,1019833.2994000003,True,76000.0000000000,56900.0000000000,49800.0000000000,89000.0000000000,-0.0097324258,1040318.2994000003,-0.0196910888,1066676.2799000000,996995.7758575359
2011-05-13,186.2994000002,1030558.0000000000,1030744.2994000003,True,76000.0000000000,56900.0000000000,49800.0000000000,89000.0000000000,0.0106988074,1040318.2994000003,-0.0092029526,1078083.2799000000,1006443.1318247945
2011-05-16,186.2994000002,1020785.0000000000,1020971.2994000003,True,76000.0000000000,56900.0000000000,49800.0000000000,89000.0000000000,-0.0094814980,1040318.2994000003,-0.0185971928,1067854.2799000000,998745.0265542566
2011-05-17,186.2994000002,1020608.0000000000,1020794.2994000003,True,76000.0000000000,56900.0000000000,49800.0000000000,89000.0000000000,-0.0001733643,1040318.2994000003,-0.0187673330,1067666.2799000000,1000042.0661490193
2011-05-18,186.2994000002,1030964.0000000000,1031150.2994000003,True,76000.0000000000,56900.0000000000,49800.0000000000,89000.0000000000,0.0101450410,1040318.2994000003,-0.0088126874,1078476.2799000000,1007053.0909855748
2011-05-19,186.2994000002,1031769.0000000000,1031955.2994000003,True,76000.0000000000,56900.0000000000,49800.0000000000,89000.0000000000,0.0007806815,1040318.2994000003,-0.0080388858,1079372.2799000000,1002425.8145934482
2011-05-20,186.2994000002,1030952.0000000000,1031138.2994000003,True,76000.0000000000,56900.0000000000,49800.0000000000,89000.0000000000,-0.0007917010,1040318.2994000003,-0.0088242224,1078544.2799000000,1002036.7027150193
2011-05-23,186.2994000002,1010786.0000000000,1010972.2994000003,True,76000.0000000000,56900.0000000000,49800.0000000000,89000.0000000000,-0.0195570274,1040318.2994000003,-0.0282086742,1057359.2799000000,972628.9590380874
2011-05-24,186.2994000002,1005352.0000000000,1005538.2994000003,True,76000.0000000000,56900.0000000000,49800.0000000000,89000.0000000000,-0.0053750236,1040318.2994000003,-0.0334320756,1051689.2799000000,969996.3192119608
2011-05-25,186.2994000002,989302.0000000000,989488.2994000003,True,76000.0000000000,56900.0000000000,49800.0000000000,89000.0000000000,-0.0159615999,1040318.2994000003,-0.0488600460,1034869.2799000000,961120.3617688816
2011-05-26,186.2994000002,997937.0000000000,998123.2994000003,True,76000.0000000000,56900.0000000000,49800.0000000000,89000.0000000000,0.0087267328,1040318.2994000003,-0.0405597018,1043920.2799000000,959293.9897989589
2011-05-27,186.2994000002,993525.0000000000,993711.2994000003,True,76000.0000000000,56900.0000000000,49800.0000000000,89000.0000000000,-0.0044202956,1040318.2994000003,-0.0448007115,1039250.2799000000,949976.3377911766
2011-05-30,186.2994000002,1015064.0000000000,1015250.2994000003,True,76000.0000000000,56900.0000000000,49800.0000000000,89000.0000000000,0.0216753095,1040318.2994000003,-0.0240964713,1061739.2799000000,948717.8588330148
2011-05-31,186.2994000002,1017056.0000000000,1017242.2994000003,True,76000.0000000000,56900.0000000000,49800.0000000000,89000.0000000000,0.0019620777,1040318.2994000003,-0.0221816727,1063891.2799000000,961726.8154172436
2011-06-01,186.2994000002,1012242.0000000000,1012428.2994000003,True,76000.0000000000,56900.0000000000,49800.0000000000,89000.0000000000,-0.0047324025,1040318.2994000003,-0.0268091026,1058948.2799000000,961761.8705414264
2011-06-02,186.2994000002,992230.0000000000,992416.2994000003,True,76000.0000000000,56900.0000000000,49800.0000000000,89000.0000000000,-0.0197663380,1040318.2994000003,-0.0460455228,1037797.2799000000,948304.2083676581
2011-06-03,186.2994000002,998199.0000000000,998385.2994000003,True,76000.0000000000,56900.0000000000,49800.0000000000,89000.0000000000,0.0060146130,1040318.2994000003,-0.0403078558,1044151.2799000000,956310.7987310045
2011-06-07,186.2994000002,999077.0000000000,999263.2994000003,True,76000.0000000000,56900.0000000000,49800.0000000000,89000.0000000000,0.0008794200,1040318.2994000003,-0.0394638833,1044989.2799000000,962017.7729479606
2011-06-08,186.2994000002,998272.0000000000,998458.2994000003,True,76000.0000000000,56900.0000000000,49800.0000000000,89000.0000000000,-0.0008055935,1040318.2994000003,-0.0402376850,1044093.2799000000,964117.5748865090
2011-06-09,186.2994000002,990977.0000000000,991163.2994000003,True,76000.0000000000,56900.0000000000,49800.0000000000,89000.0000000000,-0.0073062641,1040318.2994000003,-0.0472499619,1036453.2799000000,947659.1940826951
2011-06-10,11282.2994000002,979146.0000000000,990428.2994000003,True,76000.0000000000,56900.0000000000,49800.0000000000,89000.0000000000,-0.0007415529,1040318.2994000003,-0.0479564764,1035707.6799000000,948290.1863179849
2011-06-13,11282.2994000002,984312.0000000000,995594.2994000003,True,76000.0000000000,56900.0000000000,49800.0000000000,89000.0000000000,0.0052159253,1040318.2994000003,-0.0429906885,1041135.6799000000,946621.5624068847
2011-06-14,11282.2994000002,979333.0000000000,990615.2994000003,True,76000.0000000000,56900.0000000000,49800.0000000000,89000.0000000000,-0.0050010331,1040318.2994000003,-0.0477767237,1035936.6799000000,957018.9122394966
2011-06-15,21751.8994000002,965293.0000000000,987044.8994000002,True,76000.0000000000,56900.0000000000,49800.0000000000,89000.0000000000,-0.0036042246,1040318.2994000003,-0.0512087503,1032218.2799000000,948391.8461781151
2011-06-16,21751.8994000002,962848.0000000000,984599.8994000002,True,76000.0000000000,56900.0000000000,49800.0000000000,89000.0000000000,-0.0024770910,1040318.2994000003,-0.0535589925,1029655.2799000000,933966.6625769022
2011-06-17,26557.8994000002,958917.0000000000,985474.8994000002,True,76000.0000000000,56900.0000000000,49800.0000000000,89000.0000000000,0.0008886859,1040318.2994000003,-0.0527179038,1030662.8799000001,926443.8329272781
2011-06-20,26557.8994000002,954170.0000000000,980727.8994000002,True,76000.0000000000,56900.0000000000,49800.0000000000,89000.0000000000,-0.0048169669,1040318.2994000003,-0.0572809303,1025819.8799000001,918882.4426410530
2011-06-21,26557.8994000002,958332.0000000000,984889.8994000002,True,76000.0000000000,56900.0000000000,49800.0000000000,89000.0000000000,0.0042437867,1040318.2994000003,-0.0532802317,1030190.8799000001,927726.8504723677
2011-06-22,26557.8994000002,970779.0000000000,997336.8994000002,True,76000.0000000000,56900.0000000000,49800.0000000000,89000.0000000000,0.0126379609,1040318.2994000003,-0.0413156243,1043187.8799000001,928722.4159991586
2011-06-23,26557.8994000002,985100.0000000000,1011657.8994000002,True,76000.0000000000,56900.0000000000,49800.0000000000,89000.0000000000,0.0143592401,1040318.2994000003,-0.0275496452,1058098.8799000001,942369.3758435139
2011-06-24,37125.4594000002,997230.0000000000,1034355.4594000002,True,76000.0000000000,56900.0000000000,49800.0000000000,89000.0000000000,0.0224360033,1040318.2994000003,-0.0057317458,1081811.2398999999,962687.3258198517
2011-06-27,1031496.0949000003,0.0000000000,1031496.0949000003,False,0.0000000000,0.0000000000,0.0000000000,0.0000000000,-0.0027643925,1040318.2994000003,-0.0084802935,1082595.2398999999,966900.9517466215
2011-06-28,1031496.0949000003,0.0000000000,1031496.0949000003,False,0.0000000000,0.0000000000,0.0000000000,0.0000000000,0.0000000000,1040318.2994000003,-0.0084802935,1079989.2398999999,967240.9864511945
2011-06-29,1031496.0949000003,0.0000000000,1031496.0949000003,False,0.0000000000,0.0000000000,0.0000000000,0.0000000000,0.0000000000,1040318.2994000003,-0.0084802935,1071466.2398999999,956472.0523022453
2011-06-30,1031496.0949000003,0.0000000000,1031496.0949000003,False,0.0000000000,0.0000000000,0.0000000000,0.0000000000,0.0000000000,1040318.2994000003,-0.0084802935,1072037.2398999999,968250.5740276584
2011-07-01,1031496.0949000003,0.0000000000,1031496.0949000003,False,0.0000000000,0.0000000000,0.0000000000,0.0000000000,0.0000000000,1040318.2994000003,-0.0084802935,1060615.2398999999,967297.0746498869
2011-07-04,1031496.0949000003,0.0000000000,1031496.0949000003,False,0.0000000000,0.0000000000,0.0000000000,0.0000000000,0.0000000000,1040318.2994000003,-0.0084802935,1069709.2398999999,986037.5440379997
2011-07-05,1031496.0949000003,0.0000000000,1031496.0949000003,False,0.0000000000,0.0000000000,0.0000000000,0.0000000000,0.0000000000,1040318.2994000003,-0.0084802935,1062844.2398999999,987274.9899216518
2011-07-06,1031496.0949000003,0.0000000000,1031496.0949000003,False,0.0000000000,0.0000000000,0.0000000000,0.0000000000,0.0000000000,1040318.2994000003,-0.0084802935,1049890.2398999999,985217.2541321227
2011-07-07,1031496.0949000003,0.0000000000,1031496.0949000003,False,0.0000000000,0.0000000000,0.0000000000,0.0000000000,0.0000000000,1040318.2994000003,-0.0084802935,1042770.2399000000,979534.8185020945
2011-07-08,1031496.0949000003,0.0000000000,1031496.0949000003,False,0.0000000000,0.0000000000,0.0000000000,0.0000000000,0.0000000000,1040318.2994000003,-0.0084802935,1048491.2399000000,980761.7478484918
2011-07-11,1031496.0949000003,0.0000000000,1031496.0949000003,False,0.0000000000,0.0000000000,0.0000000000,0.0000000000,0.0000000000,1040318.2994000003,-0.0084802935,1045887.2399000000,982486.4599582844
2011-07-12,1031496.0949000003,0.0000000000,1031496.0949000003,False,0.0000000000,0.0000000000,0.0000000000,0.0000000000,0.0000000000,1040318.2994000003,-0.0084802935,1035887.2399000000,965621.4397139502
2011-07-13,1031496.0949000003,0.0000000000,1031496.0949000003,False,0.0000000000,0.0000000000,0.0000000000,0.0000000000,0.0000000000,1040318.2994000003,-0.0084802935,1050369.2398999999,979958.9855047062
2011-07-14,1031496.0949000003,0.0000000000,1031496.0949000003,False,0.0000000000,0.0000000000,0.0000000000,0.0000000000,0.0000000000,1040318.2994000003,-0.0084802935,1053400.2398999999,985203.2320824496
2011-07-15,1031496.0949000003,0.0000000000,1031496.0949000003,False,0.0000000000,0.0000000000,0.0000000000,0.0000000000,0.0000000000,1040318.2994000003,-0.0084802935,1054885.2398999999,988614.0956654339
2011-07-18,1031496.0949000003,0.0000000000,1031496.0949000003,False,0.0000000000,0.0000000000,0.0000000000,0.0000000000,0.0000000000,1040318.2994000003,-0.0084802935,1055115.2398999999,987394.1773438732
2011-07-19,1031496.0949000003,0.0000000000,1031496.0949000003,False,0.0000000000,0.0000000000,0.0000000000,0.0000000000,0.0000000000,1040318.2994000003,-0.0084802935,1052331.2398999999,980484.8123674478
2011-07-20,1031496.0949000003,0.0000000000,1031496.0949000003,False,0.0000000000,0.0000000000,0.0000000000,0.0000000000,0.0000000000,1040318.2994000003,-0.0084802935,1052151.2398999999,979513.7854275849
2011-07-21,1031496.0949000003,0.0000000000,1031496.0949000003,False,0.0000000000,0.0000000000,0.0000000000,0.0000000000,0.0000000000,1040318.2994000003,-0.0084802935,1049905.2398999999,969586.1742590222
2011-07-22,374.8513000001,1027207.0000000000,1027581.8513000001,True,83400.0000000000,59100.0000000000,53000.0000000000,95500.0000000000,-0.0037947246,1040318.2994000003,-0.0122428377,1044979.2399000000,971303.8753439784
2011-07-25,374.8513000001,1011249.0000000000,1011623.8513000001,True,83400.0000000000,59100.0000000000,53000.0000000000,95500.0000000000,-0.0155296631,1040318.2994000003,-0.0275823737,1029319.2399000000,942544.6514644278
2011-07-26,374.8513000001,1012508.0000000000,1012882.8513000001,True,83400.0000000000,59100.0000000000,53000.0000000000,95500.0000000000,0.0012445337,1040318.2994000003,-0.0263721672,1030489.2399000000,947550.5231977284
2011-07-27,374.8513000001,1010023.0000000000,1010397.8513000001,True,83400.0000000000,59100.0000000000,53000.0000000000,95500.0000000000,-0.0024533933,1040318.2994000003,-0.0287608592,1028055.2399000000,954722.8016055246
2011-07-28,374.8513000001,1000022.0000000000,1000396.8513000001,True,83400.0000000000,59100.0000000000,53000.0000000000,95500.0000000000,-0.0098980812,1040318.2994000003,-0.0383742631,1018176.2399000000,949566.1928382381
2011-07-29,374.8513000001,1013617.0000000000,1013991.8513000001,True,83400.0000000000,59100.0000000000,53000.0000000000,95500.0000000000,0.0135896069,1040318.2994000003,-0.0253061473,1031412.2399000000,947094.8065833523
2011-08-01,374.8513000001,1010524.0000000000,1010898.8513000001,True,83400.0000000000,59100.0000000000,53000.0000000000,95500.0000000000,-0.0030503204,1040318.2994000003,-0.0282792758,1028516.2399000000,947813.4366290992
2011-08-02,374.8513000001,1001507.0000000000,1001881.8513000001,True,83400.0000000000,59100.0000000000,53000.0000000000,95500.0000000000,-0.0089197846,1040318.2994000003,-0.0369468153,1019653.2399000000,939217.9201794822
2011-08-03,374.8513000001,999281.0000000000,999655.8513000001,True,83400.0000000000,59100.0000000000,53000.0000000000,95500.0000000000,-0.0022218189,1040318.2994000003,-0.0390865451,1017432.2399000000,938947.9957232748
2011-08-04,374.8513000001,997448.0000000000,997822.8513000001,True,83400.0000000000,59100.0000000000,53000.0000000000,95500.0000000000,-0.0018336310,1040318.2994000003,-0.0408485058,1015546.2399000000,940893.5551154190
2011-08-05,374.8513000001,982567.0000000000,982941.8513000001,True,83400.0000000000,59100.0000000000,53000.0000000000,95500.0000000000,-0.0149134688,1040318.2994000003,-0.0551527817,1000927.2399000000,920694.7925613027
2011-08-08,374.8513000001,966895.0000000000,967269.8513000001,True,83400.0000000000,59100.0000000000,53000.0000000000,95500.0000000000,-0.0159439747,1040318.2994000003,-0.0702174019,985693.2399000000,885779.8888752563
2011-08-09,374.8513000001,973881.0000000000,974255.8513000001,True,83400.0000000000,59100.0000000000,53000.0000000000,95500.0000000000,0.0072223899,1040318.2994000003,-0.0635021494,992600.2399000000,885516.9754438854
2011-08-10,374.8513000001,977670.0000000000,978044.8513000001,True,83400.0000000000,59100.0000000000,53000.0000000000,95500.0000000000,0.0038891221,1040318.2994000003,-0.0598599949,996314.2399000000,893618.2146425253
2011-08-11,374.8513000001,984384.0000000000,984758.8513000001,True,83400.0000000000,59100.0000000000,53000.0000000000,95500.0000000000,0.0068647159,1040318.2994000003,-0.0534062009,1002872.2399000000,904951.5362908173
2011-08-12,374.8513000001,983506.0000000000,983880.8513000001,True,83400.0000000000,59100.0000000000,53000.0000000000,95500.0000000000,-0.0008915888,1040318.2994000003,-0.0542501734,1001925.2399000000,909038.9637705291
2011-08-15,374.8513000001,992689.0000000000,993063.8513000001,True,83400.0000000000,59100.0000000000,53000.0000000000,95500.0000000000,0.0093334472,1040318.2994000003,-0.0454230673,1010976.2399000000,920817.4854959423
2011-08-16,374.8513000001,987537.0000000000,987911.8513000001,True,83400.0000000000,59100.0000000000,53000.0000000000,95500.0000000000,-0.0051879846,1040318.2994000003,-0.0503753977,1005887.2399000000,914297.2323979457
2011-08-17,374.8513000001,989779.0000000000,990153.8513000001,True,83400.0000000000,59100.0000000000,53000.0000000000,95500.0000000000,0.0022694332,1040318.2994000003,-0.0482202881,1008141.2399000000,911874.9233169159
2011-08-18,374.8513000001,983457.0000000000,983831.8513000001,True,83400.0000000000,59100.0000000000,53000.0000000000,95500.0000000000,-0.0063848663,1040318.2994000003,-0.0542972743,1002078.2399000000,897225.3869209331
2011-08-19,374.8513000001,972684.0000000000,973058.8513000001,True,83400.0000000000,59100.0000000000,53000.0000000000,95500.0000000000,-0.0109500419,1040318.2994000003,-0.0646527588,991413.2399000000,888423.0452386377
2011-08-22,374.8513000001,966775.0000000000,967149.8513000001,True,83400.0000000000,59100.0000000000,53000.0000000000,95500.0000000000,-0.0060726029,1040318.2994000003,-0.0703327512,985547.2399000000,881937.8472648239
2011-08-23,374.8513000001,975505.0000000000,975879.8513000001,True,83400.0000000000,59100.0000000000,53000.0000000000,95500.0000000000,0.0090265226,1040318.2994000003,-0.0619410887,994052.2399000000,895314.8826529718
2011-08-24,374.8513000001,971518.0000000000,971892.8513000001,True,83400.0000000000,59100.0000000000,53000.0000000000,95500.0000000000,-0.0040855439,1040318.2994000003,-0.0657735696,990176.2399000000,890782.2550961387
2011-08-25,374.8513000001,995356.0000000000,995730.8513000001,True,83400.0000000000,59100.0000000000,53000.0000000000,95500.0000000000,0.0245273951,1040318.2994000003,-0.0428594288,1013539.2399000000,916782.6407025047
2011-08-26,991061.2825000000,0.0000000000,991061.2825000000,False,0.0000000000,0.0000000000,0.0000000000,0.0000000000,-0.0046895894,1040318.2994000003,-0.0473480251,1006255.2399000000,915706.4483900934
2011-08-29,991061.2825000000,0.0000000000,991061.2825000000,False,0.0000000000,0.0000000000,0.0000000000,0.0000000000,0.0000000000,1040318.2994000003,-0.0473480251,994130.2399000000,903163.7249574956
2011-08-30,651.2485999998,988562.0000000000,989213.2485999998,True,82800.0000000000,60200.0000000000,54500.0000000000,94900.0000000000,-0.0018647019,1040318.2994000003,-0.0491244370,998998.2399000000,899721.3117627469
2011-08-31,651.2485999998,995472.0000000000,996123.2485999998,True,82800.0000000000,60200.0000000000,54500.0000000000,94900.0000000000,0.0069853492,1040318.2994000003,-0.0424822392,1005752.2399000000,899984.2251941178
2011-09-01,651.2485999998,992831.0000000000,993482.2485999998,True,82800.0000000000,60200.0000000000,54500.0000000000,94900.0000000000,-0.0026512783,1040318.2994000003,-0.0450208853,1003148.2399000000,896022.9961614639
2011-09-02,651.2485999998,984463.0000000000,985114.2485999998,True,82800.0000000000,60200.0000000000,54500.0000000000,94900.0000000000,-0.0084228984,1040318.2994000003,-0.0530645773,995044.2399000000,886291.6936883249
2011-09-05,651.2485999998,974920.0000000000,975571.2485999998,True,82800.0000000000,60200.0000000000,54500.0000000000,94900.0000000000,-0.0096872013,1040318.2994000003,-0.0622377313,985821.2399000000,868925.3851681770
2011-09-06,651.2485999998,974984.0000000000,975635.2485999998,True,82800.0000000000,60200.0000000000,54500.0000000000,94900.0000000000,0.0000656026,1040318.2994000003,-0.0621762117,985940.2399000000,866043.8539603526
2011-09-07,651.2485999998,984556.0000000000,985207.2485999998,True,82800.0000000000,60200.0000000000,54500.0000000000,94900.0000000000,0.0098110436,1040318.2994000003,-0.0529751816,995222.2399000000,882018.4740504443
2011-09-08,651.2485999998,986079.0000000000,986730.2485999998,True,82800.0000000000,60200.0000000000,54500.0000000000,94900.0000000000,0.0015458676,1040318.2994000003,-0.0515112066,996758.2399000000,876006.5202530980
2011-09-09,651.2485999998,989803.0000000000,990454.2485999998,True,82800.0000000000,60200.0000000000,54500.0000000000,94900.0000000000,0.0037740811,1040318.2994000003,-0.0479315329,1000370.2399000000,875589.3642753229
2011-09-13,651.2485999998,983438.0000000000,984089.2485999998,True,82800.0000000000,60200.0000000000,54500.0000000000,94900.0000000000,-0.0064263443,1040318.2994000003,-0.0540498527,994154.2399000000,866317.2839289783
2011-09-14,651.2485999998,979196.0000000000,979847.2485999998,True,82800.0000000000,60200.0000000000,54500.0000000000,94900.0000000000,-0.0043105846,1040318.2994000003,-0.0581274508,990039.2399000000,871060.2422309081
2011-09-15,651.2485999998,973971.0000000000,974622.2485999998,True,82800.0000000000,60200.0000000000,54500.0000000000,94900.0000000000,-0.0053324638,1040318.2994000003,-0.0631499521,984882.2399000000,869034.0560531436
2011-09-16,651.2485999998,978870.0000000000,979521.2485999998,True,82800.0000000000,60200.0000000000,54500.0000000000,94900.0000000000,0.0050265629,1040318.2994000003,-0.0584408165,989613.2399000000,870187.3696387570
2011-09-19,651.2485999998,968725.0000000000,969376.2485999998,True,82800.0000000000,60200.0000000000,54500.0000000000,94900.0000000000,-0.0103571005,1040318.2994000003,-0.0681926395,979801.2399000000,854570.3118153296
2011-09-20,651.2485999998,970219.0000000000,970870.2485999998,True,82800.0000000000,60200.0000000000,54500.0000000000,94900.0000000000,0.0015411972,1040318.2994000003,-0.0667565406,981278.2399000000,858061.8021839343
2011-09-21,651.2485999998,981285.0000000000,981936.2485999998,True,82800.0000000000,60200.0000000000,54500.0000000000,94900.0000000000,0.0113980215,1040318.2994000003,-0.0561194116,992037.2399000000,880921.2486635234
2011-09-22,651.2485999998,961220.0000000000,961871.2485999998,True,82800.0000000000,60200.0000000000,54500.0000000000,94900.0000000000,-0.0204341168,1040318.2994000003,-0.0754067778,972526.2399000000,856417.7168597620
2011-09-23,651.2485999998,960328.0000000000,960979.2485999998,True,82800.0000000000,60200.0000000000,54500.0000000000,94900.0000000000,-0.0009273590,1040318.2994000003,-0.0762642076,971638.2399000000,852947.2595656670
2011-09-26,651.2485999998,945652.0000000000,946303.2485999998,True,82800.0000000000,60200.0000000000,54500.0000000000,94900.0000000000,-0.0152719219,1040318.2994000003,-0.0903714285,957369.2399000000,838932.2209173925
2011-09-27,651.2485999998,953326.0000000000,953977.2485999998,True,82800.0000000000,60200.0000000000,54500.0000000000,94900.0000000000,0.0081094512,1040318.2994000003,-0.0829948400,964773.2399000000,846598.7765761660
2011-09-28,651.2485999998,948484.0000000000,949135.2485999998,True,82800.0000000000,60200.0000000000,54500.0000000000,94900.0000000000,-0.0050755927,1040318.2994000003,-0.0876491847,960093.2399000000,838539.6035265455
2011-09-29,651.2485999998,947195.0000000000,947846.2485999998,True,82800.0000000000,60200.0000000000,54500.0000000000,94900.0000000000,-0.0013580783,1040318.2994000003,-0.0888882286,958872.2399000000,829172.8743449074
2011-09-30,651.2485999998,948830.0000000000,949481.2485999998,True,82800.0000000000,60200.0000000000,54500.0000000000,94900.0000000000,0.0017249633,1040318.2994000003,-0.0873165942,960486.2399000000,827027.5007449214
2011-10-10,651.2485999998,952582.0000000000,953233.2485999998,True,82800.0000000000,60200.0000000000,54500.0000000000,94900.0000000000,0.0039516315,1040318.2994000003,-0.0837100057,964090.2399000000,821969.0463253466
2011-10-11,651.2485999998,971902.0000000000,972553.2485999998,True,82800.0000000000,60200.0000000000,54500.0000000000,94900.0000000000,0.0202678621,1040318.2994000003,-0.0651387665,982851.2399000000,823276.6024573642
2011-10-12,651.2485999998,988937.0000000000,989588.2485999998,True,82800.0000000000,60200.0000000000,54500.0000000000,94900.0000000000,0.0175157504,1040318.2994000003,-0.0487639704,999450.2399000000,848334.0052232135
2011-10-13,651.2485999998,992689.0000000000,993340.2485999998,True,82800.0000000000,60200.0000000000,54500.0000000000,94900.0000000000,0.0037914759,1040318.2994000003,-0.0451573820,1003054.2399000000,854920.8630571574
2011-10-14,984781.2142999998,0.0000000000,984781.2142999998,False,0.0000000000,0.0000000000,0.0000000000,0.0000000000,-0.0086164175,1040318.2994000003,-0.0533847046,1006427.2399000000,852323.2783552136
2011-10-17,984781.2142999998,0.0000000000,984781.2142999998,False,0.0000000000,0.0000000000,0.0000000000,0.0000000000,0.0000000000,1040318.2994000003,-0.0533847046,1009800.2399000000,855485.2505565000
2011-10-18,984781.2142999998,0.0000000000,984781.2142999998,False,0.0000000000,0.0000000000,0.0000000000,0.0000000000,0.0000000000,1040318.2994000003,-0.0533847046,1013224.2399000000,835535.3793840815
2011-10-19,643.0613999998,983198.0000000000,983841.0613999998,True,82000.0000000000,59000.0000000000,53100.0000000000,94600.0000000000,-0.0009546820,1040318.2994000003,-0.0542884212,1008151.2399000000,833439.0829579514
2011-10-20,643.0613999998,970706.0000000000,971349.0613999998,True,82000.0000000000,59000.0000000000,53100.0000000000,94600.0000000000,-0.0126971728,1040318.2994000003,-0.0662962846,995837.2399000000,817264.6486600179
2011-10-21,643.0613999998,974836.0000000000,975479.0613999998,True,82000.0000000000,59000.0000000000,53100.0000000000,94600.0000000000,0.0042518186,1040318.2994000003,-0.0623263457,999910.2399000000,812321.8761502462
2011-10-24,643.0613999998,988923.0000000000,989566.0613999998,True,82000.0000000000,59000.0000000000,53100.0000000000,94600.0000000000,0.0144411096,1040318.2994000003,-0.0487852978,1013803.2399000000,830922.1250416279
2011-10-25,643.0613999998,1000310.0000000000,1000953.0613999998,True,82000.0000000000,59000.0000000000,53100.0000000000,94600.0000000000,0.0115070640,1040318.2994000003,-0.0378396093,1025176.2399000000,844712.8108951326
2011-10-26,997588.3454999998,0.0000000000,997588.3454999998,False,0.0000000000,0.0000000000,0.0000000000,0.0000000000,-0.0033615122,1040318.2994000003,-0.0410739232,1025415.2399000000,850956.1285120852
2011-10-27,997588.3454999998,0.0000000000,997588.3454999998,False,0.0000000000,0.0000000000,0.0000000000,0.0000000000,0.0000000000,1040318.2994000003,-0.0410739232,1033816.2399000000,853806.1101081450
2011-10-28,997588.3454999998,0.0000000000,997588.3454999998,False,0.0000000000,0.0000000000,0.0000000000,0.0000000000,0.0000000000,1040318.2994000003,-0.0410739232,1034585.2399000000,867056.9470492349
2011-10-31,997588.3454999998,0.0000000000,997588.3454999998,False,0.0000000000,0.0000000000,0.0000000000,0.0000000000,0.0000000000,1040318.2994000003,-0.0410739232,1035301.2399000000,865248.1026414036
2011-11-01,997588.3454999998,0.0000000000,997588.3454999998,False,0.0000000000,0.0000000000,0.0000000000,0.0000000000,0.0000000000,1040318.2994000003,-0.0410739232,1034798.2399000000,865868.5783394388
2011-11-02,997588.3454999998,0.0000000000,997588.3454999998,False,0.0000000000,0.0000000000,0.0000000000,0.0000000000,0.0000000000,1040318.2994000003,-0.0410739232,1041143.2399000000,877818.8701733475
2011-11-03,997588.3454999998,0.0000000000,997588.3454999998,False,0.0000000000,0.0000000000,0.0000000000,0.0000000000,0.0000000000,1040318.2994000003,-0.0410739232,1037651.2399000000,879214.0641158221
2011-11-04,997588.3454999998,0.0000000000,997588.3454999998,False,0.0000000000,0.0000000000,0.0000000000,0.0000000000,0.0000000000,1040318.2994000003,-0.0410739232,1042382.2399000000,886295.1992007431
2011-11-07,997588.3454999998,0.0000000000,997588.3454999998,False,0.0000000000,0.0000000000,0.0000000000,0.0000000000,0.0000000000,1040318.2994000003,-0.0410739232,1034646.2399000000,879813.5067393476
2011-11-08,997588.3454999998,0.0000000000,997588.3454999998,False,0.0000000000,0.0000000000,0.0000000000,0.0000000000,0.0000000000,1040318.2994000003,-0.0410739232,1036131.2399000000,877724.2213380540
2011-11-09,997588.3454999998,0.0000000000,997588.3454999998,False,0.0000000000,0.0000000000,0.0000000000,0.0000000000,0.0000000000,1040318.2994000003,-0.0410739232,1039776.2399000000,885113.8415157836
2011-11-10,997588.3454999998,0.0000000000,997588.3454999998,False,0.0000000000,0.0000000000,0.0000000000,0.0000000000,0.0000000000,1040318.2994000003,-0.0410739232,1020821.2399000000,869205.8261616392
2011-11-11,997588.3454999998,0.0000000000,997588.3454999998,False,0.0000000000,0.0000000000,0.0000000000,0.0000000000,0.0000000000,1040318.2994000003,-0.0410739232,1027796.2399000000,869745.6750740539
2011-11-14,997588.3454999998,0.0000000000,997588.3454999998,False,0.0000000000,0.0000000000,0.0000000000,0.0000000000,0.0000000000,1040318.2994000003,-0.0410739232,1038880.2399000000,886442.4307223108
2011-11-15,997588.3454999998,0.0000000000,997588.3454999998,False,0.0000000000,0.0000000000,0.0000000000,0.0000000000,0.0000000000,1040318.2994000003,-0.0410739232,1032621.2399000000,886810.5095262299
2011-11-16,997588.3454999998,0.0000000000,997588.3454999998,False,0.0000000000,0.0000000000,0.0000000000,0.0000000000,0.0000000000,1040318.2994000003,-0.0410739232,1016883.2399000000,864795.8915394457
2011-11-17,997588.3454999998,0.0000000000,997588.3454999998,False,0.0000000000,0.0000000000,0.0000000000,0.0000000000,0.0000000000,1040318.2994000003,-0.0410739232,1019368.2399000000,863425.2361838991
2011-11-18,366.2685999998,992447.0000000000,992813.2685999998,True,84500.0000000000,58200.0000000000,52600.0000000000,96600.0000000000,-0.0047866206,1040318.2994000003,-0.0456639385,1011153.2399000000,847128.1089513259
2011-11-21,366.2685999998,986355.0000000000,986721.2685999998,True,84500.0000000000,58200.0000000000,52600.0000000000,96600.0000000000,-0.0061360985,1040318.2994000003,-0.0515198385,1005193.2399000000,846626.8206755122
2011-11-22,366.2685999998,983031.0000000000,983397.2685999998,True,84500.0000000000,58200.0000000000,52600.0000000000,96600.0000000000,-0.0033687325,1040318.2994000003,-0.0547150145,1001812.2399000000,845746.9370585245
2011-11-23,366.2685999998,986541.0000000000,986907.2685999998,True,84500.0000000000,58200.0000000000,52600.0000000000,96600.0000000000,0.0035692595,1040318.2994000003,-0.0513410471,1005482.2399000000,839591.2572520288
2011-11-24,366.2685999998,992258.0000000000,992624.2685999998,True,84500.0000000000,58200.0000000000,52600.0000000000,96600.0000000000,0.0057928442,1040318.2994000003,-0.0458456136,1011160.2399000000,840464.1298441800
2011-11-25,366.2685999998,983971.0000000000,984337.2685999998,True,84500.0000000000,58200.0000000000,52600.0000000000,96600.0000000000,-0.0083485769,1040318.2994000003,-0.0538114449,1002964.2399000000,834389.0768233046
2011-11-28,366.2685999998,985312.0000000000,985678.2685999998,True,84500.0000000000,58200.0000000000,52600.0000000000,96600.0000000000,0.0013623379,1040318.2994000003,-0.0525224163,1004185.2399000000,835374.1258128406
2011-11-29,366.2685999998,990831.0000000000,991197.2685999998,True,84500.0000000000,58200.0000000000,52600.0000000000,96600.0000000000,0.0055991901,1040318.2994000003,-0.0472173092,1009446.2399000000,845666.3102729041
2011-11-30,366.2685999998,979276.0000000000,979642.2685999998,True,84500.0000000000,58200.0000000000,52600.0000000000,96600.0000000000,-0.0116576189,1040318.2994000003,-0.0583244867,998276.2399000000,817979.7731933466
2011-12-01,366.2685999998,1000433.0000000000,1000799.2685999998,True,84500.0000000000,58200.0000000000,52600.0000000000,96600.0000000000,0.0215966590,1040318.2994000003,-0.0379874418,1018898.2399000000,836716.7370690410
2011-12-02,366.2685999998,994737.0000000000,995103.2685999998,True,84500.0000000000,58200.0000000000,52600.0000000000,96600.0000000000,-0.0056914510,1040318.2994000003,-0.0434626891,1013238.2399000000,827073.0724063590
2011-12-05,366.2685999998,1002942.0000000000,1003308.2685999998,True,84500.0000000000,58200.0000000000,52600.0000000000,96600.0000000000,0.0082453754,1040318.2994000003,-0.0355756799,1021418.2399000000,817503.0235044607
2011-12-06,366.2685999998,991275.0000000000,991641.2685999998,True,84500.0000000000,58200.0000000000,52600.0000000000,96600.0000000000,-0.0116285297,1040318.2994000003,-0.0467905167,1009968.2399000000,815350.6388796382
2011-12-07,366.2685999998,987753.0000000000,988119.2685999998,True,84500.0000000000,58200.0000000000,52600.0000000000,96600.0000000000,-0.0035516876,1040318.2994000003,-0.0501760190,1006526.2399000000,817741.3983489036
2011-12-08,366.2685999998,988456.0000000000,988822.2685999998,True,84500.0000000000,58200.0000000000,52600.0000000000,96600.0000000000,0.0007114526,1040318.2994000003,-0.0495002643,1007107.2399000000,816721.2942351848
2011-12-09,366.2685999998,990530.0000000000,990896.2685999998,True,84500.0000000000,58200.0000000000,52600.0000000000,96600.0000000000,0.0020974447,1040318.2994000003,-0.0475066437,1009173.2399000000,811620.7736665907
2011-12-12,366.2685999998,981894.0000000000,982260.2685999998,True,84500.0000000000,58200.0000000000,52600.0000000000,96600.0000000000,-0.0087153421,1040318.2994000003,-0.0558079492,1000660.2399000000,803302.1926980176
2011-12-13,366.2685999998,982213.0000000000,982579.2685999998,True,84500.0000000000,58200.0000000000,52600.0000000000,96600.0000000000,0.0003247612,1040318.2994000003,-0.0555013123,1001069.2399000000,792414.0711268469
2011-12-14,366.2685999998,972667.0000000000,973033.2685999998,True,84500.0000000000,58200.0000000000,52600.0000000000,96600.0000000000,-0.0097152467,1040318.2994000003,-0.0646773500,991668.2399000000,782367.2725360630
2011-12-15,366.2685999998,968829.0000000000,969195.2685999998,True,84500.0000000000,58200.0000000000,52600.0000000000,96600.0000000000,-0.0039443667,1040318.2994000003,-0.0683666055,987877.2399000000,768538.0260459572
2011-12-16,366.2685999998,983657.0000000000,984023.2685999998,True,84500.0000000000,58200.0000000000,52600.0000000000,96600.0000000000,0.0152992905,1040318.2994000003,-0.0541132756,1002146.2399000000,779920.4248681051
2011-12-19,366.2685999998,979742.0000000000,980108.2685999998,True,84500.0000000000,58200.0000000000,52600.0000000000,96600.0000000000,-0.0039785645,1040318.2994000003,-0.0578765469,998286.2399000000,777606.7866720418
2011-12-20,366.2685999998,976509.0000000000,976875.2685999998,True,84500.0000000000,58200.0000000000,52600.0000000000,96600.0000000000,-0.0032986152,1040318.2994000003,-0.0609842496,994989.2399000000,776797.0133034196
2011-12-21,366.2685999998,975173.0000000000,975539.2685999998,True,84500.0000000000,58200.0000000000,52600.0000000000,96600.0000000000,-0.0013676260,1040318.2994000003,-0.0622684719,993537.2399000000,768110.3535309273
2011-12-22,366.2685999998,975173.0000000000,975539.2685999998,True,84500.0000000000,58200.0000000000,52600.0000000000,96600.0000000000,0.0000000000,1040318.2994000003,-0.0622684719,993715.2399000000,766410.1800080626
2011-12-23,366.2685999998,976828.0000000000,977194.2685999998,True,84500.0000000000,58200.0000000000,52600.0000000000,96600.0000000000,0.0016964976,1040318.2994000003,-0.0606776126,995398.2399000000,772888.3669570399
2011-12-26,366.2685999998,974086.0000000000,974452.2685999998,True,84500.0000000000,58200.0000000000,52600.0000000000,96600.0000000000,-0.0028059927,1040318.2994000003,-0.0633133444,992784.2399000000,767745.7802394265
2011-12-27,366.2685999998,972948.0000000000,973314.2685999998,True,84500.0000000000,58200.0000000000,52600.0000000000,96600.0000000000,-0.0011678355,1040318.2994000003,-0.0644072404,991571.2399000000,759367.6055597427
2011-12-28,366.2685999998,976009.0000000000,976375.2685999998,True,84500.0000000000,58200.0000000000,52600.0000000000,96600.0000000000,0.0031449246,1040318.2994000003,-0.0614648717,994594.2399000000,760699.7002786882
2011-12-29,366.2685999998,978721.0000000000,979087.2685999998,True,84500.0000000000,58200.0000000000,52600.0000000000,96600.0000000000,0.0027776205,1040318.2994000003,-0.0588579773,997122.2399000000,761944.1571871769
2011-12-30,366.2685999998,985404.0000000000,985770.2685999998,True,84500.0000000000,58200.0000000000,52600.0000000000,96600.0000000000,0.0068257450,1040318.2994000003,-0.0524339818,1003739.2399000000,771009.4123008430
2012-01-04,366.2685999998,979359.0000000000,979725.2685999998,True,84500.0000000000,58200.0000000000,52600.0000000000,96600.0000000000,-0.0061322604,1040318.2994000003,-0.0582447034,997762.2399000000,760482.3585087550
2012-01-05,366.2685999998,994368.0000000000,994734.2685999998,True,84500.0000000000,58200.0000000000,52600.0000000000,96600.0000000000,0.0153196008,1040318.2994000003,-0.0438173882,1012373.2399000000,753141.8155048814
2012-01-06,366.2685999998,1000762.0000000000,1001128.2685999998,True,84500.0000000000,58200.0000000000,52600.0000000000,96600.0000000000,0.0064278473,1040318.2994000003,-0.0376711924,1018845.2399000000,758382.5565702067
2012-01-09,366.2685999998,1010864.0000000000,1011230.2685999998,True,84500.0000000000,58200.0000000000,52600.0000000000,96600.0000000000,0.0100906151,1040318.2994000003,-0.0279607028,1028870.2399000000,780288.5036720242
2012-01-10,1006101.1113999998,0.0000000000,1006101.1113999998,False,0.0000000000,0.0000000000,0.0000000000,0.0000000000,-0.0050721951,1040318.2994000003,-0.0328910758,1035086.2399000000,801268.9954954166
2012-01-11,1006101.1113999998,0.0000000000,1006101.1113999998,False,0.0000000000,0.0000000000,0.0000000000,0.0000000000,0.0000000000,1040318.2994000003,-0.0328910758,1031901.2399000000,797872.1539621054
2012-01-12,1006101.1113999998,0.0000000000,1006101.1113999998,False,0.0000000000,0.0000000000,0.0000000000,0.0000000000,0.0000000000,1040318.2994000003,-0.0328910758,1028845.2399000000,797507.5806706045
2012-01-13,1006101.1113999998,0.0000000000,1006101.1113999998,False,0.0000000000,0.0000000000,0.0000000000,0.0000000000,0.0000000000,1040318.2994000003,-0.0328910758,1029434.2399000000,786840.3063817853
2012-01-16,1006101.1113999998,0.0000000000,1006101.1113999998,False,0.0000000000,0.0000000000,0.0000000000,0.0000000000,0.0000000000,1040318.2994000003,-0.0328910758,1026898.2399000000,773382.6442080170
2012-01-17,604.5528999997,1020103.0000000000,1020707.5528999998,True,84600.0000000000,58400.0000000000,52800.0000000000,94900.0000000000,0.0145178664,1040318.2994000003,-0.0188507176,1040441.2399000000,805699.9631921196
2012-01-18,1016898.6507999998,0.0000000000,1016898.6507999998,False,0.0000000000,0.0000000000,0.0000000000,0.0000000000,-0.0037316292,1040318.2994000003,-0.0225120029,1033575.2399000000,794482.3234536308
2012-01-19,1016898.6507999998,0.0000000000,1016898.6507999998,False,0.0000000000,0.0000000000,0.0000000000,0.0000000000,0.0000000000,1040318.2994000003,-0.0225120029,1041918.2399000000,804890.1898234974
2012-01-20,1016898.6507999998,0.0000000000,1016898.6507999998,False,0.0000000000,0.0000000000,0.0000000000,0.0000000000,0.0000000000,1040318.2994000003,-0.0225120029,1046948.2399000000,812970.3959476276
2012-01-30,1016898.6507999998,0.0000000000,1016898.6507999998,False,0.0000000000,0.0000000000,0.0000000000,0.0000000000,0.0000000000,1040318.2994000003,-0.0225120029,1027283.2399000000,801023.6096261371
2012-01-31,1016898.6507999998,0.0000000000,1016898.6507999998,False,0.0000000000,0.0000000000,0.0000000000,0.0000000000,0.0000000000,1040318.2994000003,-0.0225120029,1033311.2399000000,803677.2825267733
2012-02-01,1016898.6507999998,0.0000000000,1016898.6507999998,False,0.0000000000,0.0000000000,0.0000000000,0.0000000000,0.0000000000,1040318.2994000003,-0.0225120029,1027103.2399000000,795078.2605647381
2012-02-02,1016898.6507999998,0.0000000000,1016898.6507999998,False,0.0000000000,0.0000000000,0.0000000000,0.0000000000,0.0000000000,1040318.2994000003,-0.0225120029,1048220.2399000000,810670.7798012374
2012-02-03,1016898.6507999998,0.0000000000,1016898.6507999998,False,0.0000000000,0.0000000000,0.0000000000,0.0000000000,0.0000000000,1040318.2994000003,-0.0225120029,1055555.2398999999,816928.1194678632
2012-02-06,1016898.6507999998,0.0000000000,1016898.6507999998,False,0.0000000000,0.0000000000,0.0000000000,0.0000000000,0.0000000000,1040318.2994000003,-0.0225120029,1052172.2398999999,817184.0218743974
2012-02-07,1016898.6507999998,0.0000000000,1016898.6507999998,False,0.0000000000,0.0000000000,0.0000000000,0.0000000000,0.0000000000,1040318.2994000003,-0.0225120029,1039646.2399000000,803428.3911450756
2012-02-08,1016898.6507999998,0.0000000000,1016898.6507999998,False,0.0000000000,0.0000000000,0.0000000000,0.0000000000,0.0000000000,1040318.2994000003,-0.0225120029,1053479.2398999999,822929.5567279547
2012-02-09,1016898.6507999998,0.0000000000,1016898.6507999998,False,0.0000000000,0.0000000000,0.0000000000,0.0000000000,0.0000000000,1040318.2994000003,-0.0225120029,1055649.2398999999,823651.6922861199
2012-02-10,1016898.6507999998,0.0000000000,1016898.6507999998,False,0.0000000000,0.0000000000,0.0000000000,0.0000000000,0.0000000000,1040318.2994000003,-0.0225120029,1050022.2398999999,824489.5097540882
2012-02-13,1016898.6507999998,0.0000000000,1016898.6507999998,False,0.0000000000,0.0000000000,0.0000000000,0.0000000000,0.0000000000,1040318.2994000003,-0.0225120029,1045522.2399000000,824443.9380926506
2012-02-14,1016898.6507999998,0.0000000000,1016898.6507999998,False,0.0000000000,0.0000000000,0.0000000000,0.0000000000,0.0000000000,1040318.2994000003,-0.0225120029,1040484.2399000000,821962.0353005100
2012-02-15,1016898.6507999998,0.0000000000,1016898.6507999998,False,0.0000000000,0.0000000000,0.0000000000,0.0000000000,0.0000000000,1040318.2994000003,-0.0225120029,1043276.2399000000,829649.6240337931
2012-02-16,1016898.6507999998,0.0000000000,1016898.6507999998,False,0.0000000000,0.0000000000,0.0000000000,0.0000000000,0.0000000000,1040318.2994000003,-0.0225120029,1042208.2399000000,826200.1998142079
2012-02-17,1016898.6507999998,0.0000000000,1016898.6507999998,False,0.0000000000,0.0000000000,0.0000000000,0.0000000000,0.0000000000,1040318.2994000003,-0.0225120029,1045530.2399000000,826312.3762115927
2012-02-20,1016898.6507999998,0.0000000000,1016898.6507999998,False,0.0000000000,0.0000000000,0.0000000000,0.0000000000,0.0000000000,1040318.2994000003,-0.0225120029,1047690.2399000000,828562.9151841271
2012-02-21,1016898.6507999998,0.0000000000,1016898.6507999998,False,0.0000000000,0.0000000000,0.0000000000,0.0000000000,0.0000000000,1040318.2994000003,-0.0225120029,1056683.2398999999,834813.2438259162
2012-02-22,1016898.6507999998,0.0000000000,1016898.6507999998,False,0.0000000000,0.0000000000,0.0000000000,0.0000000000,0.0000000000,1040318.2994000003,-0.0225120029,1053429.2398999999,842581.4593448197
2012-02-23,1016898.6507999998,0.0000000000,1016898.6507999998,False,0.0000000000,0.0000000000,0.0000000000,0.0000000000,0.0000000000,1040318.2994000003,-0.0225120029,1050645.2398999999,844670.7447461132
2012-02-24,1016898.6507999998,0.0000000000,1016898.6507999998,False,0.0000000000,0.0000000000,0.0000000000,0.0000000000,0.0000000000,1040318.2994000003,-0.0225120029,1056614.2398999999,855215.3261002927
2012-02-27,1016898.6507999998,0.0000000000,1016898.6507999998,False,0.0000000000,0.0000000000,0.0000000000,0.0000000000,0.0000000000,1040318.2994000003,-0.0225120029,1056383.2398999999,857819.9218270731
2012-02-28,1016898.6507999998,0.0000000000,1016898.6507999998,False,0.0000000000,0.0000000000,0.0000000000,0.0000000000,0.0000000000,1040318.2994000003,-0.0225120029,1060695.2398999999,859502.5677878463
2012-02-29,1016898.6507999998,0.0000000000,1016898.6507999998,False,0.0000000000,0.0000000000,0.0000000000,0.0000000000,0.0000000000,1040318.2994000003,-0.0225120029,1056964.2398999999,851310.1852663313
2012-03-01,1016898.6507999998,0.0000000000,1016898.6507999998,False,0.0000000000,0.0000000000,0.0000000000,0.0000000000,0.0000000000,1040318.2994000003,-0.0225120029,1053002.2398999999,850475.8733107812
2012-03-02,1016898.6507999998,0.0000000000,1016898.6507999998,False,0.0000000000,0.0000000000,0.0000000000,0.0000000000,0.0000000000,1040318.2994000003,-0.0225120029,1056563.2398999999,862597.9352531856
2012-03-05,1016898.6507999998,0.0000000000,1016898.6507999998,False,0.0000000000,0.0000000000,0.0000000000,0.0000000000,0.0000000000,1040318.2994000003,-0.0225120029,1047682.2399000000,857097.7862689078
2012-03-06,1016898.6507999998,0.0000000000,1016898.6507999998,False,0.0000000000,0.0000000000,0.0000000000,0.0000000000,0.0000000000,1040318.2994000003,-0.0225120029,1040296.2399000000,844986.2408637583
2012-03-07,1016898.6507999998,0.0000000000,1016898.6507999998,False,0.0000000000,0.0000000000,0.0000000000,0.0000000000,0.0000000000,1040318.2994000003,-0.0225120029,1034857.2399000000,839496.6084167353
2012-03-08,303.7637999998,1018494.0000000000,1018797.7637999998,True,84400.0000000000,58700.0000000000,53000.0000000000,94500.0000000000,0.0018675539,1040318.2994000003,-0.0206864914,1038093.2399000000,848432.1595709253
2012-03-09,1018589.2694999998,0.0000000000,1018589.2694999998,False,0.0000000000,0.0000000000,0.0000000000,0.0000000000,-0.0002046474,1040318.2994000003,-0.0208869054,1036786.2399000000,855155.7323891820
2012-03-12,1018589.2694999998,0.0000000000,1018589.2694999998,False,0.0000000000,0.0000000000,0.0000000000,0.0000000000,0.0000000000,1040318.2994000003,-0.0208869054,1034771.2399000000,853543.1966767742
2012-03-13,1018589.2694999998,0.0000000000,1018589.2694999998,False,0.0000000000,0.0000000000,0.0000000000,0.0000000000,0.0000000000,1040318.2994000003,-0.0208869054,1039451.2399000000,860880.2341682295
2012-03-14,1018589.2694999998,0.0000000000,1018589.2694999998,False,0.0000000000,0.0000000000,0.0000000000,0.0000000000,0.0000000000,1040318.2994000003,-0.0208869054,1037027.2399000000,838248.6459958284
2012-03-15,752.0098999998,1012798.0000000000,1013550.0098999998,True,83700.0000000000,59000.0000000000,53400.0000000000,94300.0000000000,-0.0049472930,1040318.2994000003,-0.0257308648,1031776.2399000000,832128.0213135155
2012-03-16,752.0098999998,1014028.0000000000,1014780.0098999998,True,83700.0000000000,59000.0000000000,53400.0000000000,94300.0000000000,0.0012135563,1040318.2994000003,-0.0245485343,1033073.2399000000,842984.5932729216
2012-03-19,752.0098999998,1009828.0000000000,1010580.0098999998,True,83700.0000000000,59000.0000000000,53400.0000000000,94300.0000000000,-0.0041388281,1040318.2994000003,-0.0285857603,1028949.2399000000,844891.5920284648
2012-03-20,752.0098999998,1003189.0000000000,1003941.0098999998,True,83700.0000000000,59000.0000000000,53400.0000000000,94300.0000000000,-0.0065694947,1040318.2994000003,-0.0349674609,1022442.2399000000,833204.2136259268
2012-03-21,752.0098999998,1002830.0000000000,1003582.0098999998,True,83700.0000000000,59000.0000000000,53400.0000000000,94300.0000000000,-0.0003575907,1040318.2994000003,-0.0353125476,1022160.2399000000,833680.9633148125
2012-03-22,752.0098999998,1006895.0000000000,1007647.0098999998,True,83700.0000000000,59000.0000000000,53400.0000000000,94300.0000000000,0.0040504911,1040318.2994000003,-0.0314050897,1026206.2399000000,832829.1237971711
2012-03-23,752.0098999998,1000547.0000000000,1001299.0098999998,True,83700.0000000000,59000.0000000000,53400.0000000000,94300.0000000000,-0.0062998252,1040318.2994000003,-0.0375070683,1020066.2399000000,823634.1647240286
2012-03-26,752.0098999998,1002186.0000000000,1002938.0098999998,True,83700.0000000000,59000.0000000000,53400.0000000000,94300.0000000000,0.0016368737,1040318.2994000003,-0.0359315889,1021764.2399000000,824005.7490403659
2012-03-27,752.0098999998,1005396.0000000000,1006148.0098999998,True,83700.0000000000,59000.0000000000,53400.0000000000,94300.0000000000,0.0032005966,1040318.2994000003,-0.0328459948,1024924.2399000000,822806.8637933150
2012-03-28,752.0098999998,1002542.0000000000,1003294.0098999998,True,83700.0000000000,59000.0000000000,53400.0000000000,94300.0000000000,-0.0028365608,1040318.2994000003,-0.0355893860,1022208.2399000000,800967.5214274446
2012-03-29,752.0098999998,1000469.0000000000,1001221.0098999998,True,83700.0000000000,59000.0000000000,53400.0000000000,94300.0000000000,-0.0020661939,1040318.2994000003,-0.0375820453,1020210.2399000000,789497.4847948399
2012-03-30,752.0098999998,1015542.0000000000,1016294.0098999998,True,83700.0000000000,59000.0000000000,53400.0000000000,94300.0000000000,0.0150546182,1040318.2994000003,-0.0230932105,1034890.2399000000,793223.8444954691
2012-04-05,752.0098999998,1010481.0000000000,1011233.0098999998,True,83700.0000000000,59000.0000000000,53400.0000000000,94300.0000000000,-0.0049798581,1040318.2994000003,-0.0279580678,1029692.2399000000,807053.0909855748
2012-04-06,752.0098999998,1007418.0000000000,1008170.0098999998,True,83700.0000000000,59000.0000000000,53400.0000000000,94300.0000000000,-0.0030289755,1040318.2994000003,-0.0309023589,1026474.2399000000,808563.9668378525
2012-04-09,752.0098999998,1001844.0000000000,1002596.0098999998,True,83700.0000000000,59000.0000000000,53400.0000000000,94300.0000000000,-0.0055288294,1040318.2994000003,-0.0362603345,1020949.2399000000,801283.0175450896
2012-04-10,752.0098999998,1007952.0000000000,1008704.0098999998,True,83700.0000000000,59000.0000000000,53400.0000000000,94300.0000000000,0.0060921846,1040318.2994000003,-0.0303890545,1027012.2399000000,808322.0864809913
2012-04-11,752.0098999998,1006653.0000000000,1007405.0098999998,True,83700.0000000000,59000.0000000000,53400.0000000000,94300.0000000000,-0.0012877911,1040318.2994000003,-0.0316377108,1025629.2399000000,809398.2787934026
2012-04-12,752.0098999998,1019433.0000000000,1020185.0098999998,True,83700.0000000000,59000.0000000000,53400.0000000000,94300.0000000000,0.0126860596,1040318.2994000003,-0.0193530091,1038274.2399000000,824096.8923632412
2012-04-13,1016206.2010999998,0.0000000000,1016206.2010999998,False,0.0000000000,0.0000000000,0.0000000000,0.0000000000,-0.0039000855,1040318.2994000003,-0.0231776162,1037967.2399000000,827006.4676704117
2012-04-16,1016206.2010999998,0.0000000000,1016206.2010999998,False,0.0000000000,0.0000000000,0.0000000000,0.0000000000,0.0000000000,1040318.2994000003,-0.0231776162,1034013.2399000000,826259.7935253185
2012-04-17,1016206.2010999998,0.0000000000,1016206.2010999998,False,0.0000000000,0.0000000000,0.0000000000,0.0000000000,0.0000000000,1040318.2994000003,-0.0231776162,1032792.2399000000,818533.6441554344
2012-04-18,793.6686999999,1023769.0000000000,1024562.6686999998,True,83200.0000000000,58200.0000000000,54000.0000000000,94700.0000000000,0.0082232008,1040318.2994000003,-0.0151450097,1043500.2399000000,834609.9241056561
2012-04-19,1020915.7836999999,0.0000000000,1020915.7836999999,False,0.0000000000,0.0000000000,0.0000000000,0.0000000000,-0.0035594553,1040318.2994000003,-0.0186505570,1038350.2399000000,833831.7003487984
2012-04-20,1020915.7836999999,0.0000000000,1020915.7836999999,False,0.0000000000,0.0000000000,0.0000000000,0.0000000000,0.0000000000,1040318.2994000003,-0.0186505570,1046196.2399000000,843727.7619055965
2012-04-23,1020915.7836999999,0.0000000000,1020915.7836999999,False,0.0000000000,0.0000000000,0.0000000000,0.0000000000,0.0000000000,1040318.2994000003,-0.0186505570,1042013.2399000000,837323.1907174031
2012-04-24,1020915.7836999999,0.0000000000,1020915.7836999999,False,0.0000000000,0.0000000000,0.0000000000,0.0000000000,0.0000000000,1040318.2994000003,-0.0186505570,1048929.2398999999,837407.3230154418
2012-04-25,1020915.7836999999,0.0000000000,1020915.7836999999,False,0.0000000000,0.0000000000,0.0000000000,0.0000000000,0.0000000000,1040318.2994000003,-0.0186505570,1050132.2398999999,843710.2343435051
2012-04-26,1020915.7836999999,0.0000000000,1020915.7836999999,False,0.0000000000,0.0000000000,0.0000000000,0.0000000000,0.0000000000,1040318.2994000003,-0.0186505570,1046350.2399000000,842970.5712232485
2012-04-27,1020915.7836999999,0.0000000000,1020915.7836999999,False,0.0000000000,0.0000000000,0.0000000000,0.0000000000,0.0000000000,1040318.2994000003,-0.0186505570,1044233.2399000000,840032.9518167318
2012-05-02,1020915.7836999999,0.0000000000,1020915.7836999999,False,0.0000000000,0.0000000000,0.0000000000,0.0000000000,0.0000000000,1040318.2994000003,-0.0186505570,1047990.2399000000,854798.1701225176
2012-05-03,1020915.7836999999,0.0000000000,1020915.7836999999,False,0.0000000000,0.0000000000,0.0000000000,0.0000000000,0.0000000000,1040318.2994000003,-0.0186505570,1042124.2399000000,855373.0741591152
2012-05-04,1020915.7836999999,0.0000000000,1020915.7836999999,False,0.0000000000,0.0000000000,0.0000000000,0.0000000000,0.0000000000,1040318.2994000003,-0.0186505570,1044916.2399000000,859555.1504741205
2012-05-07,1020915.7836999999,0.0000000000,1020915.7836999999,False,0.0000000000,0.0000000000,0.0000000000,0.0000000000,0.0000000000,1040318.2994000003,-0.0186505570,1048810.2398999999,859534.1173996108
2012-05-08,1020915.7836999999,0.0000000000,1020915.7836999999,False,0.0000000000,0.0000000000,0.0000000000,0.0000000000,0.0000000000,1040318.2994000003,-0.0186505570,1050320.2398999999,858457.9250871995
2012-05-09,1020915.7836999999,0.0000000000,1020915.7836999999,False,0.0000000000,0.0000000000,0.0000000000,0.0000000000,0.0000000000,1040318.2994000003,-0.0186505570,1040518.2399000000,844334.2155539586
2012-05-10,1020915.7836999999,0.0000000000,1020915.7836999999,False,0.0000000000,0.0000000000,0.0000000000,0.0000000000,0.0000000000,1040318.2994000003,-0.0186505570,1044036.2399000000,844909.1195905561
2012-05-11,1020915.7836999999,0.0000000000,1020915.7836999999,False,0.0000000000,0.0000000000,0.0000000000,0.0000000000,0.0000000000,1040318.2994000003,-0.0186505570,1039434.2399000000,839563.2131526825
2012-05-14,5.6024999999,1009479.0000000000,1009484.6024999999,True,83400.0000000000,58400.0000000000,54300.0000000000,93400.0000000000,-0.0111969874,1040318.2994000003,-0.0296387143,1030194.2399000000,834567.8579566368
2012-05-15,5.6024999999,1005223.0000000000,1005228.6024999999,True,83400.0000000000,58400.0000000000,54300.0000000000,93400.0000000000,-0.0042160128,1040318.2994000003,-0.0337297699,1025993.2399000000,832503.1111422712
2012-05-16,5.6024999999,995591.0000000000,995596.6024999999,True,83400.0000000000,58400.0000000000,54300.0000000000,93400.0000000000,-0.0095819001,1040318.2994000003,-0.0429884747,1016506.2399000000,822459.8180639055
2012-05-17,5.6024999999,1002065.0000000000,1002070.6024999999,True,83400.0000000000,58400.0000000000,54300.0000000000,93400.0000000000,0.0065026337,1040318.2994000003,-0.0367653793,1022935.2399000000,833922.8436716737
2012-05-18,5.6024999999,989426.0000000000,989431.6024999999,True,83400.0000000000,58400.0000000000,54300.0000000000,93400.0000000000,-0.0126128837,1040318.2994000003,-0.0489145456,1010376.2399000000,821874.3974900531
2012-05-21,5.6024999999,990178.0000000000,990183.6024999999,True,83400.0000000000,58400.0000000000,54300.0000000000,93400.0000000000,0.0007600323,1040318.2994000003,-0.0481916899,1011043.2399000000,823199.4811841621
2012-05-22,5.6024999999,991364.0000000000,991369.6024999999,True,83400.0000000000,58400.0000000000,54300.0000000000,93400.0000000000,0.0011977577,1040318.2994000003,-0.0470516542,1012289.2399000000,831966.7677422747
2012-05-23,5.6024999999,985338.0000000000,985343.6024999999,True,83400.0000000000,58400.0000000000,54300.0000000000,93400.0000000000,-0.0060784595,1040318.2994000003,-0.0528441122,1006253.2399000000,828506.8269854345
2012-05-24,5.6024999999,986213.0000000000,986218.6024999999,True,83400.0000000000,58400.0000000000,54300.0000000000,93400.0000000000,0.0008880151,1040318.2994000003,-0.0520030234,1007073.2399000000,824135.4529998422
2012-05-25,5.6024999999,984152.0000000000,984157.6024999999,True,83400.0000000000,58400.0000000000,54300.0000000000,93400.0000000000,-0.0020898004,1040318.2994000003,-0.0539841479,1005007.2399000000,818028.8503672024
2012-05-28,5.6024999999,989942.0000000000,989947.6024999999,True,83400.0000000000,58400.0000000000,54300.0000000000,93400.0000000000,0.0058832041,1040318.2994000003,-0.0484185436,1010677.2399000000,827781.1859148510
2012-05-29,5.6024999999,996375.0000000000,996380.6024999999,True,83400.0000000000,58400.0000000000,54300.0000000000,93400.0000000000,0.0064983237,1040318.2994000003,-0.0422348592,1017055.2399000000,837691.2695213222
2012-05-30,5.6024999999,994746.0000000000,994751.6024999999,True,83400.0000000000,58400.0000000000,54300.0000000000,93400.0000000000,-0.0016349174,1040318.2994000003,-0.0438007261,1015441.2399000000,835949.0298494382
2012-05-31,5.6024999999,989533.0000000000,989538.6024999999,True,83400.0000000000,58400.0000000000,54300.0000000000,93400.0000000000,-0.0052405042,1040318.2994000003,-0.0488116925,1010208.2399000000,831588.1724011007
2012-06-01,989144.0486999998,0.0000000000,989144.0486999998,False,0.0000000000,0.0000000000,0.0000000000,0.0000000000,-0.0003987250,1040318.2994000003,-0.0491909550,1012325.2399000000,832012.3394037123
2012-06-04,989144.0486999998,0.0000000000,989144.0486999998,False,0.0000000000,0.0000000000,0.0000000000,0.0000000000,0.0000000000,1040318.2994000003,-0.0491909550,999449.2399000000,809265.0693215081
2012-06-05,989144.0486999998,0.0000000000,989144.0486999998,False,0.0000000000,0.0000000000,0.0000000000,0.0000000000,0.0000000000,1040318.2994000003,-0.0491909550,1004000.2399000000,810446.4270064676
2012-06-06,989144.0486999998,0.0000000000,989144.0486999998,False,0.0000000000,0.0000000000,0.0000000000,0.0000000000,0.0000000000,1040318.2994000003,-0.0491909550,1008261.2399000000,809615.6205633358
2012-06-07,989144.0486999998,0.0000000000,989144.0486999998,False,0.0000000000,0.0000000000,0.0000000000,0.0000000000,0.0000000000,1040318.2994000003,-0.0491909550,1005964.2399000000,803859.5691725238
2012-06-08,989144.0486999998,0.0000000000,989144.0486999998,False,0.0000000000,0.0000000000,0.0000000000,0.0000000000,0.0000000000,1040318.2994000003,-0.0491909550,1001276.2399000000,799765.1306679754
2012-06-11,989144.0486999998,0.0000000000,989144.0486999998,False,0.0000000000,0.0000000000,0.0000000000,0.0000000000,0.0000000000,1040318.2994000003,-0.0491909550,1002464.2399000000,808322.0864809913
2012-06-12,989144.0486999998,0.0000000000,989144.0486999998,False,0.0000000000,0.0000000000,0.0000000000,0.0000000000,0.0000000000,1040318.2994000003,-0.0491909550,999142.2399000000,802688.7280248191
2012-06-13,989144.0486999998,0.0000000000,989144.0486999998,False,0.0000000000,0.0000000000,0.0000000000,0.0000000000,0.0000000000,1040318.2994000003,-0.0491909550,1003308.7399000000,812900.2856992621
2012-06-14,989144.0486999998,0.0000000000,989144.0486999998,False,0.0000000000,0.0000000000,0.0000000000,0.0000000000,0.0000000000,1040318.2994000003,-0.0491909550,997157.4399000000,804848.1236744781
2012-06-15,989144.0486999998,0.0000000000,989144.0486999998,False,0.0000000000,0.0000000000,0.0000000000,0.0000000000,0.0000000000,1040318.2994000003,-0.0491909550,1006507.4399000000,808669.1322104009
2012-06-18,989144.0486999998,0.0000000000,989144.0486999998,False,0.0000000000,0.0000000000,0.0000000000,0.0000000000,0.0000000000,1040318.2994000003,-0.0491909550,1007694.4399000000,811894.2036352163
2012-06-19,989144.0486999998,0.0000000000,989144.0486999998,False,0.0000000000,0.0000000000,0.0000000000,0.0000000000,0.0000000000,1040318.2994000003,-0.0491909550,1007643.4399000000,806544.7916849245
2012-06-20,989144.0486999998,0.0000000000,989144.0486999998,False,0.0000000000,0.0000000000,0.0000000000,0.0000000000,0.0000000000,1040318.2994000003,-0.0491909550,1009799.2899000000,803771.9313620668
2012-06-21,989144.0486999998,0.0000000000,989144.0486999998,False,0.0000000000,0.0000000000,0.0000000000,0.0000000000,0.0000000000,1040318.2994000003,-0.0491909550,1005786.2899000000,792554.2916235781
2012-06-25,989144.0486999998,0.0000000000,989144.0486999998,False,0.0000000000,0.0000000000,0.0000000000,0.0000000000,0.0000000000,1040318.2994000003,-0.0491909550,1003367.9899000000,779664.5224615708
2012-06-26,989144.0486999998,0.0000000000,989144.0486999998,False,0.0000000000,0.0000000000,0.0000000000,0.0000000000,0.0000000000,1040318.2994000003,-0.0491909550,1003179.9899000000,778949.3979282421
2012-06-27,989144.0486999998,0.0000000000,989144.0486999998,False,0.0000000000,0.0000000000,0.0000000000,0.0000000000,0.0000000000,1040318.2994000003,-0.0491909550,1003938.9899000000,777147.5645452474
2012-06-28,989144.0486999998,0.0000000000,989144.0486999998,False,0.0000000000,0.0000000000,0.0000000000,0.0000000000,0.0000000000,1040318.2994000003,-0.0491909550,998900.9899000000,769754.4388550996
2012-06-29,989144.0486999998,0.0000000000,989144.0486999998,False,0.0000000000,0.0000000000,0.0000000000,0.0000000000,0.0000000000,1040318.2994000003,-0.0491909550,1006806.9899000000,780127.2501007834
2012-07-02,989144.0486999998,0.0000000000,989144.0486999998,False,0.0000000000,0.0000000000,0.0000000000,0.0000000000,0.0000000000,1040318.2994000003,-0.0491909550,1003433.9899000000,780365.6249452264
2012-07-03,989144.0486999998,0.0000000000,989144.0486999998,False,0.0000000000,0.0000000000,0.0000000000,0.0000000000,0.0000000000,1040318.2994000003,-0.0491909550,1001316.9899000000,781445.3227700558
2012-07-04,989144.0486999998,0.0000000000,989144.0486999998,False,0.0000000000,0.0000000000,0.0000000000,0.0000000000,0.0000000000,1040318.2994000003,-0.0491909550,1004339.9899000000,780786.2864354197
2012-07-05,989144.0486999998,0.0000000000,989144.0486999998,False,0.0000000000,0.0000000000,0.0000000000,0.0000000000,0.0000000000,1040318.2994000003,-0.0491909550,1004390.9899000000,771685.9761975707
2012-07-06,989144.0486999998,0.0000000000,989144.0486999998,False,0.0000000000,0.0000000000,0.0000000000,0.0000000000,0.0000000000,1040318.2994000003,-0.0491909550,997773.9899000000,779478.7303034021
2012-07-09,989144.0486999998,0.0000000000,989144.0486999998,False,0.0000000000,0.0000000000,0.0000000000,0.0000000000,0.0000000000,1040318.2994000003,-0.0491909550,984848.9899000000,760980.1412721504
2012-07-10,989144.0486999998,0.0000000000,989144.0486999998,False,0.0000000000,0.0000000000,0.0000000000,0.0000000000,0.0000000000,1040318.2994000003,-0.0491909550,981244.9899000000,758747.1298617076
2012-07-11,989144.0486999998,0.0000000000,989144.0486999998,False,0.0000000000,0.0000000000,0.0000000000,0.0000000000,0.0000000000,1040318.2994000003,-0.0491909550,974729.9899000000,762582.1604473033
2012-07-12,989144.0486999998,0.0000000000,989144.0486999998,False,0.0000000000,0.0000000000,0.0000000000,0.0000000000,0.0000000000,1040318.2994000003,-0.0491909550,967983.9899000000,766126.2335021822
2012-07-13,989144.0486999998,0.0000000000,989144.0486999998,False,0.0000000000,0.0000000000,0.0000000000,0.0000000000,0.0000000000,1040318.2994000003,-0.0491909550,971356.9899000000,766269.9595113315
2012-07-16,989144.0486999998,0.0000000000,989144.0486999998,False,0.0000000000,0.0000000000,0.0000000000,0.0000000000,0.0000000000,1040318.2994000003,-0.0491909550,970910.9899000000,752970.0453963858
2012-07-17,989144.0486999998,0.0000000000,989144.0486999998,False,0.0000000000,0.0000000000,0.0000000000,0.0000000000,0.0000000000,1040318.2994000003,-0.0491909550,974103.9899000000,757607.8383257672
2012-07-18,989144.0486999998,0.0000000000,989144.0486999998,False,0.0000000000,0.0000000000,0.0000000000,0.0000000000,0.0000000000,1040318.2994000003,-0.0491909550,976281.9899000000,760380.6986486249
2012-07-19,989144.0486999998,0.0000000000,989144.0486999998,False,0.0000000000,0.0000000000,0.0000000000,0.0000000000,0.0000000000,1040318.2994000003,-0.0491909550,974821.9899000000,765898.3751949942
2012-07-20,989144.0486999998,0.0000000000,989144.0486999998,False,0.0000000000,0.0000000000,0.0000000000,0.0000000000,0.0000000000,1040318.2994000003,-0.0491909550,970440.9899000000,760219.4450773841
2012-07-23,989144.0486999998,0.0000000000,989144.0486999998,False,0.0000000000,0.0000000000,0.0000000000,0.0000000000,0.0000000000,1040318.2994000003,-0.0491909550,957836.9899000000,750670.4292499956
2012-07-24,989144.0486999998,0.0000000000,989144.0486999998,False,0.0000000000,0.0000000000,0.0000000000,0.0000000000,0.0000000000,1040318.2994000003,-0.0491909550,949374.9899000000,752489.7901950818
2012-07-25,989144.0486999998,0.0000000000,989144.0486999998,False,0.0000000000,0.0000000000,0.0000000000,0.0000000000,0.0000000000,1040318.2994000003,-0.0491909550,949417.9899000000,748830.0352303998
2012-07-26,989144.0486999998,0.0000000000,989144.0486999998,False,0.0000000000,0.0000000000,0.0000000000,0.0000000000,0.0000000000,1040318.2994000003,-0.0491909550,949417.9899000000,745271.9401258478
2012-07-27,989144.0486999998,0.0000000000,989144.0486999998,False,0.0000000000,0.0000000000,0.0000000000,0.0000000000,0.0000000000,1040318.2994000003,-0.0491909550,960714.9899000000,746239.4615532926
2012-07-30,989144.0486999998,0.0000000000,989144.0486999998,False,0.0000000000,0.0000000000,0.0000000000,0.0000000000,0.0000000000,1040318.2994000003,-0.0491909550,961064.9899000000,739631.5706448389
2012-07-31,989144.0486999998,0.0000000000,989144.0486999998,False,0.0000000000,0.0000000000,0.0000000000,0.0000000000,0.0000000000,1040318.2994000003,-0.0491909550,969158.9899000000,737430.1088461606
2012-08-01,989144.0486999998,0.0000000000,989144.0486999998,False,0.0000000000,0.0000000000,0.0000000000,0.0000000000,0.0000000000,1040318.2994000003,-0.0491909550,972379.9899000000,744346.4848474227
2012-08-02,989144.0486999998,0.0000000000,989144.0486999998,False,0.0000000000,0.0000000000,0.0000000000,0.0000000000,0.0000000000,1040318.2994000003,-0.0491909550,973676.9899000000,740076.7707219602
2012-08-03,989144.0486999998,0.0000000000,989144.0486999998,False,0.0000000000,0.0000000000,0.0000000000,0.0000000000,0.0000000000,1040318.2994000003,-0.0491909550,975973.9899000000,747655.6885702768
2012-08-06,989144.0486999998,0.0000000000,989144.0486999998,False,0.0000000000,0.0000000000,0.0000000000,0.0000000000,0.0000000000,1040318.2994000003,-0.0491909550,972686.9899000000,755409.8820395072
2012-08-07,989144.0486999998,0.0000000000,989144.0486999998,False,0.0000000000,0.0000000000,0.0000000000,0.0000000000,0.0000000000,1040318.2994000003,-0.0491909550,970150.9899000000,756356.3703924421
2012-08-08,989144.0486999998,0.0000000000,989144.0486999998,False,0.0000000000,0.0000000000,0.0000000000,0.0000000000,0.0000000000,1040318.2994000003,-0.0491909550,977597.9899000000,757537.7280774016
2012-08-09,989144.0486999998,0.0000000000,989144.0486999998,False,0.0000000000,0.0000000000,0.0000000000,0.0000000000,0.0000000000,1040318.2994000003,-0.0491909550,977835.9899000000,762133.4548577638
2012-08-10,989144.0486999998,0.0000000000,989144.0486999998,False,0.0000000000,0.0000000000,0.0000000000,0.0000000000,0.0000000000,1040318.2994000003,-0.0491909550,979833.9899000000,760279.0387884949
2012-08-13,989144.0486999998,0.0000000000,989144.0486999998,False,0.0000000000,0.0000000000,0.0000000000,0.0000000000,0.0000000000,1040318.2994000003,-0.0491909550,981549.9899000000,748805.4966434719
2012-08-14,498.5439999998,989611.0000000000,990109.5439999998,True,89200.0000000000,64500.0000000000,60700.0000000000,97700.0000000000,0.0009760917,1040318.2994000003,-0.0482628782,984435.9899000000,751063.0466408427
2012-08-15,498.5439999998,981140.0000000000,981638.5439999998,True,89200.0000000000,64500.0000000000,60700.0000000000,97700.0000000000,-0.0085556190,1040318.2994000003,-0.0564055784,976699.9899000000,742800.5538709620
2012-08-16,498.5439999998,982402.0000000000,982900.5439999998,True,89200.0000000000,64500.0000000000,60700.0000000000,97700.0000000000,0.0012856056,1040318.2994000003,-0.0551924881,977869.9899000000,740434.3329886245
2012-08-17,498.5439999998,983967.0000000000,984465.5439999998,True,89200.0000000000,64500.0000000000,60700.0000000000,97700.0000000000,0.0015922262,1040318.2994000003,-0.0536881409,979235.9899000000,741377.3158291412
2012-08-20,498.5439999998,985134.0000000000,985632.5439999998,True,89200.0000000000,64500.0000000000,60700.0000000000,97700.0000000000,0.0011854148,1040318.2994000003,-0.0525663688,980192.9899000000,738597.4444814471
2012-08-21,498.5439999998,981965.0000000000,982463.5439999998,True,89200.0000000000,64500.0000000000,60700.0000000000,97700.0000000000,-0.0032151942,1040318.2994000003,-0.0556125519,977263.9899000000,742562.1790265192
2012-08-22,498.5439999998,983797.0000000000,984295.5439999998,True,89200.0000000000,64500.0000000000,60700.0000000000,97700.0000000000,0.0018647002,1040318.2994000003,-0.0538515524,978895.9899000000,738860.3579128179
2012-08-23,498.5439999998,979424.0000000000,979922.5439999998,True,89200.0000000000,64500.0000000000,60700.0000000000,97700.0000000000,-0.0044427713,1040318.2994000003,-0.0580550736,974933.9899000000,740739.3125690148
2012-08-24,498.5439999998,977603.0000000000,978101.5439999998,True,89200.0000000000,64500.0000000000,60700.0000000000,97700.0000000000,-0.0018583101,1040318.2994000003,-0.0598054994,973319.9899000000,733388.2530278864
2012-08-27,498.5439999998,978333.0000000000,978831.5439999998,True,89200.0000000000,64500.0000000000,60700.0000000000,97700.0000000000,0.0007463438,1040318.2994000003,-0.0591037911,974078.9899000000,720631.6933377737
2012-08-28,498.5439999998,982696.0000000000,983194.5439999998,True,89200.0000000000,64500.0000000000,60700.0000000000,97700.0000000000,0.0044573553,1040318.2994000003,-0.0549098823,977997.9899000000,726745.3069952501
2012-08-29,498.5439999998,982421.0000000000,982919.5439999998,True,89200.0000000000,64500.0000000000,60700.0000000000,97700.0000000000,-0.0002797005,1040318.2994000003,-0.0551742245,977809.9899000000,719765.8317704590
2012-08-30,498.5439999998,987193.0000000000,987691.5439999998,True,89200.0000000000,64500.0000000000,60700.0000000000,97700.0000000000,0.0048549243,1040318.2994000003,-0.0505871669,981918.9899000000,719534.4679508527
2012-08-31,498.5439999998,980676.0000000000,981174.5439999998,True,89200.0000000000,64500.0000000000,60700.0000000000,97700.0000000000,-0.0065982138,1040318.2994000003,-0.0568515957,976060.9899000000,717760.6786672041
2012-09-03,498.5439999998,969416.0000000000,969914.5439999998,True,89200.0000000000,64500.0000000000,60700.0000000000,97700.0000000000,-0.0114760417,1040318.2994000003,-0.0676752062,965839.9899000000,721837.5896096611
2012-09-04,498.5439999998,962625.0000000000,963123.5439999998,True,89200.0000000000,64500.0000000000,60700.0000000000,97700.0000000000,-0.0070016478,1040318.2994000003,-0.0742030160,959768.9899000000,716404.0453613306
2012-09-05,498.5439999998,951440.0000000000,951938.5439999998,True,89200.0000000000,64500.0000000000,60700.0000000000,97700.0000000000,-0.0116132557,1040318.2994000003,-0.0849545331,949674.9899000000,714311.2544476188
2012-09-06,498.5439999998,953669.0000000000,954167.5439999998,True,89200.0000000000,64500.0000000000,60700.0000000000,97700.0000000000,0.0023415377,1040318.2994000003,-0.0828119196,951740.9899000000,719303.1041312463
2012-09-07,498.5439999998,976188.0000000000,976686.5439999998,True,89200.0000000000,64500.0000000000,60700.0000000000,97700.0000000000,0.0236006770,1040318.2994000003,-0.0611656600,972207.9899000000,745888.9103114648
2012-09-10,972547.2357999998,0.0000000000,972547.2357999998,False,0.0000000000,0.0000000000,0.0000000000,0.0000000000,-0.0042381133,1040318.2994000003,-0.0651445463,969116.9899000000,748388.3406656967
2012-09-11,972547.2357999998,0.0000000000,972547.2357999998,False,0.0000000000,0.0000000000,0.0000000000,0.0000000000,0.0000000000,1040318.2994000003,-0.0651445463,964436.9899000000,743361.4358578866
2012-09-12,972547.2357999998,0.0000000000,972547.2357999998,False,0.0000000000,0.0000000000,0.0000000000,0.0000000000,0.0000000000,1040318.2994000003,-0.0651445463,959834.9899000000,745464.7433088532
2012-09-13,972547.2357999998,0.0000000000,972547.2357999998,False,0.0000000000,0.0000000000,0.0000000000,0.0000000000,0.0000000000,1040318.2994000003,-0.0651445463,957357.9899000000,739796.3297284980
2012-09-14,972547.2357999998,0.0000000000,972547.2357999998,False,0.0000000000,0.0000000000,0.0000000000,0.0000000000,0.0000000000,1040318.2994000003,-0.0651445463,965938.9899000000,744518.2549559182
2012-09-17,972547.2357999998,0.0000000000,972547.2357999998,False,0.0000000000,0.0000000000,0.0000000000,0.0000000000,0.0000000000,1040318.2994000003,-0.0651445463,957296.9899000000,728620.7561390286
2012-09-18,312.6528999998,962742.0000000000,963054.6528999999,True,91000.0000000000,64800.0000000000,61500.0000000000,98800.0000000000,-0.0097605366,1040318.2994000003,-0.0742692372,949552.9899000000,721974.3045939740
2012-09-19,312.6528999998,961832.0000000000,962144.6528999999,True,91000.0000000000,64800.0000000000,61500.0000000000,98800.0000000000,-0.0009449100,1040318.2994000003,-0.0751439694,948783.9899000000,724880.3743887262
2012-09-20,312.6528999998,956498.0000000000,956810.6528999999,True,91000.0000000000,64800.0000000000,61500.0000000000,98800.0000000000,-0.0055438649,1040318.2994000003,-0.0802712464,944052.9899000000,709810.1765025503
2012-09-21,312.6528999998,952611.0000000000,952923.6528999999,True,91000.0000000000,64800.0000000000,61500.0000000000,98800.0000000000,-0.0040624548,1040318.2994000003,-0.0840076028,940458.9899000000,710458.6962999316
2012-09-24,312.6528999998,949175.0000000000,949487.6528999999,True,91000.0000000000,64800.0000000000,61500.0000000000,98800.0000000000,-0.0036057453,1040318.2994000003,-0.0873104381,937435.9899000000,712737.2793718121
2012-09-25,312.6528999998,947683.0000000000,947995.6528999999,True,91000.0000000000,64800.0000000000,61500.0000000000,98800.0000000000,-0.0015713738,1040318.2994000003,-0.0887446146,936179.9899000000,711370.1295286838
2012-09-26,312.6528999998,943932.0000000000,944244.6528999999,True,91000.0000000000,64800.0000000000,61500.0000000000,98800.0000000000,-0.0039567692,1040318.2994000003,-0.0923502418,932882.9899000000,702564.2823339702
2012-09-27,312.6528999998,966904.0000000000,967216.6528999999,True,91000.0000000000,64800.0000000000,61500.0000000000,98800.0000000000,0.0243284407,1040318.2994000003,-0.0702685385,953334.9899000000,720845.5295952887
2012-09-28,312.6528999998,976518.0000000000,976830.6528999999,True,91000.0000000000,64800.0000000000,61500.0000000000,98800.0000000000,0.0099398619,1040318.2994000003,-0.0610271362,961755.9899000000,731309.4841638476
2012-10-08,973960.2633999998,0.0000000000,973960.2633999998,False,0.0000000000,0.0000000000,0.0000000000,0.0000000000,-0.0029384720,1040318.2994000003,-0.0637862816,963463.9899000000,727190.5070723713
2012-10-09,973960.2633999998,0.0000000000,973960.2633999998,False,0.0000000000,0.0000000000,0.0000000000,0.0000000000,0.0000000000,1040318.2994000003,-0.0637862816,974897.9899000000,741496.5032513627
2012-10-10,973960.2633999998,0.0000000000,973960.2633999998,False,0.0000000000,0.0000000000,0.0000000000,0.0000000000,0.0000000000,1040318.2994000003,-0.0637862816,973189.9899000000,743147.5996003716
2012-10-11,973960.2633999998,0.0000000000,973960.2633999998,False,0.0000000000,0.0000000000,0.0000000000,0.0000000000,0.0000000000,1040318.2994000003,-0.0637862816,976613.9899000000,737163.6899023715
2012-10-12,973960.2633999998,0.0000000000,973960.2633999998,False,0.0000000000,0.0000000000,0.0000000000,0.0000000000,0.0000000000,1040318.2994000003,-0.0637862816,982496.9899000000,737885.8254605366
2012-10-15,973960.2633999998,0.0000000000,973960.2633999998,False,0.0000000000,0.0000000000,0.0000000000,0.0000000000,0.0000000000,1040318.2994000003,-0.0637862816,983564.9899000000,735701.8912239495
2012-10-16,973960.2633999998,0.0000000000,973960.2633999998,False,0.0000000000,0.0000000000,0.0000000000,0.0000000000,0.0000000000,1040318.2994000003,-0.0637862816,983470.9899000000,735740.4518605507
2012-10-17,973960.2633999998,0.0000000000,973960.2633999998,False,0.0000000000,0.0000000000,0.0000000000,0.0000000000,0.0000000000,1040318.2994000003,-0.0637862816,986945.9899000000,738127.7058173978
2012-10-18,973960.2633999998,0.0000000000,973960.2633999998,False,0.0000000000,0.0000000000,0.0000000000,0.0000000000,0.0000000000,1040318.2994000003,-0.0637862816,990608.9899000000,747266.5766918479
2012-10-19,973960.2633999998,0.0000000000,973960.2633999998,False,0.0000000000,0.0000000000,0.0000000000,0.0000000000,0.0000000000,1040318.2994000003,-0.0637862816,989573.9899000000,746078.2079820519
2012-10-22,973960.2633999998,0.0000000000,973960.2633999998,False,0.0000000000,0.0000000000,0.0000000000,0.0000000000,0.0000000000,1040318.2994000003,-0.0637862816,990649.9899000000,747641.6665206037
2012-10-23,973960.2633999998,0.0000000000,973960.2633999998,False,0.0000000000,0.0000000000,0.0000000000,0.0000000000,0.0000000000,1040318.2994000003,-0.0637862816,988583.9899000000,741223.0732827371
2012-10-24,973960.2633999998,0.0000000000,973960.2633999998,False,0.0000000000,0.0000000000,0.0000000000,0.0000000000,0.0000000000,1040318.2994000003,-0.0637862816,988225.9899000000,741762.9221951518
2012-10-25,973960.2633999998,0.0000000000,973960.2633999998,False,0.0000000000,0.0000000000,0.0000000000,0.0000000000,0.0000000000,1040318.2994000003,-0.0637862816,984750.9899000000,736711.4788004137
2012-10-26,973960.2633999998,0.0000000000,973960.2633999998,False,0.0000000000,0.0000000000,0.0000000000,0.0000000000,0.0000000000,1040318.2994000003,-0.0637862816,976834.9899000000,724312.4813769653
2012-10-29,376.2757999998,973756.0000000000,974132.2757999998,True,89800.0000000000,63700.0000000000,59200.0000000000,98100.0000000000,0.0001766113,1040318.2994000003,-0.0636209357,975836.9899000000,721763.9738488774
2012-10-30,376.2757999998,975635.0000000000,976011.2757999998,True,89800.0000000000,63700.0000000000,59200.0000000000,98100.0000000000,0.0019288962,1040318.2994000003,-0.0618147577,977544.9899000000,722959.3535835100
2012-10-31,376.2757999998,978234.0000000000,978610.2757999998,True,89800.0000000000,63700.0000000000,59200.0000000000,98100.0000000000,0.0026628791,1040318.2994000003,-0.0593164838,980011.9899000000,725248.4531926455
2012-11-01,376.2757999998,991506.0000000000,991882.2757999998,True,89800.0000000000,63700.0000000000,59200.0000000000,98100.0000000000,0.0135620894,1040318.2994000003,-0.0465588499,992077.9899000000,737710.5498396227
2012-11-02,991184.5483999997,0.0000000000,991184.5483999997,False,0.0000000000,0.0000000000,0.0000000000,0.0000000000,-0.0007034377,1040318.2994000003,-0.0472295364,1001077.9899000000,742134.5065114894
2012-11-05,991184.5483999997,0.0000000000,991184.5483999997,False,0.0000000000,0.0000000000,0.0000000000,0.0000000000,0.0000000000,1040318.2994000003,-0.0472295364,998813.9899000000,741075.8417611695
2012-11-06,991184.5483999997,0.0000000000,991184.5483999997,False,0.0000000000,0.0000000000,0.0000000000,0.0000000000,0.0000000000,1040318.2994000003,-0.0472295364,1001957.9899000000,738260.9152892923
2012-11-07,991184.5483999997,0.0000000000,991184.5483999997,False,0.0000000000,0.0000000000,0.0000000000,0.0000000000,0.0000000000,1040318.2994000003,-0.0472295364,1003264.9899000000,738166.2664539989
2012-11-08,991184.5483999997,0.0000000000,991184.5483999997,False,0.0000000000,0.0000000000,0.0000000000,0.0000000000,0.0000000000,1040318.2994000003,-0.0472295364,1004520.9899000000,726170.4029586526
2012-11-09,883.5471999998,997615.0000000000,998498.5471999998,True,88400.0000000000,64100.0000000000,58100.0000000000,96700.0000000000,0.0073790484,1040318.2994000003,-0.0401989970,1007355.9899000000,725315.0579285928
2012-11-12,883.5471999998,1000059.0000000000,1000942.5471999998,True,88400.0000000000,64100.0000000000,58100.0000000000,96700.0000000000,0.0024476751,1040318.2994000003,-0.0378497160,1009609.9899000000,728890.6805952360
2012-11-13,883.5471999998,997109.0000000000,997992.5471999998,True,88400.0000000000,64100.0000000000,58100.0000000000,96700.0000000000,-0.0029472221,1040318.2994000003,-0.0406853866,1006852.9899000000,717890.3826266804
2012-11-14,883.5471999998,996393.0000000000,997276.5471999998,True,88400.0000000000,64100.0000000000,58100.0000000000,96700.0000000000,-0.0007174402,1040318.2994000003,-0.0413736375,1006228.9899000000,720530.0334776436
2012-11-15,883.5471999998,986892.0000000000,987775.5471999998,True,88400.0000000000,64100.0000000000,58100.0000000000,96700.0000000000,-0.0095269462,1040318.2994000003,-0.0505064193,997543.9899000000,711720.6807705116
2012-11-16,883.5471999998,982109.0000000000,982992.5471999998,True,88400.0000000000,64100.0000000000,58100.0000000000,96700.0000000000,-0.0048421932,1040318.2994000003,-0.0551040506,993416.9899000000,706262.5979352532
2012-11-19,883.5471999998,982922.0000000000,983805.5471999998,True,88400.0000000000,64100.0000000000,58100.0000000000,96700.0000000000,0.0008270663,1040318.2994000003,-0.0543225590,994023.9899000000,707054.8437417840
2012-11-20,883.5471999998,981470.0000000000,982353.5471999998,True,88400.0000000000,64100.0000000000,58100.0000000000,96700.0000000000,-0.0014759014,1040318.2994000003,-0.0557182857,992632.9899000000,704229.4007326521
2012-11-21,883.5471999998,981007.0000000000,981890.5471999998,True,88400.0000000000,64100.0000000000,58100.0000000000,96700.0000000000,-0.0004713171,1040318.2994000003,-0.0561633418,992391.9899000000,711731.1973077664
2012-11-22,883.5471999998,980729.0000000000,981612.5471999998,True,88400.0000000000,64100.0000000000,58100.0000000000,96700.0000000000,-0.0002831273,1040318.2994000003,-0.0564305677,992084.9899000000,706574.5885404799
2012-11-23,883.5471999998,981370.0000000000,982253.5471999998,True,88400.0000000000,64100.0000000000,58100.0000000000,96700.0000000000,0.0006530071,1040318.2994000003,-0.0558144101,992673.9899000000,710700.5766567928
2012-11-26,883.5471999998,983084.0000000000,983967.5471999998,True,88400.0000000000,64100.0000000000,58100.0000000000,96700.0000000000,0.0017449670,1040318.2994000003,-0.0541668374,994490.9899000000,707223.1083378613
2012-11-27,883.5471999998,985771.0000000000,986654.5471999998,True,88400.0000000000,64100.0000000000,58100.0000000000,96700.0000000000,0.0027307811,1040318.2994000003,-0.0515839741,996924.9899000000,698007.1161902091
2012-11-28,883.5471999998,989894.0000000000,990777.5471999998,True,88400.0000000000,64100.0000000000,58100.0000000000,96700.0000000000,0.0041787675,1040318.2994000003,-0.0476207640,1000868.9899000000,691819.8867719489
2012-11-29,883.5471999998,989676.0000000000,990559.5471999998,True,88400.0000000000,64100.0000000000,58100.0000000000,96700.0000000000,-0.0002200292,1040318.2994000003,-0.0478303152,1000612.9899000000,688303.8578164163
2012-11-30,883.5471999998,986389.0000000000,987272.5471999998,True,88400.0000000000,64100.0000000000,58100.0000000000,96700.0000000000,-0.0033183265,1040318.2994000003,-0.0509899251,997394.9899000000,694133.5249680121
2012-12-03,883.5471999998,984306.0000000000,985189.5471999998,True,88400.0000000000,64100.0000000000,58100.0000000000,96700.0000000000,-0.0021098531,1040318.2994000003,-0.0529921969,995617.9899000000,686999.8071968170
2012-12-04,883.5471999998,980123.0000000000,981006.5471999998,True,88400.0000000000,64100.0000000000,58100.0000000000,96700.0000000000,-0.0042458835,1040318.2994000003,-0.0570130817,991622.9899000000,692387.7797837099
2012-12-05,883.5471999998,995137.0000000000,996020.5471999998,True,88400.0000000000,64100.0000000000,58100.0000000000,96700.0000000000,0.0153046889,1040318.2994000003,-0.0425809603,1005523.9899000000,712288.5737822726
2012-12-06,994146.6243999999,0.0000000000,994146.6243999999,False,0.0000000000,0.0000000000,0.0000000000,0.0000000000,-0.0018814098,1040318.2994000003,-0.0443822578,1008853.9899000000,711352.6019665925
2012-12-07,994146.6243999999,0.0000000000,994146.6243999999,False,0.0000000000,0.0000000000,0.0000000000,0.0000000000,0.0000000000,1040318.2994000003,-0.0443822578,1011518.9899000000,722763.0448880865
2012-12-10,994146.6243999999,0.0000000000,994146.6243999999,False,0.0000000000,0.0000000000,0.0000000000,0.0000000000,0.0000000000,1040318.2994000003,-0.0443822578,1022619.9899000000,730468.1611834610
2012-12-11,994146.6243999999,0.0000000000,994146.6243999999,False,0.0000000000,0.0000000000,0.0000000000,0.0000000000,0.0000000000,1040318.2994000003,-0.0443822578,1023926.9899000000,727288.6614200830
2012-12-12,994146.6243999999,0.0000000000,994146.6243999999,False,0.0000000000,0.0000000000,0.0000000000,0.0000000000,0.0000000000,1040318.2994000003,-0.0443822578,1029424.9899000000,730103.5878919601
2012-12-13,994146.6243999999,0.0000000000,994146.6243999999,False,0.0000000000,0.0000000000,0.0000000000,0.0000000000,0.0000000000,1040318.2994000003,-0.0443822578,1023558.9899000000,722654.3740031199
2012-12-14,994146.6243999999,0.0000000000,994146.6243999999,False,0.0000000000,0.0000000000,0.0000000000,0.0000000000,0.0000000000,1040318.2994000003,-0.0443822578,1058251.9898999999,753902.5116996476
2012-12-17,994146.6243999999,0.0000000000,994146.6243999999,False,0.0000000000,0.0000000000,0.0000000000,0.0000000000,0.0000000000,1040318.2994000003,-0.0443822578,1050660.9898999999,757309.8697702136
2012-12-18,994146.6243999999,0.0000000000,994146.6243999999,False,0.0000000000,0.0000000000,0.0000000000,0.0000000000,0.0000000000,1040318.2994000003,-0.0443822578,1057089.9898999999,758053.0384028886
2012-12-19,994146.6243999999,0.0000000000,994146.6243999999,False,0.0000000000,0.0000000000,0.0000000000,0.0000000000,0.0000000000,1040318.2994000003,-0.0443822578,1053802.9898999999,757975.9171296865
2012-12-20,994146.6243999999,0.0000000000,994146.6243999999,False,0.0000000000,0.0000000000,0.0000000000,0.0000000000,0.0000000000,1040318.2994000003,-0.0443822578,1049558.9898999999,760117.7852172541
2012-12-21,994146.6243999999,0.0000000000,994146.6243999999,False,0.0000000000,0.0000000000,0.0000000000,0.0000000000,0.0000000000,1040318.2994000003,-0.0443822578,1035213.9899000000,754845.4945401644
2012-12-24,994146.6243999999,0.0000000000,994146.6243999999,False,0.0000000000,0.0000000000,0.0000000000,0.0000000000,0.0000000000,1040318.2994000003,-0.0443822578,1038987.9899000000,756857.6586682558
2012-12-25,994146.6243999999,0.0000000000,994146.6243999999,False,0.0000000000,0.0000000000,0.0000000000,0.0000000000,0.0000000000,1040318.2994000003,-0.0443822578,1065850.9898999999,775983.7344223792
2012-12-26,994146.6243999999,0.0000000000,994146.6243999999,False,0.0000000000,0.0000000000,0.0000000000,0.0000000000,0.0000000000,1040318.2994000003,-0.0443822578,1057192.9898999999,777918.7772772685
2012-12-27,994146.6243999999,0.0000000000,994146.6243999999,False,0.0000000000,0.0000000000,0.0000000000,0.0000000000,0.0000000000,1040318.2994000003,-0.0443822578,1047304.9899000000,773280.9843478870
2012-12-28,994146.6243999999,0.0000000000,994146.6243999999,False,0.0000000000,0.0000000000,0.0000000000,0.0000000000,0.0000000000,1040318.2994000003,-0.0443822578,1054741.9898999999,782868.5608118767
2012-12-31,994146.6243999999,0.0000000000,994146.6243999999,False,0.0000000000,0.0000000000,0.0000000000,0.0000000000,0.0000000000,1040318.2994000003,-0.0443822578,1067515.9898999999,795446.3393686572
2013-01-04,994146.6243999999,0.0000000000,994146.6243999999,False,0.0000000000,0.0000000000,0.0000000000,0.0000000000,0.0000000000,1040318.2994000003,-0.0443822578,1088545.9898999999,798201.6721294235
2013-01-07,994146.6243999999,0.0000000000,994146.6243999999,False,0.0000000000,0.0000000000,0.0000000000,0.0000000000,0.0000000000,1040318.2994000003,-0.0443822578,1088101.9898999999,801135.7860235219
2013-01-08,994146.6243999999,0.0000000000,994146.6243999999,False,0.0000000000,0.0000000000,0.0000000000,0.0000000000,0.0000000000,1040318.2994000003,-0.0443822578,1074910.9898999999,797879.1649869420
2013-01-09,994146.6243999999,0.0000000000,994146.6243999999,False,0.0000000000,0.0000000000,0.0000000000,0.0000000000,0.0000000000,1040318.2994000003,-0.0443822578,1070162.9898999999,797623.2625804077
2013-01-10,994146.6243999999,0.0000000000,994146.6243999999,False,0.0000000000,0.0000000000,0.0000000000,0.0000000000,0.0000000000,1040318.2994000003,-0.0443822578,1076719.9898999999,800539.8489124147
2013-01-11,994146.6243999999,0.0000000000,994146.6243999999,False,0.0000000000,0.0000000000,0.0000000000,0.0000000000,0.0000000000,1040318.2994000003,-0.0443822578,1071904.9898999999,786286.4354196974
2013-01-14,994146.6243999999,0.0000000000,994146.6243999999,False,0.0000000000,0.0000000000,0.0000000000,0.0000000000,0.0000000000,1040318.2994000003,-0.0443822578,1092201.9898999999,810383.3277829386
2013-01-15,994146.6243999999,0.0000000000,994146.6243999999,False,0.0000000000,0.0000000000,0.0000000000,0.0000000000,0.0000000000,1040318.2994000003,-0.0443822578,1088589.9898999999,815270.0120940178
2013-01-16,994146.6243999999,0.0000000000,994146.6243999999,False,0.0000000000,0.0000000000,0.0000000000,0.0000000000,0.0000000000,1040318.2994000003,-0.0443822578,1078778.9898999999,809598.0930012445
2013-01-17,994146.6243999999,0.0000000000,994146.6243999999,False,0.0000000000,0.0000000000,0.0000000000,0.0000000000,0.0000000000,1040318.2994000003,-0.0443822578,1069899.9898999999,800978.0379646994
2013-01-18,994146.6243999999,0.0000000000,994146.6243999999,False,0.0000000000,0.0000000000,0.0000000000,0.0000000000,0.0000000000,1040318.2994000003,-0.0443822578,1078173.9898999999,812251.7659018807
2013-01-21,994146.6243999999,0.0000000000,994146.6243999999,False,0.0000000000,0.0000000000,0.0000000000,0.0000000000,0.0000000000,1040318.2994000003,-0.0443822578,1072734.9898999999,816160.4122482603
2013-01-22,994146.6243999999,0.0000000000,994146.6243999999,False,0.0000000000,0.0000000000,0.0000000000,0.0000000000,0.0000000000,1040318.2994000003,-0.0443822578,1081648.9898999999,811575.2020051531
2013-01-23,994146.6243999999,0.0000000000,994146.6243999999,False,0.0000000000,0.0000000000,0.0000000000,0.0000000000,0.0000000000,1040318.2994000003,-0.0443822578,1081375.9899000002,813597.8826704994
2013-01-24,994146.6243999999,0.0000000000,994146.6243999999,False,0.0000000000,0.0000000000,0.0000000000,0.0000000000,0.0000000000,1040318.2994000003,-0.0443822578,1091954.9898999999,807179.2894326327
2013-01-25,994146.6243999999,0.0000000000,994146.6243999999,False,0.0000000000,0.0000000000,0.0000000000,0.0000000000,0.0000000000,1040318.2994000003,-0.0443822578,1082023.9898999999,803218.0603999789
2013-01-28,994146.6243999999,0.0000000000,994146.6243999999,False,0.0000000000,0.0000000000,0.0000000000,0.0000000000,0.0000000000,1040318.2994000003,-0.0443822578,1104002.9898999999,822568.4889488721
2013-01-29,994146.6243999999,0.0000000000,994146.6243999999,False,0.0000000000,0.0000000000,0.0000000000,0.0000000000,0.0000000000,1040318.2994000003,-0.0443822578,1104233.9898999999,826943.3684468827
2013-01-30,994146.6243999999,0.0000000000,994146.6243999999,False,0.0000000000,0.0000000000,0.0000000000,0.0000000000,0.0000000000,1040318.2994000003,-0.0443822578,1132121.9898999999,835181.3226298353
2013-01-31,994146.6243999999,0.0000000000,994146.6243999999,False,0.0000000000,0.0000000000,0.0000000000,0.0000000000,0.0000000000,1040318.2994000003,-0.0443822578,1143818.9898999999,836211.9432808091
2013-02-01,994146.6243999999,0.0000000000,994146.6243999999,False,0.0000000000,0.0000000000,0.0000000000,0.0000000000,0.0000000000,1040318.2994000003,-0.0443822578,1160546.9898999999,847990.4650062222
2013-02-04,994146.6243999999,0.0000000000,994146.6243999999,False,0.0000000000,0.0000000000,0.0000000000,0.0000000000,0.0000000000,1040318.2994000003,-0.0443822578,1175634.9898999999,851190.9978441099
2013-02-05,994146.6243999999,0.0000000000,994146.6243999999,False,0.0000000000,0.0000000000,0.0000000000,0.0000000000,0.0000000000,1040318.2994000003,-0.0443822578,1159964.9898999999,852936.7430284121
2013-02-06,994146.6243999999,0.0000000000,994146.6243999999,False,0.0000000000,0.0000000000,0.0000000000,0.0000000000,0.0000000000,1040318.2994000003,-0.0443822578,1161261.9898999999,853409.9872048796
2013-02-07,994146.6243999999,0.0000000000,994146.6243999999,False,0.0000000000,0.0000000000,0.0000000000,0.0000000000,0.0000000000,1040318.2994000003,-0.0443822578,1137949.9898999999,847818.6948977266
2013-02-08,994146.6243999999,0.0000000000,994146.6243999999,False,0.0000000000,0.0000000000,0.0000000000,0.0000000000,0.0000000000,1040318.2994000003,-0.0443822578,1136678.9898999999,852680.8406218779
2013-02-18,994146.6243999999,0.0000000000,994146.6243999999,False,0.0000000000,0.0000000000,0.0000000000,0.0000000000,0.0000000000,1040318.2994000003,-0.0443822578,1131538.9898999999,848880.8651604648
2013-02-19,994146.6243999999,0.0000000000,994146.6243999999,False,0.0000000000,0.0000000000,0.0000000000,0.0000000000,0.0000000000,1040318.2994000003,-0.0443822578,1122256.9898999999,835332.0596638214
2013-02-20,994146.6243999999,0.0000000000,994146.6243999999,False,0.0000000000,0.0000000000,0.0000000000,0.0000000000,0.0000000000,1040318.2994000003,-0.0443822578,1116817.9898999999,840334.4258847036
2013-02-21,994146.6243999999,0.0000000000,994146.6243999999,False,0.0000000000,0.0000000000,0.0000000000,0.0000000000,0.0000000000,1040318.2994000003,-0.0443822578,1090978.9898999999,815364.6609293113
2013-02-22,396.5887999998,987591.0000000000,987987.5887999998,True,83600.0000000000,59700.0000000000,53300.0000000000,84500.0000000000,-0.0061952990,1040318.2994000003,-0.0503025955,1082176.9898999999,811231.6617881618
2013-02-25,396.5887999998,987582.0000000000,987978.5887999998,True,83600.0000000000,59700.0000000000,53300.0000000000,84500.0000000000,-0.0000091094,1040318.2994000003,-0.0503112467,1082006.9898999999,815319.0892678737
2013-02-26,396.5887999998,978855.0000000000,979251.5887999998,True,83600.0000000000,59700.0000000000,53300.0000000000,84500.0000000000,-0.0088331874,1040318.2994000003,-0.0587000254,1073143.9898999999,803933.1849333076
2013-02-27,396.5887999998,993038.0000000000,993434.5887999998,True,83600.0000000000,59700.0000000000,53300.0000000000,84500.0000000000,0.0144835098,1040318.2994000003,-0.0450666980,1087717.9898999999,810902.1436208438
2013-02-28,396.5887999998,1007516.0000000000,1007912.5887999998,True,83600.0000000000,59700.0000000000,53300.0000000000,84500.0000000000,0.0145736822,1040318.2994000003,-0.0311498035,1102668.9898999999,829260.5121553643
2013-03-01,396.5887999998,998698.0000000000,999094.5887999998,True,83600.0000000000,59700.0000000000,53300.0000000000,84500.0000000000,-0.0087487745,1040318.2994000003,-0.0396260554,1093541.9898999999,827129.1606050514
2013-03-04,396.5887999998,971258.0000000000,971654.5887999998,True,83600.0000000000,59700.0000000000,53300.0000000000,84500.0000000000,-0.0274648670,1040318.2994000003,-0.0660025981,1065704.9898999999,796943.1931712618
2013-03-05,396.5887999998,997714.0000000000,998110.5887999998,True,83600.0000000000,59700.0000000000,53300.0000000000,84500.0000000000,0.0272277827,1040318.2994000003,-0.0405719198,1092856.9898999999,815490.8593763693
2013-03-06,396.5887999998,994582.0000000000,994978.5887999998,True,83600.0000000000,59700.0000000000,53300.0000000000,84500.0000000000,-0.0031379288,1040318.2994000003,-0.0435825368,1089450.9898999999,822806.8637933150
2013-03-07,396.5887999998,978441.0000000000,978837.5887999998,True,83600.0000000000,59700.0000000000,53300.0000000000,84500.0000000000,-0.0162224596,1040318.2994000003,-0.0590979805,1072834.9898999999,814782.7458678773
2013-03-08,396.5887999998,979746.0000000000,980142.5887999998,True,83600.0000000000,59700.0000000000,53300.0000000000,84500.0000000000,0.0013332140,1040318.2994000003,-0.0578435568,1074090.9898999999,812791.6148142954
2013-03-11,396.5887999998,977523.0000000000,977919.5887999998,True,83600.0000000000,59700.0000000000,53300.0000000000,84500.0000000000,-0.0022680374,1040318.2994000003,-0.0599804028,1071674.9898999999,809980.1938548367
2013-03-12,396.5887999998,975052.0000000000,975448.5887999998,True,83600.0000000000,59700.0000000000,53300.0000000000,84500.0000000000,-0.0025267926,1040318.2994000003,-0.0623556373,1068908.9898999999,801570.4695633884
2013-03-13,396.5887999998,970854.0000000000,971250.5887999998,True,83600.0000000000,59700.0000000000,53300.0000000000,84500.0000000000,-0.0043036609,1040318.2994000003,-0.0663909408,1064723.9898999999,793637.4949608259
2013-03-14,396.5887999998,979296.0000000000,979692.5887999998,True,83600.0000000000,59700.0000000000,53300.0000000000,84500.0000000000,0.0086918866,1040318.2994000003,-0.0582761167,1073398.9898999999,795849.4732967592
2013-03-15,396.5887999998,990330.0000000000,990726.5887999998,True,83600.0000000000,59700.0000000000,53300.0000000000,84500.0000000000,0.0112627166,1040318.2994000003,-0.0476697474,1084542.9898999999,798695.9493804007
2013-03-18,396.5887999998,966206.0000000000,966602.5887999998,True,83600.0000000000,59700.0000000000,53300.0000000000,84500.0000000000,-0.0243498058,1040318.2994000003,-0.0708588041,1060113.9898999999,785241.7927190507
2013-03-19,396.5887999998,969247.0000000000,969643.5887999998,True,83600.0000000000,59700.0000000000,53300.0000000000,84500.0000000000,0.0031460706,1040318.2994000003,-0.0679356603,1063255.9898999999,791344.8898392722
2013-03-20,396.5887999998,992792.0000000000,993188.5887999998,True,83600.0000000000,59700.0000000000,53300.0000000000,84500.0000000000,0.0242821180,1040318.2994000003,-0.0453031641,1087138.9898999999,812356.9312744290
2013-03-21,991301.7352999998,0.0000000000,991301.7352999998,False,0.0000000000,0.0000000000,0.0000000000,0.0000000000,-0.0018997938,1040318.2994000003,-0.0471168912,1086199.9898999999,814765.2183057858
2013-03-22,991301.7352999998,0.0000000000,991301.7352999998,False,0.0000000000,0.0000000000,0.0000000000,0.0000000000,0.0000000000,1040318.2994000003,-0.0471168912,1087326.9898999999,816181.4453227700
2013-03-25,991301.7352999998,0.0000000000,991301.7352999998,False,0.0000000000,0.0000000000,0.0000000000,0.0000000000,0.0000000000,1040318.2994000003,-0.0471168912,1094866.9898999999,815634.5853855187
2013-03-26,991301.7352999998,0.0000000000,991301.7352999998,False,0.0000000000,0.0000000000,0.0000000000,0.0000000000,0.0000000000,1040318.2994000003,-0.0471168912,1081658.9898999999,805451.0718104219
2013-03-27,261.5123999999,982526.0000000000,982787.5123999999,True,82600.0000000000,59800.0000000000,52700.0000000000,86300.0000000000,-0.0085889317,1040318.2994000003,-0.0553011391,1076544.9898999999,806709.5507685835
2013-03-28,261.5123999999,952660.0000000000,952921.5123999999,True,82600.0000000000,59800.0000000000,52700.0000000000,86300.0000000000,-0.0303890715,1040318.2994000003,-0.0840096604,1046189.9899000000,783937.7420994514
2013-03-29,261.5123999999,957758.0000000000,958019.5123999999,True,82600.0000000000,59800.0000000000,52700.0000000000,86300.0000000000,0.0053498635,1040318.2994000003,-0.0791092371,1051159.9898999999,784049.9184968362
2013-04-01,261.5123999999,955804.0000000000,956065.5123999999,True,82600.0000000000,59800.0000000000,52700.0000000000,86300.0000000000,-0.0020396244,1040318.2994000003,-0.0809875084,1049101.9898999999,783271.6947399786
2013-04-02,261.5123999999,961481.0000000000,961742.5123999999,True,82600.0000000000,59800.0000000000,52700.0000000000,86300.0000000000,0.0059378776,1040318.2994000003,-0.0755305247,1054806.9898999999,780937.0234694056
2013-04-03,261.5123999999,969134.0000000000,969395.5123999999,True,82600.0000000000,59800.0000000000,52700.0000000000,86300.0000000000,0.0079574313,1040318.2994000003,-0.0681741223,1062712.9898999999,780078.1729269276
2013-04-08,261.5123999999,963734.0000000000,963995.5123999999,True,82600.0000000000,59800.0000000000,52700.0000000000,86300.0000000000,-0.0055704817,1040318.2994000003,-0.0733648414,1057349.9898999999,775275.6209138870
2013-04-09,261.5123999999,964597.0000000000,964858.5123999999,True,82600.0000000000,59800.0000000000,52700.0000000000,86300.0000000000,0.0008952324,1040318.2994000003,-0.0725352876,1058288.9898999999,780246.4375230049
2013-04-10,261.5123999999,963207.0000000000,963468.5123999999,True,82600.0000000000,59800.0000000000,52700.0000000000,86300.0000000000,-0.0014406257,1040318.2994000003,-0.0738714171,1056811.9898999999,780372.6359700629
2013-04-11,261.5123999999,963996.0000000000,964257.5123999999,True,82600.0000000000,59800.0000000000,52700.0000000000,86300.0000000000,0.0008189162,1040318.2994000003,-0.0731129954,1057537.9898999999,778066.0087988361
2013-04-12,261.5123999999,965614.0000000000,965875.5123999999,True,82600.0000000000,59800.0000000000,52700.0000000000,86300.0000000000,0.0016779750,1040318.2994000003,-0.0715577021,1059194.9898999999,773589.4694406955
2013-04-15,261.5123999999,964384.0000000000,964645.5123999999,True,82600.0000000000,59800.0000000000,52700.0000000000,86300.0000000000,-0.0012734560,1040318.2994000003,-0.0727400326,1058135.9898999999,764881.7765936935
2013-04-16,261.5123999999,960815.0000000000,961076.5123999999,True,82600.0000000000,59800.0000000000,52700.0000000000,86300.0000000000,-0.0036998047,1040318.2994000003,-0.0761707134,1054582.9898999999,769407.3931256902
2013-04-17,261.5123999999,953520.0000000000,953781.5123999999,True,82600.0000000000,59800.0000000000,52700.0000000000,86300.0000000000,-0.0075904467,1040318.2994000003,-0.0831829903,1047093.9899000000,769039.3143217709
2013-04-18,261.5123999999,953135.0000000000,953396.5123999999,True,82600.0000000000,59800.0000000000,52700.0000000000,86300.0000000000,-0.0004036564,1040318.2994000003,-0.0835530693,1046657.9899000000,770371.4090407165
2013-04-19,261.5123999999,970068.0000000000,970329.5123999999,True,82600.0000000000,59800.0000000000,52700.0000000000,86300.0000000000,0.0177607111,1040318.2994000003,-0.0672763202,1063829.9898999999,786861.3394562950
2013-04-22,967119.9602999999,0.0000000000,967119.9602999999,False,0.0000000000,0.0000000000,0.0000000000,0.0000000000,-0.0033076930,1040318.2994000003,-0.0703614837,1062070.9898999999,785995.4778889804
2013-04-23,967119.9602999999,0.0000000000,967119.9602999999,False,0.0000000000,0.0000000000,0.0000000000,0.0000000000,0.0000000000,1040318.2994000003,-0.0703614837,1051319.9898999999,765793.2098224458
2013-04-24,468.0517000000,974642.0000000000,975110.0517000000,True,84200.0000000000,59400.0000000000,51800.0000000000,89800.0000000000,0.0082617377,1040318.2994000003,-0.0626810542,1060088.9898999999,777634.8307713880
2013-04-25,468.0517000000,972314.0000000000,972782.0517000000,True,84200.0000000000,59400.0000000000,51800.0000000000,89800.0000000000,-0.0023874228,1040318.2994000003,-0.0649188308,1057707.9898999999,770970.8516642420
2013-04-26,468.0517000000,964656.0000000000,965124.0517000000,True,84200.0000000000,59400.0000000000,51800.0000000000,89800.0000000000,-0.0078722670,1040318.2994000003,-0.0722800394,1050141.9898999999,763469.0550891276
2013-05-02,468.0517000000,969008.0000000000,969476.0517000000,True,84200.0000000000,59400.0000000000,51800.0000000000,89800.0000000000,0.0045092649,1040318.2994000003,-0.0680967044,1054717.9898999999,762140.4658826004
2013-05-03,468.0517000000,978586.0000000000,979054.0517000000,True,84200.0000000000,59400.0000000000,51800.0000000000,89800.0000000000,0.0098795633,1040318.2994000003,-0.0588899068,1064333.9898999999,773140.7638511559
2013-05-06,468.0517000000,980616.0000000000,981084.0517000000,True,84200.0000000000,59400.0000000000,51800.0000000000,89800.0000000000,0.0020734300,1040318.2994000003,-0.0569385809,1066280.9898999999,782139.4142288748
2013-05-07,978698.6965000001,0.0000000000,978698.6965000001,False,0.0000000000,0.0000000000,0.0000000000,0.0000000000,-0.0024313464,1040318.2994000003,-0.0592314900,1066092.9898999999,783681.8396929171
2013-05-08,978698.6965000001,0.0000000000,978698.6965000001,False,0.0000000000,0.0000000000,0.0000000000,0.0000000000,0.0000000000,1040318.2994000003,-0.0592314900,1072556.9898999999,787443.2545177292
2013-05-09,978698.6965000001,0.0000000000,978698.6965000001,False,0.0000000000,0.0000000000,0.0000000000,0.0000000000,0.0000000000,1040318.2994000003,-0.0592314900,1070259.9898999999,782770.4064641648
2013-05-10,978698.6965000001,0.0000000000,978698.6965000001,False,0.0000000000,0.0000000000,0.0000000000,0.0000000000,0.0000000000,1040318.2994000003,-0.0592314900,1072206.9898999999,787629.0466758978
2013-05-13,978698.6965000001,0.0000000000,978698.6965000001,False,0.0000000000,0.0000000000,0.0000000000,0.0000000000,0.0000000000,1040318.2994000003,-0.0592314900,1068295.9898999999,785907.8400785235
2013-05-14,978698.6965000001,0.0000000000,978698.6965000001,False,0.0000000000,0.0000000000,0.0000000000,0.0000000000,0.0000000000,1040318.2994000003,-0.0592314900,1059534.9898999999,777175.6086445936
2013-05-15,978698.6965000001,0.0000000000,978698.6965000001,False,0.0000000000,0.0000000000,0.0000000000,0.0000000000,0.0000000000,1040318.2994000003,-0.0592314900,1060064.9898999999,779906.4028184320
2013-05-16,978698.6965000001,0.0000000000,978698.6965000001,False,0.0000000000,0.0000000000,0.0000000000,0.0000000000,0.0000000000,1040318.2994000003,-0.0592314900,1066998.9898999999,789374.7918602001
2013-05-17,978698.6965000001,0.0000000000,978698.6965000001,False,0.0000000000,0.0000000000,0.0000000000,0.0000000000,0.0000000000,1040318.2994000003,-0.0592314900,1080318.9898999999,800262.9134313707
2013-05-20,978698.6965000001,0.0000000000,978698.6965000001,False,0.0000000000,0.0000000000,0.0000000000,0.0000000000,0.0000000000,1040318.2994000003,-0.0592314900,1085331.9898999999,806264.3506914623
2013-05-21,978698.6965000001,0.0000000000,978698.6965000001,False,0.0000000000,0.0000000000,0.0000000000,0.0000000000,0.0000000000,1040318.2994000003,-0.0592314900,1084844.9898999999,808059.1730496205
2013-05-22,978698.6965000001,0.0000000000,978698.6965000001,False,0.0000000000,0.0000000000,0.0000000000,0.0000000000,0.0000000000,1040318.2994000003,-0.0592314900,1081950.9898999999,807109.1791842672
2013-05-23,978698.6965000001,0.0000000000,978698.6965000001,False,0.0000000000,0.0000000000,0.0000000000,0.0000000000,0.0000000000,1040318.2994000003,-0.0592314900,1073598.9898999999,797738.9444902109
2013-05-24,978698.6965000001,0.0000000000,978698.6965000001,False,0.0000000000,0.0000000000,0.0000000000,0.0000000000,0.0000000000,1040318.2994000003,-0.0592314900,1072753.9898999999,802247.0334601160
2013-05-27,978698.6965000001,0.0000000000,978698.6965000001,False,0.0000000000,0.0000000000,0.0000000000,0.0000000000,0.0000000000,1040318.2994000003,-0.0592314900,1071354.9898999999,803842.0416104323
2013-05-28,978698.6965000001,0.0000000000,978698.6965000001,False,0.0000000000,0.0000000000,0.0000000000,0.0000000000,0.0000000000,1040318.2994000003,-0.0592314900,1082839.9898999999,813741.6086796487
2013-05-29,978698.6965000001,0.0000000000,978698.6965000001,False,0.0000000000,0.0000000000,0.0000000000,0.0000000000,0.0000000000,1040318.2994000003,-0.0592314900,1082172.9898999999,814688.0970325837
2013-05-30,978698.6965000001,0.0000000000,978698.6965000001,False,0.0000000000,0.0000000000,0.0000000000,0.0000000000,0.0000000000,1040318.2994000003,-0.0592314900,1078799.9898999999,812490.1407463236
2013-05-31,978698.6965000001,0.0000000000,978698.6965000001,False,0.0000000000,0.0000000000,0.0000000000,0.0000000000,0.0000000000,1040318.2994000003,-0.0592314900,1075776.9898999999,806474.6814365590
2013-06-03,978698.6965000001,0.0000000000,978698.6965000001,False,0.0000000000,0.0000000000,0.0000000000,0.0000000000,0.0000000000,1040318.2994000003,-0.0592314900,1079789.9898999999,806004.9427725098
2013-06-04,978698.6965000001,0.0000000000,978698.6965000001,False,0.0000000000,0.0000000000,0.0000000000,0.0000000000,0.0000000000,1040318.2994000003,-0.0592314900,1077594.9898999999,796599.6529542706
2013-06-05,351.2803000001,978440.0000000000,978791.2803000001,True,82900.0000000000,58100.0000000000,51000.0000000000,89600.0000000000,0.0000945989,1040318.2994000003,-0.0591424943,1077406.9898999999,796077.3316039472
2013-06-06,351.2803000001,969974.0000000000,970325.2803000001,True,82900.0000000000,58100.0000000000,51000.0000000000,89600.0000000000,-0.0086494436,1040318.2994000003,-0.0672803883,1068842.9898999999,785974.4448144707
2013-06-07,351.2803000001,967176.0000000000,967527.2803000001,True,82900.0000000000,58100.0000000000,51000.0000000000,89600.0000000000,-0.0028835691,1040318.2994000003,-0.0699699497,1066066.9898999999,775033.7405570259
2013-06-13,351.2803000001,958480.0000000000,958831.2803000001,True,82900.0000000000,58100.0000000000,51000.0000000000,89600.0000000000,-0.0089878603,1040318.2994000003,-0.0783289299,1057287.9898999999,753106.7603806986
2013-06-14,351.2803000001,964112.0000000000,964463.2803000001,True,82900.0000000000,58100.0000000000,51000.0000000000,89600.0000000000,0.0058738175,1040318.2994000003,-0.0729152021,1062957.9898999999,757905.8068813209
2013-06-17,351.2803000001,956802.0000000000,957153.2803000001,True,82900.0000000000,58100.0000000000,51000.0000000000,89600.0000000000,-0.0075793451,1040318.2994000003,-0.0799418977,1055155.9898999999,755865.5986538832
2013-06-18,14858.7803000001,946187.0000000000,961045.7803000001,True,82900.0000000000,58100.0000000000,51000.0000000000,89600.0000000000,0.0040667468,1040318.2994000003,-0.0762002544,1059312.4898999999,756941.7909662945
2013-06-19,14858.7803000001,938777.0000000000,953635.7803000001,True,82900.0000000000,58100.0000000000,51000.0000000000,89600.0000000000,-0.0077103507,1040318.2994000003,-0.0833230744,1051848.4898999999,751389.0592957424
2013-06-20,14858.7803000001,917712.0000000000,932570.7803000001,True,82900.0000000000,58100.0000000000,51000.0000000000,89600.0000000000,-0.0220891460,1040318.2994000003,-0.1035716849,1030518.4899000000,730555.7989939179
2013-06-21,28526.7803000001,889112.0000000000,917638.7803000001,True,82900.0000000000,58100.0000000000,51000.0000000000,89600.0000000000,-0.0160116533,1040318.2994000003,-0.1179249843,1015091.8899000001,726724.2739207405
2013-06-24,28526.7803000001,861324.0000000000,889850.7803000001,True,82900.0000000000,58100.0000000000,51000.0000000000,89600.0000000000,-0.0302820681,1040318.2994000003,-0.1446360399,986964.8899000001,688212.7144935410
2013-06-25,28526.7803000001,871515.0000000000,900041.7803000001,True,82900.0000000000,58100.0000000000,51000.0000000000,89600.0000000000,0.0114524820,1040318.2994000003,-0.1348399996,997236.8899000001,686908.6638739418
2013-06-26,42412.6803000001,861478.0000000000,903890.6803000001,True,82900.0000000000,58100.0000000000,51000.0000000000,89600.0000000000,0.0042763570,1040318.2994000003,-0.1311402666,1001139.9899000000,684097.2429144830
2013-06-27,42412.6803000001,878502.0000000000,920914.6803000001,True,82900.0000000000,58100.0000000000,51000.0000000000,89600.0000000000,0.0188341360,1040318.2994000003,-0.1147760442,1018167.9899000000,683578.4270765779
2013-06-28,56435.0803000001,890287.0000000000,946722.0803000001,True,82900.0000000000,58100.0000000000,51000.0000000000,89600.0000000000,0.0280236601,1040318.2994000003,-0.0899688289,1044222.3399000000,693814.5233379490
2013-07-01,56435.0803000001,902035.0000000000,958470.0803000001,True,82900.0000000000,58100.0000000000,51000.0000000000,89600.0000000000,0.0124091328,1040318.2994000003,-0.0786761313,1056467.3399000000,699433.8597444481
2013-07-02,56435.0803000001,902732.0000000000,959167.0803000001,True,82900.0000000000,58100.0000000000,51000.0000000000,89600.0000000000,0.0007272006,1040318.2994000003,-0.0780061440,1057431.3399000000,703402.0998019385
2013-07-03,56435.0803000001,892080.0000000000,948515.0803000001,True,82900.0000000000,58100.0000000000,51000.0000000000,89600.0000000000,-0.0111054687,1040318.2994000003,-0.0882453180,1046826.3399000000,699093.8250398752
2013-07-04,56435.0803000001,890528.0000000000,946963.0803000001,True,82900.0000000000,58100.0000000000,51000.0000000000,89600.0000000000,-0.0016362418,1040318.2994000003,-0.0897371691,1045366.3399000000,703240.8462306977
2013-07-05,56435.0803000001,898019.0000000000,954454.0803000001,True,82900.0000000000,58100.0000000000,51000.0000000000,89600.0000000000,0.0079105513,1040318.2994000003,-0.0825364883,1053272.3399000000,703626.4525967083
2013-07-08,56435.0803000001,893368.0000000000,949803.0803000001,True,82900.0000000000,58100.0000000000,51000.0000000000,89600.0000000000,-0.0048729427,1040318.2994000003,-0.0870072353,1048676.3399000000,686473.9803340753
2013-07-09,56435.0803000001,896365.0000000000,952800.0803000001,True,82900.0000000000,58100.0000000000,51000.0000000000,89600.0000000000,0.0031553909,1040318.2994000003,-0.0841263863,1051521.3399000000,688990.9382503987
2013-07-10,56435.0803000001,896804.0000000000,953239.0803000001,True,82900.0000000000,58100.0000000000,51000.0000000000,89600.0000000000,0.0004607472,1040318.2994000003,-0.0837044000,1051914.3399000000,703952.4652516082
2013-07-11,56435.0803000001,917518.0000000000,973953.0803000001,True,82900.0000000000,58100.0000000000,51000.0000000000,89600.0000000000,0.0217301204,1040318.2994000003,-0.0637931863,1072870.3399000000,726689.2187965575
2013-07-12,970266.5530000001,0.0000000000,970266.5530000001,False,0.0000000000,0.0000000000,0.0000000000,0.0000000000,-0.0037851180,1040318.2994000003,-0.0673368395,1060830.3399000000,714945.7521953271
2013-07-15,970266.5530000001,0.0000000000,970266.5530000001,False,0.0000000000,0.0000000000,0.0000000000,0.0000000000,0.0000000000,1040318.2994000003,-0.0673368395,1058670.3399000000,721921.7219076997
2013-07-16,970266.5530000001,0.0000000000,970266.5530000001,False,0.0000000000,0.0000000000,0.0000000000,0.0000000000,0.0000000000,1040318.2994000003,-0.0673368395,1061812.3399000000,724140.7112684696
2013-07-17,970266.5530000001,0.0000000000,970266.5530000001,False,0.0000000000,0.0000000000,0.0000000000,0.0000000000,0.0000000000,1040318.2994000003,-0.0673368395,1057140.3399000000,716849.2454384520
2013-07-18,970266.5530000001,0.0000000000,970266.5530000001,False,0.0000000000,0.0000000000,0.0000000000,0.0000000000,0.0000000000,1040318.2994000003,-0.0673368395,1050932.3399000000,709305.3827143182
2013-07-19,970266.5530000001,0.0000000000,970266.5530000001,False,0.0000000000,0.0000000000,0.0000000000,0.0000000000,0.0000000000,1040318.2994000003,-0.0673368395,1051648.3399000000,698525.9320281142
2013-07-22,511.7138000001,976114.0000000000,976625.7138000000,True,92200.0000000000,61800.0000000000,56200.0000000000,97000.0000000000,0.0065540348,1040318.2994000003,-0.0612241327,1050701.3399000000,702771.1075666485
2013-07-23,975091.1114000001,0.0000000000,975091.1114000001,False,0.0000000000,0.0000000000,0.0000000000,0.0000000000,-0.0015713311,1040318.2994000003,-0.0626992604,1052640.3399000000,716484.6721469511
2013-07-24,975091.1114000001,0.0000000000,975091.1114000001,False,0.0000000000,0.0000000000,0.0000000000,0.0000000000,0.0000000000,1040318.2994000003,-0.0626992604,1050036.3399000000,712786.3565456681
2013-07-25,975091.1114000001,0.0000000000,975091.1114000001,False,0.0000000000,0.0000000000,0.0000000000,0.0000000000,0.0000000000,1040318.2994000003,-0.0626992604,1047125.3399000000,708523.6534450423
2013-07-26,975091.1114000001,0.0000000000,975091.1114000001,False,0.0000000000,0.0000000000,0.0000000000,0.0000000000,0.0000000000,1040318.2994000003,-0.0626992604,1043308.3399000000,704905.9646293797
2013-07-29,452.8076000000,964744.0000000000,965196.8076000001,True,91900.0000000000,62500.0000000000,57300.0000000000,98200.0000000000,-0.0101470557,1040318.2994000003,-0.0722101032,1030994.3399000000,692797.9247366483
2013-07-30,452.8076000000,974663.0000000000,975115.8076000001,True,91900.0000000000,62500.0000000000,57300.0000000000,98200.0000000000,0.0102766606,1040318.2994000003,-0.0626755214,1039953.3399000000,697618.0043117802
2013-07-31,452.8076000000,973986.0000000000,974438.8076000001,True,91900.0000000000,62500.0000000000,57300.0000000000,98200.0000000000,-0.0006942765,1040318.2994000003,-0.0633262837,1039313.3399000000,698929.0659562161
2013-08-01,452.8076000000,982658.0000000000,983110.8076000001,True,91900.0000000000,62500.0000000000,57300.0000000000,98200.0000000000,0.0088994814,1040318.2994000003,-0.0549903735,1047229.3399000000,711293.0082554817
2013-08-02,985206.9608000000,0.0000000000,985206.9608000000,False,0.0000000000,0.0000000000,0.0000000000,0.0000000000,0.0021321637,1040318.2994000003,-0.0529754582,1045120.3399000000,711415.7011901215
2013-08-05,985206.9608000000,0.0000000000,985206.9608000000,False,0.0000000000,0.0000000000,0.0000000000,0.0000000000,0.0000000000,1040318.2994000003,-0.0529754582,1049569.3399000000,718798.3103430143
2013-08-06,985206.9608000000,0.0000000000,985206.9608000000,False,0.0000000000,0.0000000000,0.0000000000,0.0000000000,0.0000000000,1040318.2994000003,-0.0529754582,1047315.3399000000,722310.8337861287
2013-08-07,985206.9608000000,0.0000000000,985206.9608000000,False,0.0000000000,0.0000000000,0.0000000000,0.0000000000,0.0000000000,1040318.2994000003,-0.0529754582,1041696.3399000000,717501.2707482516
2013-08-08,985206.9608000000,0.0000000000,985206.9608000000,False,0.0000000000,0.0000000000,0.0000000000,0.0000000000,0.0000000000,1040318.2994000003,-0.0529754582,1040978.3399000000,716842.2344136154
2013-08-09,985206.9608000000,0.0000000000,985206.9608000000,False,0.0000000000,0.0000000000,0.0000000000,0.0000000000,0.0000000000,1040318.2994000003,-0.0529754582,1042506.3399000000,719415.2805286312
2013-08-12,985206.9608000000,0.0000000000,985206.9608000000,False,0.0000000000,0.0000000000,0.0000000000,0.0000000000,0.0000000000,1040318.2994000003,-0.0529754582,1052676.3399000000,736606.3134278654
2013-08-13,985206.9608000000,0.0000000000,985206.9608000000,False,0.0000000000,0.0000000000,0.0000000000,0.0000000000,0.0000000000,1040318.2994000003,-0.0529754582,1051907.3399000000,738317.0034879848
2013-08-14,985206.9608000000,0.0000000000,985206.9608000000,False,0.0000000000,0.0000000000,0.0000000000,0.0000000000,0.0000000000,1040318.2994000003,-0.0529754582,1051549.3399000000,736206.6850121815
2013-08-15,985206.9608000000,0.0000000000,985206.9608000000,False,0.0000000000,0.0000000000,0.0000000000,0.0000000000,0.0000000000,1040318.2994000003,-0.0529754582,1049354.3399000000,729805.6193364065
2013-08-16,985206.9608000000,0.0000000000,985206.9608000000,False,0.0000000000,0.0000000000,0.0000000000,0.0000000000,0.0000000000,1040318.2994000003,-0.0529754582,1054384.3399000000,725097.7161586594
2013-08-19,985206.9608000000,0.0000000000,985206.9608000000,False,0.0000000000,0.0000000000,0.0000000000,0.0000000000,0.0000000000,1040318.2994000003,-0.0529754582,1051592.3399000000,731109.6699560058
2013-08-20,985206.9608000000,0.0000000000,985206.9608000000,False,0.0000000000,0.0000000000,0.0000000000,0.0000000000,0.0000000000,1040318.2994000003,-0.0529754582,1046714.3399000000,726548.9982998265
2013-08-21,985206.9608000000,0.0000000000,985206.9608000000,False,0.0000000000,0.0000000000,0.0000000000,0.0000000000,0.0000000000,1040318.2994000003,-0.0529754582,1044067.3399000000,726678.7022593027
2013-08-22,985206.9608000000,0.0000000000,985206.9608000000,False,0.0000000000,0.0000000000,0.0000000000,0.0000000000,0.0000000000,1040318.2994000003,-0.0529754582,1040463.3399000000,724631.4830070286
2013-08-23,985206.9608000000,0.0000000000,985206.9608000000,False,0.0000000000,0.0000000000,0.0000000000,0.0000000000,0.0000000000,1040318.2994000003,-0.0529754582,1036501.3399000000,721245.1580109722
2013-08-26,985206.9608000000,0.0000000000,985206.9608000000,False,0.0000000000,0.0000000000,0.0000000000,0.0000000000,0.0000000000,1040318.2994000003,-0.0529754582,1043486.3399000000,734920.1619546736
2013-08-27,985206.9608000000,0.0000000000,985206.9608000000,False,0.0000000000,0.0000000000,0.0000000000,0.0000000000,0.0000000000,1040318.2994000003,-0.0529754582,1039704.3399000000,737409.0757716510
2013-08-28,985206.9608000000,0.0000000000,985206.9608000000,False,0.0000000000,0.0000000000,0.0000000000,0.0000000000,0.0000000000,1040318.2994000003,-0.0529754582,1033727.3399000000,736613.3244527020
2013-08-29,985206.9608000000,0.0000000000,985206.9608000000,False,0.0000000000,0.0000000000,0.0000000000,0.0000000000,0.0000000000,1040318.2994000003,-0.0529754582,1033539.3399000000,735186.5808984628
2013-08-30,985206.9608000000,0.0000000000,985206.9608000000,False,0.0000000000,0.0000000000,0.0000000000,0.0000000000,0.0000000000,1040318.2994000003,-0.0529754582,1038859.3399000000,735589.7148265648
2013-09-02,985206.9608000000,0.0000000000,985206.9608000000,False,0.0000000000,0.0000000000,0.0000000000,0.0000000000,0.0000000000,1040318.2994000003,-0.0529754582,1036793.3399000000,735614.2534134926
2013-09-03,985206.9608000000,0.0000000000,985206.9608000000,False,0.0000000000,0.0000000000,0.0000000000,0.0000000000,0.0000000000,1040318.2994000003,-0.0529754582,1046783.3399000000,744258.8470369657
2013-09-04,985206.9608000000,0.0000000000,985206.9608000000,False,0.0000000000,0.0000000000,0.0000000000,0.0000000000,0.0000000000,1040318.2994000003,-0.0529754582,1045255.3399000000,745839.8331376088
2013-09-05,985206.9608000000,0.0000000000,985206.9608000000,False,0.0000000000,0.0000000000,0.0000000000,0.0000000000,0.0000000000,1040318.2994000003,-0.0529754582,1043676.3399000000,744020.4721925226
2013-09-06,985206.9608000000,0.0000000000,985206.9608000000,False,0.0000000000,0.0000000000,0.0000000000,0.0000000000,0.0000000000,1040318.2994000003,-0.0529754582,1044445.3399000000,750176.1519990184
2013-09-09,985206.9608000000,0.0000000000,985206.9608000000,False,0.0000000000,0.0000000000,0.0000000000,0.0000000000,0.0000000000,1040318.2994000003,-0.0529754582,1103380.3399000000,775601.6335687869
2013-09-10,985206.9608000000,0.0000000000,985206.9608000000,False,0.0000000000,0.0000000000,0.0000000000,0.0000000000,0.0000000000,1040318.2994000003,-0.0529754582,1089737.3399000000,784526.6681857220
2013-09-11,985206.9608000000,0.0000000000,985206.9608000000,False,0.0000000000,0.0000000000,0.0000000000,0.0000000000,0.0000000000,1040318.2994000003,-0.0529754582,1082111.3399000000,785679.9817713354
2013-09-12,985206.9608000000,0.0000000000,985206.9608000000,False,0.0000000000,0.0000000000,0.0000000000,0.0000000000,0.0000000000,1040318.2994000003,-0.0529754582,1097918.3399000000,790703.3810667275
2013-09-13,985206.9608000000,0.0000000000,985206.9608000000,False,0.0000000000,0.0000000000,0.0000000000,0.0000000000,0.0000000000,1040318.2994000003,-0.0529754582,1084324.3399000000,783909.6980001051
2013-09-16,985206.9608000000,0.0000000000,985206.9608000000,False,0.0000000000,0.0000000000,0.0000000000,0.0000000000,0.0000000000,1040318.2994000003,-0.0529754582,1083735.3399000000,782220.0410144953
2013-09-17,985206.9608000000,0.0000000000,985206.9608000000,False,0.0000000000,0.0000000000,0.0000000000,0.0000000000,0.0000000000,1040318.2994000003,-0.0529754582,1066205.3399000000,766150.7720891101
2013-09-18,985206.9608000000,0.0000000000,985206.9608000000,False,0.0000000000,0.0000000000,0.0000000000,0.0000000000,0.0000000000,1040318.2994000003,-0.0529754582,1063857.3399000000,768355.7394002068
2013-09-23,985206.9608000000,0.0000000000,985206.9608000000,False,0.0000000000,0.0000000000,0.0000000000,0.0000000000,0.0000000000,1040318.2994000003,-0.0529754582,1067042.3399000000,778588.3301491595
2013-09-24,985206.9608000000,0.0000000000,985206.9608000000,False,0.0000000000,0.0000000000,0.0000000000,0.0000000000,0.0000000000,1040318.2994000003,-0.0529754582,1057573.3399000000,773852.3828720663
2013-09-25,985206.9608000000,0.0000000000,985206.9608000000,False,0.0000000000,0.0000000000,0.0000000000,0.0000000000,0.0000000000,1040318.2994000003,-0.0529754582,1057446.3399000000,770690.4106707798
2013-09-26,985206.9608000000,0.0000000000,985206.9608000000,False,0.0000000000,0.0000000000,0.0000000000,0.0000000000,0.0000000000,1040318.2994000003,-0.0529754582,1048634.3399000000,755721.8726447339
2013-09-27,491.6348000000,987419.0000000000,987910.6348000000,True,89200.0000000000,63900.0000000000,57600.0000000000,98900.0000000000,0.0027442701,1040318.2994000003,-0.0503765671,1049992.3399000000,757201.1988852470
2013-09-30,491.6348000000,989560.0000000000,990051.6348000000,True,89200.0000000000,63900.0000000000,57600.0000000000,98900.0000000000,0.0021672001,1040318.2994000003,-0.0483185431,1052007.3399000000,762333.2690656056
2013-10-08,491.6348000000,991504.0000000000,991995.6348000000,True,89200.0000000000,63900.0000000000,57600.0000000000,98900.0000000000,0.0019635340,1040318.2994000003,-0.0464498843,1053766.3399000000,770581.7397858131
2013-10-09,987867.3755000001,0.0000000000,987867.3755000001,False,0.0000000000,0.0000000000,0.0000000000,0.0000000000,-0.0041615700,1040318.2994000003,-0.0504181498,1056022.3399000000,775338.7201374160
2013-10-10,987867.3755000001,0.0000000000,987867.3755000001,False,0.0000000000,0.0000000000,0.0000000000,0.0000000000,0.0000000000,1040318.2994000003,-0.0504181498,1050053.3399000000,768033.2322577252
2013-10-11,522.2608000000,995971.0000000000,996493.2608000000,True,87800.0000000000,63800.0000000000,57500.0000000000,98700.0000000000,0.0087318253,1040318.2994000003,-0.0421265671,1062555.3399000000,781080.7494785551
2013-10-14,995261.4165999999,0.0000000000,995261.4165999999,False,0.0000000000,0.0000000000,0.0000000000,0.0000000000,-0.0012361792,1040318.2994000003,-0.0433106702,1059045.3399000000,784453.0524249382
2013-10-15,995261.4165999999,0.0000000000,995261.4165999999,False,0.0000000000,0.0000000000,0.0000000000,0.0000000000,0.0000000000,1040318.2994000003,-0.0433106702,1047969.3399000000,782924.6490105691
2013-10-16,995261.4165999999,0.0000000000,995261.4165999999,False,0.0000000000,0.0000000000,0.0000000000,0.0000000000,0.0000000000,1040318.2994000003,-0.0433106702,1050454.3399000000,768783.4119152367
2013-10-17,276.0104999999,992530.0000000000,992806.0104999999,True,88500.0000000000,64400.0000000000,58100.0000000000,99500.0000000000,-0.0024670966,1040318.2994000003,-0.0456709153,1051223.3399000000,767195.4147897569
2013-10-18,276.0104999999,990938.0000000000,991214.0104999999,True,88500.0000000000,64400.0000000000,58100.0000000000,99500.0000000000,-0.0016035358,1040318.2994000003,-0.0472012161,1049814.3399000000,769032.3032969343
2013-10-21,276.0104999999,1000384.0000000000,1000660.0104999999,True,88500.0000000000,64400.0000000000,58100.0000000000,99500.0000000000,0.0095297281,1040318.2994000003,-0.0381213028,1058329.3399000000,781462.8503321473
2013-10-22,999359.5112999998,0.0000000000,999359.5112999998,False,0.0000000000,0.0000000000,0.0000000000,0.0000000000,-0.0012996414,1040318.2994000003,-0.0393714002,1052291.3399000000,774946.1027465690
2013-10-23,999359.5112999998,0.0000000000,999359.5112999998,False,0.0000000000,0.0000000000,0.0000000000,0.0000000000,0.0000000000,1040318.2994000003,-0.0393714002,1052291.3399000000,765291.9215466321
2013-10-24,384.9087999997,990549.0000000000,990933.9087999997,True,88900.0000000000,64800.0000000000,58600.0000000000,99900.0000000000,-0.0084310025,1040318.2994000003,-0.0474704623,1044187.3399000000,758705.0637126882
2013-10-25,384.9087999997,986544.0000000000,986928.9087999997,True,88900.0000000000,64800.0000000000,58600.0000000000,99900.0000000000,-0.0040416419,1040318.2994000003,-0.0513202456,1040575.3399000000,747711.7767689691
2013-10-28,384.9087999997,986247.0000000000,986631.9087999997,True,88900.0000000000,64800.0000000000,58600.0000000000,99900.0000000000,-0.0003009335,1040318.2994000003,-0.0516057351,1040336.3399000000,748030.7783990324
2013-10-29,384.9087999997,1000017.0000000000,1000401.9087999997,True,88900.0000000000,64800.0000000000,58600.0000000000,99900.0000000000,0.0139565727,1040318.2994000003,-0.0383694016,1052922.3399000000,746274.5166774754
2013-10-30,384.9087999997,1005137.0000000000,1005521.9087999997,True,88900.0000000000,64800.0000000000,58600.0000000000,99900.0000000000,0.0051179431,1040318.2994000003,-0.0334478309,1057635.3399000000,757351.9359192330
2013-10-31,384.9087999997,1003787.0000000000,1004171.9087999997,True,88900.0000000000,64800.0000000000,58600.0000000000,99900.0000000000,-0.0013425864,1040318.2994000003,-0.0347455107,1056346.3399000000,750744.0450107795
2013-11-01,384.9087999997,1009315.0000000000,1009699.9087999997,True,88900.0000000000,64800.0000000000,58600.0000000000,99900.0000000000,0.0055050335,1040318.2994000003,-0.0294317524,1061384.3399000000,753530.9273833103
2013-11-04,384.9087999997,1008729.0000000000,1009113.9087999997,True,88900.0000000000,64800.0000000000,58600.0000000000,99900.0000000000,-0.0005803705,1040318.2994000003,-0.0299950415,1060846.3399000000,753555.4659702382
2013-11-05,384.9087999997,1006303.0000000000,1006687.9087999997,True,88900.0000000000,64800.0000000000,58600.0000000000,99900.0000000000,-0.0024040893,1040318.2994000003,-0.0323270201,1058719.3399000000,756223.1609205476
2013-11-06,384.9087999997,997523.0000000000,997907.9087999997,True,88900.0000000000,64800.0000000000,58600.0000000000,99900.0000000000,-0.0087216703,1040318.2994000003,-0.0407667448,1050752.3399000000,750042.9425271240
2013-11-07,384.9087999997,1005001.0000000000,1005385.9087999997,True,88900.0000000000,64800.0000000000,58600.0000000000,99900.0000000000,0.0074936775,1040318.2994000003,-0.0335785602,1057549.3399000000,746463.8143480623
2013-11-08,384.9087999997,1002878.0000000000,1003262.9087999997,True,88900.0000000000,64800.0000000000,58600.0000000000,99900.0000000000,-0.0021116270,1040318.2994000003,-0.0356192817,1055653.3399000000,738306.4869507300
2013-11-11,384.9087999997,1006173.0000000000,1006557.9087999997,True,88900.0000000000,64800.0000000000,58600.0000000000,99900.0000000000,0.0032842837,1040318.2994000003,-0.0324519819,1058625.3399000000,739477.3280984347
2013-11-12,384.9087999997,1007062.0000000000,1007446.9087999997,True,88900.0000000000,64800.0000000000,58600.0000000000,99900.0000000000,0.0008832080,1040318.2994000003,-0.0315974357,1059394.3399000000,745541.8645820552
2013-11-13,384.9087999997,995938.0000000000,996322.9087999997,True,88900.0000000000,64800.0000000000,58600.0000000000,99900.0000000000,-0.0110417729,1040318.2994000003,-0.0422903169,1049275.3399000000,731929.9598618827
2013-11-14,384.9087999997,997937.0000000000,998321.9087999997,True,88900.0000000000,64800.0000000000,58600.0000000000,99900.0000000000,0.0020063776,1040318.2994000003,-0.0403687897,1051069.3399000000,736336.3889716580
2013-11-15,384.9087999997,1001410.0000000000,1001794.9087999997,True,88900.0000000000,64800.0000000000,58600.0000000000,99900.0000000000,0.0034788378,1040318.2994000003,-0.0370303883,1054254.3399000000,748717.8588330148
2013-11-18,384.9087999997,1015180.0000000000,1015564.9087999997,True,88900.0000000000,64800.0000000000,58600.0000000000,99900.0000000000,0.0137453284,1040318.2994000003,-0.0237940548,1066840.3399000000,770238.1995688219
2013-11-19,1014547.7808999998,0.0000000000,1014547.7808999998,False,0.0000000000,0.0000000000,0.0000000000,0.0000000000,-0.0010015390,1040318.2994000003,-0.0247717631,1062391.3399000000,768800.9394773281
2013-11-20,1014547.7808999998,0.0000000000,1014547.7808999998,False,0.0000000000,0.0000000000,0.0000000000,0.0000000000,0.0000000000,1040318.2994000003,-0.0247717631,1066840.3399000000,773529.8757295847
2013-11-21,1014547.7808999998,0.0000000000,1014547.7808999998,False,0.0000000000,0.0000000000,0.0000000000,0.0000000000,0.0000000000,1040318.2994000003,-0.0247717631,1075574.3399000000,773235.4126864494
2013-11-22,1014547.7808999998,0.0000000000,1014547.7808999998,False,0.0000000000,0.0000000000,0.0000000000,0.0000000000,0.0000000000,1040318.2994000003,-0.0247717631,1073850.3399000000,769943.7365256866
2013-11-25,1014547.7808999998,0.0000000000,1014547.7808999998,False,0.0000000000,0.0000000000,0.0000000000,0.0000000000,0.0000000000,1040318.2994000003,-0.0247717631,1066677.3399000000,766343.5752721154
2013-11-26,1014547.7808999998,0.0000000000,1014547.7808999998,False,0.0000000000,0.0000000000,0.0000000000,0.0000000000,0.0000000000,1040318.2994000003,-0.0247717631,1061639.3399000000,765277.8994969589
2013-11-27,1014547.7808999998,0.0000000000,1014547.7808999998,False,0.0000000000,0.0000000000,0.0000000000,0.0000000000,0.0000000000,1040318.2994000003,-0.0247717631,1063484.3399000000,771587.8218498589
2013-11-28,1014547.7808999998,0.0000000000,1014547.7808999998,False,0.0000000000,0.0000000000,0.0000000000,0.0000000000,0.0000000000,1040318.2994000003,-0.0247717631,1067966.3399000000,778002.9095753072
2013-11-29,1014547.7808999998,0.0000000000,1014547.7808999998,False,0.0000000000,0.0000000000,0.0000000000,0.0000000000,0.0000000000,1040318.2994000003,-0.0247717631,1066352.3399000000,778399.0324785726
2013-12-02,1014547.7808999998,0.0000000000,1014547.7808999998,False,0.0000000000,0.0000000000,0.0000000000,0.0000000000,0.0000000000,1040318.2994000003,-0.0247717631,1085164.3399000000,773796.2946733738
2013-12-03,1014547.7808999998,0.0000000000,1014547.7808999998,False,0.0000000000,0.0000000000,0.0000000000,0.0000000000,0.0000000000,1040318.2994000003,-0.0247717631,1077666.3399000000,779159.7286733388
2013-12-04,1014547.7808999998,0.0000000000,1014547.7808999998,False,0.0000000000,0.0000000000,0.0000000000,0.0000000000,0.0000000000,1040318.2994000003,-0.0247717631,1078486.3399000000,789357.2642981088
2013-12-05,1014547.7808999998,0.0000000000,1014547.7808999998,False,0.0000000000,0.0000000000,0.0000000000,0.0000000000,0.0000000000,1040318.2994000003,-0.0247717631,1073585.3399000000,787709.6734615183
2013-12-06,1014547.7808999998,0.0000000000,1014547.7808999998,False,0.0000000000,0.0000000000,0.0000000000,0.0000000000,0.0000000000,1040318.2994000003,-0.0247717631,1074123.3399000000,784221.6886053318
2013-12-09,1014547.7808999998,0.0000000000,1014547.7808999998,False,0.0000000000,0.0000000000,0.0000000000,0.0000000000,0.0000000000,1040318.2994000003,-0.0247717631,1068334.3399000000,784603.7894589241
2013-12-10,1014547.7808999998,0.0000000000,1014547.7808999998,False,0.0000000000,0.0000000000,0.0000000000,0.0000000000,0.0000000000,1040318.2994000003,-0.0247717631,1069410.3399000000,784354.8980772264
2013-12-11,1014547.7808999998,0.0000000000,1014547.7808999998,False,0.0000000000,0.0000000000,0.0000000000,0.0000000000,0.0000000000,1040318.2994000003,-0.0247717631,1058403.3399000000,772674.5306995250
2013-12-12,472.6495999998,1010861.0000000000,1011333.6495999999,True,90900.0000000000,67000.0000000000,58000.0000000000,99000.0000000000,-0.0031680433,1040318.2994000003,-0.0278613284,1054809.3399000000,772194.2754982209
2013-12-13,472.6495999998,1001154.0000000000,1001626.6495999999,True,90900.0000000000,67000.0000000000,58000.0000000000,99000.0000000000,-0.0095982172,1040318.2994000003,-0.0371921265,1046116.3399000000,769835.0656407200
2013-12-16,472.6495999998,993188.0000000000,993660.6495999999,True,90900.0000000000,67000.0000000000,58000.0000000000,99000.0000000000,-0.0079530632,1040318.2994000003,-0.0448493983,1039121.3399000000,757492.1564159641
2013-12-17,472.6495999998,991110.0000000000,991582.6495999999,True,90900.0000000000,67000.0000000000,58000.0000000000,99000.0000000000,-0.0020912572,1040318.2994000003,-0.0468468639,1037395.3399000000,754063.7652708885
2013-12-18,472.6495999998,987130.0000000000,987602.6495999999,True,90900.0000000000,67000.0000000000,58000.0000000000,99000.0000000000,-0.0040137854,1040318.2994000003,-0.0506726161,1033715.3399000000,753082.2217937707
2013-12-19,472.6495999998,981062.0000000000,981534.6495999999,True,90900.0000000000,67000.0000000000,58000.0000000000,99000.0000000000,-0.0061441714,1040318.2994000003,-0.0565054463,1028344.3399000000,745899.4268487196
2013-12-20,472.6495999998,949578.0000000000,950050.6495999999,True,90900.0000000000,67000.0000000000,58000.0000000000,99000.0000000000,-0.0320763001,1040318.2994000003,-0.0867692608,999635.3399000000,730825.7234501253
2013-12-23,472.6495999998,968044.0000000000,968516.6495999999,True,90900.0000000000,67000.0000000000,58000.0000000000,99000.0000000000,0.0194368585,1040318.2994000003,-0.0690189242,1016476.3399000000,732550.4355599179
2013-12-24,472.6495999998,964405.0000000000,964877.6495999999,True,90900.0000000000,67000.0000000000,58000.0000000000,99000.0000000000,-0.0037572921,1040318.2994000003,-0.0725168920,1013154.3399000000,733672.1995337667
2013-12-25,472.6495999998,966974.0000000000,967446.6495999999,True,90900.0000000000,67000.0000000000,58000.0000000000,99000.0000000000,0.0026625137,1040318.2994000003,-0.0700474555,1015451.3399000000,738383.6082239321
2013-12-26,472.6495999998,955117.0000000000,955589.6495999999,True,90900.0000000000,67000.0000000000,58000.0000000000,99000.0000000000,-0.0122559730,1040318.2994000003,-0.0814449288,1004743.3399000000,726727.7794331586
2013-12-27,472.6495999998,964734.0000000000,965206.6495999999,True,90900.0000000000,67000.0000000000,58000.0000000000,99000.0000000000,0.0100639432,1040318.2994000003,-0.0722006427,1013385.3399000000,736595.7968906105
2013-12-30,472.6495999998,955859.0000000000,956331.6495999999,True,90900.0000000000,67000.0000000000,58000.0000000000,99000.0000000000,-0.0091949221,1040318.2994000003,-0.0807316855,1005621.3399000000,735291.7462710112
2013-12-31,472.6495999998,963658.0000000000,964130.6495999999,True,90900.0000000000,67000.0000000000,58000.0000000000,99000.0000000000,0.0081551207,1040318.2994000003,-0.0732349415,1012725.3399000000,741759.4166827336
2014-01-02,472.6495999998,960019.0000000000,960491.6495999999,True,90900.0000000000,67000.0000000000,58000.0000000000,99000.0000000000,-0.0037743847,1040318.2994000003,-0.0767329094,1009403.3399000000,739449.2839990885
2014-01-03,472.6495999998,950824.0000000000,951296.6495999999,True,90900.0000000000,67000.0000000000,58000.0000000000,99000.0000000000,-0.0095732222,1040318.2994000003,-0.0855715504,1001289.3399000000,730247.3139011094
2014-01-06,472.6495999998,946027.0000000000,946499.6495999999,True,90900.0000000000,67000.0000000000,58000.0000000000,99000.0000000000,-0.0050425911,1040318.2994000003,-0.0901826392,997053.3399000000,717126.1809194959
2014-01-07,472.6495999998,940068.0000000000,940540.6495999999,True,90900.0000000000,67000.0000000000,58000.0000000000,99000.0000000000,-0.0062958291,1040318.2994000003,-0.0959106937,991579.3399000000,717690.5684188385
2014-01-08,472.6495999998,937769.0000000000,938241.6495999999,True,90900.0000000000,67000.0000000000,58000.0000000000,99000.0000000000,-0.0024443388,1040318.2994000003,-0.0981205943,989435.3399000000,716645.9257181918
2014-01-09,472.6495999998,931450.0000000000,931922.6495999999,True,90900.0000000000,67000.0000000000,58000.0000000000,99000.0000000000,-0.0067349387,1040318.2994000003,-0.1041946968,983757.3399000000,710784.7089548315
2014-01-10,472.6495999998,931121.0000000000,931593.6495999999,True,90900.0000000000,67000.0000000000,58000.0000000000,99000.0000000000,-0.0003530336,1040318.2994000003,-0.1045109462,983526.3399000000,705764.8151718577
2014-01-13,472.6495999998,937418.0000000000,937890.6495999999,True,90900.0000000000,67000.0000000000,58000.0000000000,99000.0000000000,0.0067593848,1040318.2994000003,-0.0984579910,989112.3399000000,704453.7535274219
2014-01-14,472.6495999998,934589.0000000000,935061.6495999999,True,90900.0000000000,67000.0000000000,58000.0000000000,99000.0000000000,-0.0030163431,1040318.2994000003,-0.1011773511,986627.3399000000,710511.2789862058
2014-01-15,472.6495999998,926849.0000000000,927321.6495999999,True,90900.0000000000,67000.0000000000,58000.0000000000,99000.0000000000,-0.0082775291,1040318.2994000003,-0.1086173817,979601.3399000000,709287.8551522269
2014-01-16,472.6495999998,921200.0000000000,921672.6495999999,True,90900.0000000000,67000.0000000000,58000.0000000000,99000.0000000000,-0.0060917374,1040318.2994000003,-0.1140474505,974512.3399000000,709410.5480868666
2014-01-17,472.6495999998,915482.0000000000,915954.6495999999,True,90900.0000000000,67000.0000000000,58000.0000000000,99000.0000000000,-0.0062039380,1040318.2994000003,-0.1195438453,969380.3399000000,702837.7123025958
2014-01-20,472.6495999998,912163.0000000000,912635.6495999999,True,90900.0000000000,67000.0000000000,58000.0000000000,99000.0000000000,-0.0036235418,1040318.2994000003,-0.1227342150,966408.3399000000,698035.1602895553
2014-01-21,472.6495999998,914313.0000000000,914785.6495999999,True,90900.0000000000,67000.0000000000,58000.0000000000,99000.0000000000,0.0023558142,1040318.2994000003,-0.1206675398,968423.3399000000,704015.5644751372
2014-01-22,472.6495999998,924259.0000000000,924731.6495999999,True,90900.0000000000,67000.0000000000,58000.0000000000,99000.0000000000,0.0108724924,1040318.2994000003,-0.1111070043,977296.3399000000,719243.5104201357
2014-01-23,919136.8315999998,0.0000000000,919136.8315999998,False,0.0000000000,0.0000000000,0.0000000000,0.0000000000,-0.0060502071,1040318.2994000003,-0.1164849911,968253.3399000000,715888.7350358438
2014-01-24,373.2851999998,920387.0000000000,920760.2851999998,True,92600.0000000000,67500.0000000000,58600.0000000000,97300.0000000000,0.0017662806,1040318.2994000003,-0.1149244556,969961.3399000000,720168.9656985609
2014-01-27,916407.8900999998,0.0000000000,916407.8900999998,False,0.0000000000,0.0000000000,0.0000000000,0.0000000000,-0.0047269579,1040318.2994000003,-0.1191081704,965359.3399000000,712775.8400084132
2014-01-28,736.2709999999,919533.0000000000,920269.2709999998,True,92300.0000000000,68100.0000000000,58500.0000000000,96600.0000000000,0.0042136050,1040318.2994000003,-0.1153964402,969910.3399000000,714602.2119783359
2014-01-29,736.2709999999,931283.0000000000,932019.2709999998,True,92300.0000000000,68100.0000000000,58500.0000000000,96600.0000000000,0.0127680021,1040318.2994000003,-0.1041018201,980362.3399000000,718598.4961351724
2014-01-30,927657.7045999998,0.0000000000,927657.7045999998,False,0.0000000000,0.0000000000,0.0000000000,0.0000000000,-0.0046796955,1040318.2994000003,-0.1082943507,974103.3399000000,712698.7187352111
2014-02-07,927657.7045999998,0.0000000000,927657.7045999998,False,0.0000000000,0.0000000000,0.0000000000,0.0000000000,0.0000000000,1040318.2994000003,-0.1082943507,970499.3399000000,716702.0139168843
2014-02-10,927657.7045999998,0.0000000000,927657.7045999998,False,0.0000000000,0.0000000000,0.0000000000,0.0000000000,0.0000000000,1040318.2994000003,-0.1082943507,975230.3399000000,731274.4290396649
2014-02-11,927657.7045999998,0.0000000000,927657.7045999998,False,0.0000000000,0.0000000000,0.0000000000,0.0000000000,0.0000000000,1040318.2994000003,-0.1082943507,985580.3399000000,737444.1308958337
2014-02-12,927657.7045999998,0.0000000000,927657.7045999998,False,0.0000000000,0.0000000000,0.0000000000,0.0000000000,0.0000000000,1040318.2994000003,-0.1082943507,983146.3399000000,739649.0982069303
2014-02-13,927657.7045999998,0.0000000000,927657.7045999998,False,0.0000000000,0.0000000000,0.0000000000,0.0000000000,0.0000000000,1040318.2994000003,-0.1082943507,984453.3399000000,735596.7258514013
2014-02-14,927657.7045999998,0.0000000000,927657.7045999998,False,0.0000000000,0.0000000000,0.0000000000,0.0000000000,0.0000000000,1040318.2994000003,-0.1082943507,983633.3399000000,741713.8450212959
2014-02-17,927657.7045999998,0.0000000000,927657.7045999998,False,0.0000000000,0.0000000000,0.0000000000,0.0000000000,0.0000000000,1040318.2994000003,-0.1082943507,984590.3399000000,748574.1328238655
2014-02-18,927657.7045999998,0.0000000000,927657.7045999998,False,0.0000000000,0.0000000000,0.0000000000,0.0000000000,0.0000000000,1040318.2994000003,-0.1082943507,978664.3399000000,742842.6200199815
2014-02-19,927657.7045999998,0.0000000000,927657.7045999998,False,0.0000000000,0.0000000000,0.0000000000,0.0000000000,0.0000000000,1040318.2994000003,-0.1082943507,994575.3399000000,751073.5631780976
2014-02-20,927657.7045999998,0.0000000000,927657.7045999998,False,0.0000000000,0.0000000000,0.0000000000,0.0000000000,0.0000000000,1040318.2994000003,-0.1082943507,986250.3399000000,749751.9849964069
2014-02-21,927657.7045999998,0.0000000000,927657.7045999998,False,0.0000000000,0.0000000000,0.0000000000,0.0000000000,0.0000000000,1040318.2994000003,-0.1082943507,982329.3399000000,740956.6543389480
2014-02-24,927657.7045999998,0.0000000000,927657.7045999998,False,0.0000000000,0.0000000000,0.0000000000,0.0000000000,0.0000000000,1040318.2994000003,-0.1082943507,967778.3399000000,727986.2583913204
2014-02-25,221.5571999998,925896.0000000000,926117.5571999998,True,91600.0000000000,68800.0000000000,59600.0000000000,98600.0000000000,-0.0016602540,1040318.2994000003,-0.1097748086,966532.3399000000,713098.3471508948
2014-02-26,221.5571999998,920488.0000000000,920709.5571999998,True,91600.0000000000,68800.0000000000,59600.0000000000,98600.0000000000,-0.0058394315,1040318.2994000003,-0.1149732176,961920.3399000000,715562.7223809441
2014-02-27,221.5571999998,925484.0000000000,925705.5571999998,True,91600.0000000000,68800.0000000000,59600.0000000000,98600.0000000000,0.0054262497,1040318.2994000003,-0.1101708412,966250.3399000000,717701.0849560935
2014-02-28,221.5571999998,919502.0000000000,919723.5571999998,True,91600.0000000000,68800.0000000000,59600.0000000000,98600.0000000000,-0.0064620980,1040318.2994000003,-0.1159210044,960981.3399000000,720838.5185704521
2014-03-03,221.5571999998,916706.0000000000,916927.5571999998,True,91600.0000000000,68800.0000000000,59600.0000000000,98600.0000000000,-0.0030400439,1040318.2994000003,-0.1186086434,958547.3399000000,727477.9590906700
2014-03-04,221.5571999998,918380.0000000000,918601.5571999998,True,91600.0000000000,68800.0000000000,59600.0000000000,98600.0000000000,0.0018256622,1040318.2994000003,-0.1169995205,960075.3399000000,726156.3809089792
2014-03-05,221.5571999998,913520.0000000000,913741.5571999998,True,91600.0000000000,68800.0000000000,59600.0000000000,98600.0000000000,-0.0052906507,1040318.2994000003,-0.1216711676,955712.3399000000,719709.7435717665
2014-03-06,221.5571999998,916316.0000000000,916537.5571999998,True,91600.0000000000,68800.0000000000,59600.0000000000,98600.0000000000,0.0030599462,1040318.2994000003,-0.1189835287,958146.3399000000,721988.3266436472
2014-03-07,221.5571999998,915194.0000000000,915415.5571999998,True,91600.0000000000,68800.0000000000,59600.0000000000,98600.0000000000,-0.0012241724,1040318.2994000003,-0.1200620447,957240.3399000000,721402.9060697947
2014-03-10,221.5571999998,900706.0000000000,900927.5571999998,True,91600.0000000000,68800.0000000000,59600.0000000000,98600.0000000000,-0.0158266919,1040318.2994000003,-0.1339885517,944364.3399000000,700772.9654882302
2014-03-11,221.5571999998,898642.0000000000,898863.5571999998,True,91600.0000000000,68800.0000000000,59600.0000000000,98600.0000000000,-0.0022909722,1040318.2994000003,-0.1359725598,942597.3399000000,701509.1230960685
2014-03-12,221.5571999998,897726.0000000000,897947.5571999998,True,91600.0000000000,68800.0000000000,59600.0000000000,98600.0000000000,-0.0010190646,1040318.2994000003,-0.1368530596,941828.3399000000,700292.7102869261
2014-03-13,221.5571999998,913428.0000000000,913649.5571999998,True,91600.0000000000,68800.0000000000,59600.0000000000,98600.0000000000,0.0174865446,1040318.2994000003,-0.1217596021,955985.3399000000,707801.5178868771
2014-03-14,221.5571999998,908936.0000000000,909157.5571999998,True,91600.0000000000,68800.0000000000,59600.0000000000,98600.0000000000,-0.0049165459,1040318.2994000003,-0.1260775113,952142.3399000000,702623.8760450808
2014-03-17,221.5571999998,909164.0000000000,909385.5571999998,True,91600.0000000000,68800.0000000000,59600.0000000000,98600.0000000000,0.0002507816,1040318.2994000003,-0.1258583477,952160.3399000000,709400.0315496117
2014-03-18,221.5571999998,908340.0000000000,908561.5571999998,True,91600.0000000000,68800.0000000000,59600.0000000000,98600.0000000000,-0.0009061063,1040318.2994000003,-0.1266504129,951442.3399000000,709936.3749496082
2014-03-19,221.5571999998,906942.0000000000,907163.5571999998,True,91600.0000000000,68800.0000000000,59600.0000000000,98600.0000000000,-0.0015386960,1040318.2994000003,-0.1279942324,950067.3399000000,708719.9621404659
2014-03-20,221.5571999998,906026.0000000000,906247.5571999998,True,91600.0000000000,68800.0000000000,59600.0000000000,98600.0000000000,-0.0010097407,1040318.2994000003,-0.1288747322,949298.3399000000,698816.8895588312
2014-03-21,221.5571999998,928832.0000000000,929053.5571999998,True,91600.0000000000,68800.0000000000,59600.0000000000,98600.0000000000,0.0251653092,1040318.2994000003,-0.1069525954,969630.3399000000,717795.7337913869
2014-03-24,931027.9337999998,0.0000000000,931027.9337999998,False,0.0000000000,0.0000000000,0.0000000000,0.0000000000,0.0021251483,1040318.2994000003,-0.1050547373,973831.3399000000,724337.0199638932
2014-03-25,931027.9337999998,0.0000000000,931027.9337999998,False,0.0000000000,0.0000000000,0.0000000000,0.0000000000,0.0000000000,1040318.2994000003,-0.1050547373,971577.3399000000,724698.0877429758
2014-03-26,931027.9337999998,0.0000000000,931027.9337999998,False,0.0000000000,0.0000000000,0.0000000000,0.0000000000,0.0000000000,1040318.2994000003,-0.1050547373,975009.3399000000,723422.0812227227
2014-03-27,931027.9337999998,0.0000000000,931027.9337999998,False,0.0000000000,0.0000000000,0.0000000000,0.0000000000,0.0000000000,1040318.2994000003,-0.1050547373,976983.3399000000,717434.6660123044
2014-03-28,931027.9337999998,0.0000000000,931027.9337999998,False,0.0000000000,0.0000000000,0.0000000000,0.0000000000,0.0000000000,1040318.2994000003,-0.1050547373,989816.3399000000,715723.9759521848
2014-03-31,931027.9337999998,0.0000000000,931027.9337999998,False,0.0000000000,0.0000000000,0.0000000000,0.0000000000,0.0000000000,1040318.2994000003,-0.1050547373,989595.3399000000,712779.3455208315
2014-04-01,540.8713999997,932272.0000000000,932812.8713999997,True,90200.0000000000,67400.0000000000,58100.0000000000,96100.0000000000,0.0019171687,1040318.2994000003,-0.1033389762,990671.3399000000,717739.6455926945
2014-04-02,933140.9131999998,0.0000000000,933140.9131999998,False,0.0000000000,0.0000000000,0.0000000000,0.0000000000,0.0003516695,1040318.2994000003,-0.1030236479,992729.3399000000,721781.5014109686
2014-04-03,933140.9131999998,0.0000000000,933140.9131999998,False,0.0000000000,0.0000000000,0.0000000000,0.0000000000,0.0000000000,1040318.2994000003,-0.1030236479,981552.3399000000,716421.5729234221
2014-04-04,933140.9131999998,0.0000000000,933140.9131999998,False,0.0000000000,0.0000000000,0.0000000000,0.0000000000,0.0000000000,1040318.2994000003,-0.1030236479,986770.3399000000,721725.4132122763
2014-04-08,933140.9131999998,0.0000000000,933140.9131999998,False,0.0000000000,0.0000000000,0.0000000000,0.0000000000,0.0000000000,1040318.2994000003,-0.1030236479,999877.3399000000,735554.6597023821
2014-04-09,933140.9131999998,0.0000000000,933140.9131999998,False,0.0000000000,0.0000000000,0.0000000000,0.0000000000,0.0000000000,1040318.2994000003,-0.1030236479,998869.3399000000,737994.4963455031
2014-04-10,933140.9131999998,0.0000000000,933140.9131999998,False,0.0000000000,0.0000000000,0.0000000000,0.0000000000,0.0000000000,1040318.2994000003,-0.1030236479,1009697.3399000000,748181.5154330184
2014-04-11,933140.9131999998,0.0000000000,933140.9131999998,False,0.0000000000,0.0000000000,0.0000000000,0.0000000000,0.0000000000,1040318.2994000003,-0.1030236479,1008562.3399000000,746863.4427637460
2014-04-14,933140.9131999998,0.0000000000,933140.9131999998,False,0.0000000000,0.0000000000,0.0000000000,0.0000000000,0.0000000000,1040318.2994000003,-0.1030236479,1006077.3399000000,747213.9940055738
2014-04-15,933140.9131999998,0.0000000000,933140.9131999998,False,0.0000000000,0.0000000000,0.0000000000,0.0000000000,0.0000000000,1040318.2994000003,-0.1030236479,993430.3399000000,736718.4898252502
2014-04-16,933140.9131999998,0.0000000000,933140.9131999998,False,0.0000000000,0.0000000000,0.0000000000,0.0000000000,0.0000000000,1040318.2994000003,-0.1030236479,998570.3399000000,737952.4301964840
2014-04-17,933140.9131999998,0.0000000000,933140.9131999998,False,0.0000000000,0.0000000000,0.0000000000,0.0000000000,0.0000000000,1040318.2994000003,-0.1030236479,995778.3399000000,735768.4959598968
2014-04-18,933140.9131999998,0.0000000000,933140.9131999998,False,0.0000000000,0.0000000000,0.0000000000,0.0000000000,0.0000000000,1040318.2994000003,-0.1030236479,992773.3399000000,735368.8675442133
2014-04-21,933140.9131999998,0.0000000000,933140.9131999998,False,0.0000000000,0.0000000000,0.0000000000,0.0000000000,0.0000000000,1040318.2994000003,-0.1030236479,985207.3399000000,724179.2719050708
2014-04-22,71.0761999998,938993.0000000000,939064.0761999998,True,89700.0000000000,68000.0000000000,59000.0000000000,97200.0000000000,0.0063475547,1040318.2994000003,-0.0973300414,990118.3399000000,726633.1305978651
2014-04-23,71.0761999998,935929.0000000000,936000.0761999998,True,89700.0000000000,68000.0000000000,59000.0000000000,97200.0000000000,-0.0032628231,1040318.2994000003,-0.1002752939,987453.3399000000,724365.0640632395
2014-04-24,71.0761999998,932700.0000000000,932771.0761999998,True,89700.0000000000,68000.0000000000,59000.0000000000,97200.0000000000,-0.0034497860,1040318.2994000003,-0.1033791516,984567.3399000000,721094.4209769864
2014-04-25,71.0761999998,937199.0000000000,937270.0761999998,True,89700.0000000000,68000.0000000000,59000.0000000000,97200.0000000000,0.0048232628,1040318.2994000003,-0.0990545137,988580.3399000000,713904.6150070986
2014-04-28,71.0761999998,940338.0000000000,940409.0761999998,True,89700.0000000000,68000.0000000000,59000.0000000000,97200.0000000000,0.0033490880,1040318.2994000003,-0.0960371679,991415.3399000000,702325.9074895272
2014-04-29,71.0761999998,939733.0000000000,939804.0761999998,True,89700.0000000000,68000.0000000000,59000.0000000000,97200.0000000000,-0.0006433370,1040318.2994000003,-0.0966187207,990996.3399000000,708232.6959143253
2014-04-30,71.0761999998,936004.0000000000,936075.0761999998,True,89700.0000000000,68000.0000000000,59000.0000000000,97200.0000000000,-0.0039678483,1040318.2994000003,-0.1002032006,987623.3399000000,710343.0143901284
2014-05-05,71.0761999998,931138.0000000000,931209.0761999998,True,89700.0000000000,68000.0000000000,59000.0000000000,97200.0000000000,-0.0051983010,1040318.2994000003,-0.1048806152,983090.3399000000,710690.0601195380
2014-05-06,71.0761999998,928291.0000000000,928362.0761999998,True,89700.0000000000,68000.0000000000,59000.0000000000,97200.0000000000,-0.0030573156,1040318.2994000003,-0.1076172776,980605.3399000000,710931.9404763991
2014-05-07,71.0761999998,929576.0000000000,929647.0761999998,True,89700.0000000000,68000.0000000000,59000.0000000000,97200.0000000000,0.0013841582,1040318.2994000003,-0.1063820787,981613.3399000000,704636.0401731723
2014-05-08,71.0761999998,933305.0000000000,933376.0761999998,True,89700.0000000000,68000.0000000000,59000.0000000000,97200.0000000000,0.0040111996,1040318.2994000003,-0.1027975988,984986.3399000000,706455.4011182585
2014-05-09,71.0761999998,936227.0000000000,936298.0761999998,True,89700.0000000000,68000.0000000000,59000.0000000000,97200.0000000000,0.0031305709,1040318.2994000003,-0.0999888431,987641.3399000000,705007.6244895097
2014-05-12,71.0761999998,944672.0000000000,944743.0761999998,True,89700.0000000000,68000.0000000000,59000.0000000000,97200.0000000000,0.0090195635,1040318.2994000003,-0.0918711353,995207.3399000000,719636.1278109828
2014-05-13,71.0761999998,944001.0000000000,944072.0761999998,True,89700.0000000000,68000.0000000000,59000.0000000000,97200.0000000000,-0.0007102460,1040318.2994000003,-0.0925161302,994661.3399000000,718885.9481534713
2014-05-14,71.0761999998,942731.0000000000,942802.0761999998,True,89700.0000000000,68000.0000000000,59000.0000000000,97200.0000000000,-0.0013452363,1040318.2994000003,-0.0937369104,993534.3399000000,717897.3936515170
2014-05-15,71.0761999998,946243.0000000000,946314.0761999998,True,89700.0000000000,68000.0000000000,59000.0000000000,97200.0000000000,0.0037250660,1040318.2994000003,-0.0903610205,996727.3399000000,709855.7481639879
2014-05-16,71.0761999998,948485.0000000000,948556.0761999998,True,89700.0000000000,68000.0000000000,59000.0000000000,97200.0000000000,0.0023691923,1040318.2994000003,-0.0882059109,998793.3399000000,710392.0915639843
2014-05-19,71.0761999998,945563.0000000000,945634.0761999998,True,89700.0000000000,68000.0000000000,59000.0000000000,97200.0000000000,-0.0030804715,1040318.2994000003,-0.0910146666,996138.3399000000,702918.3390882162
2014-05-20,71.0761999998,947215.0000000000,947286.0761999998,True,89700.0000000000,68000.0000000000,59000.0000000000,97200.0000000000,0.0017469760,1040318.2994000003,-0.0894266911,997666.3399000000,703948.9597391898
2014-05-21,71.0761999998,951034.0000000000,951105.0761999998,True,89700.0000000000,68000.0000000000,59000.0000000000,97200.0000000000,0.0040315171,1040318.2994000003,-0.0857556992,1001090.3399000000,709848.7371391513
2014-05-22,71.0761999998,953201.0000000000,953272.0761999998,True,89700.0000000000,68000.0000000000,59000.0000000000,97200.0000000000,0.0022784023,1040318.2994000003,-0.0836726829,1002986.3399000000,708565.7195940616
2014-05-23,71.0761999998,957020.0000000000,957091.0761999998,True,89700.0000000000,68000.0000000000,59000.0000000000,97200.0000000000,0.0040062015,1040318.2994000003,-0.0800016911,1006410.3399000000,713221.0400855344
2014-05-26,957115.2991999999,0.0000000000,957115.2991999999,False,0.0000000000,0.0000000000,0.0000000000,0.0000000000,0.0000253090,1040318.2994000003,-0.0799784068,1005651.3399000000,715643.3491665644
2014-05-27,957115.2991999999,0.0000000000,957115.2991999999,False,0.0000000000,0.0000000000,0.0000000000,0.0000000000,0.0000000000,1040318.2994000003,-0.0799784068,1006999.3399000000,713217.5345731162
2014-05-28,957115.2991999999,0.0000000000,957115.2991999999,False,0.0000000000,0.0000000000,0.0000000000,0.0000000000,0.0000000000,1040318.2994000003,-0.0799784068,1013215.3399000000,718710.6725325574
2014-05-29,957115.2991999999,0.0000000000,957115.2991999999,False,0.0000000000,0.0000000000,0.0000000000,0.0000000000,0.0000000000,1040318.2994000003,-0.0799784068,1013616.3399000000,715331.3585613377
2014-05-30,957115.2991999999,0.0000000000,957115.2991999999,False,0.0000000000,0.0000000000,0.0000000000,0.0000000000,0.0000000000,1040318.2994000003,-0.0799784068,1010413.3399000000,714847.5978476154
2014-06-03,957115.2991999999,0.0000000000,957115.2991999999,False,0.0000000000,0.0000000000,0.0000000000,0.0000000000,0.0000000000,1040318.2994000003,-0.0799784068,1018390.3399000000,714532.1017299703
2014-06-04,957115.2991999999,0.0000000000,957115.2991999999,False,0.0000000000,0.0000000000,0.0000000000,0.0000000000,0.0000000000,1040318.2994000003,-0.0799784068,1013370.3399000000,709806.6709901319
2014-06-05,565.4202999999,968275.0000000000,968840.4202999999,True,88200.0000000000,67000.0000000000,59300.0000000000,96400.0000000000,0.0122504792,1040318.2994000003,-0.0687077014,1024119.3399000000,715433.0184214677
2014-06-06,967581.6627999999,0.0000000000,967581.6627999999,False,0.0000000000,0.0000000000,0.0000000000,0.0000000000,-0.0012992413,1040318.2994000003,-0.0699176749,1018619.3399000000,711604.9988607084
2014-06-09,236.5463000000,976517.0000000000,976753.5462999999,True,89500.0000000000,67000.0000000000,59700.0000000000,96700.0000000000,0.0094791828,1040318.2994000003,-0.0611012544,1026193.3399000000,711794.2965312954
2014-06-10,236.5463000000,988286.0000000000,988522.5462999999,True,89500.0000000000,67000.0000000000,59700.0000000000,96700.0000000000,0.0120490988,1040318.2994000003,-0.0497883707,1036823.3399000000,719516.9403887613
2014-06-11,985602.9026000000,0.0000000000,985602.9026000000,False,0.0000000000,0.0000000000,0.0000000000,0.0000000000,-0.0029535429,1040318.2994000003,-0.0525948614,1036234.3399000000,720365.2743939845
2014-06-12,985602.9026000000,0.0000000000,985602.9026000000,False,0.0000000000,0.0000000000,0.0000000000,0.0000000000,0.0000000000,1040318.2994000003,-0.0525948614,1037183.3399000000,719229.4883704626
2014-06-13,985602.9026000000,0.0000000000,985602.9026000000,False,0.0000000000,0.0000000000,0.0000000000,0.0000000000,0.0000000000,1040318.2994000003,-0.0525948614,1046457.3399000000,725893.4674776085
2014-06-16,985602.9026000000,0.0000000000,985602.9026000000,False,0.0000000000,0.0000000000,0.0000000000,0.0000000000,0.0000000000,1040318.2994000003,-0.0525948614,1051196.3399000000,731242.8794279003
2014-06-17,985602.9026000000,0.0000000000,985602.9026000000,False,0.0000000000,0.0000000000,0.0000000000,0.0000000000,0.0000000000,1040318.2994000003,-0.0525948614,1042853.3399000000,724484.2514854608
2014-06-18,985602.9026000000,0.0000000000,985602.9026000000,False,0.0000000000,0.0000000000,0.0000000000,0.0000000000,0.0000000000,1040318.2994000003,-0.0525948614,1036671.3399000000,720565.0886018263
2014-06-19,985602.9026000000,0.0000000000,985602.9026000000,False,0.0000000000,0.0000000000,0.0000000000,0.0000000000,0.0000000000,1040318.2994000003,-0.0525948614,1027397.3399000000,709421.0646241214
2014-06-20,367.4206000000,991430.0000000000,991797.4206000000,True,90500.0000000000,71400.0000000000,59900.0000000000,98900.0000000000,0.0062850038,1040318.2994000003,-0.0466404165,1033296.4699000000,710451.6852750950
2014-06-23,367.4206000000,984577.0000000000,984944.4206000000,True,90500.0000000000,71400.0000000000,59900.0000000000,98900.0000000000,-0.0069096772,1040318.2994000003,-0.0532278235,1027387.4699000000,709641.9119064729
2014-06-24,367.4206000000,987101.0000000000,987468.4206000000,True,90500.0000000000,71400.0000000000,59900.0000000000,98900.0000000000,0.0025625811,1040318.2994000003,-0.0508016429,1029514.4699000000,712996.6872907646
2014-06-25,367.4206000000,985846.0000000000,986213.4206000000,True,90500.0000000000,71400.0000000000,59900.0000000000,98900.0000000000,-0.0012709267,1040318.2994000003,-0.0520080045,1028559.4699000000,710041.5403221566
2014-06-26,367.4206000000,989137.0000000000,989504.4206000000,True,90500.0000000000,71400.0000000000,59900.0000000000,98900.0000000000,0.0033370059,1040318.2994000003,-0.0488445496,1031564.4699000000,714661.8056894466
2014-06-27,18105.4206000000,967333.0000000000,985438.4206000000,True,90500.0000000000,71400.0000000000,59900.0000000000,98900.0000000000,-0.0041091277,1040318.2994000003,-0.0527529688,1028010.8699000000,713901.1094946803
2014-06-30,18105.4206000000,969436.0000000000,987541.4206000000,True,90500.0000000000,71400.0000000000,59900.0000000000,98900.0000000000,0.0021340755,1040318.2994000003,-0.0507314721,1029855.8699000000,718044.6251730847
2014-07-01,989483.9846999998,0.0000000000,989483.9846999998,False,0.0000000000,0.0000000000,0.0000000000,0.0000000000,0.0019670710,1040318.2994000003,-0.0488641935,1031563.8699000000,718763.2552188316
2014-07-02,989483.9846999998,0.0000000000,989483.9846999998,False,0.0000000000,0.0000000000,0.0000000000,0.0000000000,0.0000000000,1040318.2994000003,-0.0488641935,1033340.8699000000,721932.2384449546
2014-07-03,989483.9846999998,0.0000000000,989483.9846999998,False,0.0000000000,0.0000000000,0.0000000000,0.0000000000,0.0000000000,1040318.2994000003,-0.0488641935,1038447.1699000001,723267.8386763185
2014-07-04,989483.9846999998,0.0000000000,989483.9846999998,False,0.0000000000,0.0000000000,0.0000000000,0.0000000000,0.0000000000,1040318.2994000003,-0.0488641935,1039523.1699000001,721918.2163952816
2014-07-07,989483.9846999998,0.0000000000,989483.9846999998,False,0.0000000000,0.0000000000,0.0000000000,0.0000000000,0.0000000000,1040318.2994000003,-0.0488641935,1041998.1699000001,722111.0195782868
2014-07-08,989483.9846999998,0.0000000000,989483.9846999998,False,0.0000000000,0.0000000000,0.0000000000,0.0000000000,0.0000000000,1040318.2994000003,-0.0488641935,1044252.1699000001,723544.7741573624
2014-07-09,989483.9846999998,0.0000000000,989483.9846999998,False,0.0000000000,0.0000000000,0.0000000000,0.0000000000,0.0000000000,1040318.2994000003,-0.0488641935,1036815.1699000001,714637.2671025187
2014-07-10,544.3917999998,990594.0000000000,991138.3917999998,True,97300.0000000000,72300.0000000000,63500.0000000000,105200.0000000000,0.0016719898,1040318.2994000003,-0.0472739042,1036369.1699000001,714542.6182672252
2014-07-11,544.3917999998,991697.0000000000,992241.3917999998,True,97300.0000000000,72300.0000000000,63500.0000000000,105200.0000000000,0.0011128617,1040318.2994000003,-0.0462136518,1037224.1699000001,717564.3699717806
2014-07-14,544.3917999998,994445.0000000000,994989.3917999998,True,97300.0000000000,72300.0000000000,63500.0000000000,105200.0000000000,0.0027694874,1040318.2994000003,-0.0435721525,1039521.1699000001,724466.7239233694
2014-07-15,996024.5829999996,0.0000000000,996024.5829999996,False,0.0000000000,0.0000000000,0.0000000000,0.0000000000,0.0010404043,1040318.2994000003,-0.0425770809,1044021.1699000001,725767.2690305506
2014-07-16,996024.5829999996,0.0000000000,996024.5829999996,False,0.0000000000,0.0000000000,0.0000000000,0.0000000000,0.0000000000,1040318.2994000003,-0.0425770809,1043432.1699000001,724687.5712057210
2014-07-17,996024.5829999996,0.0000000000,996024.5829999996,False,0.0000000000,0.0000000000,0.0000000000,0.0000000000,0.0000000000,1040318.2994000003,-0.0425770809,1041767.1699000001,720589.6271887544
2014-07-18,996024.5829999996,0.0000000000,996024.5829999996,False,0.0000000000,0.0000000000,0.0000000000,0.0000000000,0.0000000000,1040318.2994000003,-0.0425770809,1040290.1699000001,721809.5455103150
2014-07-21,996024.5829999996,0.0000000000,996024.5829999996,False,0.0000000000,0.0000000000,0.0000000000,0.0000000000,0.0000000000,1040318.2994000003,-0.0425770809,1038523.1699000001,720200.5153103254
2014-07-22,996024.5829999996,0.0000000000,996024.5829999996,False,0.0000000000,0.0000000000,0.0000000000,0.0000000000,0.0000000000,1040318.2994000003,-0.0425770809,1039112.1699000001,727562.0913887087
2014-07-23,996024.5829999996,0.0000000000,996024.5829999996,False,0.0000000000,0.0000000000,0.0000000000,0.0000000000,0.0000000000,1040318.2994000003,-0.0425770809,1040546.1699000001,728617.2506266102
2014-07-24,996024.5829999996,0.0000000000,996024.5829999996,False,0.0000000000,0.0000000000,0.0000000000,0.0000000000,0.0000000000,1040318.2994000003,-0.0425770809,1052193.1699000001,737931.3971219743
2014-07-25,996024.5829999996,0.0000000000,996024.5829999996,False,0.0000000000,0.0000000000,0.0000000000,0.0000000000,0.0000000000,1040318.2994000003,-0.0425770809,1062396.1699000001,745485.7763833629
2014-07-28,996024.5829999996,0.0000000000,996024.5829999996,False,0.0000000000,0.0000000000,0.0000000000,0.0000000000,0.0000000000,1040318.2994000003,-0.0425770809,1089073.1699000001,763483.0771388008
2014-07-29,996024.5829999996,0.0000000000,996024.5829999996,False,0.0000000000,0.0000000000,0.0000000000,0.0000000000,0.0000000000,1040318.2994000003,-0.0425770809,1089083.1699000001,765319.9656459782
2014-07-30,996024.5829999996,0.0000000000,996024.5829999996,False,0.0000000000,0.0000000000,0.0000000000,0.0000000000,0.0000000000,1040318.2994000003,-0.0425770809,1079322.1699000001,764636.3907244141
2014-07-31,996024.5829999996,0.0000000000,996024.5829999996,False,0.0000000000,0.0000000000,0.0000000000,0.0000000000,0.0000000000,1040318.2994000003,-0.0425770809,1088365.1699000001,771759.5919583545
2014-08-01,996024.5829999996,0.0000000000,996024.5829999996,False,0.0000000000,0.0000000000,0.0000000000,0.0000000000,0.0000000000,1040318.2994000003,-0.0425770809,1087776.1699000001,766059.6287662348
2014-08-04,996024.5829999996,0.0000000000,996024.5829999996,False,0.0000000000,0.0000000000,0.0000000000,0.0000000000,0.0000000000,1040318.2994000003,-0.0425770809,1092507.1699000001,779391.0924929451
2014-08-05,996024.5829999996,0.0000000000,996024.5829999996,False,0.0000000000,0.0000000000,0.0000000000,0.0000000000,0.0000000000,1040318.2994000003,-0.0425770809,1091098.1699000001,778206.2292955673
2014-08-06,996024.5829999996,0.0000000000,996024.5829999996,False,0.0000000000,0.0000000000,0.0000000000,0.0000000000,0.0000000000,1040318.2994000003,-0.0425770809,1087588.1699000001,777336.8622158343
2014-08-07,996024.5829999996,0.0000000000,996024.5829999996,False,0.0000000000,0.0000000000,0.0000000000,0.0000000000,0.0000000000,1040318.2994000003,-0.0425770809,1075301.1699000001,766890.4352093667
2014-08-08,996024.5829999996,0.0000000000,996024.5829999996,False,0.0000000000,0.0000000000,0.0000000000,0.0000000000,0.0000000000,1040318.2994000003,-0.0425770809,1076420.1699000001,769260.1616041225
2014-08-11,996024.5829999996,0.0000000000,996024.5829999996,False,0.0000000000,0.0000000000,0.0000000000,0.0000000000,0.0000000000,1040318.2994000003,-0.0425770809,1084395.1699000001,779853.8201321578
2014-08-12,996024.5829999996,0.0000000000,996024.5829999996,False,0.0000000000,0.0000000000,0.0000000000,0.0000000000,0.0000000000,1040318.2994000003,-0.0425770809,1079844.1699000001,778781.1333321648
2014-08-13,996024.5829999996,0.0000000000,996024.5829999996,False,0.0000000000,0.0000000000,0.0000000000,0.0000000000,0.0000000000,1040318.2994000003,-0.0425770809,1080280.1699000001,779233.3444341227
2014-08-14,996024.5829999996,0.0000000000,996024.5829999996,False,0.0000000000,0.0000000000,0.0000000000,0.0000000000,0.0000000000,1040318.2994000003,-0.0425770809,1076958.1699000001,773480.7985557289
2014-08-15,996024.5829999996,0.0000000000,996024.5829999996,False,0.0000000000,0.0000000000,0.0000000000,0.0000000000,0.0000000000,1040318.2994000003,-0.0425770809,1080732.1699000001,780582.9667151596
2014-08-18,996024.5829999996,0.0000000000,996024.5829999996,False,0.0000000000,0.0000000000,0.0000000000,0.0000000000,0.0000000000,1040318.2994000003,-0.0425770809,1078265.1699000001,785048.9895360454
2014-08-19,996024.5829999996,0.0000000000,996024.5829999996,False,0.0000000000,0.0000000000,0.0000000000,0.0000000000,0.0000000000,1040318.2994000003,-0.0425770809,1078486.1699000001,787103.2198131562
2014-08-20,996024.5829999996,0.0000000000,996024.5829999996,False,0.0000000000,0.0000000000,0.0000000000,0.0000000000,0.0000000000,1040318.2994000003,-0.0425770809,1077778.1699000001,785308.3974549980
2014-08-21,996024.5829999996,0.0000000000,996024.5829999996,False,0.0000000000,0.0000000000,0.0000000000,0.0000000000,0.0000000000,1040318.2994000003,-0.0425770809,1072877.1699000001,781890.5228471771
2014-08-22,996024.5829999996,0.0000000000,996024.5829999996,False,0.0000000000,0.0000000000,0.0000000000,0.0000000000,0.0000000000,1040318.2994000003,-0.0425770809,1075004.1699000001,785518.7282000947
2014-08-25,996024.5829999996,0.0000000000,996024.5829999996,False,0.0000000000,0.0000000000,0.0000000000,0.0000000000,0.0000000000,1040318.2994000003,-0.0425770809,1070692.1699000001,781473.3668694021
2014-08-26,996024.5829999996,0.0000000000,996024.5829999996,False,0.0000000000,0.0000000000,0.0000000000,0.0000000000,0.0000000000,1040318.2994000003,-0.0425770809,1069103.1699000001,773705.1513504987
2014-08-27,118.9008999996,993452.0000000000,993570.9008999995,True,92900.0000000000,71300.0000000000,61300.0000000000,101600.0000000000,-0.0024634754,1040318.2994000003,-0.0449356688,1066319.1699000001,774532.4522812122
2014-08-28,118.9008999996,979655.0000000000,979773.9008999995,True,92900.0000000000,71300.0000000000,61300.0000000000,101600.0000000000,-0.0138862762,1040318.2994000003,-0.0581979559,1054390.1699000001,769747.4278302630
2014-08-29,118.9008999996,988984.0000000000,989102.9008999995,True,92900.0000000000,71300.0000000000,61300.0000000000,101600.0000000000,0.0095215845,1040318.2994000003,-0.0492305081,1062367.1699000001,777242.2133805408
2014-09-01,118.9008999996,988955.0000000000,989073.9008999995,True,92900.0000000000,71300.0000000000,61300.0000000000,101600.0000000000,-0.0000293195,1040318.2994000003,-0.0492583842,1062408.1699000001,783660.8066184074
2014-09-02,989328.2547999995,0.0000000000,989328.2547999995,False,0.0000000000,0.0000000000,0.0000000000,0.0000000000,0.0002571637,1040318.2994000003,-0.0490138880,1073116.1699000001,794366.6415438276
2014-09-03,989328.2547999995,0.0000000000,989328.2547999995,False,0.0000000000,0.0000000000,0.0000000000,0.0000000000,0.0000000000,1040318.2994000003,-0.0490138880,1081390.1699000001,802282.0885842987
2014-09-04,989328.2547999995,0.0000000000,989328.2547999995,False,0.0000000000,0.0000000000,0.0000000000,0.0000000000,0.0000000000,1040318.2994000003,-0.0490138880,1086530.1699000001,808672.6377228191
2014-09-05,989328.2547999995,0.0000000000,989328.2547999995,False,0.0000000000,0.0000000000,0.0000000000,0.0000000000,0.0000000000,1040318.2994000003,-0.0490138880,1091799.1699000001,815532.9255253887
2014-09-09,989328.2547999995,0.0000000000,989328.2547999995,False,0.0000000000,0.0000000000,0.0000000000,0.0000000000,0.0000000000,1040318.2994000003,-0.0490138880,1088375.1699000001,815567.9806495714
2014-09-10,989328.2547999995,0.0000000000,989328.2547999995,False,0.0000000000,0.0000000000,0.0000000000,0.0000000000,0.0000000000,1040318.2994000003,-0.0490138880,1081040.1699000001,812682.9439293288
2014-09-11,989328.2547999995,0.0000000000,989328.2547999995,False,0.0000000000,0.0000000000,0.0000000000,0.0000000000,0.0000000000,1040318.2994000003,-0.0490138880,1078743.1699000001,810362.2947084290
2014-09-12,989328.2547999995,0.0000000000,989328.2547999995,False,0.0000000000,0.0000000000,0.0000000000,0.0000000000,0.0000000000,1040318.2994000003,-0.0490138880,1084413.1699000001,817467.9683802780
2014-09-15,989328.2547999995,0.0000000000,989328.2547999995,False,0.0000000000,0.0000000000,0.0000000000,0.0000000000,0.0000000000,1040318.2994000003,-0.0490138880,1081228.1699000001,819988.4318090196
2014-09-16,989328.2547999995,0.0000000000,989328.2547999995,False,0.0000000000,0.0000000000,0.0000000000,0.0000000000,0.0000000000,1040318.2994000003,-0.0490138880,1082159.1699000001,805058.4544195747
2014-09-17,989328.2547999995,0.0000000000,989328.2547999995,False,0.0000000000,0.0000000000,0.0000000000,0.0000000000,0.0000000000,1040318.2994000003,-0.0490138880,1080271.1699000001,809033.7055019017
2014-09-18,989328.2547999995,0.0000000000,989328.2547999995,False,0.0000000000,0.0000000000,0.0000000000,0.0000000000,0.0000000000,1040318.2994000003,-0.0490138880,1082748.1699000001,811852.1374861971
2014-09-19,989328.2547999995,0.0000000000,989328.2547999995,False,0.0000000000,0.0000000000,0.0000000000,0.0000000000,0.0000000000,1040318.2994000003,-0.0490138880,1083286.1699000001,816591.5902757085
2014-09-22,989328.2547999995,0.0000000000,989328.2547999995,False,0.0000000000,0.0000000000,0.0000000000,0.0000000000,0.0000000000,1040318.2994000003,-0.0490138880,1066857.1699000001,802716.7721241652
2014-09-23,989328.2547999995,0.0000000000,989328.2547999995,False,0.0000000000,0.0000000000,0.0000000000,0.0000000000,0.0000000000,1040318.2994000003,-0.0490138880,1069154.1699000001,809675.2142744466
2014-09-24,989328.2547999995,0.0000000000,989328.2547999995,False,0.0000000000,0.0000000000,0.0000000000,0.0000000000,0.0000000000,1040318.2994000003,-0.0490138880,1078154.1699000001,821541.3738103167
2014-09-25,989328.2547999995,0.0000000000,989328.2547999995,False,0.0000000000,0.0000000000,0.0000000000,0.0000000000,0.0000000000,1040318.2994000003,-0.0490138880,1079144.1699000001,822077.7172103132
2014-09-26,989328.2547999995,0.0000000000,989328.2547999995,False,0.0000000000,0.0000000000,0.0000000000,0.0000000000,0.0000000000,1040318.2994000003,-0.0490138880,1078913.1699000001,822996.1614639020
2014-09-29,989328.2547999995,0.0000000000,989328.2547999995,False,0.0000000000,0.0000000000,0.0000000000,0.0000000000,0.0000000000,1040318.2994000003,-0.0490138880,1073824.1699000001,826498.1683697614
2014-09-30,989328.2547999995,0.0000000000,989328.2547999995,False,0.0000000000,0.0000000000,0.0000000000,0.0000000000,0.0000000000,1040318.2994000003,-0.0490138880,1076352.1699000001,828657.5640194205
2014-10-08,989328.2547999995,0.0000000000,989328.2547999995,False,0.0000000000,0.0000000000,0.0000000000,0.0000000000,0.0000000000,1040318.2994000003,-0.0490138880,1076659.1699000001,835289.9935148020
2014-10-09,989328.2547999995,0.0000000000,989328.2547999995,False,0.0000000000,0.0000000000,0.0000000000,0.0000000000,0.0000000000,1040318.2994000003,-0.0490138880,1076839.1699000001,837596.6206860287
2014-10-10,989328.2547999995,0.0000000000,989328.2547999995,False,0.0000000000,0.0000000000,0.0000000000,0.0000000000,0.0000000000,1040318.2994000003,-0.0490138880,1073466.1699000001,832397.9457697228
2014-10-13,989328.2547999995,0.0000000000,989328.2547999995,False,0.0000000000,0.0000000000,0.0000000000,0.0000000000,0.0000000000,1040318.2994000003,-0.0490138880,1066669.1699000001,829407.7436769319
2014-10-14,989328.2547999995,0.0000000000,989328.2547999995,False,0.0000000000,0.0000000000,0.0000000000,0.0000000000,0.0000000000,1040318.2994000003,-0.0490138880,1066976.1699000001,827118.6440677965
2014-10-15,989328.2547999995,0.0000000000,989328.2547999995,False,0.0000000000,0.0000000000,0.0000000000,0.0000000000,0.0000000000,1040318.2994000003,-0.0490138880,1069862.1699000001,832092.9661893327
2014-10-16,989328.2547999995,0.0000000000,989328.2547999995,False,0.0000000000,0.0000000000,0.0000000000,0.0000000000,0.0000000000,1040318.2994000003,-0.0490138880,1073055.1699000001,826074.0013671499
2014-10-17,989328.2547999995,0.0000000000,989328.2547999995,False,0.0000000000,0.0000000000,0.0000000000,0.0000000000,0.0000000000,1040318.2994000003,-0.0490138880,1071177.1699000001,820703.5563423483
2014-10-20,354.6516999995,988074.0000000000,988428.6516999995,True,92200.0000000000,70200.0000000000,60300.0000000000,100100.0000000000,-0.0009093070,1040318.2994000003,-0.0498786263,1073423.1699000001,826154.6281527702
2014-10-21,985621.1379999996,0.0000000000,985621.1379999996,False,0.0000000000,0.0000000000,0.0000000000,0.0000000000,-0.0028403807,1040318.2994000003,-0.0525773328,1069512.1699000001,820170.7184547700
2014-10-22,327.6385999995,987851.0000000000,988178.6385999995,True,92600.0000000000,70400.0000000000,60600.0000000000,100100.0000000000,0.0025948110,1040318.2994000003,-0.0501189500,1070631.1699000001,815574.9916744080
2014-10-23,327.6385999995,986331.0000000000,986658.6385999995,True,92600.0000000000,70400.0000000000,60600.0000000000,100100.0000000000,-0.0015381834,1040318.2994000003,-0.0515800413,1069162.1699000001,807116.1902091037
2014-10-24,327.6385999995,984799.0000000000,985126.6385999995,True,92600.0000000000,70400.0000000000,60600.0000000000,100100.0000000000,-0.0015527153,1040318.2994000003,-0.0530526675,1067855.1699000001,807067.1130352479
2014-10-27,327.6385999995,972419.0000000000,972746.6385999995,True,92600.0000000000,70400.0000000000,60600.0000000000,100100.0000000000,-0.0125669122,1040318.2994000003,-0.0649528715,1057137.1699000001,802916.5863320071
2014-10-28,327.6385999995,982341.0000000000,982668.6385999995,True,92600.0000000000,70400.0000000000,60600.0000000000,100100.0000000000,0.0101999838,1040318.2994000003,-0.0554154059,1065779.1699000001,819543.2317318984
2014-10-29,327.6385999995,993200.0000000000,993527.6385999995,True,92600.0000000000,70400.0000000000,60600.0000000000,100100.0000000000,0.0110505206,1040318.2994000003,-0.0449772544,1075233.1699000001,831868.6133945630
2014-10-30,991334.6524999994,0.0000000000,991334.6524999994,False,0.0000000000,0.0000000000,0.0000000000,0.0000000000,-0.0022072724,1040318.2994000003,-0.0470852497,1082670.1699000001,838196.0633095542
2014-10-31,991334.6524999994,0.0000000000,991334.6524999994,False,0.0000000000,0.0000000000,0.0000000000,0.0000000000,0.0000000000,1040318.2994000003,-0.0470852497,1104190.1699000001,848397.1044467425
2014-11-03,991334.6524999994,0.0000000000,991334.6524999994,False,0.0000000000,0.0000000000,0.0000000000,0.0000000000,0.0000000000,1040318.2994000003,-0.0470852497,1096855.1699000001,851850.0341787460
2014-11-04,991334.6524999994,0.0000000000,991334.6524999994,False,0.0000000000,0.0000000000,0.0000000000,0.0000000000,0.0000000000,1040318.2994000003,-0.0470852497,1099289.1699000001,852077.8924859341
2014-11-05,991334.6524999994,0.0000000000,991334.6524999994,False,0.0000000000,0.0000000000,0.0000000000,0.0000000000,0.0000000000,1040318.2994000003,-0.0470852497,1088078.1699000001,848071.0917918426
2014-11-06,991334.6524999994,0.0000000000,991334.6524999994,False,0.0000000000,0.0000000000,0.0000000000,0.0000000000,0.0000000000,1040318.2994000003,-0.0470852497,1086720.1699000001,850388.2355003243
2014-11-07,991334.6524999994,0.0000000000,991334.6524999994,False,0.0000000000,0.0000000000,0.0000000000,0.0000000000,0.0000000000,1040318.2994000003,-0.0470852497,1087857.1699000001,847692.4964506687
2014-11-10,991334.6524999994,0.0000000000,991334.6524999994,False,0.0000000000,0.0000000000,0.0000000000,0.0000000000,0.0000000000,1040318.2994000003,-0.0470852497,1109530.1699000001,867148.0903721101
2014-11-11,991334.6524999994,0.0000000000,991334.6524999994,False,0.0000000000,0.0000000000,0.0000000000,0.0000000000,0.0000000000,1040318.2994000003,-0.0470852497,1160755.1699000001,865745.8854047990
2014-11-12,991334.6524999994,0.0000000000,991334.6524999994,False,0.0000000000,0.0000000000,0.0000000000,0.0000000000,0.0000000000,1040318.2994000003,-0.0470852497,1147057.1699000001,874443.0617145461
2014-11-13,991334.6524999994,0.0000000000,991334.6524999994,False,0.0000000000,0.0000000000,0.0000000000,0.0000000000,0.0000000000,1040318.2994000003,-0.0470852497,1147118.1699000001,871333.6721995338
2014-11-14,991334.6524999994,0.0000000000,991334.6524999994,False,0.0000000000,0.0000000000,0.0000000000,0.0000000000,0.0000000000,1040318.2994000003,-0.0470852497,1154110.1699000001,868953.4292675231
2014-11-17,991334.6524999994,0.0000000000,991334.6524999994,False,0.0000000000,0.0000000000,0.0000000000,0.0000000000,0.0000000000,1040318.2994000003,-0.0470852497,1137022.1699000001,867267.2777943315
2014-11-18,991334.6524999994,0.0000000000,991334.6524999994,False,0.0000000000,0.0000000000,0.0000000000,0.0000000000,0.0000000000,1040318.2994000003,-0.0470852497,1116919.1699000001,861083.5538884896
2014-11-19,991334.6524999994,0.0000000000,991334.6524999994,False,0.0000000000,0.0000000000,0.0000000000,0.0000000000,0.0000000000,1040318.2994000003,-0.0470852497,1113845.1699000001,859197.5882074562
2014-11-20,991334.6524999994,0.0000000000,991334.6524999994,False,0.0000000000,0.0000000000,0.0000000000,0.0000000000,0.0000000000,1040318.2994000003,-0.0470852497,1112180.1699000001,859783.0087813085
2014-11-21,991334.6524999994,0.0000000000,991334.6524999994,False,0.0000000000,0.0000000000,0.0000000000,0.0000000000,0.0000000000,1040318.2994000003,-0.0470852497,1122939.1699000001,871747.3226648906
2014-11-24,991334.6524999994,0.0000000000,991334.6524999994,False,0.0000000000,0.0000000000,0.0000000000,0.0000000000,0.0000000000,1040318.2994000003,-0.0470852497,1122307.1699000001,887904.2294007327
2014-11-25,991334.6524999994,0.0000000000,991334.6524999994,False,0.0000000000,0.0000000000,0.0000000000,0.0000000000,0.0000000000,1040318.2994000003,-0.0470852497,1133817.1699000001,900075.3685169929
2014-11-26,991334.6524999994,0.0000000000,991334.6524999994,False,0.0000000000,0.0000000000,0.0000000000,0.0000000000,0.0000000000,1040318.2994000003,-0.0470852497,1151375.1699000001,912954.6211417454
2014-11-27,991334.6524999994,0.0000000000,991334.6524999994,False,0.0000000000,0.0000000000,0.0000000000,0.0000000000,0.0000000000,1040318.2994000003,-0.0470852497,1159240.1699000001,922121.5361155417
2014-11-28,991334.6524999994,0.0000000000,991334.6524999994,False,0.0000000000,0.0000000000,0.0000000000,0.0000000000,0.0000000000,1040318.2994000003,-0.0470852497,1222536.1699000001,940469.3881128074
2014-12-01,991334.6524999994,0.0000000000,991334.6524999994,False,0.0000000000,0.0000000000,0.0000000000,0.0000000000,0.0000000000,1040318.2994000003,-0.0470852497,1226639.1699000001,939533.4162971273
2014-12-02,991334.6524999994,0.0000000000,991334.6524999994,False,0.0000000000,0.0000000000,0.0000000000,0.0000000000,0.0000000000,1040318.2994000003,-0.0470852497,1278704.1699000001,968762.3788407270
2014-12-03,991334.6524999994,0.0000000000,991334.6524999994,False,0.0000000000,0.0000000000,0.0000000000,0.0000000000,0.0000000000,1040318.2994000003,-0.0470852497,1251707.1699000001,974364.1876851348
2014-12-04,991334.6524999994,0.0000000000,991334.6524999994,False,0.0000000000,0.0000000000,0.0000000000,0.0000000000,0.0000000000,1040318.2994000003,-0.0470852497,1296067.1699000001,1016409.3036299581
2014-12-05,991334.6524999994,0.0000000000,991334.6524999994,False,0.0000000000,0.0000000000,0.0000000000,0.0000000000,0.0000000000,1040318.2994000003,-0.0470852497,1379609.1699000001,1029796.8555553608
2014-12-08,991334.6524999994,0.0000000000,991334.6524999994,False,0.0000000000,0.0000000000,0.0000000000,0.0000000000,0.0000000000,1040318.2994000003,-0.0470852497,1406411.1699000001,1058755.8936427531
2014-12-09,991334.6524999994,0.0000000000,991334.6524999994,False,0.0000000000,0.0000000000,0.0000000000,0.0000000000,0.0000000000,1040318.2994000003,-0.0470852497,1294856.1699000001,1001268.9954954165
2014-12-10,991334.6524999994,0.0000000000,991334.6524999994,False,0.0000000000,0.0000000000,0.0000000000,0.0000000000,0.0000000000,1040318.2994000003,-0.0470852497,1316511.1699000001,1030624.1564860743
2014-12-11,991334.6524999994,0.0000000000,991334.6524999994,False,0.0000000000,0.0000000000,0.0000000000,0.0000000000,0.0000000000,1040318.2994000003,-0.0470852497,1292397.1699000001,1025621.7902651919
2014-12-12,991334.6524999994,0.0000000000,991334.6524999994,False,0.0000000000,0.0000000000,0.0000000000,0.0000000000,0.0000000000,1040318.2994000003,-0.0470852497,1290971.1699000001,1029979.1422011112
2014-12-15,991334.6524999994,0.0000000000,991334.6524999994,False,0.0000000000,0.0000000000,0.0000000000,0.0000000000,0.0000000000,1040318.2994000003,-0.0470852497,1271126.1699000001,1035325.0486389848
2014-12-16,991334.6524999994,0.0000000000,991334.6524999994,False,0.0000000000,0.0000000000,0.0000000000,0.0000000000,0.0000000000,1040318.2994000003,-0.0470852497,1314335.1699000001,1059197.5882074563
2014-12-17,991334.6524999994,0.0000000000,991334.6524999994,False,0.0000000000,0.0000000000,0.0000000000,0.0000000000,0.0000000000,1040318.2994000003,-0.0470852497,1367345.1699000001,1073044.3622596532
2014-12-18,991334.6524999994,0.0000000000,991334.6524999994,False,0.0000000000,0.0000000000,0.0000000000,0.0000000000,0.0000000000,1040318.2994000003,-0.0470852497,1336929.1699000001,1071817.4329132561
2014-12-19,991334.6524999994,0.0000000000,991334.6524999994,False,0.0000000000,0.0000000000,0.0000000000,0.0000000000,0.0000000000,1040318.2994000003,-0.0470852497,1371881.1699000001,1089723.5903458188
2014-12-22,991334.6524999994,0.0000000000,991334.6524999994,False,0.0000000000,0.0000000000,0.0000000000,0.0000000000,0.0000000000,1040318.2994000003,-0.0470852497,1473414.1699000001,1096331.4812542724
2014-12-23,991334.6524999994,0.0000000000,991334.6524999994,False,0.0000000000,0.0000000000,0.0000000000,0.0000000000,0.0000000000,1040318.2994000003,-0.0470852497,1410260.1699000001,1063085.2014793262
2014-12-24,991334.6524999994,0.0000000000,991334.6524999994,False,0.0000000000,0.0000000000,0.0000000000,0.0000000000,0.0000000000,1040318.2994000003,-0.0470852497,1357513.1699000001,1042024.0828703135
2014-12-25,991334.6524999994,0.0000000000,991334.6524999994,False,0.0000000000,0.0000000000,0.0000000000,0.0000000000,0.0000000000,1040318.2994000003,-0.0470852497,1410432.1699000001,1077082.7125655091
2014-12-26,991334.6524999994,0.0000000000,991334.6524999994,False,0.0000000000,0.0000000000,0.0000000000,0.0000000000,0.0000000000,1040318.2994000003,-0.0470852497,1447422.1699000001,1106900.6011953796
2014-12-29,991334.6524999994,0.0000000000,991334.6524999994,False,0.0000000000,0.0000000000,0.0000000000,0.0000000000,0.0000000000,1040318.2994000003,-0.0470852497,1444034.1699000001,1110553.3451352252
2014-12-30,991334.6524999994,0.0000000000,991334.6524999994,False,0.0000000000,0.0000000000,0.0000000000,0.0000000000,0.0000000000,1040318.2994000003,-0.0470852497,1474305.1699000001,1109778.6268907858
2014-12-31,991334.6524999994,0.0000000000,991334.6524999994,False,0.0000000000,0.0000000000,0.0000000000,0.0000000000,0.0000000000,1040318.2994000003,-0.0470852497,1524449.1699000001,1133921.0909154646
2015-01-05,991334.6524999994,0.0000000000,991334.6524999994,False,0.0000000000,0.0000000000,0.0000000000,0.0000000000,0.0000000000,1040318.2994000003,-0.0470852497,1583527.1699000001,1174528.9467687940
2015-01-06,991334.6524999994,0.0000000000,991334.6524999994,False,0.0000000000,0.0000000000,0.0000000000,0.0000000000,0.0000000000,1040318.2994000003,-0.0470852497,1596903.1699000001,1174854.9594236938
2015-01-07,991334.6524999994,0.0000000000,991334.6524999994,False,0.0000000000,0.0000000000,0.0000000000,0.0000000000,0.0000000000,1040318.2994000003,-0.0470852497,1575975.1699000001,1182742.3623648186
2015-01-08,991334.6524999994,0.0000000000,991334.6524999994,False,0.0000000000,0.0000000000,0.0000000000,0.0000000000,0.0000000000,1040318.2994000003,-0.0470852497,1517369.1699000001,1154526.4929101011
2015-01-09,991334.6524999994,0.0000000000,991334.6524999994,False,0.0000000000,0.0000000000,0.0000000000,0.0000000000,0.0000000000,1040318.2994000003,-0.0470852497,1536587.1699000001,1151704.5554133875
2015-01-12,991334.6524999994,0.0000000000,991334.6524999994,False,0.0000000000,0.0000000000,0.0000000000,0.0000000000,0.0000000000,1040318.2994000003,-0.0470852497,1511149.1699000001,1132042.1362592676
2015-01-13,991334.6524999994,0.0000000000,991334.6524999994,False,0.0000000000,0.0000000000,0.0000000000,0.0000000000,0.0000000000,1040318.2994000003,-0.0470852497,1509520.1699000001,1134138.4326853978
2015-01-14,991334.6524999994,0.0000000000,991334.6524999994,False,0.0000000000,0.0000000000,0.0000000000,0.0000000000,0.0000000000,1040318.2994000003,-0.0470852497,1539821.1699000001,1129630.3437154926
2015-01-15,991334.6524999994,0.0000000000,991334.6524999994,False,0.0000000000,0.0000000000,0.0000000000,0.0000000000,0.0000000000,1040318.2994000003,-0.0470852497,1597176.1699000001,1169600.1963086955
2015-01-16,991334.6524999994,0.0000000000,991334.6524999994,False,0.0000000000,0.0000000000,0.0000000000,0.0000000000,0.0000000000,1040318.2994000003,-0.0470852497,1621523.1699000001,1183636.2680314796
2015-01-19,991334.6524999994,0.0000000000,991334.6524999994,False,0.0000000000,0.0000000000,0.0000000000,0.0000000000,0.0000000000,1040318.2994000003,-0.0470852497,1480905.1699000001,1092440.3624699840
2015-01-20,521.4976999994,990187.0000000000,990708.4976999995,True,55300.0000000000,53100.0000000000,41600.0000000000,70200.0000000000,-0.0006316281,1040318.2994000003,-0.0476871374,1478324.1699000001,1112316.6178816189
2015-01-21,521.4976999994,1057155.0000000000,1057676.4976999995,True,55300.0000000000,53100.0000000000,41600.0000000000,70200.0000000000,0.0675960690,1057676.4976999995,0.0000000000,1565186.1699000001,1165095.6128512085
2015-01-22,1054217.9092999995,0.0000000000,1054217.9092999995,False,0.0000000000,0.0000000000,0.0000000000,0.0000000000,-0.0032699870,1057676.4976999995,-0.0032699870,1551463.1699000001,1172011.9888524704
2015-01-23,1054217.9092999995,0.0000000000,1054217.9092999995,False,0.0000000000,0.0000000000,0.0000000000,0.0000000000,0.0000000000,1057676.4976999995,-0.0032699870,1558830.1699000001,1174963.6303086604
2015-01-26,1054217.9092999995,0.0000000000,1054217.9092999995,False,0.0000000000,0.0000000000,0.0000000000,0.0000000000,0.0000000000,1057676.4976999995,-0.0032699870,1545226.1699000001,1185977.9503268891
2015-01-27,1054217.9092999995,0.0000000000,1054217.9092999995,False,0.0000000000,0.0000000000,0.0000000000,0.0000000000,0.0000000000,1057676.4976999995,-0.0032699870,1509411.1699000001,1175384.2917988535
2015-01-28,1054217.9092999995,0.0000000000,1054217.9092999995,False,0.0000000000,0.0000000000,0.0000000000,0.0000000000,0.0000000000,1057676.4976999995,-0.0032699870,1491512.1699000001,1158831.2621597461
2015-01-29,1054217.9092999995,0.0000000000,1054217.9092999995,False,0.0000000000,0.0000000000,0.0000000000,0.0000000000,0.0000000000,1057676.4976999995,-0.0032699870,1459966.1699000001,1143603.3162147477
2015-01-30,559.9066999995,1040794.0000000000,1041353.9066999995,True,59200.0000000000,57400.0000000000,44600.0000000000,74800.0000000000,-0.0122024133,1057676.4976999995,-0.0154324985,1453418.1699000001,1125395.6847142130
2015-02-02,559.9066999995,999596.0000000000,1000155.9066999995,True,59200.0000000000,57400.0000000000,44600.0000000000,74800.0000000000,-0.0395619585,1057676.4976999995,-0.0543839171,1403107.1699000001,1096629.4498098260
2015-02-03,559.9066999995,1025122.0000000000,1025681.9066999995,True,59200.0000000000,57400.0000000000,44600.0000000000,74800.0000000000,0.0255220209,1057676.4976999995,-0.0302498837,1434048.1699000001,1123485.1804462518
2015-02-04,559.9066999995,1004070.0000000000,1004629.9066999995,True,59200.0000000000,57400.0000000000,44600.0000000000,74800.0000000000,-0.0205248819,1057676.4976999995,-0.0501538903,1408614.1699000001,1112695.2132227928
2015-02-05,559.9066999995,996936.0000000000,997495.9066999995,True,59200.0000000000,57400.0000000000,44600.0000000000,74800.0000000000,-0.0071011225,1057676.4976999995,-0.0568988638,1399965.1699000001,1099514.4865300686
2015-02-06,559.9066999995,969922.0000000000,970481.9066999995,True,59200.0000000000,57400.0000000000,44600.0000000000,74800.0000000000,-0.0270818154,1057676.4976999995,-0.0824397547,1367387.1699000001,1078264.0702504688
2015-02-09,559.9066999995,973192.0000000000,973751.9066999995,True,59200.0000000000,57400.0000000000,44600.0000000000,74800.0000000000,0.0033694600,1057676.4976999995,-0.0793480721,1371478.1699000001,1084998.1596059804
2015-02-10,559.9066999995,986448.0000000000,987007.9066999995,True,59200.0000000000,57400.0000000000,44600.0000000000,74800.0000000000,0.0136133238,1057676.4976999995,-0.0668149393,1387379.1699000001,1101288.2758137169
2015-02-11,559.9066999995,981310.0000000000,981869.9066999995,True,59200.0000000000,57400.0000000000,44600.0000000000,74800.0000000000,-0.0052056321,1057676.4976999995,-0.0716727574,1381290.1699000001,1106935.6563195626
2015-02-12,559.9066999995,979652.0000000000,980211.9066999995,True,59200.0000000000,57400.0000000000,44600.0000000000,74800.0000000000,-0.0016886147,1057676.4976999995,-0.0732403444,1379095.1699000001,1112446.3218410951
2015-02-13,559.9066999995,995070.0000000000,995629.9066999995,True,59200.0000000000,57400.0000000000,44600.0000000000,74800.0000000000,0.0157292519,1057676.4976999995,-0.0586631084,1397154.1699000001,1123106.5851050776
2015-02-16,559.9066999995,990796.0000000000,991355.9066999995,True,59200.0000000000,57400.0000000000,44600.0000000000,74800.0000000000,-0.0042927598,1057676.4976999995,-0.0627040415,1392022.1699000001,1129602.2996161464
2015-02-17,991388.1532999994,0.0000000000,991388.1532999994,False,0.0000000000,0.0000000000,0.0000000000,0.0000000000,0.0000325278,1057676.4976999995,-0.0626735533,1399868.1699000001,1138208.3326030183
2015-02-25,991388.1532999994,0.0000000000,991388.1532999994,False,0.0000000000,0.0000000000,0.0000000000,0.0000000000,0.0000000000,1057676.4976999995,-0.0626735533,1390917.1699000001,1131873.8716631904
2015-02-26,991388.1532999994,0.0000000000,991388.1532999994,False,0.0000000000,0.0000000000,0.0000000000,0.0000000000,0.0000000000,1057676.4976999995,-0.0626735533,1416894.1699000001,1156244.1939950571
2015-02-27,991388.1532999994,0.0000000000,991388.1532999994,False,0.0000000000,0.0000000000,0.0000000000,0.0000000000,0.0000000000,1057676.4976999995,-0.0626735533,1413597.1699000001,1160429.7758224809
2015-03-02,991388.1532999994,0.0000000000,991388.1532999994,False,0.0000000000,0.0000000000,0.0000000000,0.0000000000,0.0000000000,1057676.4976999995,-0.0626735533,1417038.1699000001,1169537.0970851665
2015-03-03,991388.1532999994,0.0000000000,991388.1532999994,False,0.0000000000,0.0000000000,0.0000000000,0.0000000000,0.0000000000,1057676.4976999995,-0.0626735533,1374231.1699000001,1143866.2296461186
2015-03-04,991388.1532999994,0.0000000000,991388.1532999994,False,0.0000000000,0.0000000000,0.0000000000,0.0000000000,0.0000000000,1057676.4976999995,-0.0626735533,1364947.1699000001,1149643.3141114402
2015-03-05,991388.1532999994,0.0000000000,991388.1532999994,False,0.0000000000,0.0000000000,0.0000000000,0.0000000000,0.0000000000,1057676.4976999995,-0.0626735533,1336783.1699000001,1138758.6980526878
2015-03-06,991388.1532999994,0.0000000000,991388.1532999994,False,0.0000000000,0.0000000000,0.0000000000,0.0000000000,0.0000000000,1057676.4976999995,-0.0626735533,1343948.1699000001,1136203.1794997633
2015-03-09,991388.1532999994,0.0000000000,991388.1532999994,False,0.0000000000,0.0000000000,0.0000000000,0.0000000000,0.0000000000,1057676.4976999995,-0.0626735533,1399754.1699000001,1157663.9265244596
2015-03-10,991388.1532999994,0.0000000000,991388.1532999994,False,0.0000000000,0.0000000000,0.0000000000,0.0000000000,0.0000000000,1057676.4976999995,-0.0626735533,1370729.1699000001,1151935.9192329939
2015-03-11,991388.1532999994,0.0000000000,991388.1532999994,False,0.0000000000,0.0000000000,0.0000000000,0.0000000000,0.0000000000,1057676.4976999995,-0.0626735533,1384881.1699000001,1153629.0817310221
2015-03-12,991388.1532999994,0.0000000000,991388.1532999994,False,0.0000000000,0.0000000000,0.0000000000,0.0000000000,0.0000000000,1057676.4976999995,-0.0626735533,1424583.1699000001,1174108.2852786006
2015-03-13,991388.1532999994,0.0000000000,991388.1532999994,False,0.0000000000,0.0000000000,0.0000000000,0.0000000000,0.0000000000,1057676.4976999995,-0.0626735533,1420662.1699000001,1182377.7890733178
2015-03-16,991388.1532999994,0.0000000000,991388.1532999994,False,0.0000000000,0.0000000000,0.0000000000,0.0000000000,0.0000000000,1057676.4976999995,-0.0626735533,1431720.1699000001,1209156.3984365414
2015-03-17,991388.1532999994,0.0000000000,991388.1532999994,False,0.0000000000,0.0000000000,0.0000000000,0.0000000000,0.0000000000,1057676.4976999995,-0.0626735533,1442778.1699000001,1227928.4174364188
2015-03-18,991388.1532999994,0.0000000000,991388.1532999994,False,0.0000000000,0.0000000000,0.0000000000,0.0000000000,0.0000000000,1057676.4976999995,-0.0626735533,1478848.1699000001,1254026.9573904965
2015-03-19,991388.1532999994,0.0000000000,991388.1532999994,False,0.0000000000,0.0000000000,0.0000000000,0.0000000000,0.0000000000,1057676.4976999995,-0.0626735533,1464356.1699000001,1255769.1970623806
2015-03-20,991388.1532999994,0.0000000000,991388.1532999994,False,0.0000000000,0.0000000000,0.0000000000,0.0000000000,0.0000000000,1057676.4976999995,-0.0626735533,1485860.1699000001,1268056.0180884441
2015-03-23,991388.1532999994,0.0000000000,991388.1532999994,False,0.0000000000,0.0000000000,0.0000000000,0.0000000000,0.0000000000,1057676.4976999995,-0.0626735533,1502639.1699000001,1292738.3310255376
2015-03-24,991388.1532999994,0.0000000000,991388.1532999994,False,0.0000000000,0.0000000000,0.0000000000,0.0000000000,0.0000000000,1057676.4976999995,-0.0626735533,1512763.1699000001,1294028.3595954638
2015-03-25,991388.1532999994,0.0000000000,991388.1532999994,False,0.0000000000,0.0000000000,0.0000000000,0.0000000000,0.0000000000,1057676.4976999995,-0.0626735533,1478459.1699000001,1283273.4474961876
2015-03-26,991388.1532999994,0.0000000000,991388.1532999994,False,0.0000000000,0.0000000000,0.0000000000,0.0000000000,0.0000000000,1057676.4976999995,-0.0626735533,1481934.1699000001,1290761.2220216289
2015-03-27,991388.1532999994,0.0000000000,991388.1532999994,False,0.0000000000,0.0000000000,0.0000000000,0.0000000000,0.0000000000,1057676.4976999995,-0.0626735533,1481713.1699000001,1293918.2865055299
2015-03-30,991388.1532999994,0.0000000000,991388.1532999994,False,0.0000000000,0.0000000000,0.0000000000,0.0000000000,0.0000000000,1057676.4976999995,-0.0626735533,1524998.1699000001,1327386.8157677948
2015-03-31,991388.1532999994,0.0000000000,991388.1532999994,False,0.0000000000,0.0000000000,0.0000000000,0.0000000000,0.0000000000,1057676.4976999995,-0.0626735533,1503897.1699000001,1313830.9992463149
2015-04-01,991388.1532999994,0.0000000000,991388.1532999994,False,0.0000000000,0.0000000000,0.0000000000,0.0000000000,0.0000000000,1057676.4976999995,-0.0626735533,1512539.1699000001,1335701.8912239496
2015-04-02,991388.1532999994,0.0000000000,991388.1532999994,False,0.0000000000,0.0000000000,0.0000000000,0.0000000000,0.0000000000,1057676.4976999995,-0.0626735533,1500430.1699000001,1341131.9299598618
2015-04-03,991388.1532999994,0.0000000000,991388.1532999994,False,0.0000000000,0.0000000000,0.0000000000,0.0000000000,0.0000000000,1057676.4976999995,-0.0626735533,1503854.1699000001,1354505.4598355915
2015-04-07,991388.1532999994,0.0000000000,991388.1532999994,False,0.0000000000,0.0000000000,0.0000000000,0.0000000000,0.0000000000,1057676.4976999995,-0.0626735533,1538138.1699000001,1388666.6783517080
2015-04-08,991388.1532999994,0.0000000000,991388.1532999994,False,0.0000000000,0.0000000000,0.0000000000,0.0000000000,0.0000000000,1057676.4976999995,-0.0626735533,1553168.1699000001,1400385.6063660106
2015-04-09,991388.1532999994,0.0000000000,991388.1532999994,False,0.0000000000,0.0000000000,0.0000000000,0.0000000000,0.0000000000,1057676.4976999995,-0.0626735533,1546823.1699000001,1387317.0560706712
2015-04-10,991388.1532999994,0.0000000000,991388.1532999994,False,0.0000000000,0.0000000000,0.0000000000,0.0000000000,0.0000000000,1057676.4976999995,-0.0626735533,1566003.1699000001,1414232.3804182075
2015-04-13,991388.1532999994,0.0000000000,991388.1532999994,False,0.0000000000,0.0000000000,0.0000000000,0.0000000000,0.0000000000,1057676.4976999995,-0.0626735533,1623266.1699000001,1444870.5589539551
2015-04-14,991388.1532999994,0.0000000000,991388.1532999994,False,0.0000000000,0.0000000000,0.0000000000,0.0000000000,0.0000000000,1057676.4976999995,-0.0626735533,1609040.1699000001,1449725.6936532699
2015-04-15,991388.1532999994,0.0000000000,991388.1532999994,False,0.0000000000,0.0000000000,0.0000000000,0.0000000000,0.0000000000,1057676.4976999995,-0.0626735533,1635016.1699000001,1431707.3598233222
2015-04-16,991388.1532999994,0.0000000000,991388.1532999994,False,0.0000000000,0.0000000000,0.0000000000,0.0000000000,0.0000000000,1057676.4976999995,-0.0626735533,1668309.1699000001,1470499.3602439833
2015-04-17,991388.1532999994,0.0000000000,991388.1532999994,False,0.0000000000,0.0000000000,0.0000000000,0.0000000000,0.0000000000,1057676.4976999995,-0.0626735533,1684580.1699000001,1502918.3390882162
2015-04-20,991388.1532999994,0.0000000000,991388.1532999994,False,0.0000000000,0.0000000000,0.0000000000,0.0000000000,0.0000000000,1057676.4976999995,-0.0626735533,1630669.1699000001,1478302.6308870700
2015-04-21,991388.1532999994,0.0000000000,991388.1532999994,False,0.0000000000,0.0000000000,0.0000000000,0.0000000000,0.0000000000,1057676.4976999995,-0.0626735533,1642445.1699000001,1505133.8229365677
2015-04-22,991388.1532999994,0.0000000000,991388.1532999994,False,0.0000000000,0.0000000000,0.0000000000,0.0000000000,0.0000000000,1057676.4976999995,-0.0626735533,1662846.1699000001,1541896.1316670463
2015-04-23,991388.1532999994,0.0000000000,991388.1532999994,False,0.0000000000,0.0000000000,0.0000000000,0.0000000000,0.0000000000,1057676.4976999995,-0.0626735533,1647679.1699000001,1547511.9625611273
2015-04-24,991388.1532999994,0.0000000000,991388.1532999994,False,0.0000000000,0.0000000000,0.0000000000,0.0000000000,0.0000000000,1057676.4976999995,-0.0626735533,1609405.1699000001,1540213.4857062730
2015-04-27,991388.1532999994,0.0000000000,991388.1532999994,False,0.0000000000,0.0000000000,0.0000000000,0.0000000000,0.0000000000,1057676.4976999995,-0.0626735533,1652991.1699000001,1587085.6922510648
2015-04-28,991388.1532999994,0.0000000000,991388.1532999994,False,0.0000000000,0.0000000000,0.0000000000,0.0000000000,0.0000000000,1057676.4976999995,-0.0626735533,1699399.1699000001,1569140.9741819010
2015-04-29,991388.1532999994,0.0000000000,991388.1532999994,False,0.0000000000,0.0000000000,0.0000000000,0.0000000000,0.0000000000,1057676.4976999995,-0.0626735533,1668940.1699000001,1569284.7001910503
2015-04-30,991388.1532999994,0.0000000000,991388.1532999994,False,0.0000000000,0.0000000000,0.0000000000,0.0000000000,0.0000000000,1057676.4976999995,-0.0626735533,1639247.1699000001,1557025.9232643330
2015-05-04,991388.1532999994,0.0000000000,991388.1532999994,False,0.0000000000,0.0000000000,0.0000000000,0.0000000000,0.0000000000,1057676.4976999995,-0.0626735533,1639051.1699000001,1570630.8169596691
2015-05-05,991388.1532999994,0.0000000000,991388.1532999994,False,0.0000000000,0.0000000000,0.0000000000,0.0000000000,0.0000000000,1057676.4976999995,-0.0626735533,1570138.1699000001,1506918.1287574710
2015-05-06,991388.1532999994,0.0000000000,991388.1532999994,False,0.0000000000,0.0000000000,0.0000000000,0.0000000000,0.0000000000,1057676.4976999995,-0.0626735533,1556012.1699000001,1482575.8505249505
2015-05-07,892.0935999994,976006.0000000000,976898.0935999994,True,55100.0000000000,48300.0000000000,38100.0000000000,66600.0000000000,-0.0146159298,1057676.4976999995,-0.0763734509,1534424.1699000001,1441540.3221565911
2015-05-08,892.0935999994,989071.0000000000,989963.0935999994,True,55100.0000000000,48300.0000000000,38100.0000000000,66600.0000000000,0.0133739641,1057676.4976999995,-0.0640209027,1552160.1699000001,1474390.4790282720
2015-05-11,892.0935999994,1001436.0000000000,1002328.0935999994,True,55100.0000000000,48300.0000000000,38100.0000000000,66600.0000000000,0.0124903646,1057676.4976999995,-0.0523301825,1569086.1699000001,1519141.8505600055
2015-05-12,1002486.3261999993,0.0000000000,1002486.3261999993,False,0.0000000000,0.0000000000,0.0000000000,0.0000000000,0.0001578651,1057676.4976999995,-0.0521805785,1572588.1699000001,1542853.1365572363
2015-05-13,1002486.3261999993,0.0000000000,1002486.3261999993,False,0.0000000000,0.0000000000,0.0000000000,0.0000000000,0.0000000000,1057676.4976999995,-0.0521805785,1570232.1699000001,1533928.1019403010
2015-05-14,1002486.3261999993,0.0000000000,1002486.3261999993,False,0.0000000000,0.0000000000,0.0000000000,0.0000000000,0.0000000000,1057676.4976999995,-0.0521805785,1563529.1699000001,1534822.0076069620
2015-05-15,1002486.3261999993,0.0000000000,1002486.3261999993,False,0.0000000000,0.0000000000,0.0000000000,0.0000000000,0.0000000000,1057676.4976999995,-0.0521805785,1538284.1699000001,1510416.6301509123
2015-05-18,520.8266999993,992450.0000000000,992970.8266999993,True,56900.0000000000,49800.0000000000,39300.0000000000,69000.0000000000,-0.0094918995,1057676.4976999995,-0.0611771852,1513962.1699000001,1501582.7388568523
2015-05-19,520.8266999993,1020496.0000000000,1021016.8266999993,True,56900.0000000000,49800.0000000000,39300.0000000000,69000.0000000000,0.0282445357,1057676.4976999995,-0.0346605707,1550878.1699000001,1548577.6383362839
2015-05-20,1020475.1600999992,0.0000000000,1020475.1600999992,False,0.0000000000,0.0000000000,0.0000000000,0.0000000000,-0.0005305168,1057676.4976999995,-0.0351726995,1548452.1699000001,1558652.4810264141
2015-05-21,1020475.1600999992,0.0000000000,1020475.1600999992,False,0.0000000000,0.0000000000,0.0000000000,0.0000000000,0.0000000000,1057676.4976999995,-0.0351726995,1550458.1699000001,1587793.8057595568
2015-05-22,1020475.1600999992,0.0000000000,1020475.1600999992,False,0.0000000000,0.0000000000,0.0000000000,0.0000000000,0.0000000000,1057676.4976999995,-0.0351726995,1588125.1699000001,1632727.4639370409
2015-05-25,1020475.1600999992,0.0000000000,1020475.1600999992,False,0.0000000000,0.0000000000,0.0000000000,0.0000000000,0.0000000000,1057676.4976999995,-0.0351726995,1620292.1699000001,1687483.5679105392
2015-05-26,1020475.1600999992,0.0000000000,1020475.1600999992,False,0.0000000000,0.0000000000,0.0000000000,0.0000000000,0.0000000000,1057676.4976999995,-0.0351726995,1623076.1699000001,1721522.0934920162
2015-05-27,1020475.1600999992,0.0000000000,1020475.1600999992,False,0.0000000000,0.0000000000,0.0000000000,0.0000000000,0.0000000000,1057676.4976999995,-0.0351726995,1608987.1699000001,1732322.5772527298
2015-05-28,1020475.1600999992,0.0000000000,1020475.1600999992,False,0.0000000000,0.0000000000,0.0000000000,0.0000000000,0.0000000000,1057676.4976999995,-0.0351726995,1532021.1699000001,1619641.3860796101
2015-05-29,1020475.1600999992,0.0000000000,1020475.1600999992,False,0.0000000000,0.0000000000,0.0000000000,0.0000000000,0.0000000000,1057676.4976999995,-0.0351726995,1524130.1699000001,1616651.1839868191
2015-06-01,1020475.1600999992,0.0000000000,1020475.1600999992,False,0.0000000000,0.0000000000,0.0000000000,0.0000000000,0.0000000000,1057676.4976999995,-0.0351726995,1576050.1699000001,1692720.8034634462
2015-06-02,1020475.1600999992,0.0000000000,1020475.1600999992,False,0.0000000000,0.0000000000,0.0000000000,0.0000000000,0.0000000000,1057676.4976999995,-0.0351726995,1571268.1699000001,1721392.3895325398
2015-06-03,1020475.1600999992,0.0000000000,1020475.1600999992,False,0.0000000000,0.0000000000,0.0000000000,0.0000000000,0.0000000000,1057676.4976999995,-0.0351726995,1567776.1699000001,1721199.5863495346
2015-06-04,1020475.1600999992,0.0000000000,1020475.1600999992,False,0.0000000000,0.0000000000,0.0000000000,0.0000000000,0.0000000000,1057676.4976999995,-0.0351726995,1618564.1699000001,1734212.0484461815
2015-06-05,1020475.1600999992,0.0000000000,1020475.1600999992,False,0.0000000000,0.0000000000,0.0000000000,0.0000000000,0.0000000000,1057676.4976999995,-0.0351726995,1615003.1699000001,1760853.9428250925
2015-06-08,1020475.1600999992,0.0000000000,1020475.1600999992,False,0.0000000000,0.0000000000,0.0000000000,0.0000000000,0.0000000000,1057676.4976999995,-0.0351726995,1720582.1699000001,1798986.9069111177
2015-06-09,1020475.1600999992,0.0000000000,1020475.1600999992,False,0.0000000000,0.0000000000,0.0000000000,0.0000000000,0.0000000000,1057676.4976999995,-0.0351726995,1709901.1699000001,1792554.2916235779
2015-06-10,1020475.1600999992,0.0000000000,1020475.1600999992,False,0.0000000000,0.0000000000,0.0000000000,0.0000000000,0.0000000000,1057676.4976999995,-0.0351726995,1683759.1699000001,1789928.6628222880
2015-06-11,1020475.1600999992,0.0000000000,1020475.1600999992,False,0.0000000000,0.0000000000,0.0000000000,0.0000000000,0.0000000000,1057676.4976999995,-0.0351726995,1663806.1699000001,1795379.7346327100
2015-06-12,1020475.1600999992,0.0000000000,1020475.1600999992,False,0.0000000000,0.0000000000,0.0000000000,0.0000000000,0.0000000000,1057676.4976999995,-0.0351726995,1675935.1699000001,1811070.4082169211
2015-06-15,1020475.1600999992,0.0000000000,1020475.1600999992,False,0.0000000000,0.0000000000,0.0000000000,0.0000000000,0.0000000000,1057676.4976999995,-0.0351726995,1637413.1699000001,1774837.4318616022
2015-06-16,1020475.1600999992,0.0000000000,1020475.1600999992,False,0.0000000000,0.0000000000,0.0000000000,0.0000000000,0.0000000000,1057676.4976999995,-0.0351726995,1614192.1699000001,1713294.6558463182
2015-06-17,1020475.1600999992,0.0000000000,1020475.1600999992,False,0.0000000000,0.0000000000,0.0000000000,0.0000000000,0.0000000000,1057676.4976999995,-0.0351726995,1639318.1699000001,1741503.5142761993
2015-06-18,1020475.1600999992,0.0000000000,1020475.1600999992,False,0.0000000000,0.0000000000,0.0000000000,0.0000000000,0.0000000000,1057676.4976999995,-0.0351726995,1584390.1699000001,1677513.8905929574
2015-06-19,187.1654999991,987039.0000000000,987226.1654999992,True,54500.0000000000,50200.0000000000,38400.0000000000,68900.0000000000,-0.0325818755,1057676.4976999995,-0.0666085824,1527184.1699000001,1569894.6593518306
2015-06-23,187.1654999991,1025646.0000000000,1025833.1654999992,True,54500.0000000000,50200.0000000000,38400.0000000000,68900.0000000000,0.0391065405,1057676.4976999995,-0.0301068732,1578608.1699000001,1604294.2527123902
2015-06-24,187.1654999991,1043139.0000000000,1043326.1654999992,True,54500.0000000000,50200.0000000000,38400.0000000000,68900.0000000000,0.0170524805,1057676.4976999995,-0.0135677896,1602571.1699000001,1644137.9068585350
2015-06-25,187.1654999991,1029149.0000000000,1029336.1654999992,True,54500.0000000000,50200.0000000000,38400.0000000000,68900.0000000000,-0.0134090378,1057676.4976999995,-0.0267948964,1583896.1699000001,1587218.9017229592
2015-06-26,187.1654999991,988930.0000000000,989117.1654999992,True,54500.0000000000,50200.0000000000,38400.0000000000,68900.0000000000,-0.0390727552,1057676.4976999995,-0.0648207012,1529798.1699000001,1469815.7853224194
2015-06-29,187.1654999991,1001148.0000000000,1001335.1654999992,True,54500.0000000000,50200.0000000000,38400.0000000000,68900.0000000000,0.0123524294,1057676.4976999995,-0.0532689649,1545877.1699000001,1420794.6996652235
2015-06-30,187.1654999991,1060972.0000000000,1061159.1654999992,True,54500.0000000000,50200.0000000000,38400.0000000000,68900.0000000000,0.0597442316,1061159.1654999992,0.0000000000,1627024.1699000001,1499384.7825705924
2015-07-01,11745.5654999991,1011550.0000000000,1023295.5654999991,True,54500.0000000000,50200.0000000000,38400.0000000000,68900.0000000000,-0.0356813579,1061159.1654999992,-0.0356813579,1575815.9698999999,1421029.5689972481
2015-07-02,11745.5654999991,1053136.0000000000,1064881.5654999991,True,54500.0000000000,50200.0000000000,38400.0000000000,68900.0000000000,0.0406392849,1064881.5654999991,0.0000000000,1630685.9698999999,1371626.3824864598
2015-07-03,22100.5654999991,993007.0000000000,1015107.5654999991,True,54500.0000000000,50200.0000000000,38400.0000000000,68900.0000000000,-0.0467413482,1064881.5654999991,-0.0467413482,1562556.9698999999,1292454.3845196571
2015-07-06,22100.5654999991,1084398.0000000000,1106498.5654999991,True,54500.0000000000,50200.0000000000,38400.0000000000,68900.0000000000,0.0900308530,1106498.5654999991,0.0000000000,1684429.9698999999,1323649.9395299107
2015-07-07,34921.6454999991,1152619.0000000000,1187540.6454999992,True,54500.0000000000,50200.0000000000,38400.0000000000,68900.0000000000,0.0732419205,1187540.6454999992,0.0000000000,1795207.0299000000,1306546.5444411337
2015-07-08,34921.6454999991,1112682.0000000000,1147603.6454999992,True,54500.0000000000,50200.0000000000,38400.0000000000,68900.0000000000,-0.0336300068,1187540.6454999992,-0.0336300068,1742949.0299000000,1229449.8098259512
2015-07-09,34921.6454999991,1140209.0000000000,1175130.6454999992,True,54500.0000000000,50200.0000000000,38400.0000000000,68900.0000000000,0.0239865045,1187540.6454999992,-0.0104501686,1779737.0299000000,1300310.2378490176
2015-07-10,47461.4454999991,1124367.0000000000,1171828.4454999992,True,54500.0000000000,50200.0000000000,38400.0000000000,68900.0000000000,-0.0028100705,1187540.6454999992,-0.0132308735,1775550.8299000000,1359367.6055597425
2015-07-13,47461.4454999991,1071213.0000000000,1118674.4454999992,True,54500.0000000000,50200.0000000000,38400.0000000000,68900.0000000000,-0.0453598820,1187540.6454999992,-0.0579906046,1704413.8299000000,1391825.1450405763
2015-07-14,47461.4454999991,1056464.0000000000,1103925.4454999992,True,54500.0000000000,50200.0000000000,38400.0000000000,68900.0000000000,-0.0131843541,1187540.6454999992,-0.0704103900,1685316.8299000000,1375734.8430406814
2015-07-15,47461.4454999991,1078623.0000000000,1126084.4454999992,True,54500.0000000000,50200.0000000000,38400.0000000000,68900.0000000000,0.0200729135,1187540.6454999992,-0.0517508182,1714829.8299000000,1334092.8610239602
2015-07-16,47461.4454999991,1062271.0000000000,1109732.4454999992,True,54500.0000000000,50200.0000000000,38400.0000000000,68900.0000000000,-0.0145211135,1187540.6454999992,-0.0655204521,1692520.8299000000,1340220.4967311097
2015-07-17,47461.4454999991,1058115.0000000000,1105576.4454999992,True,54500.0000000000,50200.0000000000,38400.0000000000,68900.0000000000,-0.0037450469,1187540.6454999992,-0.0690201218,1686779.8299000000,1387253.9568471422
2015-07-20,47461.4454999991,1051575.0000000000,1099036.4454999992,True,54500.0000000000,50200.0000000000,38400.0000000000,68900.0000000000,-0.0059154661,1187540.6454999992,-0.0745273017,1678147.8299000000,1399439.1180130756
2015-07-21,47461.4454999991,1040304.0000000000,1087765.4454999992,True,54500.0000000000,50200.0000000000,38400.0000000000,68900.0000000000,-0.0102553469,1187540.6454999992,-0.0840183453,1662620.8299000000,1408402.7132666118
2015-07-22,1081250.7699999991,0.0000000000,1081250.7699999991,False,0.0000000000,0.0000000000,0.0000000000,0.0000000000,-0.0059890444,1187540.6454999992,-0.0895042000,1652270.8299000000,1411333.3216482918
2015-07-23,1081250.7699999991,0.0000000000,1081250.7699999991,False,0.0000000000,0.0000000000,0.0000000000,0.0000000000,0.0000000000,1187540.6454999992,-0.0895042000,1662158.8299000000,1445645.2771983945
2015-07-24,1081250.7699999991,0.0000000000,1081250.7699999991,False,0.0000000000,0.0000000000,0.0000000000,0.0000000000,0.0000000000,1187540.6454999992,-0.0895042000,1646907.8299000000,1427062.5558691041
2015-07-27,1081250.7699999991,0.0000000000,1081250.7699999991,False,0.0000000000,0.0000000000,0.0000000000,0.0000000000,0.0000000000,1187540.6454999992,-0.0895042000,1551757.8299000000,1305999.6845038824
2015-07-28,826.7399999991,1113231.0000000000,1114057.7399999991,True,60000.0000000000,56700.0000000000,46100.0000000000,79900.0000000000,0.0303416848,1187540.6454999992,-0.0618782235,1569400.8299000000,1284069.1988151367
2015-07-29,826.7399999991,1112870.0000000000,1113696.7399999991,True,60000.0000000000,56700.0000000000,46100.0000000000,79900.0000000000,-0.0003240407,1187540.6454999992,-0.0621822131,1568492.8299000000,1328298.2489965470
2015-07-30,826.7399999991,1093235.0000000000,1094061.7399999991,True,60000.0000000000,56700.0000000000,46100.0000000000,79900.0000000000,-0.0176304727,1187540.6454999992,-0.0787163840,1545297.8299000000,1299062.2754281107
2015-07-31,826.7399999991,1094161.0000000000,1094987.7399999991,True,60000.0000000000,56700.0000000000,46100.0000000000,79900.0000000000,0.0008463873,1187540.6454999992,-0.0779366212,1545625.8299000000,1284325.1012216711
2015-08-03,826.7399999991,1108937.0000000000,1109763.7399999991,True,60000.0000000000,56700.0000000000,46100.0000000000,79900.0000000000,0.0134942150,1187540.6454999992,-0.0654940998,1562624.8299000000,1270015.5995302612
2015-08-04,826.7399999991,1111536.0000000000,1112362.7399999991,True,60000.0000000000,56700.0000000000,46100.0000000000,79900.0000000000,0.0023419399,1187540.6454999992,-0.0633055431,1565870.8299000000,1316859.7619757068
2015-08-05,826.7399999991,1091715.0000000000,1092541.7399999991,True,60000.0000000000,56700.0000000000,46100.0000000000,79900.0000000000,-0.0178188277,1187540.6454999992,-0.0799963402,1542437.8299000000,1295136.1015196396
2015-08-06,826.7399999991,1085906.0000000000,1086732.7399999991,True,60000.0000000000,56700.0000000000,46100.0000000000,79900.0000000000,-0.0053169593,1187540.6454999992,-0.0848879623,1535511.8299000000,1283557.3940020683
2015-08-07,826.7399999991,1092849.0000000000,1093675.7399999991,True,60000.0000000000,56700.0000000000,46100.0000000000,79900.0000000000,0.0063888753,1187540.6454999992,-0.0790414255,1543615.8299000000,1312537.4651639704
2015-08-10,826.7399999991,1113250.0000000000,1114076.7399999991,True,60000.0000000000,56700.0000000000,46100.0000000000,79900.0000000000,0.0186536093,1187540.6454999992,-0.0618622241,1567569.8299000000,1377112.5094210645
2015-08-11,1107215.5622999992,0.0000000000,1107215.5622999992,False,0.0000000000,0.0000000000,0.0000000000,0.0000000000,-0.0061586222,1187540.6454999992,-0.0676398602,1554965.8299000000,1376933.7282877325
2015-08-12,1107215.5622999992,0.0000000000,1107215.5622999992,False,0.0000000000,0.0000000000,0.0000000000,0.0000000000,0.0000000000,1187540.6454999992,-0.0676398602,1536861.8299000000,1362354.3021401153
2015-08-13,1107215.5622999992,0.0000000000,1107215.5622999992,False,0.0000000000,0.0000000000,0.0000000000,0.0000000000,0.0000000000,1187540.6454999992,-0.0676398602,1538518.8299000000,1386275.9188824426
2015-08-14,1107215.5622999992,0.0000000000,1107215.5622999992,False,0.0000000000,0.0000000000,0.0000000000,0.0000000000,0.0000000000,1187540.6454999992,-0.0676398602,1532310.8299000000,1390051.3557569277
2015-08-17,1107215.5622999992,0.0000000000,1107215.5622999992,False,0.0000000000,0.0000000000,0.0000000000,0.0000000000,0.0000000000,1187540.6454999992,-0.0676398602,1520594.8299000000,1399985.9779503269
2015-08-18,1107215.5622999992,0.0000000000,1107215.5622999992,False,0.0000000000,0.0000000000,0.0000000000,0.0000000000,0.0000000000,1187540.6454999992,-0.0676398602,1494506.8299000000,1313922.1425691901
2015-08-19,599.6770999992,1102122.0000000000,1102721.6770999993,True,65700.0000000000,60000.0000000000,48400.0000000000,83100.0000000000,-0.0040587266,1187540.6454999992,-0.0714240550,1481790.8299000000,1330029.9721311762
2015-08-20,599.6770999992,1094558.0000000000,1095157.6770999993,True,65700.0000000000,60000.0000000000,48400.0000000000,83100.0000000000,-0.0068593918,1187540.6454999992,-0.0777935212,1473430.8299000000,1284521.4099170945
2015-08-21,599.6770999992,1086179.0000000000,1086778.6770999993,True,65700.0000000000,60000.0000000000,48400.0000000000,83100.0000000000,-0.0076509531,1187540.6454999992,-0.0848492797,1464078.8299000000,1229642.6130089567
2015-08-24,599.6770999992,984403.0000000000,985002.6770999993,True,65700.0000000000,60000.0000000000,48400.0000000000,83100.0000000000,-0.0936492426,1187540.6454999992,-0.1705524515,1352548.8299000000,1125237.9366553905
2015-08-25,599.6770999992,913027.0000000000,913626.6770999993,True,65700.0000000000,60000.0000000000,48400.0000000000,83100.0000000000,-0.0724627472,1187540.6454999992,-0.2306564996,1273233.8299000000,1039373.9154820956
2015-08-26,599.6770999992,952891.0000000000,953490.6770999993,True,65700.0000000000,60000.0000000000,48400.0000000000,83100.0000000000,0.0436327014,1187540.6454999992,-0.1970879643,1317093.8299000000,1026165.1446900250
2015-08-27,599.6770999992,1006387.0000000000,1006986.6770999993,True,65700.0000000000,60000.0000000000,48400.0000000000,83100.0000000000,0.0561054253,1187540.6454999992,-0.1520402431,1376196.8299000000,1080956.3037877062
2015-08-28,599.6770999992,1008280.0000000000,1008879.6770999993,True,65700.0000000000,60000.0000000000,48400.0000000000,83100.0000000000,0.0018798660,1187540.6454999992,-0.1504461924,1378424.8299000000,1133104.3065220057
2015-08-31,599.6770999992,1003699.0000000000,1004298.6770999993,True,65700.0000000000,60000.0000000000,48400.0000000000,83100.0000000000,-0.0045406802,1187540.6454999992,-0.1543037445,1373497.8299000000,1123863.7757874257
2015-09-01,599.6770999992,1070689.0000000000,1071288.6770999993,True,65700.0000000000,60000.0000000000,48400.0000000000,83100.0000000000,0.0667032642,1187540.6454999992,-0.0978930438,1446540.8299000000,1110062.5733966662
2015-09-02,599.6770999992,1142143.0000000000,1142742.6770999993,True,65700.0000000000,60000.0000000000,48400.0000000000,83100.0000000000,0.0666991088,1187540.6454999992,-0.0377233138,1523515.8299000000,1107801.5178868771
2015-09-07,599.6770999992,1052004.0000000000,1052603.6770999993,True,65700.0000000000,60000.0000000000,48400.0000000000,83100.0000000000,-0.0788795254,1187540.6454999992,-0.1136272421,1425205.8299000000,1079845.0563511122
2015-09-08,599.6770999992,1057999.0000000000,1058598.6770999993,True,65700.0000000000,60000.0000000000,48400.0000000000,83100.0000000000,0.0056954010,1187540.6454999992,-0.1085789938,1432148.8299000000,1111405.1846528666
2015-09-09,599.6770999992,1062427.0000000000,1063026.6770999993,True,65700.0000000000,60000.0000000000,48400.0000000000,83100.0000000000,0.0041828883,1187540.6454999992,-0.1048502793,1437178.8299000000,1136869.2268592361
2015-09-10,599.6770999992,1062563.0000000000,1063162.6770999993,True,65700.0000000000,60000.0000000000,48400.0000000000,83100.0000000000,0.0001279366,1187540.6454999992,-0.1047357569,1437563.8299000000,1121024.3107286207
2015-09-11,599.6770999992,1050167.0000000000,1050766.6770999993,True,65700.0000000000,60000.0000000000,48400.0000000000,83100.0000000000,-0.0116595515,1187540.6454999992,-0.1151741365,1423779.8299000000,1121844.6006344978
2015-09-14,599.6770999992,1058955.0000000000,1059554.6770999993,True,65700.0000000000,60000.0000000000,48400.0000000000,83100.0000000000,0.0083634171,1187540.6454999992,-0.1077739687,1432846.8299000000,1091897.0080451509
2015-09-15,599.6770999992,1058567.0000000000,1059166.6770999993,True,65700.0000000000,60000.0000000000,48400.0000000000,83100.0000000000,-0.0003661916,1187540.6454999992,-0.1081006944,1432212.8299000000,1053466.0754035721
2015-09-16,599.6770999992,1062221.0000000000,1062820.6770999993,True,65700.0000000000,60000.0000000000,48400.0000000000,83100.0000000000,0.0034498819,1187540.6454999992,-0.1050237471,1436483.8299000000,1105028.6575640193
2015-09-17,599.6770999992,1052318.0000000000,1052917.6770999993,True,65700.0000000000,60000.0000000000,48400.0000000000,83100.0000000000,-0.0093176584,1187540.6454999992,-0.1133628301,1425329.8299000000,1081822.1653550207
2015-09-18,599.6770999992,1044348.0000000000,1044947.6770999993,True,65700.0000000000,60000.0000000000,48400.0000000000,83100.0000000000,-0.0075694427,1187540.6454999992,-0.1200741793,1416884.8299000000,1085979.7030830982
2015-09-21,599.6770999992,1037809.0000000000,1038408.6770999993,True,65700.0000000000,60000.0000000000,48400.0000000000,83100.0000000000,-0.0062577296,1187540.6454999992,-0.1255805172,1409780.8299000000,1106529.0168790421
2015-09-22,1036576.1545999992,0.0000000000,1036576.1545999992,False,0.0000000000,0.0000000000,0.0000000000,0.0000000000,-0.0017647411,1187540.6454999992,-0.1271236412,1416526.8299000000,1116723.0469913939
2015-09-23,1036576.1545999992,0.0000000000,1036576.1545999992,False,0.0000000000,0.0000000000,0.0000000000,0.0000000000,0.0000000000,1187540.6454999992,-0.1271236412,1396270.8299000000,1092279.1088987433
2015-09-24,693.4829999992,1031030.0000000000,1031723.4829999992,True,68100.0000000000,59100.0000000000,48700.0000000000,83500.0000000000,-0.0046814424,1187540.6454999992,-0.1312099616,1393486.8299000000,1101673.8821797275
2015-09-25,1027986.2639999993,0.0000000000,1027986.2639999993,False,0.0000000000,0.0000000000,0.0000000000,0.0000000000,-0.0036223068,1187540.6454999992,-0.1343569857,1404228.8299000000,1084027.1326661175
2015-09-28,837.2116999993,1021844.0000000000,1022681.2116999993,True,67600.0000000000,58200.0000000000,48400.0000000000,83100.0000000000,-0.0051606257,1187540.6454999992,-0.1388242452,1392829.8299000000,1086975.2686098891
2015-09-29,837.2116999993,1004917.0000000000,1005754.2116999993,True,67600.0000000000,58200.0000000000,48400.0000000000,83100.0000000000,-0.0165515899,1187540.6454999992,-0.1530780731,1374144.8299000000,1065023.7498466338
2015-09-30,837.2116999993,1005401.0000000000,1006238.2116999993,True,67600.0000000000,58200.0000000000,48400.0000000000,83100.0000000000,0.0004812309,1187540.6454999992,-0.1526705082,1374682.8299000000,1070155.8200269924
2015-10-08,837.2116999993,1021944.0000000000,1022781.2116999993,True,67600.0000000000,58200.0000000000,48400.0000000000,83100.0000000000,0.0164404410,1187540.6454999992,-0.1387400376,1392905.8299000000,1101908.7515117521
2015-10-09,1024257.0340999993,0.0000000000,1024257.0340999993,False,0.0000000000,0.0000000000,0.0000000000,0.0000000000,0.0014429502,1187540.6454999992,-0.1374972823,1401068.8299000000,1115857.1854240794
2015-10-12,1024257.0340999993,0.0000000000,1024257.0340999993,False,0.0000000000,0.0000000000,0.0000000000,0.0000000000,0.0000000000,1187540.6454999992,-0.1374972823,1422664.8299000000,1152493.2957075001
2015-10-13,1024257.0340999993,0.0000000000,1024257.0340999993,False,0.0000000000,0.0000000000,0.0000000000,0.0000000000,0.0000000000,1187540.6454999992,-0.1374972823,1413869.8299000000,1154445.8661244807
2015-10-14,1024257.0340999993,0.0000000000,1024257.0340999993,False,0.0000000000,0.0000000000,0.0000000000,0.0000000000,0.0000000000,1187540.6454999992,-0.1374972823,1407953.8299000000,1143652.3933886036
2015-10-15,1024257.0340999993,0.0000000000,1024257.0340999993,False,0.0000000000,0.0000000000,0.0000000000,0.0000000000,0.0000000000,1187540.6454999992,-0.1374972823,1420608.8299000000,1170164.5838080382
2015-10-16,1024257.0340999993,0.0000000000,1024257.0340999993,False,0.0000000000,0.0000000000,0.0000000000,0.0000000000,0.0000000000,1187540.6454999992,-0.1374972823,1426057.8299000000,1188841.9539726218
2015-10-19,1024257.0340999993,0.0000000000,1024257.0340999993,False,0.0000000000,0.0000000000,0.0000000000,0.0000000000,0.0000000000,1187540.6454999992,-0.1374972823,1424298.8299000000,1187211.8906981228
2015-10-20,1024257.0340999993,0.0000000000,1024257.0340999993,False,0.0000000000,0.0000000000,0.0000000000,0.0000000000,0.0000000000,1187540.6454999992,-0.1374972823,1426364.8299000000,1200753.6851699296
2015-10-21,1024257.0340999993,0.0000000000,1024257.0340999993,False,0.0000000000,0.0000000000,0.0000000000,0.0000000000,0.0000000000,1187540.6454999992,-0.1374972823,1457266.8299000000,1164068.4977126531
2015-10-22,1024257.0340999993,0.0000000000,1024257.0340999993,False,0.0000000000,0.0000000000,0.0000000000,0.0000000000,0.0000000000,1187540.6454999992,-0.1374972823,1441673.8299000000,1180915.9903948959
2015-10-23,1024257.0340999993,0.0000000000,1024257.0340999993,False,0.0000000000,0.0000000000,0.0000000000,0.0000000000,0.0000000000,1187540.6454999992,-0.1374972823,1442101.8299000000,1196231.5741503513
2015-10-26,1024257.0340999993,0.0000000000,1024257.0340999993,False,0.0000000000,0.0000000000,0.0000000000,0.0000000000,0.0000000000,1187540.6454999992,-0.1374972823,1443936.8299000000,1202243.5279476978
2015-10-27,1024257.0340999993,0.0000000000,1024257.0340999993,False,0.0000000000,0.0000000000,0.0000000000,0.0000000000,0.0000000000,1187540.6454999992,-0.1374972823,1437881.8299000000,1203912.1518587980
2015-10-28,1024257.0340999993,0.0000000000,1024257.0340999993,False,0.0000000000,0.0000000000,0.0000000000,0.0000000000,0.0000000000,1187540.6454999992,-0.1374972823,1434320.8299000000,1183180.5514171033
2015-10-29,1024257.0340999993,0.0000000000,1024257.0340999993,False,0.0000000000,0.0000000000,0.0000000000,0.0000000000,0.0000000000,1187540.6454999992,-0.1374972823,1428599.8299000000,1187425.7269556378
2015-10-30,1024257.0340999993,0.0000000000,1024257.0340999993,False,0.0000000000,0.0000000000,0.0000000000,0.0000000000,0.0000000000,1187540.6454999992,-0.1374972823,1428180.8299000000,1185760.6085569558
2015-11-02,1024257.0340999993,0.0000000000,1024257.0340999993,False,0.0000000000,0.0000000000,0.0000000000,0.0000000000,0.0000000000,1187540.6454999992,-0.1374972823,1417421.8299000000,1165610.9231766954
2015-11-03,1024257.0340999993,0.0000000000,1024257.0340999993,False,0.0000000000,0.0000000000,0.0000000000,0.0000000000,0.0000000000,1187540.6454999992,-0.1374972823,1401624.8299000000,1162673.3037701785
2015-11-04,405.9708999993,1052840.0000000000,1053245.9708999994,True,67200.0000000000,57600.0000000000,47800.0000000000,83400.0000000000,0.0283024044,1187540.6454999992,-0.1130863816,1433989.8299000000,1212781.0982770405
2015-11-05,1046350.4730999994,0.0000000000,1046350.4730999994,False,0.0000000000,0.0000000000,0.0000000000,0.0000000000,-0.0065469017,1187540.6454999992,-0.1188929178,1456311.8299000000,1234928.9257357193
2015-11-06,1046350.4730999994,0.0000000000,1046350.4730999994,False,0.0000000000,0.0000000000,0.0000000000,0.0000000000,0.0000000000,1187540.6454999992,-0.1188929178,1460359.8299000000,1258489.4746989640
2015-11-09,1046350.4730999994,0.0000000000,1046350.4730999994,False,0.0000000000,0.0000000000,0.0000000000,0.0000000000,0.0000000000,1187540.6454999992,-0.1188929178,1509231.8299000000,1278418.3127968730
2015-11-10,1046350.4730999994,0.0000000000,1046350.4730999994,False,0.0000000000,0.0000000000,0.0000000000,0.0000000000,0.0000000000,1187540.6454999992,-0.1188929178,1495586.8299000000,1276178.2903615935
2015-11-11,1046350.4730999994,0.0000000000,1046350.4730999994,False,0.0000000000,0.0000000000,0.0000000000,0.0000000000,0.0000000000,1187540.6454999992,-0.1188929178,1485406.8299000000,1279599.6704818327
2015-11-12,1046350.4730999994,0.0000000000,1046350.4730999994,False,0.0000000000,0.0000000000,0.0000000000,0.0000000000,0.0000000000,1187540.6454999992,-0.1188929178,1469480.8299000000,1273517.6064361208
2015-11-13,1046350.4730999994,0.0000000000,1046350.4730999994,False,0.0000000000,0.0000000000,0.0000000000,0.0000000000,0.0000000000,1187540.6454999992,-0.1188929178,1459122.8299000000,1255267.9087865669
2015-11-16,1046350.4730999994,0.0000000000,1046350.4730999994,False,0.0000000000,0.0000000000,0.0000000000,0.0000000000,0.0000000000,1187540.6454999992,-0.1188929178,1466790.8299000000,1264424.3072231084
2015-11-17,1046350.4730999994,0.0000000000,1046350.4730999994,False,0.0000000000,0.0000000000,0.0000000000,0.0000000000,0.0000000000,1187540.6454999992,-0.1188929178,1470752.8299000000,1263663.6110283420
2015-11-18,1046350.4730999994,0.0000000000,1046350.4730999994,False,0.0000000000,0.0000000000,0.0000000000,0.0000000000,0.0000000000,1187540.6454999992,-0.1188929178,1473049.8299000000,1250931.5899251574
2015-11-19,1046350.4730999994,0.0000000000,1046350.4730999994,False,0.0000000000,0.0000000000,0.0000000000,0.0000000000,0.0000000000,1187540.6454999992,-0.1188929178,1473955.8299000000,1267964.8747655689
2015-11-20,1046350.4730999994,0.0000000000,1046350.4730999994,False,0.0000000000,0.0000000000,0.0000000000,0.0000000000,0.0000000000,1187540.6454999992,-0.1188929178,1469531.8299000000,1272676.2834557341
2015-11-23,1046350.4730999994,0.0000000000,1046350.4730999994,False,0.0000000000,0.0000000000,0.0000000000,0.0000000000,0.0000000000,1187540.6454999992,-0.1188929178,1462605.8299000000,1265598.6538832313
2015-11-24,1046350.4730999994,0.0000000000,1046350.4730999994,False,0.0000000000,0.0000000000,0.0000000000,0.0000000000,0.0000000000,1187540.6454999992,-0.1188929178,1463153.8299000000,1267631.8510858323
2015-11-25,1046350.4730999994,0.0000000000,1046350.4730999994,False,0.0000000000,0.0000000000,0.0000000000,0.0000000000,0.0000000000,1187540.6454999992,-0.1188929178,1473452.8299000000,1278786.3916007923
2015-11-26,1046350.4730999994,0.0000000000,1046350.4730999994,False,0.0000000000,0.0000000000,0.0000000000,0.0000000000,0.0000000000,1187540.6454999992,-0.1188929178,1473460.8299000000,1274446.5672269643
2015-11-27,1046350.4730999994,0.0000000000,1046350.4730999994,False,0.0000000000,0.0000000000,0.0000000000,0.0000000000,0.0000000000,1187540.6454999992,-0.1188929178,1444511.8299000000,1204599.2322927804
2015-11-30,530.8212999993,1064546.0000000000,1065076.8212999993,True,66000.0000000000,57200.0000000000,46100.0000000000,83500.0000000000,0.0178968220,1187540.6454999992,-0.1031239012,1465353.8299000000,1207792.7541058315
2015-12-01,530.8212999993,1047948.0000000000,1048478.8212999993,True,66000.0000000000,57200.0000000000,46100.0000000000,83500.0000000000,-0.0155838524,1187540.6454999992,-0.1171006860,1446650.8299000000,1211613.7626417542
2015-12-02,530.8212999993,1091160.0000000000,1091690.8212999993,True,66000.0000000000,57200.0000000000,46100.0000000000,83500.0000000000,0.0412139941,1187540.6454999992,-0.0807128788,1495299.8299000000,1239868.1927330727
2015-12-03,530.8212999993,1127298.0000000000,1127828.8212999993,True,66000.0000000000,57200.0000000000,46100.0000000000,83500.0000000000,0.0331027790,1187540.6454999992,-0.0502819204,1535999.8299000000,1256663.1027290414
2015-12-04,530.8212999993,1091489.0000000000,1092019.8212999993,True,66000.0000000000,57200.0000000000,46100.0000000000,83500.0000000000,-0.0317503856,1187540.6454999992,-0.0804358357,1495707.8299000000,1235689.6219304856
2015-12-07,530.8212999993,1081202.0000000000,1081732.8212999993,True,66000.0000000000,57200.0000000000,46100.0000000000,83500.0000000000,-0.0094201587,1187540.6454999992,-0.0890982760,1484050.8299000000,1239875.2037579094
2015-12-08,530.8212999993,1065334.0000000000,1065864.8212999993,True,66000.0000000000,57200.0000000000,46100.0000000000,83500.0000000000,-0.0146690566,1187540.6454999992,-0.1024603450,1466066.8299000000,1216437.3477293043
2015-12-09,530.8212999993,1075358.0000000000,1075888.8212999993,True,66000.0000000000,57200.0000000000,46100.0000000000,83500.0000000000,0.0094045697,1187540.6454999992,-0.0940193707,1477373.8299000000,1217268.1541724361
2015-12-10,530.8212999993,1068475.0000000000,1069005.8212999993,True,66000.0000000000,57200.0000000000,46100.0000000000,83500.0000000000,-0.0063975012,1187540.6454999992,-0.0998153829,1469738.8299000000,1211329.8161358736
2015-12-11,530.8212999993,1062124.0000000000,1062654.8212999993,True,66000.0000000000,57200.0000000000,46100.0000000000,83500.0000000000,-0.0059410341,1187540.6454999992,-0.1051634103,1462487.8299000000,1203996.2841568366
2015-12-14,530.8212999993,1078762.0000000000,1079292.8212999993,True,66000.0000000000,57200.0000000000,46100.0000000000,83500.0000000000,0.0156570127,1187540.6454999992,-0.0911529425,1481248.8299000000,1234175.2405657896
2015-12-15,530.8212999993,1064914.0000000000,1065444.8212999993,True,66000.0000000000,57200.0000000000,46100.0000000000,83500.0000000000,-0.0128306237,1187540.6454999992,-0.1028140171,1465629.8299000000,1230557.5517501270
2015-12-16,530.8212999993,1064342.0000000000,1064872.8212999993,True,66000.0000000000,57200.0000000000,46100.0000000000,83500.0000000000,-0.0005368650,1187540.6454999992,-0.1032956848,1465040.8299000000,1232604.7710024011
2015-12-17,530.8212999993,1072387.0000000000,1072917.8212999993,True,66000.0000000000,57200.0000000000,46100.0000000000,83500.0000000000,0.0075548928,1187540.6454999992,-0.0965211798,1474083.8299000000,1254973.4457434316
2015-12-18,1067704.6893999991,0.0000000000,1067704.6893999991,False,0.0000000000,0.0000000000,0.0000000000,0.0000000000,-0.0048588362,1187540.6454999992,-0.1009110354,1477943.8299000000,1254608.8724519305
2015-12-21,1067704.6893999991,0.0000000000,1067704.6893999991,False,0.0000000000,0.0000000000,0.0000000000,0.0000000000,0.0000000000,1187540.6454999992,-0.1009110354,1493339.8299000000,1276872.3818204126
2015-12-22,1067704.6893999991,0.0000000000,1067704.6893999991,False,0.0000000000,0.0000000000,0.0000000000,0.0000000000,0.0000000000,1187540.6454999992,-0.1009110354,1487702.8299000000,1280132.5083694109
2015-12-23,1067704.6893999991,0.0000000000,1067704.6893999991,False,0.0000000000,0.0000000000,0.0000000000,0.0000000000,0.0000000000,1187540.6454999992,-0.1009110354,1487070.8299000000,1274635.8648975512
2015-12-24,1067704.6893999991,0.0000000000,1067704.6893999991,False,0.0000000000,0.0000000000,0.0000000000,0.0000000000,0.0000000000,1187540.6454999992,-0.1009110354,1482476.8299000000,1266362.8555904159
2015-12-25,1067704.6893999991,0.0000000000,1067704.6893999991,False,0.0000000000,0.0000000000,0.0000000000,0.0000000000,0.0000000000,1187540.6454999992,-0.1009110354,1481537.8299000000,1271768.3557394003
2015-12-28,1067704.6893999991,0.0000000000,1067704.6893999991,False,0.0000000000,0.0000000000,0.0000000000,0.0000000000,0.0000000000,1187540.6454999992,-0.1009110354,1461898.8299000000,1238770.9673461518
2015-12-29,715.6886999992,1073705.0000000000,1074420.6886999991,True,66500.0000000000,58100.0000000000,46200.0000000000,83100.0000000000,0.0062901281,1187540.6454999992,-0.0952556506,1469446.8299000000,1249273.4825513118
2015-12-30,1071614.7077999990,0.0000000000,1071614.7077999990,False,0.0000000000,0.0000000000,0.0000000000,0.0000000000,-0.0026116222,1187540.6454999992,-0.0976185010,1467200.8299000000,1252477.5209016178
2015-12-31,1071614.7077999990,0.0000000000,1071614.7077999990,False,0.0000000000,0.0000000000,0.0000000000,0.0000000000,0.0000000000,1187540.6454999992,-0.0976185010,1463357.8299000000,1240663.9440520217
2016-01-04,601.5001999991,1036412.0000000000,1037013.5001999991,True,66800.0000000000,58400.0000000000,46400.0000000000,82600.0000000000,-0.0322888510,1187540.6454999992,-0.1267553627,1425459.8299000000,1155648.2568839500
2016-01-05,601.5001999991,1038824.0000000000,1039425.5001999991,True,66800.0000000000,58400.0000000000,46400.0000000000,82600.0000000000,0.0023259099,1187540.6454999992,-0.1247242744,1428010.8299000000,1152510.8232695914
2016-01-06,601.5001999991,1047600.0000000000,1048201.5001999991,True,66800.0000000000,58400.0000000000,46400.0000000000,82600.0000000000,0.0084431256,1187540.6454999992,-0.1173342115,1437779.8299000000,1178497.1868262843
2016-01-07,601.5001999991,1023506.0000000000,1024107.5001999991,True,66800.0000000000,58400.0000000000,46400.0000000000,82600.0000000000,-0.0229860385,1187540.6454999992,-0.1376232013,1410734.8299000000,1095472.6307117944
2016-01-08,601.5001999991,1032376.0000000000,1032977.5001999991,True,66800.0000000000,58400.0000000000,46400.0000000000,82600.0000000000,0.0086612001,1187540.6454999992,-0.1301539833,1420655.8299000000,1116999.9824724379
2016-01-11,601.5001999991,997262.0000000000,997863.5001999991,True,66800.0000000000,58400.0000000000,46400.0000000000,82600.0000000000,-0.0339929960,1187540.6454999992,-0.1597226554,1381389.8299000000,1057507.9312218463
2016-01-12,601.5001999991,997838.0000000000,998439.5001999991,True,66800.0000000000,58400.0000000000,46400.0000000000,82600.0000000000,0.0005772333,1187540.6454999992,-0.1592376194,1381993.8299000000,1059667.3268715055
2016-01-13,601.5001999991,989256.0000000000,989857.5001999991,True,66800.0000000000,58400.0000000000,46400.0000000000,82600.0000000000,-0.0085954131,1187540.6454999992,-0.1664643194,1372265.8299000000,1033985.9428952027
2016-01-14,601.5001999991,990972.0000000000,991573.5001999991,True,66800.0000000000,58400.0000000000,46400.0000000000,82600.0000000000,0.0017335829,1187540.6454999992,-0.1650193162,1374161.8299000000,1054335.4424833050
2016-01-15,601.5001999991,969254.0000000000,969855.5001999991,True,66800.0000000000,58400.0000000000,46400.0000000000,82600.0000000000,-0.0219025619,1187540.6454999992,-0.1833075324,1349839.8299000000,1016938.6360051180
2016-01-18,601.5001999991,963262.0000000000,963863.5001999991,True,66800.0000000000,58400.0000000000,46400.0000000000,82600.0000000000,-0.0061782400,1187540.6454999992,-0.1883532544,1343255.8299000000,1021450.2304874414
2016-01-19,601.5001999991,979850.0000000000,980451.5001999991,True,66800.0000000000,58400.0000000000,46400.0000000000,82600.0000000000,0.0172099058,1187540.6454999992,-0.1743848904,1361846.8299000000,1054366.9920950695
2016-01-20,601.5001999991,971306.0000000000,971907.5001999991,True,66800.0000000000,58400.0000000000,46400.0000000000,82600.0000000000,-0.0087143525,1187540.6454999992,-0.1815795915,1352237.8299000000,1043482.3760363171
2016-01-21,601.5001999991,961862.0000000000,962463.5001999991,True,66800.0000000000,58400.0000000000,46400.0000000000,82600.0000000000,-0.0097169741,1187540.6454999992,-0.1895321614,1341699.8299000000,1009755.8410600669
2016-01-22,601.5001999991,968114.0000000000,968715.5001999991,True,66800.0000000000,58400.0000000000,46400.0000000000,82600.0000000000,0.0064958307,1187540.6454999992,-0.1842674995,1348547.8299000000,1022403.7298652130
2016-01-25,601.5001999991,968132.0000000000,968733.5001999991,True,66800.0000000000,58400.0000000000,46400.0000000000,82600.0000000000,0.0000185813,1187540.6454999992,-0.1842523421,1348504.8299000000,1030098.3296233327
2016-01-26,601.5001999991,924342.0000000000,924943.5001999991,True,66800.0000000000,58400.0000000000,46400.0000000000,82600.0000000000,-0.0452033506,1187540.6454999992,-0.2211268695,1299444.8299000000,963942.2992655952
2016-01-27,601.5001999991,922902.0000000000,923503.5001999991,True,66800.0000000000,58400.0000000000,46400.0000000000,82600.0000000000,-0.0015568519,1187540.6454999992,-0.2223394595,1297521.8299000000,958953.9550943859
2016-01-28,601.5001999991,908374.0000000000,908975.5001999991,True,66800.0000000000,58400.0000000000,46400.0000000000,82600.0000000000,-0.0157313968,1187540.6454999992,-0.2345731461,1281313.8299000000,930944.9108723467
2016-01-29,601.5001999991,924694.0000000000,925295.5001999991,True,66800.0000000000,58400.0000000000,46400.0000000000,82600.0000000000,0.0179542793,1187540.6454999992,-0.2208304586,1299612.8299000000,959669.0796277146
2016-02-01,601.5001999991,908032.0000000000,908633.5001999991,True,66800.0000000000,58400.0000000000,46400.0000000000,82600.0000000000,-0.0180072204,1187540.6454999992,-0.2348611362,1281031.8299000000,942579.7065886105
2016-02-02,601.5001999991,914248.0000000000,914849.5001999991,True,66800.0000000000,58400.0000000000,46400.0000000000,82600.0000000000,0.0068410421,1187540.6454999992,-0.2296267891,1288008.8299000000,963865.1779923930
2016-02-03,601.5001999991,904284.0000000000,904885.5001999991,True,66800.0000000000,58400.0000000000,46400.0000000000,82600.0000000000,-0.0108914089,1187540.6454999992,-0.2380172387,1276899.8299000000,960247.4891767304
2016-02-04,601.5001999991,908422.0000000000,909023.5001999991,True,66800.0000000000,58400.0000000000,46400.0000000000,82600.0000000000,0.0045729543,1187540.6454999992,-0.2345327264,1281579.8299000000,974890.0145478765
2016-02-05,601.5001999991,905416.0000000000,906017.5001999991,True,66800.0000000000,58400.0000000000,46400.0000000000,82600.0000000000,-0.0033068452,1187540.6454999992,-0.2370640082,1278206.8299000000,968744.8512786357
2016-02-15,601.5001999991,894014.0000000000,894615.5001999991,True,66800.0000000000,58400.0000000000,46400.0000000000,82600.0000000000,-0.0125847459,1187540.6454999992,-0.2466653638,1265422.8299000000,962683.8203074334
2016-02-16,601.5001999991,914600.0000000000,915201.5001999991,True,66800.0000000000,58400.0000000000,46400.0000000000,82600.0000000000,0.0230110030,1187540.6454999992,-0.2293303781,1288437.8299000000,994363.1360314094
2016-02-17,911631.6193999990,0.0000000000,911631.6193999990,False,0.0000000000,0.0000000000,0.0000000000,0.0000000000,-0.0039006501,1187540.6454999992,-0.2323364907,1291434.8299000000,1005149.5977424500
2016-02-18,911631.6193999990,0.0000000000,911631.6193999990,False,0.0000000000,0.0000000000,0.0000000000,0.0000000000,0.0000000000,1187540.6454999992,-0.2323364907,1291305.8299000000,1003589.6447163164
2016-02-19,911631.6193999990,0.0000000000,911631.6193999990,False,0.0000000000,0.0000000000,0.0000000000,0.0000000000,0.0000000000,1187540.6454999992,-0.2323364907,1284688.8299000000,1002583.5626522707
2016-02-22,911631.6193999990,0.0000000000,911631.6193999990,False,0.0000000000,0.0000000000,0.0000000000,0.0000000000,0.0000000000,1187540.6454999992,-0.2323364907,1303142.8299000000,1026126.5840534240
2016-02-23,911631.6193999990,0.0000000000,911631.6193999990,False,0.0000000000,0.0000000000,0.0000000000,0.0000000000,0.0000000000,1187540.6454999992,-0.2323364907,1292962.8299000000,1017765.9369358316
2016-02-24,911631.6193999990,0.0000000000,911631.6193999990,False,0.0000000000,0.0000000000,0.0000000000,0.0000000000,0.0000000000,1187540.6454999992,-0.2323364907,1292962.8299000000,1026729.5321893678
2016-02-25,911631.6193999990,0.0000000000,911631.6193999990,False,0.0000000000,0.0000000000,0.0000000000,0.0000000000,0.0000000000,1187540.6454999992,-0.2323364907,1267136.8299000000,960948.5916603860
2016-02-26,615.3964999990,915855.0000000000,916470.3964999990,True,72500.0000000000,56800.0000000000,49600.0000000000,77700.0000000000,0.0053078206,1187540.6454999992,-0.2282618705,1276478.8299000000,970048.9018982350
2016-02-29,615.3964999990,915740.0000000000,916355.3964999990,True,72500.0000000000,56800.0000000000,49600.0000000000,77700.0000000000,-0.0001254814,1187540.6454999992,-0.2283587093,1276580.8299000000,942274.7270082204
2016-03-01,615.3964999990,919899.0000000000,920514.3964999990,True,72500.0000000000,56800.0000000000,49600.0000000000,77700.0000000000,0.0045386321,1187540.6454999992,-0.2248565133,1281039.8299000000,958116.1376264176
2016-03-02,615.3964999990,939903.0000000000,940518.3964999990,True,72500.0000000000,56800.0000000000,49600.0000000000,77700.0000000000,0.0217313277,1187540.6454999992,-0.2080116162,1302993.8299000000,998958.8628117715
2016-03-03,937229.2135999990,0.0000000000,937229.2135999990,False,0.0000000000,0.0000000000,0.0000000000,0.0000000000,-0.0034972021,1187540.6454999992,-0.2107813597,1309064.8299000000,1002492.4193293954
2016-03-04,937229.2135999990,0.0000000000,937229.2135999990,False,0.0000000000,0.0000000000,0.0000000000,0.0000000000,0.0000000000,1187540.6454999992,-0.2107813597,1347156.8299000000,1007536.8516992971
2016-03-07,937229.2135999990,0.0000000000,937229.2135999990,False,0.0000000000,0.0000000000,0.0000000000,0.0000000000,0.0000000000,1187540.6454999992,-0.2107813597,1341717.8299000000,1015666.1349972832
2016-03-08,937229.2135999990,0.0000000000,937229.2135999990,False,0.0000000000,0.0000000000,0.0000000000,0.0000000000,0.0000000000,1187540.6454999992,-0.2107813597,1343766.8299000000,1017085.8675266857
2016-03-09,937229.2135999990,0.0000000000,937229.2135999990,False,0.0000000000,0.0000000000,0.0000000000,0.0000000000,0.0000000000,1187540.6454999992,-0.2107813597,1352526.8299000000,1003473.9628065132
2016-03-10,937229.2135999990,0.0000000000,937229.2135999990,False,0.0000000000,0.0000000000,0.0000000000,0.0000000000,0.0000000000,1187540.6454999992,-0.2107813597,1334901.8299000000,983201.5844916131
2016-03-11,510.2821999990,947758.0000000000,948268.2821999990,True,70300.0000000000,54400.0000000000,49300.0000000000,74600.0000000000,0.0117784086,1187540.6454999992,-0.2014856201,1343680.8299000000,985157.6604210120
2016-03-14,510.2821999990,947554.0000000000,948064.2821999990,True,70300.0000000000,54400.0000000000,49300.0000000000,74600.0000000000,-0.0002151290,1187540.6454999992,-0.2016574036,1343476.8299000000,1002401.2760065203
2016-03-15,945796.8100999990,0.0000000000,945796.8100999990,False,0.0000000000,0.0000000000,0.0000000000,0.0000000000,-0.0023916860,1187540.6454999992,-0.2035667885,1340120.8299000000,1004108.4605542215
2016-03-16,945796.8100999990,0.0000000000,945796.8100999990,False,0.0000000000,0.0000000000,0.0000000000,0.0000000000,0.0000000000,1187540.6454999992,-0.2035667885,1356592.8299000000,1006232.8010796978
2016-03-17,945796.8100999990,0.0000000000,945796.8100999990,False,0.0000000000,0.0000000000,0.0000000000,0.0000000000,0.0000000000,1187540.6454999992,-0.2035667885,1350838.8299000000,1018291.7637985732
2016-03-18,945796.8100999990,0.0000000000,945796.8100999990,False,0.0000000000,0.0000000000,0.0000000000,0.0000000000,0.0000000000,1187540.6454999992,-0.2035667885,1351828.8299000000,1035931.5022873469
2016-03-21,945796.8100999990,0.0000000000,945796.8100999990,False,0.0000000000,0.0000000000,0.0000000000,0.0000000000,0.0000000000,1187540.6454999992,-0.2035667885,1353630.8299000000,1058244.0888296845
2016-03-22,945796.8100999990,0.0000000000,945796.8100999990,False,0.0000000000,0.0000000000,0.0000000000,0.0000000000,0.0000000000,1187540.6454999992,-0.2035667885,1346790.8299000000,1051429.3726885528
2016-03-23,945796.8100999990,0.0000000000,945796.8100999990,False,0.0000000000,0.0000000000,0.0000000000,0.0000000000,0.0000000000,1187540.6454999992,-0.2035667885,1346072.8299000000,1055145.2158519272
2016-03-24,945796.8100999990,0.0000000000,945796.8100999990,False,0.0000000000,0.0000000000,0.0000000000,0.0000000000,0.0000000000,1187540.6454999992,-0.2035667885,1336072.8299000000,1037971.7105147844
2016-03-25,945796.8100999990,0.0000000000,945796.8100999990,False,0.0000000000,0.0000000000,0.0000000000,0.0000000000,0.0000000000,1187540.6454999992,-0.2035667885,1338557.8299000000,1044442.8864389252
2016-03-28,945796.8100999990,0.0000000000,945796.8100999990,False,0.0000000000,0.0000000000,0.0000000000,0.0000000000,0.0000000000,1187540.6454999992,-0.2035667885,1336951.8299000000,1036867.4741030270
2016-03-29,945796.8100999990,0.0000000000,945796.8100999990,False,0.0000000000,0.0000000000,0.0000000000,0.0000000000,0.0000000000,1187540.6454999992,-0.2035667885,1332699.8299000000,1023550.0324259899
2016-03-30,945796.8100999990,0.0000000000,945796.8100999990,False,0.0000000000,0.0000000000,0.0000000000,0.0000000000,0.0000000000,1187540.6454999992,-0.2035667885,1350973.8299000000,1051881.5837905107
2016-03-31,945796.8100999990,0.0000000000,945796.8100999990,False,0.0000000000,0.0000000000,0.0000000000,0.0000000000,0.0000000000,1187540.6454999992,-0.2035667885,1346516.8299000000,1053027.8863512874
2016-04-01,945796.8100999990,0.0000000000,945796.8100999990,False,0.0000000000,0.0000000000,0.0000000000,0.0000000000,0.0000000000,1187540.6454999992,-0.2035667885,1347336.8299000000,1054994.4788179412
2016-04-05,945796.8100999990,0.0000000000,945796.8100999990,False,0.0000000000,0.0000000000,0.0000000000,0.0000000000,0.0000000000,1187540.6454999992,-0.2035667885,1351529.8299000000,1070257.4798871225
2016-04-06,945796.8100999990,0.0000000000,945796.8100999990,False,0.0000000000,0.0000000000,0.0000000000,0.0000000000,0.0000000000,1187540.6454999992,-0.2035667885,1345100.8299000000,1069388.1128073896
2016-04-07,945796.8100999990,0.0000000000,945796.8100999990,False,0.0000000000,0.0000000000,0.0000000000,0.0000000000,0.0000000000,1187540.6454999992,-0.2035667885,1335689.8299000000,1054605.3669395123
2016-04-08,945796.8100999990,0.0000000000,945796.8100999990,False,0.0000000000,0.0000000000,0.0000000000,0.0000000000,0.0000000000,1187540.6454999992,-0.2035667885,1333075.8299000000,1046381.4348062328
2016-04-11,945796.8100999990,0.0000000000,945796.8100999990,False,0.0000000000,0.0000000000,0.0000000000,0.0000000000,0.0000000000,1187540.6454999992,-0.2035667885,1340240.8299000000,1063558.4456557937
2016-04-12,945796.8100999990,0.0000000000,945796.8100999990,False,0.0000000000,0.0000000000,0.0000000000,0.0000000000,0.0000000000,1187540.6454999992,-0.2035667885,1337636.8299000000,1059944.2623525492
2016-04-13,945796.8100999990,0.0000000000,945796.8100999990,False,0.0000000000,0.0000000000,0.0000000000,0.0000000000,0.0000000000,1187540.6454999992,-0.2035667885,1347268.8299000000,1075014.4602387254
2016-04-14,945796.8100999990,0.0000000000,945796.8100999990,False,0.0000000000,0.0000000000,0.0000000000,0.0000000000,0.0000000000,1187540.6454999992,-0.2035667885,1347217.8299000000,1080525.1257602579
2016-04-15,945796.8100999990,0.0000000000,945796.8100999990,False,0.0000000000,0.0000000000,0.0000000000,0.0000000000,0.0000000000,1187540.6454999992,-0.2035667885,1345689.8299000000,1079038.7884949083
2016-04-18,945796.8100999990,0.0000000000,945796.8100999990,False,0.0000000000,0.0000000000,0.0000000000,0.0000000000,0.0000000000,1187540.6454999992,-0.2035667885,1338225.8299000000,1063453.2802832453
2016-04-19,945796.8100999990,0.0000000000,945796.8100999990,False,0.0000000000,0.0000000000,0.0000000000,0.0000000000,0.0000000000,1187540.6454999992,-0.2035667885,1337456.8299000000,1066664.3296583877
2016-04-20,945796.8100999990,0.0000000000,945796.8100999990,False,0.0000000000,0.0000000000,0.0000000000,0.0000000000,0.0000000000,1187540.6454999992,-0.2035667885,1329736.8299000000,1042041.6104324049
2016-04-21,254.2323999989,945969.0000000000,946223.2323999989,True,70700.0000000000,55500.0000000000,50400.0000000000,75500.0000000000,0.0004508604,1187540.6454999992,-0.2032077083,1325432.8299000000,1035139.2564808161
2016-04-22,254.2323999989,947580.0000000000,947834.2323999989,True,70700.0000000000,55500.0000000000,50400.0000000000,75500.0000000000,0.0017025581,1187540.6454999992,-0.2018511232,1327439.8299000000,1037365.2568664224
2016-04-25,254.2323999989,946521.0000000000,946775.2323999989,True,70700.0000000000,55500.0000000000,50400.0000000000,75500.0000000000,-0.0011172840,1187540.6454999992,-0.2027428821,1326312.8299000000,1032958.8277566473
2016-04-26,254.2323999989,948287.0000000000,948541.2323999989,True,70700.0000000000,55500.0000000000,50400.0000000000,75500.0000000000,0.0018652790,1187540.6454999992,-0.2012557751,1328208.8299000000,1039279.2666468021
2016-04-27,254.2323999989,945817.0000000000,946071.2323999989,True,70700.0000000000,55500.0000000000,50400.0000000000,75500.0000000000,-0.0026039986,1187540.6454999992,-0.2033357039,1325424.8299000000,1035412.6864494417
2016-04-28,254.2323999989,948994.0000000000,949248.2323999989,True,70700.0000000000,55500.0000000000,50400.0000000000,75500.0000000000,0.0033580981,1187540.6454999992,-0.2006604271,1328977.8299000000,1032580.2324154733
2016-04-29,254.2323999989,945211.0000000000,945465.2323999989,True,70700.0000000000,55500.0000000000,50400.0000000000,75500.0000000000,-0.0039852589,1187540.6454999992,-0.2038460023,1324784.8299000000,1030031.7248873854
2016-05-03,254.2323999989,951765.0000000000,952019.2323999989,True,70700.0000000000,55500.0000000000,50400.0000000000,75500.0000000000,0.0069320370,1187540.6454999992,-0.1983270333,1332068.8299000000,1049073.6683434700
2016-05-04,254.2323999989,949447.0000000000,949701.2323999989,True,70700.0000000000,55500.0000000000,50400.0000000000,75500.0000000000,-0.0024348248,1187540.6454999992,-0.2002789665,1329464.8299000000,1048593.4131421661
2016-05-05,254.2323999989,951010.0000000000,951264.2323999989,True,70700.0000000000,55500.0000000000,50400.0000000000,75500.0000000000,0.0016457807,1187540.6454999992,-0.1989628010,1331129.8299000000,1050896.5348009744
2016-05-06,254.2323999989,941177.0000000000,941431.2323999989,True,70700.0000000000,55500.0000000000,50400.0000000000,75500.0000000000,-0.0103367704,1187540.6454999992,-0.2072429386,1320190.8299000000,1021243.4052547631
2016-05-09,254.2323999989,929476.0000000000,929730.2323999989,True,70700.0000000000,55500.0000000000,50400.0000000000,75500.0000000000,-0.0124289482,1187540.6454999992,-0.2170960750,1307253.8299000000,992799.6774928574
2016-05-10,254.2323999989,930230.0000000000,930484.2323999989,True,70700.0000000000,55500.0000000000,50400.0000000000,75500.0000000000,0.0008109879,1187540.6454999992,-0.2164611494,1308047.8299000000,992967.9420889348
2016-05-11,254.2323999989,932399.0000000000,932653.2323999989,True,70700.0000000000,55500.0000000000,50400.0000000000,75500.0000000000,0.0023310443,1187540.6454999992,-0.2146346856,1310352.8299000000,994527.8951150684
2016-05-12,254.2323999989,928416.0000000000,928670.2323999989,True,70700.0000000000,55500.0000000000,50400.0000000000,75500.0000000000,-0.0042706119,1187540.6454999992,-0.2179886761,1305809.8299000000,994114.2446497116
2016-05-13,254.2323999989,930636.0000000000,930890.2323999989,True,70700.0000000000,55500.0000000000,50400.0000000000,75500.0000000000,0.0023905149,1187540.6454999992,-0.2161192664,1308165.8299000000,991046.9212837187
2016-05-16,254.2323999989,933560.0000000000,933814.2323999989,True,70700.0000000000,55500.0000000000,50400.0000000000,75500.0000000000,0.0031410793,1187540.6454999992,-0.2136570349,1311409.8299000000,999372.5132771282
2016-05-17,254.2323999989,932349.0000000000,932603.2323999989,True,70700.0000000000,55500.0000000000,50400.0000000000,75500.0000000000,-0.0012968318,1187540.6454999992,-0.2146767894,1310102.8299000000,996855.5553608048
2016-05-18,254.2323999989,931794.0000000000,932048.2323999989,True,70700.0000000000,55500.0000000000,50400.0000000000,75500.0000000000,-0.0005951084,1187540.6454999992,-0.2151441419,1309513.8299000000,984176.1169438942
2016-05-19,254.2323999989,932346.0000000000,932600.2323999989,True,70700.0000000000,55500.0000000000,50400.0000000000,75500.0000000000,0.0005922440,1187540.6454999992,-0.2146793157,1310221.8299000000,983965.7861987976
2016-05-20,254.2323999989,934867.0000000000,935121.2323999989,True,70700.0000000000,55500.0000000000,50400.0000000000,75500.0000000000,0.0027031947,1187540.6454999992,-0.2125564410,1313056.8299000000,990475.5227595393
2016-05-23,254.2323999989,939103.0000000000,939357.2323999989,True,70700.0000000000,55500.0000000000,50400.0000000000,75500.0000000000,0.0045298939,1187540.6454999992,-0.2089894052,1317736.8299000000,996845.0388235500
2016-05-24,254.2323999989,938193.0000000000,938447.2323999989,True,70700.0000000000,55500.0000000000,50400.0000000000,75500.0000000000,-0.0009687475,1187540.6454999992,-0.2097556947,1316736.8299000000,989139.9225281755
2016-05-25,254.2323999989,938745.0000000000,938999.2323999989,True,70700.0000000000,55500.0000000000,50400.0000000000,75500.0000000000,0.0005882057,1187540.6454999992,-0.2092908685,1317444.8299000000,986833.2953569487
2016-05-26,254.2323999989,940359.0000000000,940613.2323999989,True,70700.0000000000,55500.0000000000,50400.0000000000,75500.0000000000,0.0017188512,1187540.6454999992,-0.2079317571,1319160.8299000000,989409.8469843830
2016-05-27,254.2323999989,942125.0000000000,942379.2323999989,True,70700.0000000000,55500.0000000000,50400.0000000000,75500.0000000000,0.0018774986,1187540.6454999992,-0.2064446502,1321056.8299000000,988922.5807582423
2016-05-30,254.2323999989,948074.0000000000,948328.2323999989,True,70700.0000000000,55500.0000000000,50400.0000000000,75500.0000000000,0.0063127452,1187540.6454999992,-0.2014351374,1327845.8299000000,989413.3524968012
2016-05-31,254.2323999989,966329.0000000000,966583.2323999989,True,70700.0000000000,55500.0000000000,50400.0000000000,75500.0000000000,0.0192496642,1187540.6454999992,-0.1860630320,1348238.8299000000,1022424.7629397226
2016-06-01,964823.6598999989,0.0000000000,964823.6598999989,False,0.0000000000,0.0000000000,0.0000000000,0.0000000000,-0.0018204045,1187540.6454999992,-0.1875447265,1342167.8299000000,1021334.5485776383
2016-06-02,964823.6598999989,0.0000000000,964823.6598999989,False,0.0000000000,0.0000000000,0.0000000000,0.0000000000,0.0000000000,1187540.6454999992,-0.1875447265,1341398.8299000000,1025443.0091318599
2016-06-03,964823.6598999989,0.0000000000,964823.6598999989,False,0.0000000000,0.0000000000,0.0000000000,0.0000000000,0.0000000000,1187540.6454999992,-0.1875447265,1348365.8299000000,1030157.9233344434
2016-06-06,964823.6598999989,0.0000000000,964823.6598999989,False,0.0000000000,0.0000000000,0.0000000000,0.0000000000,0.0000000000,1187540.6454999992,-0.1875447265,1349629.8299000000,1028552.3986468721
2016-06-07,964823.6598999989,0.0000000000,964823.6598999989,False,0.0000000000,0.0000000000,0.0000000000,0.0000000000,0.0000000000,1187540.6454999992,-0.1875447265,1351713.8299000000,1029232.4680560180
2016-06-08,964823.6598999989,0.0000000000,964823.6598999989,False,0.0000000000,0.0000000000,0.0000000000,0.0000000000,0.0000000000,1187540.6454999992,-0.1875447265,1350680.8299000000,1026119.5730285874
2016-06-13,964823.6598999989,0.0000000000,964823.6598999989,False,0.0000000000,0.0000000000,0.0000000000,0.0000000000,0.0000000000,1187540.6454999992,-0.1875447265,1339919.8299000000,993136.2066850122
2016-06-14,427.4277999989,971853.0000000000,972280.4277999989,True,73000.0000000000,55400.0000000000,49500.0000000000,76800.0000000000,0.0077286329,1187540.6454999992,-0.1812655580,1346315.8299000000,996333.2340104815
2016-06-15,427.4277999989,970804.0000000000,971231.4277999989,True,73000.0000000000,55400.0000000000,49500.0000000000,76800.0000000000,-0.0010789068,1187540.6454999992,-0.1821488961,1345188.8299000000,1012115.0509175678
2016-06-16,967639.4154999990,0.0000000000,967639.4154999990,False,0.0000000000,0.0000000000,0.0000000000,0.0000000000,-0.0036984103,1187540.6454999992,-0.1851736451,1341934.8299000000,1007070.6185476661
2016-06-17,967639.4154999990,0.0000000000,967639.4154999990,False,0.0000000000,0.0000000000,0.0000000000,0.0000000000,0.0000000000,1187540.6454999992,-0.1851736451,1344180.8299000000,1011375.3877973113
2016-06-20,967639.4154999990,0.0000000000,967639.4154999990,False,0.0000000000,0.0000000000,0.0000000000,0.0000000000,0.0000000000,1187540.6454999992,-0.1851736451,1348142.8299000000,1012675.9329044922
2016-06-21,967639.4154999990,0.0000000000,967639.4154999990,False,0.0000000000,0.0000000000,0.0000000000,0.0000000000,0.0000000000,1187540.6454999992,-0.1851736451,1350995.8299000000,1009082.7826757575
2016-06-22,967639.4154999990,0.0000000000,967639.4154999990,False,0.0000000000,0.0000000000,0.0000000000,0.0000000000,0.0000000000,1187540.6454999992,-0.1851736451,1355914.8299000000,1018544.1606926892
2016-06-23,967639.4154999990,0.0000000000,967639.4154999990,False,0.0000000000,0.0000000000,0.0000000000,0.0000000000,0.0000000000,1187540.6454999992,-0.1851736451,1359774.8299000000,1013780.1693162498
2016-06-24,967639.4154999990,0.0000000000,967639.4154999990,False,0.0000000000,0.0000000000,0.0000000000,0.0000000000,0.0000000000,1187540.6454999992,-0.1851736451,1351098.3299000000,1000574.9040365975
2016-06-27,563.3796999990,972966.0000000000,973529.3796999990,True,76700.0000000000,55100.0000000000,48700.0000000000,76500.0000000000,0.0060869412,1187540.6454999992,-0.1802138450,1355428.3299000000,1015091.2309606856
2016-06-28,968931.8619999990,0.0000000000,968931.8619999990,False,0.0000000000,0.0000000000,0.0000000000,0.0000000000,-0.0047225259,1187540.6454999992,-0.1840853063,1355197.3299000000,1021001.5248979019
2016-06-29,968931.8619999990,0.0000000000,968931.8619999990,False,0.0000000000,0.0000000000,0.0000000000,0.0000000000,0.0000000000,1187540.6454999992,-0.1840853063,1358212.3299000000,1027672.5150298844
2016-06-30,968931.8619999990,0.0000000000,968931.8619999990,False,0.0000000000,0.0000000000,0.0000000000,0.0000000000,0.0000000000,1187540.6454999992,-0.1840853063,1363559.5299000000,1026978.4235710654
2016-07-01,968931.8619999990,0.0000000000,968931.8619999990,False,0.0000000000,0.0000000000,0.0000000000,0.0000000000,0.0000000000,1187540.6454999992,-0.1840853063,1368511.5299000000,1027984.5056351111
2016-07-04,968931.8619999990,0.0000000000,968931.8619999990,False,0.0000000000,0.0000000000,0.0000000000,0.0000000000,0.0000000000,1187540.6454999992,-0.1840853063,1381788.5299000000,1047657.4413264858
2016-07-05,968931.8619999990,0.0000000000,968931.8619999990,False,0.0000000000,0.0000000000,0.0000000000,0.0000000000,0.0000000000,1187540.6454999992,-0.1840853063,1382915.5299000000,1053893.7479186021
2016-07-06,968931.8619999990,0.0000000000,968931.8619999990,False,0.0000000000,0.0000000000,0.0000000000,0.0000000000,0.0000000000,1187540.6454999992,-0.1840853063,1384443.5299000000,1057714.7564545248
2016-07-07,968931.8619999990,0.0000000000,968931.8619999990,False,0.0000000000,0.0000000000,0.0000000000,0.0000000000,0.0000000000,1187540.6454999992,-0.1840853063,1385740.0499000000,1057560.5139081206
2016-07-08,968931.8619999990,0.0000000000,968931.8619999990,False,0.0000000000,0.0000000000,0.0000000000,0.0000000000,0.0000000000,1187540.6454999992,-0.1840853063,1373459.4199000001,1047478.6601931537
2016-07-11,968931.8619999990,0.0000000000,968931.8619999990,False,0.0000000000,0.0000000000,0.0000000000,0.0000000000,0.0000000000,1187540.6454999992,-0.1840853063,1377448.4199000001,1049872.9251748375
2016-07-12,968931.8619999990,0.0000000000,968931.8619999990,False,0.0000000000,0.0000000000,0.0000000000,0.0000000000,0.0000000000,1187540.6454999992,-0.1840853063,1398181.4199000001,1068963.9458047780
2016-07-13,968931.8619999990,0.0000000000,968931.8619999990,False,0.0000000000,0.0000000000,0.0000000000,0.0000000000,0.0000000000,1187540.6454999992,-0.1840853063,1409642.4199000001,1072928.6803498501
2016-07-14,968931.8619999990,0.0000000000,968931.8619999990,False,0.0000000000,0.0000000000,0.0000000000,0.0000000000,0.0000000000,1187540.6454999992,-0.1840853063,1400241.4199000001,1070590.5035668588
2016-07-15,968931.8619999990,0.0000000000,968931.8619999990,False,0.0000000000,0.0000000000,0.0000000000,0.0000000000,0.0000000000,1187540.6454999992,-0.1840853063,1405903.4199000001,1070688.6579145705
2016-07-18,968931.8619999990,0.0000000000,968931.8619999990,False,0.0000000000,0.0000000000,0.0000000000,0.0000000000,0.0000000000,1187540.6454999992,-0.1840853063,1412692.4199000001,1066923.7375773403
2016-07-19,968931.8619999990,0.0000000000,968931.8619999990,False,0.0000000000,0.0000000000,0.0000000000,0.0000000000,0.0000000000,1187540.6454999992,-0.1840853063,1404230.4199000001,1064483.9009342191
2016-07-20,968931.8619999990,0.0000000000,968931.8619999990,False,0.0000000000,0.0000000000,0.0000000000,0.0000000000,0.0000000000,1187540.6454999992,-0.1840853063,1396271.4199000001,1061434.1051303174
2016-07-21,968931.8619999990,0.0000000000,968931.8619999990,False,0.0000000000,0.0000000000,0.0000000000,0.0000000000,0.0000000000,1187540.6454999992,-0.1840853063,1398286.4199000001,1065328.7294270240
2016-07-22,968931.8619999990,0.0000000000,968931.8619999990,False,0.0000000000,0.0000000000,0.0000000000,0.0000000000,0.0000000000,1187540.6454999992,-0.1840853063,1394657.4199000001,1056147.7924035545
2016-07-25,968931.8619999990,0.0000000000,968931.8619999990,False,0.0000000000,0.0000000000,0.0000000000,0.0000000000,0.0000000000,1187540.6454999992,-0.1840853063,1399030.4199000001,1057202.9516414562
2016-07-26,968931.8619999990,0.0000000000,968931.8619999990,False,0.0000000000,0.0000000000,0.0000000000,0.0000000000,0.0000000000,1187540.6454999992,-0.1840853063,1407083.4199000001,1069240.8812858220
2016-07-27,968931.8619999990,0.0000000000,968931.8619999990,False,0.0000000000,0.0000000000,0.0000000000,0.0000000000,0.0000000000,1187540.6454999992,-0.1840853063,1403931.4199000001,1048849.3155487003
2016-07-28,559.4373999990,966741.0000000000,967300.4373999990,True,72700.0000000000,56300.0000000000,48100.0000000000,77800.0000000000,-0.0016837351,1187540.6454999992,-0.1854590905,1399030.4199000001,1049662.5944297407
2016-07-29,559.4373999990,970252.0000000000,970811.4373999990,True,72700.0000000000,56300.0000000000,48100.0000000000,77800.0000000000,0.0036296893,1187540.6454999992,-0.1825025602,1402941.4199000001,1044411.3368271607
2016-08-01,559.4373999990,974889.0000000000,975448.4373999990,True,72700.0000000000,56300.0000000000,48100.0000000000,77800.0000000000,0.0047764167,1187540.6454999992,-0.1785978517,1408030.4199000001,1035314.5321017299
2016-08-02,559.4373999990,976179.0000000000,976738.4373999990,True,72700.0000000000,56300.0000000000,48100.0000000000,77800.0000000000,0.0013224687,1187540.6454999992,-0.1775115731,1409388.4199000001,1041585.8938180289
2016-08-03,559.4373999990,971941.0000000000,972500.4373999990,True,72700.0000000000,56300.0000000000,48100.0000000000,77800.0000000000,-0.0043389303,1187540.6454999992,-0.1810802931,1404708.4199000001,1044102.8517343522
2016-08-04,559.4373999990,969822.0000000000,970381.4373999990,True,72700.0000000000,56300.0000000000,48100.0000000000,77800.0000000000,-0.0021789193,1187540.6454999992,-0.1828646530,1402495.4199000001,1045494.5401644085
2016-08-05,559.4373999990,971511.0000000000,972070.4373999990,True,72700.0000000000,56300.0000000000,48100.0000000000,77800.0000000000,0.0017405527,1187540.6454999992,-0.1814423859,1404340.4199000001,1043485.8815487353
2016-08-08,559.4373999990,974244.0000000000,974803.4373999990,True,72700.0000000000,56300.0000000000,48100.0000000000,77800.0000000000,0.0028115247,1187540.6454999992,-0.1791409910,1407312.4199000001,1053154.0847983453
2016-08-09,559.4373999990,979127.0000000000,979686.4373999990,True,72700.0000000000,56300.0000000000,48100.0000000000,77800.0000000000,0.0050092150,1187540.6454999992,-0.1750291318,1412632.4199000001,1060655.8813734597
2016-08-10,978167.8920999990,0.0000000000,978167.8920999990,False,0.0000000000,0.0000000000,0.0000000000,0.0000000000,-0.0015500320,1187540.6454999992,-0.1763078630,1413929.4199000001,1058226.5612675932
2016-08-11,978167.8920999990,0.0000000000,978167.8920999990,False,0.0000000000,0.0000000000,0.0000000000,0.0000000000,0.0000000000,1187540.6454999992,-0.1763078630,1426312.4199000001,1052579.1807617478
2016-08-12,361.6381999990,1000783.0000000000,1001144.6381999990,True,72100.0000000000,55300.0000000000,47000.0000000000,77300.0000000000,0.0234895730,1187540.6454999992,-0.1569596864,1452017.4199000001,1069416.1569067359
2016-08-15,1002576.0634999991,0.0000000000,1002576.0634999991,False,0.0000000000,0.0000000000,0.0000000000,0.0000000000,0.0014297887,1187540.6454999992,-0.1557543169,1471017.4199000001,1095542.7409601598
2016-08-16,1002576.0634999991,0.0000000000,1002576.0634999991,False,0.0000000000,0.0000000000,0.0000000000,0.0000000000,0.0000000000,1187540.6454999992,-0.1557543169,1442623.4199000001,1090228.3841340507
2016-08-17,1002576.0634999991,0.0000000000,1002576.0634999991,False,0.0000000000,0.0000000000,0.0000000000,0.0000000000,0.0000000000,1187540.6454999992,-0.1557543169,1437824.4199000001,1090056.6140255551
2016-08-18,1002576.0634999991,0.0000000000,1002576.0634999991,False,0.0000000000,0.0000000000,0.0000000000,0.0000000000,0.0000000000,1187540.6454999992,-0.1557543169,1434083.4199000001,1088149.6152700121
2016-08-19,1002576.0634999991,0.0000000000,1002576.0634999991,False,0.0000000000,0.0000000000,0.0000000000,0.0000000000,0.0000000000,1187540.6454999992,-0.1557543169,1435979.4199000001,1089548.3147249050
2016-08-22,1002576.0634999991,0.0000000000,1002576.0634999991,False,0.0000000000,0.0000000000,0.0000000000,0.0000000000,0.0000000000,1187540.6454999992,-0.1557543169,1442238.4199000001,1081383.9763027360
2016-08-23,1002576.0634999991,0.0000000000,1002576.0634999991,False,0.0000000000,0.0000000000,0.0000000000,0.0000000000,0.0000000000,1187540.6454999992,-0.1557543169,1449581.4199000001,1083101.6773876920
2016-08-24,1002576.0634999991,0.0000000000,1002576.0634999991,False,0.0000000000,0.0000000000,0.0000000000,0.0000000000,0.0000000000,1187540.6454999992,-0.1557543169,1448505.4199000001,1081759.0661314917
2016-08-25,1002576.0634999991,0.0000000000,1002576.0634999991,False,0.0000000000,0.0000000000,0.0000000000,0.0000000000,0.0000000000,1187540.6454999992,-0.1557543169,1449982.4199000001,1075606.8918374144
2016-08-26,1002576.0634999991,0.0000000000,1002576.0634999991,False,0.0000000000,0.0000000000,0.0000000000,0.0000000000,0.0000000000,1187540.6454999992,-0.1557543169,1442929.4199000001,1076300.9832962332
2016-08-29,1002576.0634999991,0.0000000000,1002576.0634999991,False,0.0000000000,0.0000000000,0.0000000000,0.0000000000,0.0000000000,1187540.6454999992,-0.1557543169,1437310.4199000001,1076202.8289485215
2016-08-30,1002576.0634999991,0.0000000000,1002576.0634999991,False,0.0000000000,0.0000000000,0.0000000000,0.0000000000,0.0000000000,1187540.6454999992,-0.1557543169,1443919.4199000001,1077832.8922230205
2016-08-31,1002576.0634999991,0.0000000000,1002576.0634999991,False,0.0000000000,0.0000000000,0.0000000000,0.0000000000,0.0000000000,1187540.6454999992,-0.1557543169,1447173.4199000001,1081622.3511471788
2016-09-01,1002576.0634999991,0.0000000000,1002576.0634999991,False,0.0000000000,0.0000000000,0.0000000000,0.0000000000,0.0000000000,1187540.6454999992,-0.1557543169,1446150.4199000001,1073847.1246034389
2016-09-02,580.5549999991,1004541.0000000000,1005121.5549999991,True,72200.0000000000,55500.0000000000,47400.0000000000,78800.0000000000,0.0025389510,1187540.6454999992,-0.1536108185,1446909.4199000001,1075263.3516204231
2016-09-05,580.5549999991,1004293.0000000000,1004873.5549999991,True,72200.0000000000,55500.0000000000,47400.0000000000,78800.0000000000,-0.0002467363,1187540.6454999992,-0.1538196534,1446678.4199000001,1076928.4700191051
2016-09-06,580.5549999991,1000722.0000000000,1001302.5549999991,True,72200.0000000000,55500.0000000000,47400.0000000000,78800.0000000000,-0.0035536809,1187540.6454999992,-0.1568267084,1442956.4199000001,1083452.2286295199
2016-09-07,999834.8334999991,0.0000000000,999834.8334999991,False,0.0000000000,0.0000000000,0.0000000000,0.0000000000,-0.0014658122,1187540.6454999992,-0.1580626421,1442289.4199000001,1083879.9011445497
2016-09-08,999834.8334999991,0.0000000000,999834.8334999991,False,0.0000000000,0.0000000000,0.0000000000,0.0000000000,0.0000000000,1187540.6454999992,-0.1580626421,1442878.4199000001,1085289.1171366975
2016-09-09,999834.8334999991,0.0000000000,999834.8334999991,False,0.0000000000,0.0000000000,0.0000000000,0.0000000000,0.0000000000,1187540.6454999992,-0.1580626421,1439505.4199000001,1079294.6909014424
2016-09-12,767.2030999991,988645.0000000000,989412.2030999991,True,72800.0000000000,56100.0000000000,47700.0000000000,78600.0000000000,-0.0104243522,1187540.6454999992,-0.1668392936,1423049.4199000001,1059358.8417786970
2016-09-13,767.2030999991,988786.0000000000,989553.2030999991,True,72800.0000000000,56100.0000000000,47700.0000000000,78600.0000000000,0.0001425089,1187540.6454999992,-0.1667205608,1423348.4199000001,1059895.1851786934
2016-09-14,767.2030999991,977456.0000000000,978223.2030999991,True,72800.0000000000,56100.0000000000,47700.0000000000,78600.0000000000,-0.0114496118,1187540.6454999992,-0.1762612869,1410830.4199000001,1052652.7965225317
2016-09-19,767.2030999991,982561.0000000000,983328.2030999991,True,72800.0000000000,56100.0000000000,47700.0000000000,78600.0000000000,0.0052186454,1187540.6454999992,-0.1719624867,1416457.4199000001,1060785.5853329359
2016-09-20,767.2030999991,980879.0000000000,981646.2030999991,True,72800.0000000000,56100.0000000000,47700.0000000000,78600.0000000000,-0.0017105174,1187540.6454999992,-0.1733788592,1414612.4199000001,1059716.4040453613
2016-09-21,767.2030999991,986092.0000000000,986859.2030999991,True,72800.0000000000,56100.0000000000,47700.0000000000,78600.0000000000,0.0053104672,1187540.6454999992,-0.1689891147,1420292.4199000001,1060722.4861094069
2016-09-22,767.2030999991,991197.0000000000,991964.2030999991,True,72800.0000000000,56100.0000000000,47700.0000000000,78600.0000000000,0.0051729770,1187540.6454999992,-0.1646903145,1425919.4199000001,1066485.5485250556
2016-09-23,767.2030999991,993665.0000000000,994432.2030999991,True,72800.0000000000,56100.0000000000,47700.0000000000,78600.0000000000,0.0024879930,1187540.6454999992,-0.1626120699,1428703.4199000001,1063537.4125812841
2016-09-26,767.2030999991,984101.0000000000,984868.2030999991,True,72800.0000000000,56100.0000000000,47700.0000000000,78600.0000000000,-0.0096175486,1187540.6454999992,-0.1706656889,1418046.4199000001,1044793.4376807529
2016-09-27,767.2030999991,990301.0000000000,991068.2030999991,True,72800.0000000000,56100.0000000000,47700.0000000000,78600.0000000000,0.0062952586,1187540.6454999992,-0.1654448150,1425013.4199000001,1051012.2167107777
2016-09-28,767.2030999991,984804.0000000000,985571.2030999991,True,72800.0000000000,56100.0000000000,47700.0000000000,78600.0000000000,-0.0055465406,1187540.6454999992,-0.1700737092,1418856.4199000001,1047398.0334075333
2016-09-29,767.2030999991,987833.0000000000,988600.2030999991,True,72800.0000000000,56100.0000000000,47700.0000000000,78600.0000000000,0.0030733447,1187540.6454999992,-0.1675230597,1422229.4199000001,1051120.8875957443
2016-09-30,767.2030999991,986963.0000000000,987730.2030999991,True,72800.0000000000,56100.0000000000,47700.0000000000,78600.0000000000,-0.0008800322,1187540.6454999992,-0.1682556662,1421239.4199000001,1053301.3163199131
2016-10-10,767.2030999991,993833.0000000000,994600.2030999991,True,72800.0000000000,56100.0000000000,47700.0000000000,78600.0000000000,0.0069553406,1187540.6454999992,-0.1624706010,1428805.4199000001,1068529.2622649116
2016-10-11,993784.6000999991,0.0000000000,993784.6000999991,False,0.0000000000,0.0000000000,0.0000000000,0.0000000000,-0.0008200310,1187540.6454999992,-0.1631574011,1427277.4199000001,1074527.1940125849
2016-10-12,993784.6000999991,0.0000000000,993784.6000999991,False,0.0000000000,0.0000000000,0.0000000000,0.0000000000,0.0000000000,1187540.6454999992,-0.1631574011,1423716.4199000001,1072160.9731302473
2016-10-13,993784.6000999991,0.0000000000,993784.6000999991,False,0.0000000000,0.0000000000,0.0000000000,0.0000000000,0.0000000000,1187540.6454999992,-0.1631574011,1421282.4199000001,1073160.0441694565
2016-10-14,993784.6000999991,0.0000000000,993784.6000999991,False,0.0000000000,0.0000000000,0.0000000000,0.0000000000,0.0000000000,1187540.6454999992,-0.1631574011,1421282.4199000001,1074022.4002243527
2016-10-17,993784.6000999991,0.0000000000,993784.6000999991,False,0.0000000000,0.0000000000,0.0000000000,0.0000000000,0.0000000000,1187540.6454999992,-0.1631574011,1415373.4199000001,1066085.9201093719
2016-10-18,993784.6000999991,0.0000000000,993784.6000999991,False,0.0000000000,0.0000000000,0.0000000000,0.0000000000,0.0000000000,1187540.6454999992,-0.1631574011,1422000.4199000001,1081057.9636478361
2016-10-19,993784.6000999991,0.0000000000,993784.6000999991,False,0.0000000000,0.0000000000,0.0000000000,0.0000000000,0.0000000000,1187540.6454999992,-0.1631574011,1421769.4199000001,1081352.4266909715
2016-10-20,993784.6000999991,0.0000000000,993784.6000999991,False,0.0000000000,0.0000000000,0.0000000000,0.0000000000,0.0000000000,1187540.6454999992,-0.1631574011,1421360.4199000001,1081261.2833680962
2016-10-21,993784.6000999991,0.0000000000,993784.6000999991,False,0.0000000000,0.0000000000,0.0000000000,0.0000000000,0.0000000000,1187540.6454999992,-0.1631574011,1424383.4199000001,1083532.8554151403
2016-10-24,993784.6000999991,0.0000000000,993784.6000999991,False,0.0000000000,0.0000000000,0.0000000000,0.0000000000,0.0000000000,1187540.6454999992,-0.1631574011,1434989.4199000001,1096611.9222477346
2016-10-25,993784.6000999991,0.0000000000,993784.6000999991,False,0.0000000000,0.0000000000,0.0000000000,0.0000000000,0.0000000000,1187540.6454999992,-0.1631574011,1438413.4199000001,1097905.4563300791
2016-10-26,993784.6000999991,0.0000000000,993784.6000999991,False,0.0000000000,0.0000000000,0.0000000000,0.0000000000,0.0000000000,1187540.6454999992,-0.1631574011,1430309.4199000001,1092426.3404203109
2016-10-27,993784.6000999991,0.0000000000,993784.6000999991,False,0.0000000000,0.0000000000,0.0000000000,0.0000000000,0.0000000000,1187540.6454999992,-0.1631574011,1426756.4199000001,1091038.1575026729
2016-10-28,993784.6000999991,0.0000000000,993784.6000999991,False,0.0000000000,0.0000000000,0.0000000000,0.0000000000,0.0000000000,1187540.6454999992,-0.1631574011,1432964.4199000001,1088205.7034687046
2016-10-31,993784.6000999991,0.0000000000,993784.6000999991,False,0.0000000000,0.0000000000,0.0000000000,0.0000000000,0.0000000000,1187540.6454999992,-0.1631574011,1429898.4199000001,1086880.6197745956
2016-11-01,993784.6000999991,0.0000000000,993784.6000999991,False,0.0000000000,0.0000000000,0.0000000000,0.0000000000,0.0000000000,1187540.6454999992,-0.1631574011,1433809.4199000001,1094575.2195327152
2016-11-02,993784.6000999991,0.0000000000,993784.6000999991,False,0.0000000000,0.0000000000,0.0000000000,0.0000000000,0.0000000000,1187540.6454999992,-0.1631574011,1428540.4199000001,1087665.8545562897
2016-11-03,993784.6000999991,0.0000000000,993784.6000999991,False,0.0000000000,0.0000000000,0.0000000000,0.0000000000,0.0000000000,1187540.6454999992,-0.1631574011,1429215.4199000001,1096853.8026045957
2016-11-04,993784.6000999991,0.0000000000,993784.6000999991,False,0.0000000000,0.0000000000,0.0000000000,0.0000000000,0.0000000000,1187540.6454999992,-0.1631574011,1425705.4199000001,1095584.8071091792
2016-11-07,993784.6000999991,0.0000000000,993784.6000999991,False,0.0000000000,0.0000000000,0.0000000000,0.0000000000,0.0000000000,1187540.6454999992,-0.1631574011,1425875.4199000001,1098392.7225562197
2016-11-08,993784.6000999991,0.0000000000,993784.6000999991,False,0.0000000000,0.0000000000,0.0000000000,0.0000000000,0.0000000000,1187540.6454999992,-0.1631574011,1433748.4199000001,1103496.7486372320
2016-11-09,993784.6000999991,0.0000000000,993784.6000999991,False,0.0000000000,0.0000000000,0.0000000000,0.0000000000,0.0000000000,1187540.6454999992,-0.1631574011,1425423.4199000001,1096653.9883967538
2016-11-10,993784.6000999991,0.0000000000,993784.6000999991,False,0.0000000000,0.0000000000,0.0000000000,0.0000000000,0.0000000000,1187540.6454999992,-0.1631574011,1432758.4199000001,1111696.1421835837
2016-11-11,993784.6000999991,0.0000000000,993784.6000999991,False,0.0000000000,0.0000000000,0.0000000000,0.0000000000,0.0000000000,1187540.6454999992,-0.1631574011,1432118.4199000001,1120375.7909312393
2016-11-14,993784.6000999991,0.0000000000,993784.6000999991,False,0.0000000000,0.0000000000,0.0000000000,0.0000000000,0.0000000000,1187540.6454999992,-0.1631574011,1433605.4199000001,1125399.1902266312
2016-11-15,993784.6000999991,0.0000000000,993784.6000999991,False,0.0000000000,0.0000000000,0.0000000000,0.0000000000,0.0000000000,1187540.6454999992,-0.1631574011,1430821.4199000001,1124214.3270292534
2016-11-16,993784.6000999991,0.0000000000,993784.6000999991,False,0.0000000000,0.0000000000,0.0000000000,0.0000000000,0.0000000000,1187540.6454999992,-0.1631574011,1430821.4199000001,1123537.7631325258
2016-11-17,993784.6000999991,0.0000000000,993784.6000999991,False,0.0000000000,0.0000000000,0.0000000000,0.0000000000,0.0000000000,1187540.6454999992,-0.1631574011,1430232.4199000001,1124726.1318423219
2016-11-18,993784.6000999991,0.0000000000,993784.6000999991,False,0.0000000000,0.0000000000,0.0000000000,0.0000000000,0.0000000000,1187540.6454999992,-0.1631574011,1429326.4199000001,1119261.0379822270
2016-11-21,993784.6000999991,0.0000000000,993784.6000999991,False,0.0000000000,0.0000000000,0.0000000000,0.0000000000,0.0000000000,1187540.6454999992,-0.1631574011,1435953.4199000001,1128126.4788880514
2016-11-22,993784.6000999991,0.0000000000,993784.6000999991,False,0.0000000000,0.0000000000,0.0000000000,0.0000000000,0.0000000000,1187540.6454999992,-0.1631574011,1441171.4199000001,1138713.1263912502
2016-11-23,993784.6000999991,0.0000000000,993784.6000999991,False,0.0000000000,0.0000000000,0.0000000000,0.0000000000,0.0000000000,1187540.6454999992,-0.1631574011,1447917.4199000001,1136185.6519376719
2016-11-24,993784.6000999991,0.0000000000,993784.6000999991,False,0.0000000000,0.0000000000,0.0000000000,0.0000000000,0.0000000000,1187540.6454999992,-0.1631574011,1444912.4199000001,1136395.9826827687
2016-11-25,993784.6000999991,0.0000000000,993784.6000999991,False,0.0000000000,0.0000000000,0.0000000000,0.0000000000,0.0000000000,1187540.6454999992,-0.1631574011,1463485.4199000001,1143477.1177676897
2016-11-28,993784.6000999991,0.0000000000,993784.6000999991,False,0.0000000000,0.0000000000,0.0000000000,0.0000000000,0.0000000000,1187540.6454999992,-0.1631574011,1471889.4199000001,1148756.4194696159
2016-11-29,993784.6000999991,0.0000000000,993784.6000999991,False,0.0000000000,0.0000000000,0.0000000000,0.0000000000,0.0000000000,1187540.6454999992,-0.1631574011,1477696.4199000001,1150831.6828212363
2016-11-30,993784.6000999991,0.0000000000,993784.6000999991,False,0.0000000000,0.0000000000,0.0000000000,0.0000000000,0.0000000000,1187540.6454999992,-0.1631574011,1465800.4199000001,1139302.0524775209
2016-12-01,993784.6000999991,0.0000000000,993784.6000999991,False,0.0000000000,0.0000000000,0.0000000000,0.0000000000,0.0000000000,1187540.6454999992,-0.1631574011,1468584.4199000001,1147462.8853872714
2016-12-02,993784.6000999991,0.0000000000,993784.6000999991,False,0.0000000000,0.0000000000,0.0000000000,0.0000000000,0.0000000000,1187540.6454999992,-0.1631574011,1471043.4199000001,1137132.1402906070
2016-12-05,993784.6000999991,0.0000000000,993784.6000999991,False,0.0000000000,0.0000000000,0.0000000000,0.0000000000,0.0000000000,1187540.6454999992,-0.1631574011,1475277.4199000001,1123415.0701978861
2016-12-06,555.7207999991,990684.0000000000,991239.7207999991,True,70700.0000000000,54600.0000000000,44000.0000000000,76600.0000000000,-0.0025607957,1187540.6454999992,-0.1653003840,1471579.4199000001,1121641.2809142375
2016-12-07,555.7207999991,987172.0000000000,987727.7207999991,True,70700.0000000000,54600.0000000000,44000.0000000000,76600.0000000000,-0.0035430380,1187540.6454999992,-0.1682577564,1467361.4199000001,1129560.2334671270
2016-12-08,555.7207999991,990012.0000000000,990567.7207999991,True,70700.0000000000,54600.0000000000,44000.0000000000,76600.0000000000,0.0028752863,1187540.6454999992,-0.1658662594,1470564.4199000001,1127151.9464357703
2016-12-09,555.7207999991,1007029.0000000000,1007584.7207999991,True,70700.0000000000,54600.0000000000,44000.0000000000,76600.0000000000,0.0171790375,1187540.6454999992,-0.1515366446,1490317.4199000001,1133290.0986801744
2016-12-12,1005337.8037999991,0.0000000000,1005337.8037999991,False,0.0000000000,0.0000000000,0.0000000000,0.0000000000,-0.0022300030,1187540.6454999992,-0.1534287204,1494503.4199000001,1105277.5489457170
2016-12-13,492.4405999990,994165.0000000000,994657.4405999990,True,69400.0000000000,54600.0000000000,44200.0000000000,77500.0000000000,-0.0106236562,1187540.6454999992,-0.1624224027,1475691.4199000001,1106003.1900163007
2016-12-14,492.4405999990,995405.0000000000,995897.4405999990,True,69400.0000000000,54600.0000000000,44200.0000000000,77500.0000000000,0.0012466604,1187540.6454999992,-0.1613782279,1477049.4199000001,1100916.6914973797
2016-12-15,492.4405999990,969825.0000000000,970317.4405999990,True,69400.0000000000,54600.0000000000,44200.0000000000,77500.0000000000,-0.0256853758,1187540.6454999992,-0.1829185432,1447595.4199000001,1092906.5956216149
2016-12-16,492.4405999990,963923.0000000000,964415.4405999990,True,69400.0000000000,54600.0000000000,44200.0000000000,77500.0000000000,-0.0060825455,1187540.6454999992,-0.1878884784,1440798.4199000001,1094764.5172033021
2016-12-19,492.4405999990,964136.0000000000,964628.4405999990,True,69400.0000000000,54600.0000000000,44200.0000000000,77500.0000000000,0.0002208592,1187540.6454999992,-0.1877091161,1440986.4199000001,1093046.8161183461
2016-12-20,492.4405999990,955520.0000000000,956012.4405999990,True,69400.0000000000,54600.0000000000,44200.0000000000,77500.0000000000,-0.0089319365,1187540.6454999992,-0.1949644467,1431037.4199000001,1087718.4372425638
2016-12-21,492.4405999990,961385.0000000000,961877.4405999990,True,69400.0000000000,54600.0000000000,44200.0000000000,77500.0000000000,0.0061348574,1187540.6454999992,-0.1900256684,1437793.4199000001,1099829.9826477135
2016-12-22,492.4405999990,958715.0000000000,959207.4405999990,True,69400.0000000000,54600.0000000000,44200.0000000000,77500.0000000000,-0.0027758214,1187540.6454999992,-0.1922740125,1434770.4199000001,1100576.6567928067
2016-12-23,492.4405999990,955668.0000000000,956160.4405999990,True,69400.0000000000,54600.0000000000,44200.0000000000,77500.0000000000,-0.0031765809,1187540.6454999992,-0.1948398194,1431217.4199000001,1090266.9447706519
2016-12-26,492.4405999990,959009.0000000000,959501.4405999990,True,69400.0000000000,54600.0000000000,44200.0000000000,77500.0000000000,0.0034941835,1187540.6454999992,-0.1920264420,1435128.4199000001,1094620.7911941528
2016-12-27,492.4405999990,954285.0000000000,954777.4405999990,True,69400.0000000000,54600.0000000000,44200.0000000000,77500.0000000000,-0.0049233902,1187540.6454999992,-0.1960044111,1429765.4199000001,1091847.9308712950
2016-12-28,492.4405999990,953554.0000000000,954046.4405999990,True,69400.0000000000,54600.0000000000,44200.0000000000,77500.0000000000,-0.0007656235,1187540.6454999992,-0.1966199690,1428955.4199000001,1087494.0844477941
2016-12-29,492.4405999990,955977.0000000000,956469.4405999990,True,69400.0000000000,54600.0000000000,44200.0000000000,77500.0000000000,0.0025397087,1187540.6454999992,-0.1945796178,1431833.4199000001,1085341.6998229716
2016-12-30,492.4405999990,960220.0000000000,960712.4405999990,True,69400.0000000000,54600.0000000000,44200.0000000000,77500.0000000000,0.0044361062,1187540.6454999992,-0.1910066874,1436615.4199000001,1087984.8561863529
2017-01-03,492.4405999990,967154.0000000000,967646.4405999990,True,69400.0000000000,54600.0000000000,44200.0000000000,77500.0000000000,0.0072175603,1187540.6454999992,-0.1851677294,1444668.4199000001,1099300.6502725536
2017-01-04,492.4405999990,967154.0000000000,967646.4405999990,True,69400.0000000000,54600.0000000000,44200.0000000000,77500.0000000000,0.0000000000,1187540.6454999992,-0.1851677294,1444668.4199000001,1107317.7571731547
2017-01-05,967856.2306999989,0.0000000000,967856.2306999989,False,0.0000000000,0.0000000000,0.0000000000,0.0000000000,0.0002168045,1187540.6454999992,-0.1849910701,1445427.4199000001,1109638.4063940546
2017-01-06,967856.2306999989,0.0000000000,967856.2306999989,False,0.0000000000,0.0000000000,0.0000000000,0.0000000000,0.0000000000,1187540.6454999992,-0.1849910701,1442275.4199000001,1105750.7931221847
2017-01-09,967856.2306999989,0.0000000000,967856.2306999989,False,0.0000000000,0.0000000000,0.0000000000,0.0000000000,0.0000000000,1187540.6454999992,-0.1849910701,1443991.4199000001,1111682.1201339106
2017-01-10,967856.2306999989,0.0000000000,967856.2306999989,False,0.0000000000,0.0000000000,0.0000000000,0.0000000000,0.0000000000,1187540.6454999992,-0.1849910701,1443222.4199000001,1108327.3447496188
2017-01-11,967856.2306999989,0.0000000000,967856.2306999989,False,0.0000000000,0.0000000000,0.0000000000,0.0000000000,0.0000000000,1187540.6454999992,-0.1849910701,1442872.4199000001,1099591.6078032707
2017-01-12,967856.2306999989,0.0000000000,967856.2306999989,False,0.0000000000,0.0000000000,0.0000000000,0.0000000000,0.0000000000,1187540.6454999992,-0.1849910701,1443948.4199000001,1093470.9831209576
2017-01-13,405.0823999990,976033.0000000000,976438.0823999990,True,70700.0000000000,54300.0000000000,44200.0000000000,77800.0000000000,0.0088668662,1187540.6454999992,-0.1777644950,1450123.4199000001,1091181.8835118222
2017-01-16,405.0823999990,988325.0000000000,988730.0823999990,True,70700.0000000000,54300.0000000000,44200.0000000000,77800.0000000000,0.0125886118,1187540.6454999992,-0.1674136914,1464255.4199000001,1087911.2404255692
2017-01-17,405.0823999990,986903.0000000000,987308.0823999990,True,70700.0000000000,54300.0000000000,44200.0000000000,77800.0000000000,-0.0014382085,1187540.6454999992,-0.1686111241,1462676.4199000001,1089783.1840569295
2017-01-18,405.0823999990,987610.0000000000,988015.0823999990,True,70700.0000000000,54300.0000000000,44200.0000000000,77800.0000000000,0.0007160885,1187540.6454999992,-0.1680157760,1463445.4199000001,1091269.5213222792
2017-01-19,405.0823999990,989095.0000000000,989500.0823999990,True,70700.0000000000,54300.0000000000,44200.0000000000,77800.0000000000,0.0015030135,1187540.6454999992,-0.1667652925,1465153.4199000001,1087164.5662804761
2017-01-20,405.0823999990,988110.0000000000,988515.0823999990,True,70700.0000000000,54300.0000000000,44200.0000000000,77800.0000000000,-0.0009954522,1187540.6454999992,-0.1675947378,1464026.4199000001,1094820.6054019947
2017-01-23,405.0823999990,987398.0000000000,987803.0823999990,True,70700.0000000000,54300.0000000000,44200.0000000000,77800.0000000000,-0.0007202723,1187540.6454999992,-0.1681942962,1463171.4199000001,1099598.6188281071
2017-01-24,985200.1822999989,0.0000000000,985200.1822999989,False,0.0000000000,0.0000000000,0.0000000000,0.0000000000,-0.0026350395,1187540.6454999992,-0.1703861371,1471361.4199000001,1101624.8050058717
2017-01-25,985200.1822999989,0.0000000000,985200.1822999989,False,0.0000000000,0.0000000000,0.0000000000,0.0000000000,0.0000000000,1187540.6454999992,-0.1703861371,1474503.4199000001,1104078.6636986660
2017-01-26,985200.1822999989,0.0000000000,985200.1822999989,False,0.0000000000,0.0000000000,0.0000000000,0.0000000000,0.0000000000,1187540.6454999992,-0.1703861371,1485579.4199000001,1107450.9666450494
2017-02-03,985200.1822999989,0.0000000000,985200.1822999989,False,0.0000000000,0.0000000000,0.0000000000,0.0000000000,0.0000000000,1187540.6454999992,-0.1703861371,1474871.4199000001,1100790.4930503217
2017-02-06,985200.1822999989,0.0000000000,985200.1822999989,False,0.0000000000,0.0000000000,0.0000000000,0.0000000000,0.0000000000,1187540.6454999992,-0.1703861371,1473257.4199000001,1106683.2594254464
2017-02-07,985200.1822999989,0.0000000000,985200.1822999989,False,0.0000000000,0.0000000000,0.0000000000,0.0000000000,0.0000000000,1187540.6454999992,-0.1703861371,1470422.4199000001,1105319.6150947365
2017-02-08,985200.1822999989,0.0000000000,985200.1822999989,False,0.0000000000,0.0000000000,0.0000000000,0.0000000000,0.0000000000,1187540.6454999992,-0.1703861371,1472719.4199000001,1110188.7718437242
2017-02-09,985200.1822999989,0.0000000000,985200.1822999989,False,0.0000000000,0.0000000000,0.0000000000,0.0000000000,0.0000000000,1187540.6454999992,-0.1703861371,1476460.4199000001,1115867.7019613341
2017-02-10,985200.1822999989,0.0000000000,985200.1822999989,False,0.0000000000,0.0000000000,0.0000000000,0.0000000000,0.0000000000,1187540.6454999992,-0.1703861371,1483975.4199000001,1120607.1547508456
2017-02-13,985200.1822999989,0.0000000000,985200.1822999989,False,0.0000000000,0.0000000000,0.0000000000,0.0000000000,0.0000000000,1187540.6454999992,-0.1703861371,1492617.4199000001,1127667.2567612571
2017-02-14,985200.1822999989,0.0000000000,985200.1822999989,False,0.0000000000,0.0000000000,0.0000000000,0.0000000000,0.0000000000,1187540.6454999992,-0.1703861371,1492924.4199000001,1128049.3576148492
2017-02-15,985200.1822999989,0.0000000000,985200.1822999989,False,0.0000000000,0.0000000000,0.0000000000,0.0000000000,0.0000000000,1187540.6454999992,-0.1703861371,1513870.4199000001,1126317.6344802200
2017-02-16,985200.1822999989,0.0000000000,985200.1822999989,False,0.0000000000,0.0000000000,0.0000000000,0.0000000000,0.0000000000,1187540.6454999992,-0.1703861371,1516484.4199000001,1132147.3016318160
2017-02-17,985200.1822999989,0.0000000000,985200.1822999989,False,0.0000000000,0.0000000000,0.0000000000,0.0000000000,0.0000000000,1187540.6454999992,-0.1703861371,1502393.4199000001,1122493.1204318791
2017-02-20,985200.1822999989,0.0000000000,985200.1822999989,False,0.0000000000,0.0000000000,0.0000000000,0.0000000000,0.0000000000,1187540.6454999992,-0.1703861371,1515230.4199000001,1135772.0014723153
2017-02-21,985200.1822999989,0.0000000000,985200.1822999989,False,0.0000000000,0.0000000000,0.0000000000,0.0000000000,0.0000000000,1187540.6454999992,-0.1703861371,1516144.4199000001,1140458.8715755525
2017-02-22,985200.1822999989,0.0000000000,985200.1822999989,False,0.0000000000,0.0000000000,0.0000000000,0.0000000000,0.0000000000,1187540.6454999992,-0.1703861371,1519705.4199000001,1143224.7208735736
2017-02-23,985200.1822999989,0.0000000000,985200.1822999989,False,0.0000000000,0.0000000000,0.0000000000,0.0000000000,0.0000000000,1187540.6454999992,-0.1703861371,1522002.4199000001,1139775.2966539883
2017-02-24,985200.1822999989,0.0000000000,985200.1822999989,False,0.0000000000,0.0000000000,0.0000000000,0.0000000000,0.0000000000,1187540.6454999992,-0.1703861371,1518629.4199000001,1140493.9266997352
2017-02-27,985200.1822999989,0.0000000000,985200.1822999989,False,0.0000000000,0.0000000000,0.0000000000,0.0000000000,0.0000000000,1187540.6454999992,-0.1703861371,1511165.4199000001,1131810.7724396614
2017-02-28,985200.1822999989,0.0000000000,985200.1822999989,False,0.0000000000,0.0000000000,0.0000000000,0.0000000000,0.0000000000,1187540.6454999992,-0.1703861371,1511472.4199000001,1136392.4771703503
2017-03-01,985200.1822999989,0.0000000000,985200.1822999989,False,0.0000000000,0.0000000000,0.0000000000,0.0000000000,0.0000000000,1187540.6454999992,-0.1703861371,1509439.4199000001,1138215.3436278547
2017-03-02,985200.1822999989,0.0000000000,985200.1822999989,False,0.0000000000,0.0000000000,0.0000000000,0.0000000000,0.0000000000,1187540.6454999992,-0.1703861371,1509926.4199000001,1132291.0276409653
2017-03-03,985200.1822999989,0.0000000000,985200.1822999989,False,0.0000000000,0.0000000000,0.0000000000,0.0000000000,0.0000000000,1187540.6454999992,-0.1703861371,1503718.4199000001,1128182.5670867439
2017-03-06,985200.1822999989,0.0000000000,985200.1822999989,False,0.0000000000,0.0000000000,0.0000000000,0.0000000000,0.0000000000,1187540.6454999992,-0.1703861371,1501591.4199000001,1133637.1444095841
2017-03-07,985200.1822999989,0.0000000000,985200.1822999989,False,0.0000000000,0.0000000000,0.0000000000,0.0000000000,0.0000000000,1187540.6454999992,-0.1703861371,1507944.4199000001,1136630.8520147933
2017-03-08,985200.1822999989,0.0000000000,985200.1822999989,False,0.0000000000,0.0000000000,0.0000000000,0.0000000000,0.0000000000,1187540.6454999992,-0.1703861371,1506782.4199000001,1136017.3873415946
2017-03-09,985200.1822999989,0.0000000000,985200.1822999989,False,0.0000000000,0.0000000000,0.0000000000,0.0000000000,0.0000000000,1187540.6454999992,-0.1703861371,1504417.4199000001,1127635.7071494926
2017-03-10,431.8403999989,986178.0000000000,986609.8403999989,True,67800.0000000000,52400.0000000000,41900.0000000000,76200.0000000000,0.0014308342,1187540.6454999992,-0.1691990972,1505714.4199000001,1126237.0076945997
2017-03-13,431.8403999989,993557.0000000000,993988.8403999989,True,67800.0000000000,52400.0000000000,41900.0000000000,76200.0000000000,0.0074791470,1187540.6454999992,-0.1629854151,1514536.4199000001,1134741.3808213414
2017-03-14,990994.4327999989,0.0000000000,990994.4327999989,False,0.0000000000,0.0000000000,0.0000000000,0.0000000000,-0.0030125163,1187540.6454999992,-0.1655069352,1515534.4199000001,1135551.1541899636
2017-03-15,990994.4327999989,0.0000000000,990994.4327999989,False,0.0000000000,0.0000000000,0.0000000000,0.0000000000,0.0000000000,1187540.6454999992,-0.1655069352,1514945.4199000001,1136402.9937076052
2017-03-16,990994.4327999989,0.0000000000,990994.4327999989,False,0.0000000000,0.0000000000,0.0000000000,0.0000000000,0.0000000000,1187540.6454999992,-0.1655069352,1514878.4199000001,1145930.9764604841
2017-03-17,990994.4327999989,0.0000000000,990994.4327999989,False,0.0000000000,0.0000000000,0.0000000000,0.0000000000,0.0000000000,1187540.6454999992,-0.1655069352,1508490.4199000001,1134892.1178553274
2017-03-20,843.4765999988,991583.0000000000,992426.4765999988,True,68000.0000000000,52700.0000000000,41900.0000000000,75900.0000000000,0.0014450574,1187540.6454999992,-0.1643010449,1510668.4199000001,1139575.4824461464
2017-03-21,989931.9877999988,0.0000000000,989931.9877999988,False,0.0000000000,0.0000000000,0.0000000000,0.0000000000,-0.0025135250,1187540.6454999992,-0.1664015951,1508729.4199000001,1143361.4358578864
2017-03-22,989931.9877999988,0.0000000000,989931.9877999988,False,0.0000000000,0.0000000000,0.0000000000,0.0000000000,0.0000000000,1187540.6454999992,-0.1664015951,1496158.4199000001,1137615.9010043293
2017-03-23,989931.9877999988,0.0000000000,989931.9877999988,False,0.0000000000,0.0000000000,0.0000000000,0.0000000000,0.0000000000,1187540.6454999992,-0.1664015951,1498899.4199000001,1138783.2366396158
2017-03-24,989931.9877999988,0.0000000000,989931.9877999988,False,0.0000000000,0.0000000000,0.0000000000,0.0000000000,0.0000000000,1187540.6454999992,-0.1664015951,1503323.4199000001,1146109.7575938161
2017-03-27,989931.9877999988,0.0000000000,989931.9877999988,False,0.0000000000,0.0000000000,0.0000000000,0.0000000000,0.0000000000,1187540.6454999992,-0.1664015951,1515516.4199000001,1145236.8850016650
2017-03-28,989931.9877999988,0.0000000000,989931.9877999988,False,0.0000000000,0.0000000000,0.0000000000,0.0000000000,0.0000000000,1187540.6454999992,-0.1664015951,1514209.4199000001,1140325.6621036581
2017-03-29,989931.9877999988,0.0000000000,989931.9877999988,False,0.0000000000,0.0000000000,0.0000000000,0.0000000000,0.0000000000,1187540.6454999992,-0.1664015951,1518760.4199000001,1136245.2456487827
2017-03-30,947.3813999989,992954.0000000000,993901.3813999989,True,67900.0000000000,51800.0000000000,41800.0000000000,75200.0000000000,0.0040097640,1187540.6454999992,-0.1630590623,1521296.4199000001,1125353.6185651938
2017-03-31,947.3813999989,1001402.0000000000,1002349.3813999989,True,67900.0000000000,51800.0000000000,41800.0000000000,75200.0000000000,0.0084998373,1187540.6454999992,-0.1559452005,1531372.4199000001,1129654.8823024204
2017-04-05,947.3813999989,1004240.0000000000,1005187.3813999989,True,67900.0000000000,51800.0000000000,41800.0000000000,75200.0000000000,0.0028313481,1187540.6454999992,-0.1535553876,1535128.4199000001,1146411.2316617882
2017-04-06,1003203.7520999988,0.0000000000,1003203.7520999988,False,0.0000000000,0.0000000000,0.0000000000,0.0000000000,-0.0019733926,1187540.6454999992,-0.1552257551,1530935.4199000001,1150158.6244369270
2017-04-07,1003203.7520999988,0.0000000000,1003203.7520999988,False,0.0000000000,0.0000000000,0.0000000000,0.0000000000,0.0000000000,1187540.6454999992,-0.1552257551,1534118.4199000001,1152128.7224159990
2017-04-10,1003203.7520999988,0.0000000000,1003203.7520999988,False,0.0000000000,0.0000000000,0.0000000000,0.0000000000,0.0000000000,1187540.6454999992,-0.1552257551,1526476.4199000001,1146088.7245193066
2017-04-11,1003203.7520999988,0.0000000000,1003203.7520999988,False,0.0000000000,0.0000000000,0.0000000000,0.0000000000,0.0000000000,1187540.6454999992,-0.1552257551,1520712.4199000001,1152952.5178342944
2017-04-12,1003203.7520999988,0.0000000000,1003203.7520999988,False,0.0000000000,0.0000000000,0.0000000000,0.0000000000,0.0000000000,1187540.6454999992,-0.1552257551,1525007.4199000001,1147645.1720330219
2017-04-13,1003203.7520999988,0.0000000000,1003203.7520999988,False,0.0000000000,0.0000000000,0.0000000000,0.0000000000,0.0000000000,1187540.6454999992,-0.1552257551,1521268.4199000001,1148391.8461781151
2017-04-14,1003203.7520999988,0.0000000000,1003203.7520999988,False,0.0000000000,0.0000000000,0.0000000000,0.0000000000,0.0000000000,1187540.6454999992,-0.1552257551,1516639.4199000001,1137913.8695598829
2017-04-17,479.0248999987,1006132.0000000000,1006611.0248999987,True,69600.0000000000,52300.0000000000,42700.0000000000,76200.0000000000,0.0033963916,1187540.6454999992,-0.1523565709,1516647.4199000001,1129535.6948801992
2017-04-18,479.0248999987,997104.0000000000,997583.0248999987,True,69600.0000000000,52300.0000000000,42700.0000000000,76200.0000000000,-0.0089687077,1187540.6454999992,-0.1599588370,1505939.4199000001,1120610.6602632639
2017-04-19,479.0248999987,987192.0000000000,987671.0248999987,True,69600.0000000000,52300.0000000000,42700.0000000000,76200.0000000000,-0.0099360151,1187540.6454999992,-0.1683054987,1494274.4199000001,1111489.3169509054
2017-04-20,479.0248999987,986039.0000000000,986518.0248999987,True,69600.0000000000,52300.0000000000,42700.0000000000,76200.0000000000,-0.0011673928,1187540.6454999992,-0.1692764129,1493086.4199000001,1111983.5942018824
2017-04-21,479.0248999987,1001429.0000000000,1001908.0248999987,True,69600.0000000000,52300.0000000000,42700.0000000000,76200.0000000000,0.0156003232,1187540.6454999992,-0.1563168564,1511530.4199000001,1112351.6730058016
2017-04-24,479.0248999987,1005472.0000000000,1005951.0248999987,True,69600.0000000000,52300.0000000000,42700.0000000000,76200.0000000000,0.0040353005,1187540.6454999992,-0.1529123414,1516167.4199000001,1097060.6278372740
2017-04-25,479.0248999987,1006992.0000000000,1007471.0248999987,True,69600.0000000000,52300.0000000000,42700.0000000000,76200.0000000000,0.0015110080,1187540.6454999992,-0.1516323852,1518131.4199000001,1098827.4060960861
2017-04-26,479.0248999987,1014485.0000000000,1014964.0248999987,True,69600.0000000000,52300.0000000000,42700.0000000000,76200.0000000000,0.0074374347,1187540.6454999992,-0.1453227064,1527002.4199000001,1101028.8678947645
2017-04-27,479.0248999987,1017136.0000000000,1017615.0248999987,True,69600.0000000000,52300.0000000000,42700.0000000000,76200.0000000000,0.0026119152,1187540.6454999992,-0.1430903618,1530101.4199000001,1105004.1189770915
2017-04-28,479.0248999987,1017990.0000000000,1018469.0248999987,True,69600.0000000000,52300.0000000000,42700.0000000000,76200.0000000000,0.0008392172,1187540.6454999992,-0.1423712285,1531177.4199000001,1105869.9805444060
2017-05-02,479.0248999987,1005965.0000000000,1006444.0248999987,True,69600.0000000000,52300.0000000000,42700.0000000000,76200.0000000000,-0.0118069374,1187540.6454999992,-0.1524971977,1516875.4199000001,1102031.4444463919
2017-05-03,479.0248999987,1000549.0000000000,1001028.0248999987,True,69600.0000000000,52300.0000000000,42700.0000000000,76200.0000000000,-0.0053813226,1187540.6454999992,-0.1570578837,1510487.4199000001,1099100.8360647117
2017-05-04,479.0248999987,1001738.0000000000,1002217.0248999987,True,69600.0000000000,52300.0000000000,42700.0000000000,76200.0000000000,0.0011877789,1187540.6454999992,-0.1560566548,1511964.4199000001,1096303.4371549261
2017-05-05,479.0248999987,1007946.0000000000,1008425.0248999987,True,69600.0000000000,52300.0000000000,42700.0000000000,76200.0000000000,0.0061942672,1187540.6454999992,-0.1508290443,1519307.4199000001,1087774.5254412564
2017-05-08,479.0248999987,1014747.0000000000,1015226.0248999987,True,69600.0000000000,52300.0000000000,42700.0000000000,76200.0000000000,0.0067441801,1187540.6454999992,-0.1451020824,1527188.4199000001,1079210.5586034039
2017-05-09,479.0248999987,1012416.0000000000,1012895.0248999987,True,69600.0000000000,52300.0000000000,42700.0000000000,76200.0000000000,-0.0022960404,1187540.6454999992,-0.1470649626,1524482.4199000001,1079883.6169877131
2017-05-10,479.0248999987,1016632.0000000000,1017111.0248999987,True,69600.0000000000,52300.0000000000,42700.0000000000,76200.0000000000,0.0041623267,1187540.6454999992,-0.1435147683,1529434.4199000001,1070155.8200269924
2017-05-11,479.0248999987,1025833.0000000000,1026312.0248999987,True,69600.0000000000,52300.0000000000,42700.0000000000,76200.0000000000,0.0090462101,1187540.6454999992,-0.1357668230,1540322.4199000001,1073212.6268557305
2017-05-12,479.0248999987,1046754.0000000000,1047233.0248999987,True,69600.0000000000,52300.0000000000,42700.0000000000,76200.0000000000,0.0203846389,1187540.6454999992,-0.1181497418,1565127.4199000001,1080928.2596883599
2017-05-15,479.0248999987,1046199.0000000000,1046678.0248999987,True,69600.0000000000,52300.0000000000,42700.0000000000,76200.0000000000,-0.0005299680,1187540.6454999992,-0.1186170942,1564298.4199000001,1083283.9640334425
2017-05-16,479.0248999987,1034887.0000000000,1035366.0248999987,True,69600.0000000000,52300.0000000000,42700.0000000000,76200.0000000000,-0.0108075260,1187540.6454999992,-0.1281426629,1551132.4199000001,1091251.9937601879
2017-05-17,479.0248999987,1029537.0000000000,1030016.0248999987,True,69600.0000000000,52300.0000000000,42700.0000000000,76200.0000000000,-0.0051672547,1187540.6454999992,-0.1326477718,1544779.4199000001,1088265.2971798151
2017-05-18,479.0248999987,1032549.0000000000,1033028.0248999987,True,69600.0000000000,52300.0000000000,42700.0000000000,76200.0000000000,0.0029242263,1187540.6454999992,-0.1301114376,1548381.4199000001,1083252.4144216781
2017-05-19,479.0248999987,1031411.0000000000,1031890.0248999987,True,69600.0000000000,52300.0000000000,42700.0000000000,76200.0000000000,-0.0011016158,1187540.6454999992,-0.1310697206,1547066.4199000001,1083424.1845301737
2017-05-22,479.0248999987,1039504.0000000000,1039983.0248999987,True,69600.0000000000,52300.0000000000,42700.0000000000,76200.0000000000,0.0078428900,1187540.6454999992,-0.1242547960,1556655.4199000001,1078183.4434648484
2017-05-23,479.0248999987,1054298.0000000000,1054777.0248999987,True,69600.0000000000,52300.0000000000,42700.0000000000,76200.0000000000,0.0142252322,1187540.6454999992,-0.1117971171,1574160.4199000001,1073370.3749145530
2017-05-24,479.0248999987,1053002.0000000000,1053481.0248999987,True,69600.0000000000,52300.0000000000,42700.0000000000,76200.0000000000,-0.0012286957,1187540.6454999992,-0.1128884482,1572673.4199000001,1074117.0490596462
2017-05-25,479.0248999987,1060720.0000000000,1061199.0248999987,True,69600.0000000000,52300.0000000000,42700.0000000000,76200.0000000000,0.0073261880,1187540.6454999992,-0.1063893022,1581658.4199000001,1089453.6658896115
2017-05-26,1058050.3924999987,0.0000000000,1058050.3924999987,False,0.0000000000,0.0000000000,0.0000000000,0.0000000000,-0.0029670517,1187540.6454999992,-0.1090406914,1593440.4199000001,1090235.3951588874
2017-05-31,1058050.3924999987,0.0000000000,1058050.3924999987,False,0.0000000000,0.0000000000,0.0000000000,0.0000000000,0.0000000000,1187540.6454999992,-0.1090406914,1599742.4199000001,1092731.3200007011
2017-06-01,1058050.3924999987,0.0000000000,1058050.3924999987,False,0.0000000000,0.0000000000,0.0000000000,0.0000000000,0.0000000000,1187540.6454999992,-0.1090406914,1609953.4199000001,1087627.2939196888
2017-06-02,1058050.3924999987,0.0000000000,1058050.3924999987,False,0.0000000000,0.0000000000,0.0000000000,0.0000000000,0.0000000000,1187540.6454999992,-0.1090406914,1603659.4199000001,1088650.9035458257
2017-06-05,1058050.3924999987,0.0000000000,1058050.3924999987,False,0.0000000000,0.0000000000,0.0000000000,0.0000000000,0.0000000000,1187540.6454999992,-0.1090406914,1566225.4199000001,1083785.2523092562
2017-06-06,1058050.3924999987,0.0000000000,1058050.3924999987,False,0.0000000000,0.0000000000,0.0000000000,0.0000000000,0.0000000000,1187540.6454999992,-0.1090406914,1569009.4199000001,1087455.5238111930
2017-06-07,1058050.3924999987,0.0000000000,1058050.3924999987,False,0.0000000000,0.0000000000,0.0000000000,0.0000000000,0.0000000000,1187540.6454999992,-0.1090406914,1576788.4199000001,1100843.0757365958
2017-06-08,1058050.3924999987,0.0000000000,1058050.3924999987,False,0.0000000000,0.0000000000,0.0000000000,0.0000000000,0.0000000000,1187540.6454999992,-0.1090406914,1576788.4199000001,1104352.0936672918
2017-06-09,1058050.3924999987,0.0000000000,1058050.3924999987,False,0.0000000000,0.0000000000,0.0000000000,0.0000000000,0.0000000000,1187540.6454999992,-0.1090406914,1576694.4199000001,1107181.0421888418
2017-06-12,1058050.3924999987,0.0000000000,1058050.3924999987,False,0.0000000000,0.0000000000,0.0000000000,0.0000000000,0.0000000000,1187540.6454999992,-0.1090406914,1574303.4199000001,1100688.8331901915
2017-06-13,1058050.3924999987,0.0000000000,1058050.3924999987,False,0.0000000000,0.0000000000,0.0000000000,0.0000000000,0.0000000000,1187540.6454999992,-0.1090406914,1576856.4199000001,1105547.4734019246
2017-06-14,1058050.3924999987,0.0000000000,1058050.3924999987,False,0.0000000000,0.0000000000,0.0000000000,0.0000000000,0.0000000000,1187540.6454999992,-0.1090406914,1574072.4199000001,1097460.2562529577
2017-06-15,1058050.3924999987,0.0000000000,1058050.3924999987,False,0.0000000000,0.0000000000,0.0000000000,0.0000000000,0.0000000000,1187540.6454999992,-0.1090406914,1558046.4199000001,1098098.2595130843
2017-06-16,1058050.3924999987,0.0000000000,1058050.3924999987,False,0.0000000000,0.0000000000,0.0000000000,0.0000000000,0.0000000000,1187540.6454999992,-0.1090406914,1557013.4199000001,1094831.1219392493
2017-06-19,1058050.3924999987,0.0000000000,1058050.3924999987,False,0.0000000000,0.0000000000,0.0000000000,0.0000000000,0.0000000000,1187540.6454999992,-0.1090406914,1552548.4199000001,1102262.8082659983
2017-06-20,1058050.3924999987,0.0000000000,1058050.3924999987,False,0.0000000000,0.0000000000,0.0000000000,0.0000000000,0.0000000000,1187540.6454999992,-0.1090406914,1561581.4199000001,1100734.4048516292
2017-06-21,1058050.3924999987,0.0000000000,1058050.3924999987,False,0.0000000000,0.0000000000,0.0000000000,0.0000000000,0.0000000000,1187540.6454999992,-0.1090406914,1563246.4199000001,1106413.3349692391
2017-06-22,1058050.3924999987,0.0000000000,1058050.3924999987,False,0.0000000000,0.0000000000,0.0000000000,0.0000000000,0.0000000000,1187540.6454999992,-0.1090406914,1575619.4199000001,1103342.5060908278
2017-06-23,1058050.3924999987,0.0000000000,1058050.3924999987,False,0.0000000000,0.0000000000,0.0000000000,0.0000000000,0.0000000000,1187540.6454999992,-0.1090406914,1583142.4199000001,1106995.2500306731
2017-06-26,1058050.3924999987,0.0000000000,1058050.3924999987,False,0.0000000000,0.0000000000,0.0000000000,0.0000000000,0.0000000000,1187540.6454999992,-0.1090406914,1579129.4199000001,1116659.9477678649
2017-06-27,1058050.3924999987,0.0000000000,1058050.3924999987,False,0.0000000000,0.0000000000,0.0000000000,0.0000000000,0.0000000000,1187540.6454999992,-0.1090406914,1579702.4199000001,1118679.1229207930
2017-06-28,1058050.3924999987,0.0000000000,1058050.3924999987,False,0.0000000000,0.0000000000,0.0000000000,0.0000000000,0.0000000000,1187540.6454999992,-0.1090406914,1579567.4199000001,1112369.2005678930
2017-06-29,1058050.3924999987,0.0000000000,1058050.3924999987,False,0.0000000000,0.0000000000,0.0000000000,0.0000000000,0.0000000000,1187540.6454999992,-0.1090406914,1591784.4199000001,1117578.3920214537
2017-06-30,1058050.3924999987,0.0000000000,1058050.3924999987,False,0.0000000000,0.0000000000,0.0000000000,0.0000000000,0.0000000000,1187540.6454999992,-0.1090406914,1598677.8199000000,1119110.3009482410
2017-07-03,1058050.3924999987,0.0000000000,1058050.3924999987,False,0.0000000000,0.0000000000,0.0000000000,0.0000000000,0.0000000000,1187540.6454999992,-0.1090406914,1596781.8199000000,1120330.2192698016
2017-07-04,1058050.3924999987,0.0000000000,1058050.3924999987,False,0.0000000000,0.0000000000,0.0000000000,0.0000000000,0.0000000000,1187540.6454999992,-0.1090406914,1594987.8199000000,1115734.4924894397
2017-07-05,1058050.3924999987,0.0000000000,1058050.3924999987,False,0.0000000000,0.0000000000,0.0000000000,0.0000000000,0.0000000000,1187540.6454999992,-0.1090406914,1592733.8199000000,1124263.4042031094
2017-07-06,1058050.3924999987,0.0000000000,1058050.3924999987,False,0.0000000000,0.0000000000,0.0000000000,0.0000000000,0.0000000000,1187540.6454999992,-0.1090406914,1592903.8199000000,1126124.8312972148
2017-07-07,1058050.3924999987,0.0000000000,1058050.3924999987,False,0.0000000000,0.0000000000,0.0000000000,0.0000000000,0.0000000000,1187540.6454999992,-0.1090406914,1595278.8199000000,1128059.8741521041
2017-07-10,1058050.3924999987,0.0000000000,1058050.3924999987,False,0.0000000000,0.0000000000,0.0000000000,0.0000000000,0.0000000000,1187540.6454999992,-0.1090406914,1593903.8199000000,1126191.4360331621
2017-07-11,1058050.3924999987,0.0000000000,1058050.3924999987,False,0.0000000000,0.0000000000,0.0000000000,0.0000000000,0.0000000000,1187540.6454999992,-0.1090406914,1611149.0899000000,1122829.6496240338
2017-07-12,1058050.3924999987,0.0000000000,1058050.3924999987,False,0.0000000000,0.0000000000,0.0000000000,0.0000000000,0.0000000000,1187540.6454999992,-0.1090406914,1619339.0899000000,1120901.6177939810
2017-07-13,1058050.3924999987,0.0000000000,1058050.3924999987,False,0.0000000000,0.0000000000,0.0000000000,0.0000000000,0.0000000000,1187540.6454999992,-0.1090406914,1634974.0899000000,1128129.9844004698
2017-07-14,1058050.3924999987,0.0000000000,1058050.3924999987,False,0.0000000000,0.0000000000,0.0000000000,0.0000000000,0.0000000000,1187540.6454999992,-0.1090406914,1641439.2899000002,1129623.3326906560
2017-07-17,1058050.3924999987,0.0000000000,1058050.3924999987,False,0.0000000000,0.0000000000,0.0000000000,0.0000000000,0.0000000000,1187540.6454999992,-0.1090406914,1681000.2899000002,1113511.9976162515
2017-07-18,467.2126999988,1053249.0000000000,1053716.2126999986,True,70300.0000000000,50000.0000000000,40900.0000000000,73600.0000000000,-0.0040963832,1187540.6454999992,-0.1126904021,1666424.2899000002,1117406.6219129581
2017-07-19,467.2126999988,1053240.0000000000,1053707.2126999986,True,70300.0000000000,50000.0000000000,40900.0000000000,73600.0000000000,-0.0000085412,1187540.6454999992,-0.1126979807,1666510.2899000002,1132624.0513207018
2017-07-20,1053693.2365999988,0.0000000000,1053693.2365999988,False,0.0000000000,0.0000000000,0.0000000000,0.0000000000,-0.0000132637,1187540.6454999992,-0.1127097497,1674964.2899000002,1137489.7025572713
2017-07-21,1053693.2365999988,0.0000000000,1053693.2365999988,False,0.0000000000,0.0000000000,0.0000000000,0.0000000000,0.0000000000,1187540.6454999992,-0.1127097497,1675876.2899000002,1135077.9100134962
2017-07-24,1053693.2365999988,0.0000000000,1053693.2365999988,False,0.0000000000,0.0000000000,0.0000000000,0.0000000000,0.0000000000,1187540.6454999992,-0.1127097497,1682963.2899000002,1139501.8666853628
2017-07-25,1053693.2365999988,0.0000000000,1053693.2365999988,False,0.0000000000,0.0000000000,0.0000000000,0.0000000000,0.0000000000,1187540.6454999992,-0.1127097497,1709843.2899000002,1137079.5576043327
2017-07-26,1053693.2365999988,0.0000000000,1053693.2365999988,False,0.0000000000,0.0000000000,0.0000000000,0.0000000000,0.0000000000,1187540.6454999992,-0.1127097497,1730831.2899000002,1138474.7515468074
2017-07-27,1053693.2365999988,0.0000000000,1053693.2365999988,False,0.0000000000,0.0000000000,0.0000000000,0.0000000000,0.0000000000,1187540.6454999992,-0.1127097497,1719295.2899000002,1139214.4146670639
2017-07-28,1053693.2365999988,0.0000000000,1053693.2365999988,False,0.0000000000,0.0000000000,0.0000000000,0.0000000000,0.0000000000,1187540.6454999992,-0.1127097497,1727160.2899000002,1140427.3219637880
2017-07-31,1053693.2365999988,0.0000000000,1053693.2365999988,False,0.0000000000,0.0000000000,0.0000000000,0.0000000000,0.0000000000,1187540.6454999992,-0.1127097497,1723175.2899000002,1147364.7310395597
2017-08-01,1053693.2365999988,0.0000000000,1053693.2365999988,False,0.0000000000,0.0000000000,0.0000000000,0.0000000000,0.0000000000,1187540.6454999992,-0.1127097497,1735241.2899000002,1154239.0408918024
2017-08-02,1053693.2365999988,0.0000000000,1053693.2365999988,False,0.0000000000,0.0000000000,0.0000000000,0.0000000000,0.0000000000,1187540.6454999992,-0.1127097497,1759945.2899000002,1151581.8624787477
2017-08-03,1053693.2365999988,0.0000000000,1053693.2365999988,False,0.0000000000,0.0000000000,0.0000000000,0.0000000000,0.0000000000,1187540.6454999992,-0.1127097497,1753927.2899000002,1147329.6759153770
2017-08-04,1053693.2365999988,0.0000000000,1053693.2365999988,False,0.0000000000,0.0000000000,0.0000000000,0.0000000000,0.0000000000,1187540.6454999992,-0.1127097497,1752209.2899000002,1143526.1949415456
2017-08-07,1053693.2365999988,0.0000000000,1053693.2365999988,False,0.0000000000,0.0000000000,0.0000000000,0.0000000000,0.0000000000,1187540.6454999992,-0.1127097497,1746189.2899000002,1149618.7755245122
2017-08-08,1053693.2365999988,0.0000000000,1053693.2365999988,False,0.0000000000,0.0000000000,0.0000000000,0.0000000000,0.0000000000,1187540.6454999992,-0.1127097497,1753194.2899000002,1150463.6040173173
2017-08-09,1053693.2365999988,0.0000000000,1053693.2365999988,False,0.0000000000,0.0000000000,0.0000000000,0.0000000000,0.0000000000,1187540.6454999992,-0.1127097497,1721770.2899000002,1148255.1311938022
2017-08-10,1053693.2365999988,0.0000000000,1053693.2365999988,False,0.0000000000,0.0000000000,0.0000000000,0.0000000000,0.0000000000,1187540.6454999992,-0.1127097497,1717501.2899000002,1143410.5130317423
2017-08-11,1053693.2365999988,0.0000000000,1053693.2365999988,False,0.0000000000,0.0000000000,0.0000000000,0.0000000000,0.0000000000,1187540.6454999992,-0.1127097497,1715210.2899000002,1124757.6814540864
2017-08-14,1071.5447999988,1051630.0000000000,1052701.5447999989,True,67100.0000000000,47800.0000000000,40000.0000000000,72700.0000000000,-0.0009411580,1187540.6454999992,-0.1135448300,1704844.2899000002,1134860.5682435629
2017-08-15,1071.5447999988,1076997.0000000000,1078068.5447999989,True,67100.0000000000,47800.0000000000,40000.0000000000,72700.0000000000,0.0240970483,1187540.6454999992,-0.0921838769,1736425.2899000002,1139733.2305049691
2017-08-16,1071.5447999988,1073828.0000000000,1074899.5447999989,True,67100.0000000000,47800.0000000000,40000.0000000000,72700.0000000000,-0.0029395162,1187540.6454999992,-0.0948524172,1732266.2899000002,1138047.0790317773
2017-08-17,1071.5447999988,1074133.0000000000,1075204.5447999989,True,67100.0000000000,47800.0000000000,40000.0000000000,72700.0000000000,0.0002837474,1187540.6454999992,-0.0945955838,1732786.2899000002,1145752.1953271518
2017-08-18,1067586.2708999987,0.0000000000,1067586.2708999987,False,0.0000000000,0.0000000000,0.0000000000,0.0000000000,-0.0070854182,1187540.6454999992,-0.1010107528,1728695.2899000002,1145853.8551872820
2017-08-21,1067586.2708999987,0.0000000000,1067586.2708999987,False,0.0000000000,0.0000000000,0.0000000000,0.0000000000,0.0000000000,1187540.6454999992,-0.1010107528,1731068.2899000002,1152230.3822761292
2017-08-22,1067586.2708999987,0.0000000000,1067586.2708999987,False,0.0000000000,0.0000000000,0.0000000000,0.0000000000,0.0000000000,1187540.6454999992,-0.1010107528,1740203.2899000002,1153394.2123989973
2017-08-23,1067586.2708999987,0.0000000000,1067586.2708999987,False,0.0000000000,0.0000000000,0.0000000000,0.0000000000,0.0000000000,1187540.6454999992,-0.1010107528,1766331.2899000002,1152507.3177571732
2017-08-24,1067586.2708999987,0.0000000000,1067586.2708999987,False,0.0000000000,0.0000000000,0.0000000000,0.0000000000,0.0000000000,1187540.6454999992,-0.1010107528,1776900.2899000002,1146831.8931519815
2017-08-25,1067586.2708999987,0.0000000000,1067586.2708999987,False,0.0000000000,0.0000000000,0.0000000000,0.0000000000,0.0000000000,1187540.6454999992,-0.1010107528,1822985.2899000002,1167868.4731740663
2017-08-28,1067586.2708999987,0.0000000000,1067586.2708999987,False,0.0000000000,0.0000000000,0.0000000000,0.0000000000,0.0000000000,1187540.6454999992,-0.1010107528,1810659.2899000002,1178781.1333321647
2017-08-29,1067586.2708999987,0.0000000000,1067586.2708999987,False,0.0000000000,0.0000000000,0.0000000000,0.0000000000,0.0000000000,1187540.6454999992,-0.1010107528,1825255.2899000002,1179685.5555360804
2017-08-30,1067586.2708999987,0.0000000000,1067586.2708999987,False,0.0000000000,0.0000000000,0.0000000000,0.0000000000,0.0000000000,1187540.6454999992,-0.1010107528,1805932.2899000002,1179124.6735491559
2017-08-31,1067586.2708999987,0.0000000000,1067586.2708999987,False,0.0000000000,0.0000000000,0.0000000000,0.0000000000,0.0000000000,1187540.6454999992,-0.1010107528,1789069.2899000002,1178136.1190472017
2017-09-01,1067586.2708999987,0.0000000000,1067586.2708999987,False,0.0000000000,0.0000000000,0.0000000000,0.0000000000,0.0000000000,1187540.6454999992,-0.1010107528,1766178.2899000002,1180348.0973831350
2017-09-04,1067586.2708999987,0.0000000000,1067586.2708999987,False,0.0000000000,0.0000000000,0.0000000000,0.0000000000,0.0000000000,1187540.6454999992,-0.1010107528,1778557.2899000002,1184715.9658563090
2017-09-05,1067586.2708999987,0.0000000000,1067586.2708999987,False,0.0000000000,0.0000000000,0.0000000000,0.0000000000,0.0000000000,1187540.6454999992,-0.1010107528,1806368.2899000002,1186377.5787425726
2017-09-06,1067586.2708999987,0.0000000000,1067586.2708999987,False,0.0000000000,0.0000000000,0.0000000000,0.0000000000,0.0000000000,1187540.6454999992,-0.1010107528,1800502.2899000002,1186752.6685713283
2017-09-07,1067586.2708999987,0.0000000000,1067586.2708999987,False,0.0000000000,0.0000000000,0.0000000000,0.0000000000,0.0000000000,1187540.6454999992,-0.1010107528,1793832.2899000002,1179780.2043713739
2017-09-08,1067586.2708999987,0.0000000000,1067586.2708999987,False,0.0000000000,0.0000000000,0.0000000000,0.0000000000,0.0000000000,1187540.6454999992,-0.1010107528,1790655.2899000002,1179689.0610484988
2017-09-11,1067586.2708999987,0.0000000000,1067586.2708999987,False,0.0000000000,0.0000000000,0.0000000000,0.0000000000,0.0000000000,1187540.6454999992,-0.1010107528,1790330.2899000002,1183608.2239321333
2017-09-12,1067586.2708999987,0.0000000000,1067586.2708999987,False,0.0000000000,0.0000000000,0.0000000000,0.0000000000,0.0000000000,1187540.6454999992,-0.1010107528,1794564.2899000002,1184684.4162445446
2017-09-13,1067586.2708999987,0.0000000000,1067586.2708999987,False,0.0000000000,0.0000000000,0.0000000000,0.0000000000,0.0000000000,1187540.6454999992,-0.1010107528,1790072.2899000002,1186317.9850314620
2017-09-14,1067586.2708999987,0.0000000000,1067586.2708999987,False,0.0000000000,0.0000000000,0.0000000000,0.0000000000,0.0000000000,1187540.6454999992,-0.1010107528,1773240.2899000002,1181858.9732354127
2017-09-15,1067586.2708999987,0.0000000000,1067586.2708999987,False,0.0000000000,0.0000000000,0.0000000000,0.0000000000,0.0000000000,1187540.6454999992,-0.1010107528,1758254.2899000002,1175615.6556184599
2017-09-18,1067586.2708999987,0.0000000000,1067586.2708999987,False,0.0000000000,0.0000000000,0.0000000000,0.0000000000,0.0000000000,1187540.6454999992,-0.1010107528,1747189.2899000002,1178854.7490929486
2017-09-19,1067586.2708999987,0.0000000000,1067586.2708999987,False,0.0000000000,0.0000000000,0.0000000000,0.0000000000,0.0000000000,1187540.6454999992,-0.1010107528,1754473.2899000002,1176744.4306171455
2017-09-20,678.2944999987,1072767.0000000000,1073445.2944999987,True,65500.0000000000,46400.0000000000,39300.0000000000,71900.0000000000,0.0054881032,1187540.6454999992,-0.0960770071,1758506.2899000002,1179955.4799922879
2017-09-21,1071258.7282999987,0.0000000000,1071258.7282999987,False,0.0000000000,0.0000000000,0.0000000000,0.0000000000,-0.0020369610,1187540.6454999992,-0.0979182630,1783941.2899000002,1177084.4653217182
2017-09-22,906.7189999986,1079122.0000000000,1080028.7189999986,True,64600.0000000000,45000.0000000000,38500.0000000000,71200.0000000000,0.0081866224,1187540.6454999992,-0.0905332604,1793121.2899000002,1175233.5547648678
2017-09-25,906.7189999986,1095293.0000000000,1096199.7189999986,True,64600.0000000000,45000.0000000000,38500.0000000000,71200.0000000000,0.0149727500,1187540.6454999992,-0.0769160423,1814330.2899000002,1171384.5021295988
2017-09-26,906.7189999986,1090015.0000000000,1090921.7189999986,True,64600.0000000000,45000.0000000000,38500.0000000000,71200.0000000000,-0.0048148160,1187540.6454999992,-0.0813605217,1807515.2899000002,1172096.1211505092
2017-09-27,906.7189999986,1078934.0000000000,1079840.7189999986,True,64600.0000000000,45000.0000000000,38500.0000000000,71200.0000000000,-0.0101574658,1187540.6454999992,-0.0906915708,1793066.2899000002,1172688.5527491982
2017-09-28,906.7189999986,1081832.0000000000,1082738.7189999986,True,64600.0000000000,45000.0000000000,38500.0000000000,71200.0000000000,0.0026837291,1187540.6454999992,-0.0882512333,1797018.2899000002,1170714.9492577077
2017-09-29,906.7189999986,1076481.0000000000,1077387.7189999986,True,64600.0000000000,45000.0000000000,38500.0000000000,71200.0000000000,-0.0049420972,1187540.6454999992,-0.0927571843,1790119.2899000002,1173975.0758067060
2017-10-09,906.7189999986,1080770.0000000000,1081676.7189999986,True,64600.0000000000,45000.0000000000,38500.0000000000,71200.0000000000,0.0039809253,1187540.6454999992,-0.0891455184,1795882.2899000002,1182893.0993988046
2017-10-10,1078987.3897999986,0.0000000000,1078987.3897999986,False,0.0000000000,0.0000000000,0.0000000000,0.0000000000,-0.0024862597,1187540.6454999992,-0.0914101392,1801527.2899000002,1185911.3455909416
2017-10-11,1078987.3897999986,0.0000000000,1078987.3897999986,False,0.0000000000,0.0000000000,0.0000000000,0.0000000000,0.0000000000,1187540.6454999992,-0.0914101392,1814616.2899000002,1187765.7616602106
2017-10-12,1078987.3897999986,0.0000000000,1078987.3897999986,False,0.0000000000,0.0000000000,0.0000000000,0.0000000000,0.0000000000,1187540.6454999992,-0.0914101392,1809066.2899000002,1187001.5599530260
2017-10-13,1078987.3897999986,0.0000000000,1078987.3897999986,False,0.0000000000,0.0000000000,0.0000000000,0.0000000000,0.0000000000,1187540.6454999992,-0.0914101392,1797497.2899000002,1188550.9964419049
2017-10-16,1078987.3897999986,0.0000000000,1078987.3897999986,False,0.0000000000,0.0000000000,0.0000000000,0.0000000000,0.0000000000,1187540.6454999992,-0.0914101392,1811525.2899000002,1184326.8539778802
2017-10-17,1078987.3897999986,0.0000000000,1078987.3897999986,False,0.0000000000,0.0000000000,0.0000000000,0.0000000000,0.0000000000,1187540.6454999992,-0.0914101392,1800776.2899000002,1182072.8094929275
2017-10-18,1078987.3897999986,0.0000000000,1078987.3897999986,False,0.0000000000,0.0000000000,0.0000000000,0.0000000000,0.0000000000,1187540.6454999992,-0.0914101392,1824982.2899000002,1185490.6841007485
2017-10-19,1078987.3897999986,0.0000000000,1078987.3897999986,False,0.0000000000,0.0000000000,0.0000000000,0.0000000000,0.0000000000,1187540.6454999992,-0.0914101392,1835561.2899000002,1181417.2786707096
2017-10-20,1078987.3897999986,0.0000000000,1078987.3897999986,False,0.0000000000,0.0000000000,0.0000000000,0.0000000000,0.0000000000,1187540.6454999992,-0.0914101392,1821413.2899000002,1184389.9532014092
2017-10-23,1078987.3897999986,0.0000000000,1078987.3897999986,False,0.0000000000,0.0000000000,0.0000000000,0.0000000000,0.0000000000,1187540.6454999992,-0.0914101392,1804855.2899000002,1185108.5832471561
2017-10-24,1078987.3897999986,0.0000000000,1078987.3897999986,False,0.0000000000,0.0000000000,0.0000000000,0.0000000000,0.0000000000,1187540.6454999992,-0.0914101392,1812010.2899000002,1187755.2451229559
2017-10-25,1078987.3897999986,0.0000000000,1078987.3897999986,False,0.0000000000,0.0000000000,0.0000000000,0.0000000000,0.0000000000,1187540.6454999992,-0.0914101392,1797997.2899000002,1190787.5133647660
2017-10-26,1078987.3897999986,0.0000000000,1078987.3897999986,False,0.0000000000,0.0000000000,0.0000000000,0.0000000000,0.0000000000,1187540.6454999992,-0.0914101392,1774182.2899000002,1194527.8951150684
2017-10-27,1078987.3897999986,0.0000000000,1078987.3897999986,False,0.0000000000,0.0000000000,0.0000000000,0.0000000000,0.0000000000,1187540.6454999992,-0.0914101392,1794145.2899000002,1197766.9885895571
2017-10-30,1078987.3897999986,0.0000000000,1078987.3897999986,False,0.0000000000,0.0000000000,0.0000000000,0.0000000000,0.0000000000,1187540.6454999992,-0.0914101392,1807013.2899000002,1188487.8972183759
2017-10-31,1078987.3897999986,0.0000000000,1078987.3897999986,False,0.0000000000,0.0000000000,0.0000000000,0.0000000000,0.0000000000,1187540.6454999992,-0.0914101392,1784877.2899000002,1189539.5509438592
2017-11-01,1078987.3897999986,0.0000000000,1078987.3897999986,False,0.0000000000,0.0000000000,0.0000000000,0.0000000000,0.0000000000,1187540.6454999992,-0.0914101392,1775662.2899000002,1190440.4676353566
2017-11-02,1078987.3897999986,0.0000000000,1078987.3897999986,False,0.0000000000,0.0000000000,0.0000000000,0.0000000000,0.0000000000,1187540.6454999992,-0.0914101392,1773723.2899000002,1186023.5219883267
2017-11-03,163.8397999986,1079449.0000000000,1079612.8397999986,True,69500.0000000000,44400.0000000000,38300.0000000000,72500.0000000000,0.0005796639,1187540.6454999992,-0.0908834625,1771391.2899000002,1181967.6441203794
2017-11-06,163.8397999986,1070570.0000000000,1070733.8397999986,True,69500.0000000000,44400.0000000000,38300.0000000000,72500.0000000000,-0.0082242445,1187540.6454999992,-0.0983602592,1759617.2899000002,1187727.2010236096
2017-11-07,1068455.2531999988,0.0000000000,1068455.2531999988,False,0.0000000000,0.0000000000,0.0000000000,0.0000000000,-0.0021280607,1187540.6454999992,-0.1002790033,1769378.2899000002,1196631.2025660351
2017-11-08,1068455.2531999988,0.0000000000,1068455.2531999988,False,0.0000000000,0.0000000000,0.0000000000,0.0000000000,0.0000000000,1187540.6454999992,-0.1002790033,1771225.2899000002,1197293.7444130895
2017-11-09,1068455.2531999988,0.0000000000,1068455.2531999988,False,0.0000000000,0.0000000000,0.0000000000,0.0000000000,0.0000000000,1187540.6454999992,-0.1002790033,1756445.2899000002,1201616.0412248259
2017-11-10,1068455.2531999988,0.0000000000,1068455.2531999988,False,0.0000000000,0.0000000000,0.0000000000,0.0000000000,0.0000000000,1187540.6454999992,-0.1002790033,1733305.2899000002,1203326.7312849455
2017-11-13,1068455.2531999988,0.0000000000,1068455.2531999988,False,0.0000000000,0.0000000000,0.0000000000,0.0000000000,0.0000000000,1187540.6454999992,-0.1002790033,1746180.2899000002,1208644.5936234728
2017-11-14,1068455.2531999988,0.0000000000,1068455.2531999988,False,0.0000000000,0.0000000000,0.0000000000,0.0000000000,0.0000000000,1187540.6454999992,-0.1002790033,1739649.2899000002,1202233.0114104429
2017-11-15,1068455.2531999988,0.0000000000,1068455.2531999988,False,0.0000000000,0.0000000000,0.0000000000,0.0000000000,0.0000000000,1187540.6454999992,-0.1002790033,1738880.2899000002,1192757.6113438380
2017-11-16,1068455.2531999988,0.0000000000,1068455.2531999988,False,0.0000000000,0.0000000000,0.0000000000,0.0000000000,0.0000000000,1187540.6454999992,-0.1002790033,1726055.2899000002,1191611.3087830613
2017-11-17,817.0577999986,1094496.0000000000,1095313.0577999987,True,69300.0000000000,45500.0000000000,39300.0000000000,74800.0000000000,0.0251370420,1187540.6454999992,-0.0776626788,1762558.2899000002,1185883.3014915956
2017-11-20,817.0577999986,1105379.0000000000,1106196.0577999987,True,69300.0000000000,45500.0000000000,39300.0000000000,74800.0000000000,0.0099359721,1187540.6454999992,-0.0684983609,1776741.2899000002,1189210.0327765411
2017-11-21,817.0577999986,1103700.0000000000,1104517.0577999987,True,69300.0000000000,45500.0000000000,39300.0000000000,74800.0000000000,-0.0015178141,1187540.6454999992,-0.0699122072,1774853.2899000002,1195555.0102536238
2017-11-22,1110009.2309999987,0.0000000000,1110009.2309999987,False,0.0000000000,0.0000000000,0.0000000000,0.0000000000,0.0049724657,1187540.6454999992,-0.0652873776,1816387.2899000002,1202552.0130405060
2017-11-23,1110009.2309999987,0.0000000000,1110009.2309999987,False,0.0000000000,0.0000000000,0.0000000000,0.0000000000,0.0000000000,1187540.6454999992,-0.0652873776,1804510.2899000002,1175019.7185073528
2017-11-24,431.4574999988,1109198.0000000000,1109629.4574999989,True,69500.0000000000,45400.0000000000,37800.0000000000,73600.0000000000,-0.0003421354,1187540.6454999992,-0.0656071759,1800890.2899000002,1175685.7658668256
2017-11-27,431.4574999988,1097479.0000000000,1097910.4574999989,True,69500.0000000000,45400.0000000000,37800.0000000000,73600.0000000000,-0.0105611832,1187540.6454999992,-0.0754754697,1785826.2899000002,1164611.8521374862
2017-11-28,431.4574999988,1085588.0000000000,1086019.4574999989,True,69500.0000000000,45400.0000000000,37800.0000000000,73600.0000000000,-0.0108305736,1187540.6454999992,-0.0854886007,1770448.2899000002,1168618.6528315777
2017-11-29,431.4574999988,1087795.0000000000,1088226.4574999989,True,69500.0000000000,45400.0000000000,37800.0000000000,73600.0000000000,0.0020321920,1187540.6454999992,-0.0836301379,1773369.2899000002,1170090.9680472543
2017-11-30,431.4574999988,1087059.0000000000,1087490.4574999989,True,69500.0000000000,45400.0000000000,37800.0000000000,73600.0000000000,-0.0006763298,1187540.6454999992,-0.0842499062,1772430.2899000002,1162845.0738786741
2017-12-01,431.4574999988,1078954.0000000000,1079385.4574999989,True,69500.0000000000,45400.0000000000,37800.0000000000,73600.0000000000,-0.0074529390,1187540.6454999992,-0.0910749358,1761286.2899000002,1162995.8109126601
2017-12-04,431.4574999988,1079710.0000000000,1080141.4574999989,True,69500.0000000000,45400.0000000000,37800.0000000000,73600.0000000000,0.0007003985,1187540.6454999992,-0.0904383260,1762362.2899000002,1160191.4009780379
2017-12-05,431.4574999988,1099696.0000000000,1100127.4574999989,True,69500.0000000000,45400.0000000000,37800.0000000000,73600.0000000000,0.0185031320,1187540.6454999992,-0.0736085862,1788098.2899000002,1158109.1266015810
2017-12-06,431.4574999988,1095830.0000000000,1096261.4574999989,True,69500.0000000000,45400.0000000000,37800.0000000000,73600.0000000000,-0.0035141383,1187540.6454999992,-0.0768640537,1783316.2899000002,1154701.7685310149
2017-12-07,431.4574999988,1086010.0000000000,1086441.4574999989,True,69500.0000000000,45400.0000000000,37800.0000000000,73600.0000000000,-0.0089577171,1187540.6454999992,-0.0851332444,1770397.2899000002,1147021.1908225685
2017-12-08,431.4574999988,1078878.0000000000,1079309.4574999989,True,69500.0000000000,45400.0000000000,37800.0000000000,73600.0000000000,-0.0065645507,1187540.6454999992,-0.0911389336,1761235.2899000002,1153310.0801009587
2017-12-11,431.4574999988,1079669.0000000000,1080100.4574999989,True,69500.0000000000,45400.0000000000,37800.0000000000,73600.0000000000,0.0007328760,1187540.6454999992,-0.0904728511,1762192.2899000002,1164601.3356002313
2017-12-12,431.4574999988,1069070.0000000000,1069501.4574999989,True,69500.0000000000,45400.0000000000,37800.0000000000,73600.0000000000,-0.0098129761,1187540.6454999992,-0.0993980193,1748819.2899000002,1150092.0197009798
2017-12-13,431.4574999988,1077700.0000000000,1078131.4574999989,True,69500.0000000000,45400.0000000000,37800.0000000000,73600.0000000000,0.0080691802,1187540.6454999992,-0.0921308996,1760210.2899000002,1157884.7738068111
2017-12-14,431.4574999988,1074661.0000000000,1075092.4574999989,True,69500.0000000000,45400.0000000000,37800.0000000000,73600.0000000000,-0.0028187657,1187540.6454999992,-0.0946899699,1756162.2899000002,1154168.9306434367
2017-12-15,431.4574999988,1067438.0000000000,1067869.4574999989,True,69500.0000000000,45400.0000000000,37800.0000000000,73600.0000000000,-0.0067184919,1187540.6454999992,-0.1007722881,1747205.2899000002,1144949.4329833663
2017-12-18,431.4574999988,1075152.0000000000,1075583.4574999989,True,69500.0000000000,45400.0000000000,37800.0000000000,73600.0000000000,0.0072237294,1187540.6454999992,-0.0942765104,1757784.2899000002,1145573.4141938197
2017-12-19,431.4574999988,1088953.0000000000,1089384.4574999989,True,69500.0000000000,45400.0000000000,37800.0000000000,73600.0000000000,0.0128311754,1187540.6454999992,-0.0826550134,1775989.2899000002,1155606.1907349306
2017-12-20,431.4574999988,1089950.0000000000,1090381.4574999989,True,69500.0000000000,45400.0000000000,37800.0000000000,73600.0000000000,0.0009151957,1187540.6454999992,-0.0818154632,1777245.2899000002,1152475.7681454087
2017-12-21,431.4574999988,1087626.0000000000,1088057.4574999989,True,69500.0000000000,45400.0000000000,37800.0000000000,73600.0000000000,-0.0021313642,1187540.6454999992,-0.0837724489,1774103.2899000002,1156840.1311061643
2017-12-22,431.4574999988,1083224.0000000000,1083655.4574999989,True,69500.0000000000,45400.0000000000,37800.0000000000,73600.0000000000,-0.0040457422,1187540.6454999992,-0.0874792694,1768392.2899000002,1155788.4773806811
2017-12-25,431.4574999988,1095408.0000000000,1095839.4574999989,True,69500.0000000000,45400.0000000000,37800.0000000000,73600.0000000000,0.0112434260,1187540.6454999992,-0.0772194100,1784727.2899000002,1149969.3267663401
2017-12-26,431.4574999988,1112305.0000000000,1112736.4574999989,True,69500.0000000000,45400.0000000000,37800.0000000000,73600.0000000000,0.0154192294,1187540.6454999992,-0.0629908444,1806790.2899000002,1158964.4716316408
2017-12-27,1109856.3277999989,0.0000000000,1109856.3277999989,False,0.0000000000,0.0000000000,0.0000000000,0.0000000000,-0.0025883305,1187540.6454999992,-0.0654161338,1799625.2899000002,1148328.7469545861
2017-12-28,969.7615999990,1120556.0000000000,1121525.7615999989,True,71100.0000000000,46000.0000000000,36900.0000000000,74100.0000000000,0.0105143643,1187540.6454999992,-0.0555895785,1811202.2899000002,1155550.1025362383
2017-12-29,1121059.7491999990,0.0000000000,1121059.7491999990,False,0.0000000000,0.0000000000,0.0000000000,0.0000000000,-0.0004155164,1187540.6454999992,-0.0559819965,1829501.2899000002,1159332.5504355598
2018-01-02,1121059.7491999990,0.0000000000,1121059.7491999990,False,0.0000000000,0.0000000000,0.0000000000,0.0000000000,0.0000000000,1187540.6454999992,-0.0559819965,1836888.2899000002,1173761.2395491910
2018-01-03,1121059.7491999990,0.0000000000,1121059.7491999990,False,0.0000000000,0.0000000000,0.0000000000,0.0000000000,0.0000000000,1187540.6454999992,-0.0559819965,1837913.2899000002,1181045.6943543721
2018-01-04,1121059.7491999990,0.0000000000,1121059.7491999990,False,0.0000000000,0.0000000000,0.0000000000,0.0000000000,0.0000000000,1187540.6454999992,-0.0559819965,1824141.2899000002,1186864.8449687134
2018-01-05,1121059.7491999990,0.0000000000,1121059.7491999990,False,0.0000000000,0.0000000000,0.0000000000,0.0000000000,0.0000000000,1187540.6454999992,-0.0559819965,1826958.2899000002,1188982.1744693529
2018-01-08,1121059.7491999990,0.0000000000,1121059.7491999990,False,0.0000000000,0.0000000000,0.0000000000,0.0000000000,0.0000000000,1187540.6454999992,-0.0559819965,1822895.2899000002,1195197.4479869595
2018-01-09,1121059.7491999990,0.0000000000,1121059.7491999990,False,0.0000000000,0.0000000000,0.0000000000,0.0000000000,0.0000000000,1187540.6454999992,-0.0559819965,1815797.2899000002,1196746.8844758382
2018-01-10,1121059.7491999990,0.0000000000,1121059.7491999990,False,0.0000000000,0.0000000000,0.0000000000,0.0000000000,0.0000000000,1187540.6454999992,-0.0559819965,1844651.2899000002,1199526.7558235324
2018-01-11,1121059.7491999990,0.0000000000,1121059.7491999990,False,0.0000000000,0.0000000000,0.0000000000,0.0000000000,0.0000000000,1187540.6454999992,-0.0559819965,1864564.2899000002,1200757.1906823479
2018-01-12,1121059.7491999990,0.0000000000,1121059.7491999990,False,0.0000000000,0.0000000000,0.0000000000,0.0000000000,0.0000000000,1187540.6454999992,-0.0559819965,1869874.2899000002,1202019.1751529279
2018-01-15,1121059.7491999990,0.0000000000,1121059.7491999990,False,0.0000000000,0.0000000000,0.0000000000,0.0000000000,0.0000000000,1187540.6454999992,-0.0559819965,1907410.2899000002,1195551.5047412056
2018-01-16,1121059.7491999990,0.0000000000,1121059.7491999990,False,0.0000000000,0.0000000000,0.0000000000,0.0000000000,0.0000000000,1187540.6454999992,-0.0559819965,1931335.2899000002,1204700.8921529104
2018-01-17,1121059.7491999990,0.0000000000,1121059.7491999990,False,0.0000000000,0.0000000000,0.0000000000,0.0000000000,0.0000000000,1187540.6454999992,-0.0559819965,1955711.2899000002,1207533.3461868789
2018-01-18,1121059.7491999990,0.0000000000,1121059.7491999990,False,0.0000000000,0.0000000000,0.0000000000,0.0000000000,0.0000000000,1187540.6454999992,-0.0559819965,2034915.2899000002,1218077.9275410583
2018-01-19,1121059.7491999990,0.0000000000,1121059.7491999990,False,0.0000000000,0.0000000000,0.0000000000,0.0000000000,0.0000000000,1187540.6454999992,-0.0559819965,2052710.2899000002,1222673.6543214205
2018-01-22,1121059.7491999990,0.0000000000,1121059.7491999990,False,0.0000000000,0.0000000000,0.0000000000,0.0000000000,0.0000000000,1187540.6454999992,-0.0559819965,2043712.2899000002,1227406.0960860953
2018-01-23,1121059.7491999990,0.0000000000,1121059.7491999990,False,0.0000000000,0.0000000000,0.0000000000,0.0000000000,0.0000000000,1187540.6454999992,-0.0559819965,2135710.2899000002,1243229.9791422011
2018-01-24,1121059.7491999990,0.0000000000,1121059.7491999990,False,0.0000000000,0.0000000000,0.0000000000,0.0000000000,0.0000000000,1187540.6454999992,-0.0559819965,2128341.2899000002,1247776.6287487072
2018-01-25,1121059.7491999990,0.0000000000,1121059.7491999990,False,0.0000000000,0.0000000000,0.0000000000,0.0000000000,0.0000000000,1187540.6454999992,-0.0559819965,2114727.2899000002,1243864.4768899092
2018-01-26,1121059.7491999990,0.0000000000,1121059.7491999990,False,0.0000000000,0.0000000000,0.0000000000,0.0000000000,0.0000000000,1187540.6454999992,-0.0559819965,2116651.2899000002,1247306.8900846581
2018-01-29,1121059.7491999990,0.0000000000,1121059.7491999990,False,0.0000000000,0.0000000000,0.0000000000,0.0000000000,0.0000000000,1187540.6454999992,-0.0559819965,2113239.2899000002,1234992.0249592485
2018-01-30,1121059.7491999990,0.0000000000,1121059.7491999990,False,0.0000000000,0.0000000000,0.0000000000,0.0000000000,0.0000000000,1187540.6454999992,-0.0559819965,2079193.2899000002,1222726.2370076946
2018-01-31,1121059.7491999990,0.0000000000,1121059.7491999990,False,0.0000000000,0.0000000000,0.0000000000,0.0000000000,0.0000000000,1187540.6454999992,-0.0559819965,2106337.2899000002,1220209.2790913712
2018-02-01,1121059.7491999990,0.0000000000,1121059.7491999990,False,0.0000000000,0.0000000000,0.0000000000,0.0000000000,0.0000000000,1187540.6454999992,-0.0559819965,2136189.2899000002,1208343.1195555010
2018-02-02,1485.9777999990,1124073.0000000000,1125558.9777999991,True,61100.0000000000,36800.0000000000,29600.0000000000,62500.0000000000,0.0040133709,1187540.6454999992,-0.0521933021,2123328.2899000002,1213636.4433071003
2018-02-05,1485.9777999990,1162695.0000000000,1164180.9777999991,True,61100.0000000000,36800.0000000000,29600.0000000000,62500.0000000000,0.0343136173,1187540.6454999992,-0.0196706258,2181453.2899000002,1222547.4558743625
2018-02-06,1140954.7401999992,0.0000000000,1140954.7401999992,False,0.0000000000,0.0000000000,0.0000000000,0.0000000000,-0.0199507105,1187540.6454999992,-0.0392288933,2146113.2899000002,1181585.5432667870
2018-02-07,1950.1412999992,1073949.0000000000,1075899.1412999993,True,59100.0000000000,37600.0000000000,29900.0000000000,60600.0000000000,-0.0570185623,1187540.6454999992,-0.0940106805,2053521.2899000002,1160065.2025309799
2018-02-08,1950.1412999992,1032691.0000000000,1034641.1412999992,True,59100.0000000000,37600.0000000000,29900.0000000000,60600.0000000000,-0.0383474607,1187540.6454999992,-0.1287530703,1989274.2899000002,1143515.6784042907
2018-02-09,1950.1412999992,1006767.0000000000,1008717.1412999992,True,59100.0000000000,37600.0000000000,29900.0000000000,60600.0000000000,-0.0250560305,1187540.6454999992,-0.1505830599,1949952.2899000002,1097172.8042346591
2018-02-12,1950.1412999992,993072.0000000000,995022.1412999992,True,59100.0000000000,37600.0000000000,29900.0000000000,60600.0000000000,-0.0135766504,1187540.6454999992,-0.1621152968,1929338.2899000002,1105684.1883862372
2018-02-13,1950.1412999992,1011876.0000000000,1013826.1412999992,True,59100.0000000000,37600.0000000000,29900.0000000000,60600.0000000000,0.0188980719,1187540.6454999992,-0.1462808914,1958540.2899000002,1116491.6831717875
2018-02-14,1950.1412999992,1017284.0000000000,1019234.1412999992,True,59100.0000000000,37600.0000000000,29900.0000000000,60600.0000000000,0.0053342479,1187540.6454999992,-0.1417269420,1967419.2899000002,1121469.5108057419
2018-02-22,1950.1412999992,1045175.0000000000,1047125.1412999992,True,59100.0000000000,37600.0000000000,29900.0000000000,60600.0000000000,0.0273646642,1187540.6454999992,-0.1182405880,2011633.2899000002,1145797.7669885894
2018-02-23,1950.1412999992,1049149.0000000000,1051099.1412999993,True,59100.0000000000,37600.0000000000,29900.0000000000,60600.0000000000,0.0037951529,1187540.6454999992,-0.1148941762,2017653.2899000002,1152970.0453963857
2018-02-26,1950.1412999992,1047409.0000000000,1049359.1412999993,True,59100.0000000000,37600.0000000000,29900.0000000000,60600.0000000000,-0.0016554100,1187540.6454999992,-0.1163593892,2014443.2899000002,1167184.8982525021
2018-02-27,1950.1412999992,1016894.0000000000,1018844.1412999992,True,59100.0000000000,37600.0000000000,29900.0000000000,60600.0000000000,-0.0290796533,1187540.6454999992,-0.1420553518,1965722.2899000002,1154039.2266839605
2018-02-28,1950.1412999992,999532.0000000000,1001482.1412999992,True,59100.0000000000,37600.0000000000,29900.0000000000,60600.0000000000,-0.0170408793,1187540.6454999992,-0.1566754830,1939242.2899000002,1142590.2231258655
2018-03-01,1950.1412999992,997600.0000000000,999550.1412999992,True,59100.0000000000,37600.0000000000,29900.0000000000,60600.0000000000,-0.0019291407,1187540.6454999992,-0.1583023747,1935885.2899000002,1147617.1279336757
2018-03-02,1950.1412999992,992160.0000000000,994110.1412999992,True,59100.0000000000,37600.0000000000,29900.0000000000,60600.0000000000,-0.0054424483,1187540.6454999992,-0.1628832705,1927959.2899000002,1140879.5330657458
2018-03-05,1950.1412999992,984497.0000000000,986447.1412999992,True,59100.0000000000,37600.0000000000,29900.0000000000,60600.0000000000,-0.0077084014,1187540.6454999992,-0.1693361023,1915596.2899000002,1141720.8560461325
2018-03-06,1950.1412999992,981222.0000000000,983172.1412999992,True,59100.0000000000,37600.0000000000,29900.0000000000,60600.0000000000,-0.0033199954,1187540.6454999992,-0.1720939026,1909887.2899000002,1153187.3871663189
2018-03-07,1950.1412999992,991094.0000000000,993044.1412999992,True,59100.0000000000,37600.0000000000,29900.0000000000,60600.0000000000,0.0100409680,1187540.6454999992,-0.1637809240,1925915.2899000002,1146887.9813506738
2018-03-08,1950.1412999992,982694.0000000000,984644.1412999992,True,59100.0000000000,37600.0000000000,29900.0000000000,60600.0000000000,-0.0084588385,1187540.6454999992,-0.1708543661,1912544.2899000002,1152756.2091388709
2018-03-09,986292.8300999992,0.0000000000,986292.8300999992,False,0.0000000000,0.0000000000,0.0000000000,0.0000000000,0.0016744007,1187540.6454999992,-0.1694660441,1914772.2899000002,1159332.5504355598
2018-03-12,986292.8300999992,0.0000000000,986292.8300999992,False,0.0000000000,0.0000000000,0.0000000000,0.0000000000,0.0000000000,1187540.6454999992,-0.1694660441,1905439.2899000002,1166178.8161884563
2018-03-13,986292.8300999992,0.0000000000,986292.8300999992,False,0.0000000000,0.0000000000,0.0000000000,0.0000000000,0.0000000000,1187540.6454999992,-0.1694660441,1919159.2899000002,1160408.7427479711
2018-03-14,986292.8300999992,0.0000000000,986292.8300999992,False,0.0000000000,0.0000000000,0.0000000000,0.0000000000,0.0000000000,1187540.6454999992,-0.1694660441,1904413.2899000002,1153797.3463270993
2018-03-15,986292.8300999992,0.0000000000,986292.8300999992,False,0.0000000000,0.0000000000,0.0000000000,0.0000000000,0.0000000000,1187540.6454999992,-0.1694660441,1908809.2899000002,1153702.6974918058
2018-03-16,986292.8300999992,0.0000000000,986292.8300999992,False,0.0000000000,0.0000000000,0.0000000000,0.0000000000,0.0000000000,1187540.6454999992,-0.1694660441,1886139.2899000002,1146260.4946278022
2018-03-19,1001.3312999992,992270.0000000000,993271.3312999991,True,59700.0000000000,38800.0000000000,31100.0000000000,60700.0000000000,0.0070754861,1187540.6454999992,-0.1635896126,1895890.2899000002,1149545.1597637285
2018-03-20,985765.4714999993,0.0000000000,985765.4714999993,False,0.0000000000,0.0000000000,0.0000000000,0.0000000000,-0.0075567064,1187540.6454999992,-0.1699101204,1912805.2899000002,1153537.9384081468
2018-03-21,985765.4714999993,0.0000000000,985765.4714999993,False,0.0000000000,0.0000000000,0.0000000000,0.0000000000,0.0000000000,1187540.6454999992,-0.1699101204,1910449.2899000002,1150141.0968748357
2018-03-22,1305.2219999993,978883.0000000000,980188.2219999993,True,59200.0000000000,37900.0000000000,30300.0000000000,59900.0000000000,-0.0056577854,1187540.6454999992,-0.1746065908,1901749.2899000002,1144016.9666801044
2018-03-23,1305.2219999993,954407.0000000000,955712.2219999993,True,59200.0000000000,37900.0000000000,30300.0000000000,59900.0000000000,-0.0249707142,1187540.6454999992,-0.1952172537,1862498.2899000002,1105203.9331849334
2018-03-26,1305.2219999993,919828.0000000000,921133.2219999993,True,59200.0000000000,37900.0000000000,30300.0000000000,59900.0000000000,-0.0361813935,1187540.6454999992,-0.2243354150,1808738.2899000002,1098529.4375405326
2018-03-27,1305.2219999993,917417.0000000000,918722.2219999993,True,59200.0000000000,37900.0000000000,30300.0000000000,59900.0000000000,-0.0026174281,1187540.6454999992,-0.2263656613,1805108.2899000002,1110073.0899339211
2018-03-28,1305.2219999993,917417.0000000000,918722.2219999993,True,59200.0000000000,37900.0000000000,30300.0000000000,59900.0000000000,0.0000000000,1187540.6454999992,-0.2263656613,1805141.2899000002,1094522.6368464411
2018-03-29,1305.2219999993,936624.0000000000,937929.2219999993,True,59200.0000000000,37900.0000000000,30300.0000000000,59900.0000000000,0.0209062103,1187540.6454999992,-0.2101918991,1836229.2899000002,1107927.7163339350
2018-03-30,1305.2219999993,932501.0000000000,933806.2219999993,True,59200.0000000000,37900.0000000000,30300.0000000000,59900.0000000000,-0.0043958541,1187540.6454999992,-0.2136637802,1831224.2899000002,1110861.8302280335
2018-04-02,1305.2219999993,913149.0000000000,914454.2219999993,True,59200.0000000000,37900.0000000000,30300.0000000000,59900.0000000000,-0.0207237857,1187540.6454999992,-0.2299596435,1800237.2899000002,1108856.6771247787
2018-04-03,1305.2219999993,908003.0000000000,909308.2219999993,True,59200.0000000000,37900.0000000000,30300.0000000000,59900.0000000000,-0.0056274003,1187540.6454999992,-0.2342929689,1791896.2899000002,1099549.5416542513
2018-04-04,1305.2219999993,902226.0000000000,903531.2219999993,True,59200.0000000000,37900.0000000000,30300.0000000000,59900.0000000000,-0.0063531813,1187540.6454999992,-0.2391576445,1782818.2899000002,1097614.4987993620
2018-04-09,1305.2219999993,902439.0000000000,903744.2219999993,True,59200.0000000000,37900.0000000000,30300.0000000000,59900.0000000000,0.0002357417,1187540.6454999992,-0.2389782822,1783031.2899000002,1100131.4567156853
2018-04-10,1305.2219999993,937253.0000000000,938558.2219999993,True,59200.0000000000,37900.0000000000,30300.0000000000,59900.0000000000,0.0385219614,1187540.6454999992,-0.2096622330,1839036.2899000002,1118370.6378279845
2018-04-11,1305.2219999993,951406.0000000000,952711.2219999993,True,59200.0000000000,37900.0000000000,30300.0000000000,59900.0000000000,0.0150795120,1187540.6454999992,-0.1977443251,1861407.2899000002,1124596.4278828457
2018-04-12,947121.0608999992,0.0000000000,947121.0608999992,False,0.0000000000,0.0000000000,0.0000000000,0.0000000000,-0.0058676344,1187540.6454999992,-0.2024516681,1826006.2899000002,1114809.0372110142
2018-04-13,688.2161999992,929643.0000000000,930331.2161999992,True,59900.0000000000,38600.0000000000,30300.0000000000,60200.0000000000,-0.0177272425,1187540.6454999992,-0.2165900008,1814478.2899000002,1107408.9004960300
2018-04-16,688.2161999992,898324.0000000000,899012.2161999992,True,59900.0000000000,38600.0000000000,30300.0000000000,60200.0000000000,-0.0336643546,1187540.6454999992,-0.2429629928,1765397.2899000002,1090442.2203915657
2018-04-17,688.2161999992,893848.0000000000,894536.2161999992,True,59900.0000000000,38600.0000000000,30300.0000000000,60200.0000000000,-0.0049787978,1187540.6454999992,-0.2467321269,1758293.2899000002,1075070.5484374177
2018-04-18,688.2161999992,903049.0000000000,903737.2161999992,True,59900.0000000000,38600.0000000000,30300.0000000000,60200.0000000000,0.0102857770,1187540.6454999992,-0.2389841816,1772654.2899000002,1083694.1089863810
2018-04-19,688.2161999992,907612.0000000000,908300.2161999992,True,59900.0000000000,38600.0000000000,30300.0000000000,60200.0000000000,0.0050490341,1187540.6454999992,-0.2351417868,1779946.2899000002,1092801.4302490666
2018-04-20,688.2161999992,903393.0000000000,904081.2161999992,True,59900.0000000000,38600.0000000000,30300.0000000000,60200.0000000000,-0.0046449400,1187540.6454999992,-0.2386945073,1773269.2899000002,1076732.1613236815
2018-04-23,688.2161999992,910275.0000000000,910963.2161999992,True,59900.0000000000,38600.0000000000,30300.0000000000,60200.0000000000,0.0076121480,1187540.6454999992,-0.2328993373,1784265.2899000002,1075494.7154400295
2018-04-24,688.2161999992,924940.0000000000,925628.2161999992,True,59900.0000000000,38600.0000000000,30300.0000000000,60200.0000000000,0.0160983448,1187540.6454999992,-0.2205502863,1806919.2899000002,1096850.2970921774
2018-04-25,688.2161999992,914537.0000000000,915225.2161999992,True,59900.0000000000,38600.0000000000,30300.0000000000,60200.0000000000,-0.0112388536,1187540.6454999992,-0.2293104075,1790883.2899000002,1093008.2554817451
2018-04-26,688.2161999992,909372.0000000000,910060.2161999992,True,59900.0000000000,38600.0000000000,30300.0000000000,60200.0000000000,-0.0056434197,1187540.6454999992,-0.2336597323,1782652.2899000002,1077955.5851576603
2018-04-27,688.2161999992,916424.0000000000,917112.2161999992,True,59900.0000000000,38600.0000000000,30300.0000000000,60200.0000000000,0.0077489378,1187540.6454999992,-0.2277214092,1793548.2899000002,1080479.5540988203
2018-05-02,688.2161999992,917760.0000000000,918448.2161999992,True,59900.0000000000,38600.0000000000,30300.0000000000,60200.0000000000,0.0014567465,1187540.6454999992,-0.2265963951,1795758.2899000002,1080111.4752949013
2018-05-03,688.2161999992,915391.0000000000,916079.2161999992,True,59900.0000000000,38600.0000000000,30300.0000000000,60200.0000000000,-0.0025793506,1187540.6454999992,-0.2285912742,1791806.2899000002,1087010.3237340718
2018-05-04,688.2161999992,908714.0000000000,909402.2161999992,True,59900.0000000000,38600.0000000000,30300.0000000000,60200.0000000000,-0.0072886710,1187540.6454999992,-0.2342138186,1781055.2899000002,1083564.4050269048
2018-05-07,688.2161999992,915982.0000000000,916670.2161999992,True,59900.0000000000,38600.0000000000,30300.0000000000,60200.0000000000,0.0079920632,1187540.6454999992,-0.2280936070,1792301.2899000002,1099553.0471666695
2018-05-08,914878.2221999993,0.0000000000,914878.2221999993,False,0.0000000000,0.0000000000,0.0000000000,0.0000000000,-0.0019548950,1187540.6454999992,-0.2296026029,1808970.2899000002,1108267.7510385080
2018-05-09,914878.2221999993,0.0000000000,914878.2221999993,False,0.0000000000,0.0000000000,0.0000000000,0.0000000000,0.0000000000,1187540.6454999992,-0.2296026029,1811942.2899000002,1107443.9556202127
2018-05-10,914878.2221999993,0.0000000000,914878.2221999993,False,0.0000000000,0.0000000000,0.0000000000,0.0000000000,0.0000000000,1187540.6454999992,-0.2296026029,1811054.2899000002,1112793.3675705045
2018-05-11,914878.2221999993,0.0000000000,914878.2221999993,False,0.0000000000,0.0000000000,0.0000000000,0.0000000000,0.0000000000,1187540.6454999992,-0.2296026029,1827201.2899000002,1108884.7212241250
2018-05-14,914878.2221999993,0.0000000000,914878.2221999993,False,0.0000000000,0.0000000000,0.0000000000,0.0000000000,0.0000000000,1187540.6454999992,-0.2296026029,1831094.2899000002,1112660.1580986101
2018-05-15,914878.2221999993,0.0000000000,914878.2221999993,False,0.0000000000,0.0000000000,0.0000000000,0.0000000000,0.0000000000,1187540.6454999992,-0.2296026029,1829625.2899000002,1119001.6300632744
2018-05-16,914878.2221999993,0.0000000000,914878.2221999993,False,0.0000000000,0.0000000000,0.0000000000,0.0000000000,0.0000000000,1187540.6454999992,-0.2296026029,1807681.2899000002,1111096.6995600581
2018-05-17,914878.2221999993,0.0000000000,914878.2221999993,False,0.0000000000,0.0000000000,0.0000000000,0.0000000000,0.0000000000,1187540.6454999992,-0.2296026029,1803762.2899000002,1105736.7710725116
2018-05-18,914878.2221999993,0.0000000000,914878.2221999993,False,0.0000000000,0.0000000000,0.0000000000,0.0000000000,0.0000000000,1187540.6454999992,-0.2296026029,1824546.2899000002,1119415.2805286313
2018-05-21,914878.2221999993,0.0000000000,914878.2221999993,False,0.0000000000,0.0000000000,0.0000000000,0.0000000000,0.0000000000,1187540.6454999992,-0.2296026029,1821711.2899000002,1126615.6030357736
2018-05-22,914878.2221999993,0.0000000000,914878.2221999993,False,0.0000000000,0.0000000000,0.0000000000,0.0000000000,0.0000000000,1187540.6454999992,-0.2296026029,1804445.2899000002,1126794.3841691059
2018-05-23,914878.2221999993,0.0000000000,914878.2221999993,False,0.0000000000,0.0000000000,0.0000000000,0.0000000000,0.0000000000,1187540.6454999992,-0.2296026029,1782211.2899000002,1110882.8633025433
2018-05-24,914878.2221999993,0.0000000000,914878.2221999993,False,0.0000000000,0.0000000000,0.0000000000,0.0000000000,0.0000000000,1187540.6454999992,-0.2296026029,1767132.2899000002,1105866.4750319878
2018-05-25,914878.2221999993,0.0000000000,914878.2221999993,False,0.0000000000,0.0000000000,0.0000000000,0.0000000000,0.0000000000,1187540.6454999992,-0.2296026029,1770208.6599000001,1101186.6159535870
2018-05-28,49.8559999993,913580.0000000000,913629.8559999993,True,60000.0000000000,39700.0000000000,31400.0000000000,63000.0000000000,-0.0013645162,1187540.6454999992,-0.2306538227,1766076.6599000001,1099006.1872294182
2018-05-29,49.8559999993,912132.0000000000,912181.8559999993,True,60000.0000000000,39700.0000000000,31400.0000000000,63000.0000000000,-0.0015848869,1187540.6454999992,-0.2318731494,1763378.6599000001,1093881.1280738963
2018-05-30,49.8559999993,894761.0000000000,894810.8559999993,True,60000.0000000000,39700.0000000000,31400.0000000000,63000.0000000000,-0.0190433518,1187540.6454999992,-0.2465008592,1737274.6599000001,1066180.5689446654
2018-05-31,49.8559999993,900640.0000000000,900689.8559999993,True,60000.0000000000,39700.0000000000,31400.0000000000,63000.0000000000,0.0065701036,1187540.6454999992,-0.2415502918,1746393.6599000001,1085120.8525406201
2018-06-01,49.8559999993,898620.0000000000,898669.8559999993,True,60000.0000000000,39700.0000000000,31400.0000000000,63000.0000000000,-0.0022427254,1187540.6454999992,-0.2432512863,1743233.6599000001,1077994.1457942615
2018-06-04,49.8559999993,909408.0000000000,909457.8559999993,True,60000.0000000000,39700.0000000000,31400.0000000000,63000.0000000000,0.0120044084,1187540.6454999992,-0.2341669656,1759550.6599000001,1083620.4932255973
2018-06-05,49.8559999993,910352.0000000000,910401.8559999993,True,60000.0000000000,39700.0000000000,31400.0000000000,63000.0000000000,0.0010379810,1187540.6454999992,-0.2333720455,1761027.6599000001,1091690.1828124726
2018-06-06,49.8559999993,903707.0000000000,903756.8559999993,True,60000.0000000000,39700.0000000000,31400.0000000000,63000.0000000000,-0.0072989746,1187540.6454999992,-0.2389676434,1751037.6599000001,1092030.2175170456
2018-06-07,49.8559999993,908725.0000000000,908774.8559999993,True,60000.0000000000,39700.0000000000,31400.0000000000,63000.0000000000,0.0055523783,1187540.6454999992,-0.2347421038,1758730.6599000001,1090039.0864634637
2018-06-08,49.8559999993,892838.0000000000,892887.8559999993,True,60000.0000000000,39700.0000000000,31400.0000000000,63000.0000000000,-0.0174817777,1187540.6454999992,-0.2481201722,1734532.6599000001,1075193.2413720575
2018-06-11,49.8559999993,892840.0000000000,892889.8559999993,True,60000.0000000000,39700.0000000000,31400.0000000000,63000.0000000000,0.0000022399,1187540.6454999992,-0.2481184881,1734395.6599000001,1070155.8200269924
2018-06-12,49.8559999993,895832.0000000000,895881.8559999993,True,60000.0000000000,39700.0000000000,31400.0000000000,63000.0000000000,0.0033509172,1187540.6454999992,-0.2455989954,1739339.6599000001,1079627.7145811790
2018-06-13,49.8559999993,893180.0000000000,893229.8559999993,True,60000.0000000000,39700.0000000000,31400.0000000000,63000.0000000000,-0.0029602118,1187540.6454999992,-0.2478321821,1735377.6599000001,1069111.1773263456
2018-06-14,49.8559999993,897598.0000000000,897647.8559999993,True,60000.0000000000,39700.0000000000,31400.0000000000,63000.0000000000,0.0049460953,1187540.6454999992,-0.2441118884,1742301.6599000001,1067134.0683224369
2018-06-15,49.8559999993,907002.0000000000,907051.8559999993,True,60000.0000000000,39700.0000000000,31400.0000000000,63000.0000000000,0.0104762685,1187540.6454999992,-0.2361930015,1756885.6599000001,1059330.7976793507
2018-06-19,49.8559999993,909190.0000000000,909239.8559999993,True,60000.0000000000,39700.0000000000,31400.0000000000,63000.0000000000,0.0024122105,1187540.6454999992,-0.2343505383,1760010.6599000001,1019339.9120116383
2018-06-20,49.8559999993,898487.0000000000,898536.8559999993,True,60000.0000000000,39700.0000000000,31400.0000000000,63000.0000000000,-0.0117713714,1187540.6454999992,-0.2433632824,1743607.6599000001,1022112.7723344959
2018-06-21,49.8559999993,897750.0000000000,897799.8559999993,True,60000.0000000000,39700.0000000000,31400.0000000000,63000.0000000000,-0.0008202223,1187540.6454999992,-0.2439838928,1742036.6599000001,1008118.7667607312
2018-06-22,49.8559999993,896723.0000000000,896772.8559999993,True,60000.0000000000,39700.0000000000,31400.0000000000,63000.0000000000,-0.0011439075,1187540.6454999992,-0.2448487053,1740508.6599000001,1013008.9565842287
2018-06-25,49.8559999993,880988.0000000000,881037.8559999993,True,60000.0000000000,39700.0000000000,31400.0000000000,63000.0000000000,-0.0175462492,1187540.6454999992,-0.2580987781,1716472.6599000001,1002345.1878078277
2018-06-26,49.8559999993,863476.0000000000,863525.8559999993,True,60000.0000000000,39700.0000000000,31400.0000000000,63000.0000000000,-0.0198765579,1187540.6454999992,-0.2728452207,1689840.6599000001,997146.5128915219
2018-06-27,49.8559999993,850395.0000000000,850444.8559999993,True,60000.0000000000,39700.0000000000,31400.0000000000,63000.0000000000,-0.0151483594,1187540.6454999992,-0.2838604226,1669629.6599000001,986163.7424850577
2018-06-28,49.8559999993,835198.0000000000,835247.8559999993,True,60000.0000000000,39700.0000000000,31400.0000000000,63000.0000000000,-0.0178694714,1187540.6454999992,-0.2966574583,1646710.6599000001,976951.2558498238
2018-06-29,49.8559999993,850194.0000000000,850243.8559999993,True,60000.0000000000,39700.0000000000,31400.0000000000,63000.0000000000,0.0179539521,1187540.6454999992,-0.2840296800,1669312.6599000001,998166.6170052408
2018-07-02,49.8559999993,814344.0000000000,814393.8559999993,True,60000.0000000000,39700.0000000000,31400.0000000000,63000.0000000000,-0.0421643741,1187540.6454999992,-0.3142181204,1615388.6599000001,972976.0047674968
2018-07-03,49.8559999993,821636.0000000000,821685.8559999993,True,60000.0000000000,39700.0000000000,31400.0000000000,63000.0000000000,0.0089538986,1187540.6454999992,-0.3080776990,1626439.6599000001,976947.7503374056
2018-07-04,49.8559999993,824260.0000000000,824309.8559999993,True,60000.0000000000,39700.0000000000,31400.0000000000,63000.0000000000,0.0031934345,1187540.6454999992,-0.3058680904,1630094.6599000001,967216.4478642666
2018-07-05,49.8559999993,835385.0000000000,835434.8559999993,True,60000.0000000000,39700.0000000000,31400.0000000000,63000.0000000000,0.0134961385,1187540.6454999992,-0.2964999900,1646660.6599000001,958365.0290081152
2018-07-06,49.8559999993,842427.0000000000,842476.8559999993,True,60000.0000000000,39700.0000000000,31400.0000000000,63000.0000000000,0.0084291432,1187540.6454999992,-0.2905700877,1657239.6599000001,963044.8880865161
2018-07-09,49.8559999993,880135.0000000000,880184.8559999993,True,60000.0000000000,39700.0000000000,31400.0000000000,63000.0000000000,0.0447584996,1187540.6454999992,-0.2588170693,1713947.6599000001,986840.3063817853
2018-07-10,49.8559999993,876022.0000000000,876071.8559999993,True,60000.0000000000,39700.0000000000,31400.0000000000,63000.0000000000,-0.0046728820,1187540.6454999992,-0.2622805297,1707790.6599000001,991229.2079294691
2018-07-11,49.8559999993,870058.0000000000,870107.8559999993,True,60000.0000000000,39700.0000000000,31400.0000000000,63000.0000000000,-0.0068076608,1187540.6454999992,-0.2673026736,1698757.6599000001,973750.7230119363
2018-07-12,49.8559999993,893350.0000000000,893399.8559999993,True,60000.0000000000,39700.0000000000,31400.0000000000,63000.0000000000,0.0267690952,1187540.6454999992,-0.2476890291,1734227.6599000001,994745.2368850017
2018-07-13,20169.6159999993,866064.0000000000,886233.6159999993,True,60000.0000000000,39700.0000000000,31400.0000000000,63000.0000000000,-0.0080213131,1187540.6454999992,-0.2537235510,1724309.1799000001,992473.6648379577
2018-07-16,20169.6159999993,846611.0000000000,866780.6159999993,True,60000.0000000000,39700.0000000000,31400.0000000000,63000.0000000000,-0.0219501942,1187540.6454999992,-0.2701044640,1694842.1799000001,986465.2165530296
2018-07-17,29307.0159999993,831279.0000000000,860586.0159999994,True,60000.0000000000,39700.0000000000,31400.0000000000,63000.0000000000,-0.0071466757,1187540.6454999992,-0.2753207907,1684886.9799000002,980887.9462955497
2018-07-18,29307.0159999993,831021.0000000000,860328.0159999994,True,60000.0000000000,39700.0000000000,31400.0000000000,63000.0000000000,-0.0002997957,1187540.6454999992,-0.2755380464,1684962.9799000002,977077.4542968818
2018-07-19,29307.0159999993,823949.0000000000,853256.0159999994,True,60000.0000000000,39700.0000000000,31400.0000000000,63000.0000000000,-0.0082201205,1187540.6454999992,-0.2814932110,1674213.9799000002,971920.8455295953
2018-07-20,29307.0159999993,866071.0000000000,895378.0159999994,True,60000.0000000000,39700.0000000000,31400.0000000000,63000.0000000000,0.0493661916,1187540.6454999992,-0.2460232672,1738670.9799000002,991804.1119660666
2018-07-23,891249.0327999992,0.0000000000,891249.0327999992,False,0.0000000000,0.0000000000,0.0000000000,0.0000000000,-0.0046114413,1187540.6454999992,-0.2495001866,1763107.9799000002,1002415.2980561933
2018-07-24,891249.0327999992,0.0000000000,891249.0327999992,False,0.0000000000,0.0000000000,0.0000000000,0.0000000000,0.0000000000,1187540.6454999992,-0.2495001866,1766343.9799000002,1018547.6662051075
2018-07-25,891249.0327999992,0.0000000000,891249.0327999992,False,0.0000000000,0.0000000000,0.0000000000,0.0000000000,0.0000000000,1187540.6454999992,-0.2495001866,1767503.9799000002,1017878.1133332164
2018-07-26,891249.0327999992,0.0000000000,891249.0327999992,False,0.0000000000,0.0000000000,0.0000000000,0.0000000000,0.0000000000,1187540.6454999992,-0.2495001866,1756609.9799000002,1010369.3057332655
2018-07-27,891249.0327999992,0.0000000000,891249.0327999992,False,0.0000000000,0.0000000000,0.0000000000,0.0000000000,0.0000000000,1187540.6454999992,-0.2495001866,1752023.9799000002,1007340.5430038736
2018-07-30,891249.0327999992,0.0000000000,891249.0327999992,False,0.0000000000,0.0000000000,0.0000000000,0.0000000000,0.0000000000,1187540.6454999992,-0.2495001866,1765302.9799000002,1005749.0403659755
2018-07-31,891249.0327999992,0.0000000000,891249.0327999992,False,0.0000000000,0.0000000000,0.0000000000,0.0000000000,0.0000000000,1187540.6454999992,-0.2495001866,1776419.9799000002,1008325.5919934096
2018-08-01,891249.0327999992,0.0000000000,891249.0327999992,False,0.0000000000,0.0000000000,0.0000000000,0.0000000000,0.0000000000,1187540.6454999992,-0.2495001866,1755165.9799000002,990142.4990798030
2018-08-02,1001.0384999993,875453.0000000000,876454.0384999993,True,62700.0000000000,40300.0000000000,32700.0000000000,62000.0000000000,-0.0166002921,1187540.6454999992,-0.2619587028,1726381.9799000002,970332.8484041154
2018-08-03,1001.0384999993,881868.0000000000,882869.0384999993,True,62700.0000000000,40300.0000000000,32700.0000000000,62000.0000000000,0.0073192657,1187540.6454999992,-0.2565567824,1736396.9799000002,960664.6451545054
2018-08-06,1001.0384999993,888153.0000000000,889154.0384999993,True,62700.0000000000,40300.0000000000,32700.0000000000,62000.0000000000,0.0071188361,1187540.6454999992,-0.2512643320,1745746.9799000002,948297.1973428215
2018-08-07,1001.0384999993,902198.0000000000,903199.0384999993,True,62700.0000000000,40300.0000000000,32700.0000000000,62000.0000000000,0.0157959132,1187540.6454999992,-0.2394373684,1766307.9799000002,974311.6049988606
2018-08-08,1001.0384999993,889339.0000000000,890340.0384999993,True,62700.0000000000,40300.0000000000,32700.0000000000,62000.0000000000,-0.0142371719,1187540.6454999992,-0.2502656293,1747010.9799000002,961937.1461623403
2018-08-09,1001.0384999993,899354.0000000000,900355.0384999993,True,62700.0000000000,40300.0000000000,32700.0000000000,62000.0000000000,0.0112485113,1187540.6454999992,-0.2418322338,1761850.9799000002,979573.3791386955
2018-08-10,1001.0384999993,891423.0000000000,892424.0384999993,True,62700.0000000000,40300.0000000000,32700.0000000000,62000.0000000000,-0.0088087473,1187540.6454999992,-0.2485107420,1750007.9799000002,979899.3917935954
2018-08-13,1001.0384999993,875899.0000000000,876900.0384999993,True,62700.0000000000,40300.0000000000,32700.0000000000,62000.0000000000,-0.0173953181,1187540.6454999992,-0.2615831367,1726662.9799000002,976590.1880707412
2018-08-14,1001.0384999993,875427.0000000000,876428.0384999993,True,62700.0000000000,40300.0000000000,32700.0000000000,62000.0000000000,-0.0005382598,1187540.6454999992,-0.2619805968,1725852.9799000002,974868.9814733668
2018-08-15,1001.0384999993,860721.0000000000,861722.0384999993,True,62700.0000000000,40300.0000000000,32700.0000000000,62000.0000000000,-0.0167794723,1187540.6454999992,-0.2743641729,1704385.9799000002,954642.1748199043
2018-08-16,1001.0384999993,863390.0000000000,864391.0384999993,True,62700.0000000000,40300.0000000000,32700.0000000000,62000.0000000000,0.0030972865,1187540.6454999992,-0.2721166709,1708237.9799000002,948307.7138800764
2018-08-17,1001.0384999993,858497.0000000000,859498.0384999993,True,62700.0000000000,40300.0000000000,32700.0000000000,62000.0000000000,-0.0056606325,1187540.6454999992,-0.2762369509,1700867.9799000002,935610.7479010744
2018-08-20,1001.0384999993,874580.0000000000,875581.0384999993,True,62700.0000000000,40300.0000000000,32700.0000000000,62000.0000000000,0.0187120846,1187540.6454999992,-0.2626938355,1724707.9799000002,945952.0095349938
2018-08-21,1001.0384999993,880648.0000000000,881649.0384999993,True,62700.0000000000,40300.0000000000,32700.0000000000,62000.0000000000,0.0069302551,1187540.6454999992,-0.2575841157,1733707.9799000002,958347.5014460238
2018-08-22,1001.0384999993,877097.0000000000,878098.0384999993,True,62700.0000000000,40300.0000000000,32700.0000000000,62000.0000000000,-0.0040276798,1187540.6454999992,-0.2605743291,1728626.9799000002,951609.9065780940
2018-08-23,1001.0384999993,877173.0000000000,878174.0384999993,True,62700.0000000000,40300.0000000000,32700.0000000000,62000.0000000000,0.0000865507,1187540.6454999992,-0.2605103313,1728677.9799000002,955118.9245087900
2018-08-24,1001.0384999993,888758.0000000000,889759.0384999993,True,62700.0000000000,40300.0000000000,32700.0000000000,62000.0000000000,0.0131921459,1187540.6454999992,-0.2507548757,1745959.9799000002,956805.0759819816
2018-08-27,1001.0384999993,897081.0000000000,898082.0384999993,True,62700.0000000000,40300.0000000000,32700.0000000000,62000.0000000000,0.0093542180,1187540.6454999992,-0.2437462735,1758588.9799000002,974847.9483988571
2018-08-28,897242.4080999993,0.0000000000,897242.4080999993,False,0.0000000000,0.0000000000,0.0000000000,0.0000000000,-0.0009349150,1187540.6454999992,-0.2444533065,1758453.9799000002,973824.3387727201
2018-08-29,897242.4080999993,0.0000000000,897242.4080999993,False,0.0000000000,0.0000000000,0.0000000000,0.0000000000,0.0000000000,1187540.6454999992,-0.2444533065,1756463.9799000002,970778.0484812367
2018-08-30,897242.4080999993,0.0000000000,897242.4080999993,False,0.0000000000,0.0000000000,0.0000000000,0.0000000000,0.0000000000,1187540.6454999992,-0.2444533065,1741333.9799000002,959718.1568015704
2018-08-31,539.4778999993,903920.0000000000,904459.4778999994,True,63300.0000000000,41800.0000000000,32800.0000000000,62300.0000000000,0.0080436120,1187540.6454999992,-0.2383759821,1750734.9799000002,955339.7717911416
2018-09-03,539.4778999993,904125.0000000000,904664.4778999994,True,63300.0000000000,41800.0000000000,32800.0000000000,62300.0000000000,0.0002266547,1187540.6454999992,-0.2382033564,1751084.9799000002,953755.2801780800
2018-09-04,539.4778999993,908705.0000000000,909244.4778999994,True,63300.0000000000,41800.0000000000,32800.0000000000,62300.0000000000,0.0050626504,1187540.6454999992,-0.2343466463,1757609.9799000002,964219.2347466390
2018-09-05,904246.1299999993,0.0000000000,904246.1299999993,False,0.0000000000,0.0000000000,0.0000000000,0.0000000000,-0.0054972541,1187540.6454999992,-0.2385556373,1731932.9799000002,948009.7453245228
2018-09-06,559.1051999994,899277.0000000000,899836.1051999994,True,64000.0000000000,42400.0000000000,33800.0000000000,62700.0000000000,-0.0048770182,1187540.6454999992,-0.2422692153,1723478.9799000002,943540.2169912186
2018-09-07,559.1051999994,901681.0000000000,902240.1051999994,True,64000.0000000000,42400.0000000000,33800.0000000000,62700.0000000000,0.0026715976,1187540.6454999992,-0.2402448635,1726765.9799000002,947294.6207911941
2018-09-10,559.1051999994,901172.0000000000,901731.1051999994,True,64000.0000000000,42400.0000000000,33800.0000000000,62700.0000000000,-0.0005641514,1187540.6454999992,-0.2406734804,1725732.9799000002,935789.5290344065
2018-09-11,559.1051999994,898553.0000000000,899112.1051999994,True,64000.0000000000,42400.0000000000,33800.0000000000,62700.0000000000,-0.0029044135,1187540.6454999992,-0.2428788786,1721872.9799000002,934148.9492226526
2018-09-12,559.1051999994,892547.0000000000,893106.1051999994,True,64000.0000000000,42400.0000000000,33800.0000000000,62700.0000000000,-0.0066799234,1187540.6454999992,-0.2479363897,1713359.9799000002,931102.6589311692
2018-09-13,559.1051999994,906281.0000000000,906840.1051999994,True,64000.0000000000,42400.0000000000,33800.0000000000,62700.0000000000,0.0153777921,1187540.6454999992,-0.2363713119,1732930.9799000002,941783.9552696615
2018-09-14,559.1051999994,906619.0000000000,907178.1051999994,True,64000.0000000000,42400.0000000000,33800.0000000000,62700.0000000000,0.0003727228,1187540.6454999992,-0.2360866901,1733468.9799000002,940052.2321350323
2018-09-17,559.1051999994,901240.0000000000,901799.1051999994,True,64000.0000000000,42400.0000000000,33800.0000000000,62700.0000000000,-0.0059293759,1187540.6454999992,-0.2406162192,1725894.9799000002,929588.2775664732
2018-09-18,559.1051999994,910086.0000000000,910645.1051999994,True,64000.0000000000,42400.0000000000,33800.0000000000,62700.0000000000,0.0098092801,1187540.6454999992,-0.2331672110,1738506.9799000002,946470.8253728988
2018-09-19,559.1051999994,916515.0000000000,917074.1051999994,True,64000.0000000000,42400.0000000000,33800.0000000000,62700.0000000000,0.0070598304,1187540.6454999992,-0.2277535016,1748001.9799000002,957302.8587453770
2018-09-20,917836.0928999993,0.0000000000,917836.0928999993,False,0.0000000000,0.0000000000,0.0000000000,0.0000000000,0.0008308900,1187540.6454999992,-0.2271118497,1757359.9799000002,956738.4712460344
2018-09-21,917836.0928999993,0.0000000000,917836.0928999993,False,0.0000000000,0.0000000000,0.0000000000,0.0000000000,0.0000000000,1187540.6454999992,-0.2271118497,1824914.9799000002,980660.0879883617
2018-09-25,917836.0928999993,0.0000000000,917836.0928999993,False,0.0000000000,0.0000000000,0.0000000000,0.0000000000,0.0000000000,1187540.6454999992,-0.2271118497,1805404.9799000002,974932.0806968958
2018-09-26,917836.0928999993,0.0000000000,917836.0928999993,False,0.0000000000,0.0000000000,0.0000000000,0.0000000000,0.0000000000,1187540.6454999992,-0.2271118497,1810153.9799000002,983930.7310746148
2018-09-27,917836.0928999993,0.0000000000,917836.0928999993,False,0.0000000000,0.0000000000,0.0000000000,0.0000000000,0.0000000000,1187540.6454999992,-0.2271118497,1808625.9799000002,978658.4403975251
2018-09-28,917836.0928999993,0.0000000000,917836.0928999993,False,0.0000000000,0.0000000000,0.0000000000,0.0000000000,0.0000000000,1187540.6454999992,-0.2271118497,1827026.9799000002,989027.7461307907
2018-10-08,917836.0928999993,0.0000000000,917836.0928999993,False,0.0000000000,0.0000000000,0.0000000000,0.0000000000,0.0000000000,1187540.6454999992,-0.2271118497,1780899.9799000002,952275.9539375668
2018-10-09,618.0099999994,914540.0000000000,915158.0099999994,True,63500.0000000000,41500.0000000000,33200.0000000000,60800.0000000000,-0.0029178226,1187540.6454999992,-0.2293670002,1771455.9799000002,953853.4345257918
2018-10-10,618.0099999994,917941.0000000000,918559.0099999994,True,63500.0000000000,41500.0000000000,33200.0000000000,60800.0000000000,0.0037162981,1187540.6454999992,-0.2265030982,1776493.9799000002,955546.5970238199
2018-10-11,893811.3471999994,0.0000000000,893811.3471999994,False,0.0000000000,0.0000000000,0.0000000000,0.0000000000,-0.0269418323,1187540.6454999992,-0.2473425221,1735651.9799000002,905635.1112123814
2018-10-12,809.5269999993,913112.0000000000,913921.5269999993,True,64000.0000000000,41300.0000000000,33100.0000000000,61000.0000000000,0.0224993561,1187540.6454999992,-0.2304082134,1769054.9799000002,913855.5378332428
2018-10-15,809.5269999993,899370.0000000000,900179.5269999993,True,64000.0000000000,41300.0000000000,33100.0000000000,61000.0000000000,-0.0150363019,1187540.6454999992,-0.2419800279,1749107.9799000002,900250.6441379068
2018-10-16,809.5269999993,904931.0000000000,905740.5269999993,True,64000.0000000000,41300.0000000000,33100.0000000000,61000.0000000000,0.0061776566,1187540.6454999992,-0.2372972408,1757500.9799000002,892619.1436033162
2018-10-17,809.5269999993,906862.0000000000,907671.5269999993,True,64000.0000000000,41300.0000000000,33100.0000000000,61000.0000000000,0.0021319572,1187540.6454999992,-0.2356711912,1759832.9799000002,897975.5665784446
2018-10-18,809.5269999993,893478.0000000000,894287.5269999993,True,64000.0000000000,41300.0000000000,33100.0000000000,61000.0000000000,-0.0147454223,1187540.6454999992,-0.2469415423,1739751.9799000002,871617.6187054142
2018-10-19,809.5269999993,919592.0000000000,920401.5269999993,True,64000.0000000000,41300.0000000000,33100.0000000000,61000.0000000000,0.0292008993,1187540.6454999992,-0.2249515581,1778108.9799000002,894070.4257444831
2018-10-22,809.5269999993,944598.0000000000,945407.5269999993,True,64000.0000000000,41300.0000000000,33100.0000000000,61000.0000000000,0.0271685773,1187540.6454999992,-0.2038945946,1814552.9799000002,930671.4809037211
2018-10-23,809.5269999993,920377.0000000000,921186.5269999993,True,64000.0000000000,41300.0000000000,33100.0000000000,61000.0000000000,-0.0256196395,1187540.6454999992,-0.2242905281,1779090.9799000002,909620.8788319633
2018-10-24,809.5269999993,940361.0000000000,941170.5269999993,True,64000.0000000000,41300.0000000000,33100.0000000000,61000.0000000000,0.0216937606,1187540.6454999992,-0.2074624725,1808395.9799000002,912590.0478502444
2018-10-25,809.5269999993,947109.0000000000,947918.5269999993,True,64000.0000000000,41300.0000000000,33100.0000000000,61000.0000000000,0.0071697953,1187540.6454999992,-0.2017801407,1818250.9799000002,912765.3234711584
2018-10-26,809.5269999993,951915.0000000000,952724.5269999993,True,64000.0000000000,41300.0000000000,33100.0000000000,61000.0000000000,0.0050700560,1187540.6454999992,-0.1977331213,1825575.9799000002,911030.0948241109
2018-10-29,809.5269999993,934622.0000000000,935431.5269999993,True,64000.0000000000,41300.0000000000,33100.0000000000,61000.0000000000,-0.0181511019,1187540.6454999992,-0.2122951492,1799116.9799000002,891136.3118503847
2018-10-30,809.5269999993,942122.0000000000,942931.5269999993,True,64000.0000000000,41300.0000000000,33100.0000000000,61000.0000000000,0.0080176900,1187540.6454999992,-0.2059795759,1809705.9799000002,900233.1165758155
2018-10-31,809.5269999993,943334.0000000000,944143.5269999993,True,64000.0000000000,41300.0000000000,33100.0000000000,61000.0000000000,0.0012853531,1187540.6454999992,-0.2049589792,1812060.9799000002,912407.7612044940
2018-11-01,809.5269999993,932620.0000000000,933429.5269999993,True,64000.0000000000,41300.0000000000,33100.0000000000,61000.0000000000,-0.0113478509,1187540.6454999992,-0.2139809862,1796758.9799000002,913620.6685012181
2018-11-02,809.5269999993,943769.0000000000,944578.5269999993,True,64000.0000000000,41300.0000000000,33100.0000000000,61000.0000000000,0.0119441261,1187540.6454999992,-0.2045926760,1812956.9799000002,938243.3877272010
2018-11-05,937634.0697999995,0.0000000000,937634.0697999995,False,0.0000000000,0.0000000000,0.0000000000,0.0000000000,-0.0073519109,1187540.6454999992,-0.2104404398,1794786.9799000002,934369.7965050041
2018-11-06,937634.0697999995,0.0000000000,937634.0697999995,False,0.0000000000,0.0000000000,0.0000000000,0.0000000000,0.0000000000,1187540.6454999992,-0.2104404398,1785974.9799000002,932241.9504671094
2018-11-07,937634.0697999995,0.0000000000,937634.0697999995,False,0.0000000000,0.0000000000,0.0000000000,0.0000000000,0.0000000000,1187540.6454999992,-0.2104404398,1782832.9799000002,925925.0170893730
2018-11-08,937634.0697999995,0.0000000000,937634.0697999995,False,0.0000000000,0.0000000000,0.0000000000,0.0000000000,0.0000000000,1187540.6454999992,-0.2104404398,1785129.9799000002,923923.3694985365
2018-11-09,937634.0697999995,0.0000000000,937634.0697999995,False,0.0000000000,0.0000000000,0.0000000000,0.0000000000,0.0000000000,1187540.6454999992,-0.2104404398,1741779.9799000002,911037.1058489474
2018-11-12,937634.0697999995,0.0000000000,937634.0697999995,False,0.0000000000,0.0000000000,0.0000000000,0.0000000000,0.0000000000,1187540.6454999992,-0.2104404398,1742967.9799000002,922132.0526527965
2018-11-13,937634.0697999995,0.0000000000,937634.0697999995,False,0.0000000000,0.0000000000,0.0000000000,0.0000000000,0.0000000000,1187540.6454999992,-0.2104404398,1745853.9799000002,930671.4809037211
2018-11-14,937634.0697999995,0.0000000000,937634.0697999995,False,0.0000000000,0.0000000000,0.0000000000,0.0000000000,0.0000000000,1187540.6454999992,-0.2104404398,1727640.9799000002,922735.0007887402
2018-11-15,937634.0697999995,0.0000000000,937634.0697999995,False,0.0000000000,0.0000000000,0.0000000000,0.0000000000,0.0000000000,1187540.6454999992,-0.2104404398,1736102.9799000002,935330.3069076122
2018-11-16,937634.0697999995,0.0000000000,937634.0697999995,False,0.0000000000,0.0000000000,0.0000000000,0.0000000000,0.0000000000,1187540.6454999992,-0.2104404398,1734036.9799000002,939165.3374932080
2018-11-19,937634.0697999995,0.0000000000,937634.0697999995,False,0.0000000000,0.0000000000,0.0000000000,0.0000000000,0.0000000000,1187540.6454999992,-0.2104404398,1751310.9799000002,947718.7877938057
2018-11-20,937634.0697999995,0.0000000000,937634.0697999995,False,0.0000000000,0.0000000000,0.0000000000,0.0000000000,0.0000000000,1187540.6454999992,-0.2104404398,1737853.9799000002,927506.0031900163
2018-11-21,937634.0697999995,0.0000000000,937634.0697999995,False,0.0000000000,0.0000000000,0.0000000000,0.0000000000,0.0000000000,1187540.6454999992,-0.2104404398,1741089.9799000002,929490.1232187615
2018-11-22,937634.0697999995,0.0000000000,937634.0697999995,False,0.0000000000,0.0000000000,0.0000000000,0.0000000000,0.0000000000,1187540.6454999992,-0.2104404398,1737597.9799000002,927358.7716684486
2018-11-23,937634.0697999995,0.0000000000,937634.0697999995,False,0.0000000000,0.0000000000,0.0000000000,0.0000000000,0.0000000000,1187540.6454999992,-0.2104404398,1729323.9799000002,904239.9172699068
2018-11-26,1057.1809999995,938655.0000000000,939712.1809999995,True,65200.0000000000,43800.0000000000,35100.0000000000,65400.0000000000,0.0022163350,1187540.6454999992,-0.2086905113,1735300.9799000002,902953.3942123989
2018-11-27,1057.1809999995,934114.0000000000,935171.1809999995,True,65200.0000000000,43800.0000000000,35100.0000000000,65400.0000000000,-0.0048323307,1187540.6454999992,-0.2125143804,1729092.9799000002,902557.2713091336
2018-11-28,1057.1809999995,938001.0000000000,939058.1809999995,True,65200.0000000000,43800.0000000000,35100.0000000000,65400.0000000000,0.0041564583,1187540.6454999992,-0.2092412293,1734361.9799000002,912043.1879129931
2018-11-29,1057.1809999995,932405.0000000000,933462.1809999995,True,65200.0000000000,43800.0000000000,35100.0000000000,65400.0000000000,-0.0059591622,1187540.6454999992,-0.2139534891,1726369.9799000002,900019.2803183005
2018-11-30,1057.1809999995,935719.0000000000,936776.1809999995,True,65200.0000000000,43800.0000000000,35100.0000000000,65400.0000000000,0.0035502242,1187540.6454999992,-0.2111628477,1730861.9799000002,907293.2185862268
2018-12-03,1057.1809999995,949313.0000000000,950370.1809999995,True,65200.0000000000,43800.0000000000,35100.0000000000,65400.0000000000,0.0145114706,1187540.6454999992,-0.1997156606,1749800.9799000002,930643.4368043748
2018-12-04,947781.8368999994,0.0000000000,947781.8368999994,False,0.0000000000,0.0000000000,0.0000000000,0.0000000000,-0.0027235115,1187540.6454999992,-0.2018952442,1750219.9799000002,934555.5886631728
2018-12-05,947781.8368999994,0.0000000000,947781.8368999994,False,0.0000000000,0.0000000000,0.0000000000,0.0000000000,0.0000000000,1187540.6454999992,-0.2018952442,1744412.9799000002,928894.1861076542
2018-12-06,947781.8368999994,0.0000000000,947781.8368999994,False,0.0000000000,0.0000000000,0.0000000000,0.0000000000,0.0000000000,1187540.6454999992,-0.2018952442,1731501.9799000002,913249.0841848807
2018-12-07,1143.9306999994,944633.0000000000,945776.9306999994,True,65600.0000000000,44200.0000000000,35500.0000000000,66100.0000000000,-0.0021153668,1187540.6454999992,-0.2035835285,1731133.9799000002,913497.9755665784
2018-12-10,1143.9306999994,937974.0000000000,939117.9306999994,True,65600.0000000000,44200.0000000000,35500.0000000000,66100.0000000000,-0.0070407723,1187540.6454999992,-0.2091909155,1722004.9799000002,906027.7286032286
2018-12-11,1143.9306999994,939039.0000000000,940182.9306999994,True,65600.0000000000,44200.0000000000,35500.0000000000,66100.0000000000,0.0011340429,1187540.6454999992,-0.2082941041,1723618.9799000002,909361.4709130106
2018-12-12,1143.9306999994,943229.0000000000,944372.9306999994,True,65600.0000000000,44200.0000000000,35500.0000000000,66100.0000000000,0.0044565795,1187540.6454999992,-0.2047658038,1729374.9799000002,912186.9139221426
2018-12-13,1143.9306999994,950612.0000000000,951755.9306999994,True,65600.0000000000,44200.0000000000,35500.0000000000,66100.0000000000,0.0078178861,1187540.6454999992,-0.1985487534,1739808.9799000002,923369.4985364486
2018-12-14,947472.1026999995,0.0000000000,947472.1026999995,False,0.0000000000,0.0000000000,0.0000000000,0.0000000000,-0.0045009733,1187540.6454999992,-0.2021560641,1727580.9799000002,909238.7779783710
2018-12-17,467.0863999995,952881.0000000000,953348.0863999994,True,66100.0000000000,44400.0000000000,35700.0000000000,66500.0000000000,0.0062017485,1187540.6454999992,-0.1972080366,1734694.9799000002,910721.6097313025
2018-12-18,467.0863999995,946891.0000000000,947358.0863999994,True,66100.0000000000,44400.0000000000,35700.0000000000,66500.0000000000,-0.0062831196,1187540.6454999992,-0.2022520745,1726471.9799000002,903247.8572555343
2018-12-19,467.0863999995,941513.0000000000,941980.0863999994,True,66100.0000000000,44400.0000000000,35700.0000000000,66500.0000000000,-0.0056768397,1187540.6454999992,-0.2067807616,1718880.9799000002,893751.4241144198
2018-12-20,467.0863999995,929423.0000000000,929890.0863999994,True,66100.0000000000,44400.0000000000,35700.0000000000,66500.0000000000,-0.0128346662,1187540.6454999992,-0.2169614658,1702042.9799000002,889092.5981105288
2018-12-21,467.0863999995,924738.0000000000,925205.0863999994,True,66100.0000000000,44400.0000000000,35700.0000000000,66500.0000000000,-0.0050382299,1187540.6454999992,-0.2209065939,1695075.9799000002,882074.5622491367
2018-12-24,467.0863999995,928722.0000000000,929189.0863999994,True,66100.0000000000,44400.0000000000,35700.0000000000,66500.0000000000,0.0043060723,1187540.6454999992,-0.2175517613,1700258.9799000002,885846.4936112036
2018-12-25,467.0863999995,931769.0000000000,932236.0863999994,True,66100.0000000000,44400.0000000000,35700.0000000000,66500.0000000000,0.0032792034,1187540.6454999992,-0.2149859544,1704126.9799000002,878067.7615550453
2018-12-26,467.0863999995,937219.0000000000,937686.0863999994,True,66100.0000000000,44400.0000000000,35700.0000000000,66500.0000000000,0.0058461586,1187540.6454999992,-0.2103966378,1711375.9799000002,875778.6619459100
2018-12-27,467.0863999995,938328.0000000000,938795.0863999994,True,66100.0000000000,44400.0000000000,35700.0000000000,66500.0000000000,0.0011826986,1187540.6454999992,-0.2094627751,1712903.9799000002,870450.2830701277
2018-12-28,467.0863999995,940306.0000000000,940773.0863999994,True,66100.0000000000,44400.0000000000,35700.0000000000,66500.0000000000,0.0021069561,1187540.6454999992,-0.2077971479,1716258.9799000002,874239.7419942860
2019-01-02,467.0863999995,922079.0000000000,922546.0863999994,True,66100.0000000000,44400.0000000000,35700.0000000000,66500.0000000000,-0.0193744913,1187540.6454999992,-0.2231456751,1691606.9799000002,864210.4709655934
2019-01-03,467.0863999995,924427.0000000000,924894.0863999994,True,66100.0000000000,44400.0000000000,35700.0000000000,66500.0000000000,0.0025451303,1187540.6454999992,-0.2211684797,1694791.9799000002,863884.4583106935
2019-01-04,467.0863999995,936413.0000000000,936880.0863999994,True,66100.0000000000,44400.0000000000,35700.0000000000,66500.0000000000,0.0129593217,1187540.6454999992,-0.2110753514,1711296.9799000002,881590.8015354144
2019-01-07,467.0863999995,932376.0000000000,932843.0863999994,True,66100.0000000000,44400.0000000000,35700.0000000000,66500.0000000000,-0.0043089826,1187540.6454999992,-0.2144748140,1705806.9799000002,887977.8451615165
2019-01-08,467.0863999995,925957.0000000000,926424.0863999994,True,66100.0000000000,44400.0000000000,35700.0000000000,66500.0000000000,-0.0068811144,1187540.6454999992,-0.2198801027,1697387.9799000002,885653.6904281983
2019-01-09,467.0863999995,933111.0000000000,933578.0863999994,True,66100.0000000000,44400.0000000000,35700.0000000000,66500.0000000000,0.0077221654,1187540.6454999992,-0.2138558878,1707334.9799000002,891921.5466320789
2019-01-10,930104.9839999995,0.0000000000,930104.9839999995,False,0.0000000000,0.0000000000,0.0000000000,0.0000000000,-0.0037202056,1187540.6454999992,-0.2167805056,1695149.9799000002,888682.4531575902
2019-01-11,930104.9839999995,0.0000000000,930104.9839999995,False,0.0000000000,0.0000000000,0.0000000000,0.0000000000,0.0000000000,1187540.6454999992,-0.2167805056,1700050.9799000002,895248.2779170244
2019-01-14,930104.9839999995,0.0000000000,930104.9839999995,False,0.0000000000,0.0000000000,0.0000000000,0.0000000000,0.0000000000,1187540.6454999992,-0.2167805056,1689342.9799000002,888917.3224896149
2019-01-15,930104.9839999995,0.0000000000,930104.9839999995,False,0.0000000000,0.0000000000,0.0000000000,0.0000000000,0.0000000000,1187540.6454999992,-0.2167805056,1699768.9799000002,901035.8789196011
2019-01-16,930104.9839999995,0.0000000000,930104.9839999995,False,0.0000000000,0.0000000000,0.0000000000,0.0000000000,0.0000000000,1187540.6454999992,-0.2167805056,1701032.9799000002,901063.9230189472
2019-01-17,930104.9839999995,0.0000000000,930104.9839999995,False,0.0000000000,0.0000000000,0.0000000000,0.0000000000,0.0000000000,1187540.6454999992,-0.2167805056,1705481.9799000002,897284.9806320439
2019-01-18,930104.9839999995,0.0000000000,930104.9839999995,False,0.0000000000,0.0000000000,0.0000000000,0.0000000000,0.0000000000,1187540.6454999992,-0.2167805056,1730951.9799000002,910034.5292973201
2019-01-21,930104.9839999995,0.0000000000,930104.9839999995,False,0.0000000000,0.0000000000,0.0000000000,0.0000000000,0.0000000000,1187540.6454999992,-0.2167805056,1736868.9799000002,915117.5223038227
2019-01-22,930104.9839999995,0.0000000000,930104.9839999995,False,0.0000000000,0.0000000000,0.0000000000,0.0000000000,0.0000000000,1187540.6454999992,-0.2167805056,1727860.9799000002,904317.0385431090
2019-01-23,930104.9839999995,0.0000000000,930104.9839999995,False,0.0000000000,0.0000000000,0.0000000000,0.0000000000,0.0000000000,1187540.6454999992,-0.2167805056,1736142.9799000002,904772.7551574851
2019-01-24,930104.9839999995,0.0000000000,930104.9839999995,False,0.0000000000,0.0000000000,0.0000000000,0.0000000000,0.0000000000,1187540.6454999992,-0.2167805056,1742350.9799000002,908520.1479326240
2019-01-25,930104.9839999995,0.0000000000,930104.9839999995,False,0.0000000000,0.0000000000,0.0000000000,0.0000000000,0.0000000000,1187540.6454999992,-0.2167805056,1760819.9799000002,912036.1768881566
2019-01-28,930104.9839999995,0.0000000000,930104.9839999995,False,0.0000000000,0.0000000000,0.0000000000,0.0000000000,0.0000000000,1187540.6454999992,-0.2167805056,1757659.9799000002,910374.5640018929
2019-01-29,930104.9839999995,0.0000000000,930104.9839999995,False,0.0000000000,0.0000000000,0.0000000000,0.0000000000,0.0000000000,1187540.6454999992,-0.2167805056,1767565.9799000002,909417.5591117031
2019-01-30,930104.9839999995,0.0000000000,930104.9839999995,False,0.0000000000,0.0000000000,0.0000000000,0.0000000000,0.0000000000,1187540.6454999992,-0.2167805056,1766984.9799000002,902872.7674267786
2019-01-31,930104.9839999995,0.0000000000,930104.9839999995,False,0.0000000000,0.0000000000,0.0000000000,0.0000000000,0.0000000000,1187540.6454999992,-0.2167805056,1792362.9799000002,906024.2230908102
2019-02-01,930104.9839999995,0.0000000000,930104.9839999995,False,0.0000000000,0.0000000000,0.0000000000,0.0000000000,0.0000000000,1187540.6454999992,-0.2167805056,1791235.9799000002,917823.7778907331
2019-02-11,930104.9839999995,0.0000000000,930104.9839999995,False,0.0000000000,0.0000000000,0.0000000000,0.0000000000,0.0000000000,1187540.6454999992,-0.2167805056,1787999.9799000002,930327.9406867299
2019-02-12,930104.9839999995,0.0000000000,930104.9839999995,False,0.0000000000,0.0000000000,0.0000000000,0.0000000000,0.0000000000,1187540.6454999992,-0.2167805056,1790697.9799000002,936634.3575272115
2019-02-13,930104.9839999995,0.0000000000,930104.9839999995,False,0.0000000000,0.0000000000,0.0000000000,0.0000000000,0.0000000000,1187540.6454999992,-0.2167805056,1804291.9799000002,953874.4676003015
2019-02-14,930104.9839999995,0.0000000000,930104.9839999995,False,0.0000000000,0.0000000000,0.0000000000,0.0000000000,0.0000000000,1187540.6454999992,-0.2167805056,1790220.9799000002,953394.2123989974
2019-02-15,930104.9839999995,0.0000000000,930104.9839999995,False,0.0000000000,0.0000000000,0.0000000000,0.0000000000,0.0000000000,1187540.6454999992,-0.2167805056,1762273.9799000002,940315.1455664032
2019-02-18,930104.9839999995,0.0000000000,930104.9839999995,False,0.0000000000,0.0000000000,0.0000000000,0.0000000000,0.0000000000,1187540.6454999992,-0.2167805056,1783108.9799000002,965544.3184407480
2019-02-19,930104.9839999995,0.0000000000,930104.9839999995,False,0.0000000000,0.0000000000,0.0000000000,0.0000000000,0.0000000000,1187540.6454999992,-0.2167805056,1778864.9799000002,965996.5295427059
2019-02-20,930104.9839999995,0.0000000000,930104.9839999995,False,0.0000000000,0.0000000000,0.0000000000,0.0000000000,0.0000000000,1187540.6454999992,-0.2167805056,1779803.9799000002,967949.0999596866
2019-02-21,930104.9839999995,0.0000000000,930104.9839999995,False,0.0000000000,0.0000000000,0.0000000000,0.0000000000,0.0000000000,1187540.6454999992,-0.2167805056,1774953.9799000002,964646.9072616689
2019-02-22,930104.9839999995,0.0000000000,930104.9839999995,False,0.0000000000,0.0000000000,0.0000000000,0.0000000000,0.0000000000,1187540.6454999992,-0.2167805056,1776440.9799000002,983026.3088706991
2019-02-25,930104.9839999995,0.0000000000,930104.9839999995,False,0.0000000000,0.0000000000,0.0000000000,0.0000000000,0.0000000000,1187540.6454999992,-0.2167805056,1853580.9799000002,1038080.3813997511
2019-02-26,930104.9839999995,0.0000000000,930104.9839999995,False,0.0000000000,0.0000000000,0.0000000000,0.0000000000,0.0000000000,1187540.6454999992,-0.2167805056,1824174.9799000002,1031153.4888612343
2019-02-27,930104.9839999995,0.0000000000,930104.9839999995,False,0.0000000000,0.0000000000,0.0000000000,0.0000000000,0.0000000000,1187540.6454999992,-0.2167805056,1835651.9799000002,1035465.2691357159
2019-02-28,930104.9839999995,0.0000000000,930104.9839999995,False,0.0000000000,0.0000000000,0.0000000000,0.0000000000,0.0000000000,1187540.6454999992,-0.2167805056,1823397.9799000002,1030953.6746533924
2019-03-01,930104.9839999995,0.0000000000,930104.9839999995,False,0.0000000000,0.0000000000,0.0000000000,0.0000000000,0.0000000000,1187540.6454999992,-0.2167805056,1847204.9799000002,1049550.4180323558
2019-03-04,930104.9839999995,0.0000000000,930104.9839999995,False,0.0000000000,0.0000000000,0.0000000000,0.0000000000,0.0000000000,1187540.6454999992,-0.2167805056,1852285.9799000002,1061321.9287329325
2019-03-05,930104.9839999995,0.0000000000,930104.9839999995,False,0.0000000000,0.0000000000,0.0000000000,0.0000000000,0.0000000000,1187540.6454999992,-0.2167805056,1842346.9799000002,1070671.1303524792
2019-03-06,930104.9839999995,0.0000000000,930104.9839999995,False,0.0000000000,0.0000000000,0.0000000000,0.0000000000,0.0000000000,1187540.6454999992,-0.2167805056,1848973.9799000002,1087445.0072739383
2019-03-07,930104.9839999995,0.0000000000,930104.9839999995,False,0.0000000000,0.0000000000,0.0000000000,0.0000000000,0.0000000000,1187540.6454999992,-0.2167805056,1828907.9799000002,1088959.3886386342
2019-03-08,930104.9839999995,0.0000000000,930104.9839999995,False,0.0000000000,0.0000000000,0.0000000000,0.0000000000,0.0000000000,1187540.6454999992,-0.2167805056,1782197.9799000002,1041088.1110546334
2019-03-11,930104.9839999995,0.0000000000,930104.9839999995,False,0.0000000000,0.0000000000,0.0000000000,0.0000000000,0.0000000000,1187540.6454999992,-0.2167805056,1791557.9799000002,1061115.1035002542
2019-03-12,930104.9839999995,0.0000000000,930104.9839999995,False,0.0000000000,0.0000000000,0.0000000000,0.0000000000,0.0000000000,1187540.6454999992,-0.2167805056,1800191.9799000002,1072795.4708779554
2019-03-13,930104.9839999995,0.0000000000,930104.9839999995,False,0.0000000000,0.0000000000,0.0000000000,0.0000000000,0.0000000000,1187540.6454999992,-0.2167805056,1789483.9799000002,1061101.0814505811
2019-03-14,930104.9839999995,0.0000000000,930104.9839999995,False,0.0000000000,0.0000000000,0.0000000000,0.0000000000,0.0000000000,1187540.6454999992,-0.2167805056,1787186.9799000002,1048390.0934219059
2019-03-15,930104.9839999995,0.0000000000,930104.9839999995,False,0.0000000000,0.0000000000,0.0000000000,0.0000000000,0.0000000000,1187540.6454999992,-0.2167805056,1793018.9799000002,1059278.2149930766
2019-03-18,930104.9839999995,0.0000000000,930104.9839999995,False,0.0000000000,0.0000000000,0.0000000000,0.0000000000,0.0000000000,1187540.6454999992,-0.2167805056,1811198.9799000002,1085453.8762203564
2019-03-19,930104.9839999995,0.0000000000,930104.9839999995,False,0.0000000000,0.0000000000,0.0000000000,0.0000000000,0.0000000000,1187540.6454999992,-0.2167805056,1807414.9799000002,1083546.8774648134
2019-03-20,930104.9839999995,0.0000000000,930104.9839999995,False,0.0000000000,0.0000000000,0.0000000000,0.0000000000,0.0000000000,1187540.6454999992,-0.2167805056,1802581.9799000002,1083427.6900425919
2019-03-21,930104.9839999995,0.0000000000,930104.9839999995,False,0.0000000000,0.0000000000,0.0000000000,0.0000000000,0.0000000000,1187540.6454999992,-0.2167805056,1795759.9799000002,1087220.6544791684
2019-03-22,930104.9839999995,0.0000000000,930104.9839999995,False,0.0000000000,0.0000000000,0.0000000000,0.0000000000,0.0000000000,1187540.6454999992,-0.2167805056,1794726.9799000002,1088163.6373196852
2019-03-25,930104.9839999995,0.0000000000,930104.9839999995,False,0.0000000000,0.0000000000,0.0000000000,0.0000000000,0.0000000000,1187540.6454999992,-0.2167805056,1767008.9799000002,1066737.9454191716
2019-03-26,930104.9839999995,0.0000000000,930104.9839999995,False,0.0000000000,0.0000000000,0.0000000000,0.0000000000,0.0000000000,1187540.6454999992,-0.2167805056,1764386.9799000002,1050637.1268820220
2019-03-27,1210.3991999995,934041.0000000000,935251.3991999995,True,62300.0000000000,42500.0000000000,33900.0000000000,63300.0000000000,0.0055331552,1187540.6454999992,-0.2124468306,1775409.9799000002,1059618.2496976496
2019-03-28,1210.3991999995,926267.0000000000,927477.3991999995,True,62300.0000000000,42500.0000000000,33900.0000000000,63300.0000000000,-0.0083122035,1187540.6454999992,-0.2189931328,1764155.9799000002,1049879.9361996739
2019-03-29,1210.3991999995,943310.0000000000,944520.3991999995,True,62300.0000000000,42500.0000000000,33900.0000000000,63300.0000000000,0.0183756499,1187540.6454999992,-0.2046416240,1788465.9799000002,1083469.7561916113
2019-04-01,946064.4899999995,0.0000000000,946064.4899999995,False,0.0000000000,0.0000000000,0.0000000000,0.0000000000,0.0016347882,1187540.6454999992,-0.2033413815,1811180.9799000002,1111373.6350411021
2019-04-02,946064.4899999995,0.0000000000,946064.4899999995,False,0.0000000000,0.0000000000,0.0000000000,0.0000000000,0.0000000000,1187540.6454999992,-0.2033413815,1811556.9799000002,1113638.1960633094
2019-04-03,946064.4899999995,0.0000000000,946064.4899999995,False,0.0000000000,0.0000000000,0.0000000000,0.0000000000,0.0000000000,1187540.6454999992,-0.2033413815,1817508.9799000002,1127477.9590906701
2019-04-04,946064.4899999995,0.0000000000,946064.4899999995,False,0.0000000000,0.0000000000,0.0000000000,0.0000000000,0.0000000000,1187540.6454999992,-0.2033413815,1843825.9799000002,1138089.1451807967
2019-04-08,946064.4899999995,0.0000000000,946064.4899999995,False,0.0000000000,0.0000000000,0.0000000000,0.0000000000,0.0000000000,1187540.6454999992,-0.2033413815,1841955.9799000002,1137472.1749951800
2019-04-09,946064.4899999995,0.0000000000,946064.4899999995,False,0.0000000000,0.0000000000,0.0000000000,0.0000000000,0.0000000000,1187540.6454999992,-0.2033413815,1833663.9799000002,1135666.8360997669
2019-04-10,946064.4899999995,0.0000000000,946064.4899999995,False,0.0000000000,0.0000000000,0.0000000000,0.0000000000,0.0000000000,1187540.6454999992,-0.2033413815,1829112.9799000002,1136462.5874187159
2019-04-11,946064.4899999995,0.0000000000,946064.4899999995,False,0.0000000000,0.0000000000,0.0000000000,0.0000000000,0.0000000000,1187540.6454999992,-0.2033413815,1819874.9799000002,1118244.4393809265
2019-04-12,946064.4899999995,0.0000000000,946064.4899999995,False,0.0000000000,0.0000000000,0.0000000000,0.0000000000,0.0000000000,1187540.6454999992,-0.2033413815,1821044.9799000002,1117778.2062292956
2019-04-15,946064.4899999995,0.0000000000,946064.4899999995,False,0.0000000000,0.0000000000,0.0000000000,0.0000000000,0.0000000000,1187540.6454999992,-0.2033413815,1839120.9799000002,1113978.2307678824
2019-04-16,946064.4899999995,0.0000000000,946064.4899999995,False,0.0000000000,0.0000000000,0.0000000000,0.0000000000,0.0000000000,1187540.6454999992,-0.2033413815,1888467.9799000002,1140553.5204108460
2019-04-17,946064.4899999995,0.0000000000,946064.4899999995,False,0.0000000000,0.0000000000,0.0000000000,0.0000000000,0.0000000000,1187540.6454999992,-0.2033413815,1892038.9799000002,1143890.7682330464
2019-04-18,946064.4899999995,0.0000000000,946064.4899999995,False,0.0000000000,0.0000000000,0.0000000000,0.0000000000,0.0000000000,1187540.6454999992,-0.2033413815,1872706.9799000002,1139361.6461886317
2019-04-19,946064.4899999995,0.0000000000,946064.4899999995,False,0.0000000000,0.0000000000,0.0000000000,0.0000000000,0.0000000000,1187540.6454999992,-0.2033413815,1879922.9799000002,1146583.0017702838
2019-04-22,946064.4899999995,0.0000000000,946064.4899999995,False,0.0000000000,0.0000000000,0.0000000000,0.0000000000,0.0000000000,1187540.6454999992,-0.2033413815,1843374.9799000002,1127036.2645259670
2019-04-23,946064.4899999995,0.0000000000,946064.4899999995,False,0.0000000000,0.0000000000,0.0000000000,0.0000000000,0.0000000000,1187540.6454999992,-0.2033413815,1843871.9799000002,1121269.6965979002
2019-04-24,946064.4899999995,0.0000000000,946064.4899999995,False,0.0000000000,0.0000000000,0.0000000000,0.0000000000,0.0000000000,1187540.6454999992,-0.2033413815,1841871.9799000002,1122328.3613482201
2019-04-25,946064.4899999995,0.0000000000,946064.4899999995,False,0.0000000000,0.0000000000,0.0000000000,0.0000000000,0.0000000000,1187540.6454999992,-0.2033413815,1828500.9799000002,1095062.4857588557
2019-04-26,657.9530999996,942586.0000000000,943243.9530999996,True,61100.0000000000,41400.0000000000,32300.0000000000,63400.0000000000,-0.0029813368,1187540.6454999992,-0.2057164892,1819371.9799000002,1081941.3527772422
2019-04-29,657.9530999996,954258.0000000000,954915.9530999996,True,61100.0000000000,41400.0000000000,32300.0000000000,63400.0000000000,0.0123743173,1187540.6454999992,-0.1958877730,1836927.9799000002,1073563.1780975584
2019-04-30,657.9530999996,956909.0000000000,957566.9530999996,True,61100.0000000000,41400.0000000000,32300.0000000000,63400.0000000000,0.0027761606,1187540.6454999992,-0.1936554284,1841008.9799000002,1079115.9097681104
2019-05-06,657.9530999996,930121.0000000000,930778.9530999996,True,61100.0000000000,41400.0000000000,32300.0000000000,63400.0000000000,-0.0279750673,1187540.6454999992,-0.2162129721,1801317.9799000002,1018863.1623227525
2019-05-07,657.9530999996,926979.0000000000,927636.9530999996,True,61100.0000000000,41400.0000000000,32300.0000000000,63400.0000000000,-0.0033756672,1187540.6454999992,-0.2188587762,1796570.9799000002,1025849.6485723801
2019-05-08,657.9530999996,914015.0000000000,914672.9530999996,True,61100.0000000000,41400.0000000000,32300.0000000000,63400.0000000000,-0.0139752949,1187540.6454999992,-0.2297754552,1777758.9799000002,1014411.1615515398
2019-05-09,657.9530999996,904463.0000000000,905120.9530999996,True,61100.0000000000,41400.0000000000,32300.0000000000,63400.0000000000,-0.0104430769,1187540.6454999992,-0.2378189694,1763532.9799000002,999404.0628888927
2019-05-10,657.9530999996,918889.0000000000,919546.9530999996,True,61100.0000000000,41400.0000000000,32300.0000000000,63400.0000000000,0.0159382014,1187540.6454999992,-0.2256711746,1784461.9799000002,1030343.7154926121
2019-05-13,657.9530999996,909085.0000000000,909742.9530999996,True,61100.0000000000,41400.0000000000,32300.0000000000,63400.0000000000,-0.0106617720,1187540.6454999992,-0.2339268921,1770415.9799000002,1017899.1464077261
2019-05-14,657.9530999996,903864.0000000000,904521.9530999996,True,61100.0000000000,41400.0000000000,32300.0000000000,63400.0000000000,-0.0057389837,1187540.6454999992,-0.2383233732,1762900.9799000002,1010853.0664469879
2019-05-15,657.9530999996,915343.0000000000,916000.9530999996,True,61100.0000000000,41400.0000000000,32300.0000000000,63400.0000000000,0.0126906815,1187540.6454999992,-0.2286571777,1779425.9799000002,1030157.9233344434
2019-05-16,657.9530999996,917992.0000000000,918649.9530999996,True,61100.0000000000,41400.0000000000,32300.0000000000,63400.0000000000,0.0028919184,1187540.6454999992,-0.2264265172,1782773.9799000002,1036127.8109827704
2019-05-17,657.9530999996,910891.0000000000,911548.9530999996,True,61100.0000000000,41400.0000000000,32300.0000000000,63400.0000000000,-0.0077298213,1187540.6454999992,-0.2324061020,1772507.9799000002,1010393.8443201935
2019-05-20,657.9530999996,921874.0000000000,922531.9530999996,True,61100.0000000000,41400.0000000000,32300.0000000000,63400.0000000000,0.0120487221,1187540.6454999992,-0.2231575765,1787692.9799000002,1006292.3947908086
2019-05-21,657.9530999996,924454.0000000000,925111.9530999996,True,61100.0000000000,41400.0000000000,32300.0000000000,63400.0000000000,0.0027966511,1187540.6454999992,-0.2209850192,1791951.9799000002,1018691.3922142569
2019-05-22,657.9530999996,924833.0000000000,925490.9530999996,True,61100.0000000000,41400.0000000000,32300.0000000000,63400.0000000000,0.0004096801,1187540.6454999992,-0.2206658723,1792233.9799000002,1013689.0259933745
2019-05-23,657.9530999996,923599.0000000000,924256.9530999996,True,61100.0000000000,41400.0000000000,32300.0000000000,63400.0000000000,-0.0013333464,1187540.6454999992,-0.2217049946,1790558.9799000002,999954.4283385624
2019-05-24,657.9530999996,927918.0000000000,928575.9530999996,True,61100.0000000000,41400.0000000000,32300.0000000000,63400.0000000000,0.0046729429,1187540.6454999992,-0.2180680665,1797132.9799000002,1000119.1874222214
2019-05-27,657.9530999996,927058.0000000000,927715.9530999996,True,61100.0000000000,41400.0000000000,32300.0000000000,63400.0000000000,-0.0009261493,1187540.6454999992,-0.2187922522,1795588.9799000002,1013927.4008378175
2019-05-28,657.9530999996,931633.0000000000,932290.9530999996,True,61100.0000000000,41400.0000000000,32300.0000000000,63400.0000000000,0.0049314663,1187540.6454999992,-0.2149397525,1802027.9799000002,1020072.5641070583
2019-05-29,657.9530999996,926654.0000000000,927311.9530999996,True,61100.0000000000,41400.0000000000,32300.0000000000,63400.0000000000,-0.0053406074,1187540.6454999992,-0.2191324511,1794403.9799000002,1021751.7045554133
2019-05-30,657.9530999996,933408.0000000000,934065.9530999996,True,61100.0000000000,41400.0000000000,32300.0000000000,63400.0000000000,0.0072834174,1187540.6454999992,-0.2134450668,1803857.9799000002,1018635.3040155645
2019-05-31,657.9530999996,928088.0000000000,928745.9530999996,True,61100.0000000000,41400.0000000000,32300.0000000000,63400.0000000000,-0.0056955293,1187540.6454999992,-0.2179249135,1796199.9799000002,1016142.8846861690
2019-06-03,11900.3530999996,924955.0000000000,936855.3530999996,True,61100.0000000000,41400.0000000000,32300.0000000000,63400.0000000000,0.0087315589,1187540.6454999992,-0.2110961788,1808117.5799000000,1013121.1329816135
2019-06-04,11900.3530999996,929726.0000000000,941626.3530999996,True,61100.0000000000,41400.0000000000,32300.0000000000,63400.0000000000,0.0050925684,1187540.6454999992,-0.2070786321,1815528.5799000000,1003375.8084588015
2019-06-05,11900.3530999996,936042.0000000000,947942.3530999996,True,61100.0000000000,41400.0000000000,32300.0000000000,63400.0000000000,0.0067075438,1187540.6454999992,-0.2017600773,1825015.5799000000,1003074.3343908296
2019-06-06,11900.3530999996,934800.0000000000,946700.3530999996,True,61100.0000000000,41400.0000000000,32300.0000000000,63400.0000000000,-0.0013102063,1187540.6454999992,-0.2028059362,1823248.5799000000,991288.8016405798
2019-06-10,11900.3530999996,943236.0000000000,955136.3530999996,True,61100.0000000000,41400.0000000000,32300.0000000000,63400.0000000000,0.0089109505,1187540.6454999992,-0.1957021794,1836065.5799000000,999817.7133542495
2019-06-11,11900.3530999996,946786.0000000000,958686.3530999996,True,61100.0000000000,41400.0000000000,32300.0000000000,63400.0000000000,0.0037167468,1187540.6454999992,-0.1927128080,1841146.5799000000,1025614.7792403555
2019-06-12,954830.9476999997,0.0000000000,954830.9476999997,False,0.0000000000,0.0000000000,0.0000000000,0.0000000000,-0.0040215503,1187540.6454999992,-0.1959593540,1834382.5799000000,1019886.7719488896
2019-06-13,954830.9476999997,0.0000000000,954830.9476999997,False,0.0000000000,0.0000000000,0.0000000000,0.0000000000,0.0000000000,1187540.6454999992,-0.1959593540,1828184.5799000000,1020363.5216377754
2019-06-14,954830.9476999997,0.0000000000,954830.9476999997,False,0.0000000000,0.0000000000,0.0000000000,0.0000000000,0.0000000000,1187540.6454999992,-0.1959593540,1826895.5799000000,1010278.1624103903
2019-06-17,590.7614999996,957896.0000000000,958486.7614999997,True,63800.0000000000,41600.0000000000,33000.0000000000,63400.0000000000,0.0038287550,1187540.6454999992,-0.1928808794,1833572.5799000000,1012258.7769267173
2019-06-18,957549.0962999996,0.0000000000,957549.0962999996,False,0.0000000000,0.0000000000,0.0000000000,0.0000000000,-0.0009782766,1187540.6454999992,-0.1936704652,1841830.5799000000,1013149.1770809598
2019-06-19,957549.0962999996,0.0000000000,957549.0962999996,False,0.0000000000,0.0000000000,0.0000000000,0.0000000000,0.0000000000,1187540.6454999992,-0.1936704652,1852008.7899000002,1022838.4134050795
2019-06-20,957549.0962999996,0.0000000000,957549.0962999996,False,0.0000000000,0.0000000000,0.0000000000,0.0000000000,0.0000000000,1187540.6454999992,-0.1936704652,1864031.7899000002,1047138.6254885808
2019-06-21,957549.0962999996,0.0000000000,957549.0962999996,False,0.0000000000,0.0000000000,0.0000000000,0.0000000000,0.0000000000,1187540.6454999992,-0.1936704652,1851733.7899000002,1052347.8169421414
2019-06-24,957549.0962999996,0.0000000000,957549.0962999996,False,0.0000000000,0.0000000000,0.0000000000,0.0000000000,0.0000000000,1187540.6454999992,-0.1936704652,1857761.7899000002,1054510.7181042188
2019-06-25,957549.0962999996,0.0000000000,957549.0962999996,False,0.0000000000,0.0000000000,0.0000000000,0.0000000000,0.0000000000,1187540.6454999992,-0.1936704652,1845251.7899000002,1045368.3417173505
2019-06-26,957549.0962999996,0.0000000000,957549.0962999996,False,0.0000000000,0.0000000000,0.0000000000,0.0000000000,0.0000000000,1187540.6454999992,-0.1936704652,1845934.7899000002,1043338.6500271676
2019-06-27,957549.0962999996,0.0000000000,957549.0962999996,False,0.0000000000,0.0000000000,0.0000000000,0.0000000000,0.0000000000,1187540.6454999992,-0.1936704652,1851851.7899000002,1050528.4559970554
2019-06-28,957549.0962999996,0.0000000000,957549.0962999996,False,0.0000000000,0.0000000000,0.0000000000,0.0000000000,0.0000000000,1187540.6454999992,-0.1936704652,1849640.7899000002,1044250.0832559199
2019-07-01,957549.0962999996,0.0000000000,957549.0962999996,False,0.0000000000,0.0000000000,0.0000000000,0.0000000000,0.0000000000,1187540.6454999992,-0.1936704652,1855899.7899000002,1067393.4762413895
2019-07-02,957549.0962999996,0.0000000000,957549.0962999996,False,0.0000000000,0.0000000000,0.0000000000,0.0000000000,0.0000000000,1187540.6454999992,-0.1936704652,1860211.7899000002,1067056.9470492350
2019-07-03,957549.0962999996,0.0000000000,957549.0962999996,False,0.0000000000,0.0000000000,0.0000000000,0.0000000000,0.0000000000,1187540.6454999992,-0.1936704652,1863150.1299000001,1057003.1374336143
2019-07-04,957549.0962999996,0.0000000000,957549.0962999996,False,0.0000000000,0.0000000000,0.0000000000,0.0000000000,0.0000000000,1187540.6454999992,-0.1936704652,1863201.1299000001,1053494.1195029183
2019-07-05,957549.0962999996,0.0000000000,957549.0962999996,False,0.0000000000,0.0000000000,0.0000000000,0.0000000000,0.0000000000,1187540.6454999992,-0.1936704652,1862287.1299000001,1055530.8222179376
2019-07-08,957549.0962999996,0.0000000000,957549.0962999996,False,0.0000000000,0.0000000000,0.0000000000,0.0000000000,0.0000000000,1187540.6454999992,-0.1936704652,1845500.1299000001,1028292.9907279196
2019-07-09,829.1663999996,953929.0000000000,954758.1663999995,True,64500.0000000000,42900.0000000000,32100.0000000000,66400.0000000000,-0.0029146598,1187540.6454999992,-0.1960206415,1839805.1299000001,1026494.6628573431
2019-07-10,10651.7663999996,939500.0000000000,950151.7663999995,True,64500.0000000000,42900.0000000000,32100.0000000000,66400.0000000000,-0.0048246772,1187540.6454999992,-0.1998995824,1832612.9299000001,1021962.0353005100
2019-07-11,10651.7663999996,942608.0000000000,953259.7663999995,True,64500.0000000000,42900.0000000000,32100.0000000000,66400.0000000000,0.0032710564,1187540.6454999992,-0.1972824088,1837249.9299000001,1022824.3913554064
2019-07-12,10651.7663999996,950235.0000000000,960886.7663999995,True,64500.0000000000,42900.0000000000,32100.0000000000,66400.0000000000,0.0080009671,1187540.6454999992,-0.1908598918,1848896.9299000001,1027307.9417383836
2019-07-15,10651.7663999996,947744.0000000000,958395.7663999995,True,64500.0000000000,42900.0000000000,32100.0000000000,66400.0000000000,-0.0025923970,1187540.6454999992,-0.1929575042,1845779.9299000001,1031388.3581932589
2019-07-16,10651.7663999996,946864.0000000000,957515.7663999995,True,64500.0000000000,42900.0000000000,32100.0000000000,66400.0000000000,-0.0009182011,1187540.6454999992,-0.1936985315,1844660.9299000001,1029786.3390181060
2019-07-17,10651.7663999996,941160.0000000000,951811.7663999995,True,64500.0000000000,42900.0000000000,32100.0000000000,66400.0000000000,-0.0059570821,1187540.6454999992,-0.1985017355,1836548.9299000001,1027707.5701540672
2019-07-18,10651.7663999996,942181.0000000000,952832.7663999995,True,64500.0000000000,42900.0000000000,32100.0000000000,66400.0000000000,0.0010726911,1187540.6454999992,-0.1976419754,1839101.9299000001,1017012.2517659018
2019-07-19,10651.7663999996,946728.0000000000,957379.7663999995,True,64500.0000000000,42900.0000000000,32100.0000000000,66400.0000000000,0.0047720861,1187540.6454999992,-0.1938130539,1845360.9299000001,1025081.9413527772
2019-07-22,10651.7663999996,947481.0000000000,958132.7663999995,True,64500.0000000000,42900.0000000000,32100.0000000000,66400.0000000000,0.0007865217,1187540.6454999992,-0.1931789703,1846102.9299000001,1012030.9186195292
2019-07-23,10651.7663999996,953204.0000000000,963855.7663999995,True,64500.0000000000,42900.0000000000,32100.0000000000,66400.0000000000,0.0059730762,1187540.6454999992,-0.1883597668,1854462.9299000001,1016577.5682260355
2019-07-24,10651.7663999996,957059.0000000000,967710.7663999995,True,64500.0000000000,42900.0000000000,32100.0000000000,66400.0000000000,0.0039995611,1187540.6454999992,-0.1851135622,1860533.9299000001,1024759.4342102957
2019-07-25,10651.7663999996,958988.0000000000,969639.7663999995,True,64500.0000000000,42900.0000000000,32100.0000000000,66400.0000000000,0.0019933642,1187540.6454999992,-0.1834891967,1863454.9299000001,1029695.1956952307
2019-07-26,10651.7663999996,957383.0000000000,968034.7663999995,True,64500.0000000000,42900.0000000000,32100.0000000000,66400.0000000000,-0.0016552539,1187540.6454999992,-0.1848407294,1860764.9299000001,1032212.1536115542
2019-07-29,10651.7663999996,956652.0000000000,967303.7663999995,True,64500.0000000000,42900.0000000000,32100.0000000000,66400.0000000000,-0.0007551382,1187540.6454999992,-0.1854562873,1859885.9299000001,1030974.7077279021
2019-07-30,10651.7663999996,959998.0000000000,970649.7663999995,True,64500.0000000000,42900.0000000000,32100.0000000000,66400.0000000000,0.0034590995,1187540.6454999992,-0.1826386995,1864565.9299000001,1034946.4532978107
2019-07-31,967687.9997999996,0.0000000000,967687.9997999996,False,0.0000000000,0.0000000000,0.0000000000,0.0000000000,-0.0030513237,1187540.6454999992,-0.1851327334,1860065.9299000001,1027995.0221723660
2019-08-01,705.9921999996,963625.0000000000,964330.9921999996,True,65300.0000000000,43000.0000000000,32900.0000000000,67300.0000000000,-0.0034691012,1187540.6454999992,-0.1879595904,1851961.9299000001,1019672.9356913747
2019-08-02,705.9921999996,952896.0000000000,953601.9921999996,True,65300.0000000000,43000.0000000000,32900.0000000000,67300.0000000000,-0.0111258480,1187540.6454999992,-0.1969942285,1836667.9299000001,1005324.8733633639
2019-08-05,705.9921999996,938554.0000000000,939259.9921999996,True,65300.0000000000,43000.0000000000,32900.0000000000,67300.0000000000,-0.0150398176,1187540.6454999992,-0.2090712888,1816728.9299000001,989080.3288170648
2019-08-06,705.9921999996,927284.0000000000,927989.9921999996,True,65300.0000000000,43000.0000000000,32900.0000000000,67300.0000000000,-0.0119988077,1187540.6454999992,-0.2185614903,1801238.9299000001,973677.1072511524
2019-08-07,705.9921999996,923752.0000000000,924457.9921999996,True,65300.0000000000,43000.0000000000,32900.0000000000,67300.0000000000,-0.0038060755,1187540.6454999992,-0.2215357043,1796474.9299000001,970564.2122237218
2019-08-08,705.9921999996,932416.0000000000,933121.9921999996,True,65300.0000000000,43000.0000000000,32900.0000000000,67300.0000000000,0.0093719780,1187540.6454999992,-0.2142399540,1809103.9299000001,979632.9728498063
2019-08-09,705.9921999996,935012.0000000000,935717.9921999996,True,65300.0000000000,43000.0000000000,32900.0000000000,67300.0000000000,0.0027820585,1187540.6454999992,-0.2120539236,1812408.9299000001,972692.0582616164
2019-08-12,705.9921999996,941459.0000000000,942164.9921999996,True,65300.0000000000,43000.0000000000,32900.0000000000,67300.0000000000,0.0068898964,1187540.6454999992,-0.2066250568,1821459.9299000001,986798.2402327660
2019-08-13,705.9921999996,936479.0000000000,937184.9921999996,True,65300.0000000000,43000.0000000000,32900.0000000000,67300.0000000000,-0.0052856984,1187540.6454999992,-0.2108185975,1813800.9299000001,980582.9667151596
2019-08-14,705.9921999996,935355.0000000000,936060.9921999996,True,65300.0000000000,43000.0000000000,32900.0000000000,67300.0000000000,-0.0011993363,1187540.6454999992,-0.2117650914,1812194.9299000001,984666.8886824531
2019-08-15,705.9921999996,937283.0000000000,937988.9921999996,True,65300.0000000000,43000.0000000000,32900.0000000000,67300.0000000000,0.0020596948,1187540.6454999992,-0.2101415680,1814867.9299000001,987082.1867386465
2019-08-16,705.9921999996,933048.0000000000,933753.9921999996,True,65300.0000000000,43000.0000000000,32900.0000000000,67300.0000000000,-0.0045149784,1187540.6454999992,-0.2137077617,1809087.9299000001,989893.6076981053
2019-08-19,705.9921999996,932426.0000000000,933131.9921999996,True,65300.0000000000,43000.0000000000,32900.0000000000,67300.0000000000,-0.0006661283,1187540.6454999992,-0.2142315333,1807952.9299000001,1010674.2853136557
2019-08-20,928851.8319999996,0.0000000000,928851.8319999996,False,0.0000000000,0.0000000000,0.0000000000,0.0000000000,-0.0045868754,1187540.6454999992,-0.2178357553,1799165.9299000001,1009587.5764639896
2019-08-21,928851.8319999996,0.0000000000,928851.8319999996,False,0.0000000000,0.0000000000,0.0000000000,0.0000000000,0.0000000000,1187540.6454999992,-0.2178357553,1798584.9299000001,1009703.2583737927
2019-08-22,928851.8319999996,0.0000000000,928851.8319999996,False,0.0000000000,0.0000000000,0.0000000000,0.0000000000,0.0000000000,1187540.6454999992,-0.2178357553,1791830.9299000001,1010793.4727358771
2019-08-23,928851.8319999996,0.0000000000,928851.8319999996,False,0.0000000000,0.0000000000,0.0000000000,0.0000000000,0.0000000000,1187540.6454999992,-0.2178357553,1796825.9299000001,1015697.6846090477
2019-08-26,928851.8319999996,0.0000000000,928851.8319999996,False,0.0000000000,0.0000000000,0.0000000000,0.0000000000,0.0000000000,1187540.6454999992,-0.2178357553,1785810.9299000001,1003828.0195607593
2019-08-27,928851.8319999996,0.0000000000,928851.8319999996,False,0.0000000000,0.0000000000,0.0000000000,0.0000000000,0.0000000000,1187540.6454999992,-0.2178357553,1795904.9299000001,1017366.3085201479
2019-08-28,928851.8319999996,0.0000000000,928851.8319999996,False,0.0000000000,0.0000000000,0.0000000000,0.0000000000,0.0000000000,1187540.6454999992,-0.2178357553,1791480.9299000001,1014411.1615515398
2019-08-29,928851.8319999996,0.0000000000,928851.8319999996,False,0.0000000000,0.0000000000,0.0000000000,0.0000000000,0.0000000000,1187540.6454999992,-0.2178357553,1790412.9299000001,1013415.5960247489
2019-08-30,928851.8319999996,0.0000000000,928851.8319999996,False,0.0000000000,0.0000000000,0.0000000000,0.0000000000,0.0000000000,1187540.6454999992,-0.2178357553,1787432.9299000001,1011775.0162129949
2019-09-02,928851.8319999996,0.0000000000,928851.8319999996,False,0.0000000000,0.0000000000,0.0000000000,0.0000000000,0.0000000000,1187540.6454999992,-0.2178357553,1788064.9299000001,1025050.3917410127
2019-09-03,928851.8319999996,0.0000000000,928851.8319999996,False,0.0000000000,0.0000000000,0.0000000000,0.0000000000,0.0000000000,1187540.6454999992,-0.2178357553,1789422.9299000001,1027167.7212416525
2019-09-04,928851.8319999996,0.0000000000,928851.8319999996,False,0.0000000000,0.0000000000,0.0000000000,0.0000000000,0.0000000000,1187540.6454999992,-0.2178357553,1807602.9299000001,1036723.7480938776
2019-09-05,928851.8319999996,0.0000000000,928851.8319999996,False,0.0000000000,0.0000000000,0.0000000000,0.0000000000,0.0000000000,1187540.6454999992,-0.2178357553,1818566.9299000001,1046696.9309238777
2019-09-06,928851.8319999996,0.0000000000,928851.8319999996,False,0.0000000000,0.0000000000,0.0000000000,0.0000000000,0.0000000000,1187540.6454999992,-0.2178357553,1822528.9299000001,1051513.5049865914
2019-09-09,928851.8319999996,0.0000000000,928851.8319999996,False,0.0000000000,0.0000000000,0.0000000000,0.0000000000,0.0000000000,1187540.6454999992,-0.2178357553,1820863.9299000001,1060326.3632061416
2019-09-10,928851.8319999996,0.0000000000,928851.8319999996,False,0.0000000000,0.0000000000,0.0000000000,0.0000000000,0.0000000000,1187540.6454999992,-0.2178357553,1816952.9299000001,1059085.4118100712
2019-09-11,928851.8319999996,0.0000000000,928851.8319999996,False,0.0000000000,0.0000000000,0.0000000000,0.0000000000,0.0000000000,1187540.6454999992,-0.2178357553,1831033.9299000001,1054742.0819238252
2019-09-12,928851.8319999996,0.0000000000,928851.8319999996,False,0.0000000000,0.0000000000,0.0000000000,0.0000000000,0.0000000000,1187540.6454999992,-0.2178357553,1833150.9299000001,1062604.9462780221
2019-09-16,928851.8319999996,0.0000000000,928851.8319999996,False,0.0000000000,0.0000000000,0.0000000000,0.0000000000,0.0000000000,1187540.6454999992,-0.2178357553,1831135.9299000001,1062433.1761695265
2019-09-17,928851.8319999996,0.0000000000,928851.8319999996,False,0.0000000000,0.0000000000,0.0000000000,0.0000000000,0.0000000000,1187540.6454999992,-0.2178357553,1817404.9299000001,1043983.6643121308
2019-09-18,928851.8319999996,0.0000000000,928851.8319999996,False,0.0000000000,0.0000000000,0.0000000000,0.0000000000,0.0000000000,1187540.6454999992,-0.2178357553,1814876.9299000001,1046626.8206755122
2019-09-19,928851.8319999996,0.0000000000,928851.8319999996,False,0.0000000000,0.0000000000,0.0000000000,0.0000000000,0.0000000000,1187540.6454999992,-0.2178357553,1815645.9299000001,1051401.3285892066
2019-09-20,928851.8319999996,0.0000000000,928851.8319999996,False,0.0000000000,0.0000000000,0.0000000000,0.0000000000,0.0000000000,1187540.6454999992,-0.2178357553,1819965.9299000001,1053914.7809931117
2019-09-23,928851.8319999996,0.0000000000,928851.8319999996,False,0.0000000000,0.0000000000,0.0000000000,0.0000000000,0.0000000000,1187540.6454999992,-0.2178357553,1809531.9299000001,1043619.0910206299
2019-09-24,928851.8319999996,0.0000000000,928851.8319999996,False,0.0000000000,0.0000000000,0.0000000000,0.0000000000,0.0000000000,1187540.6454999992,-0.2178357553,1809095.9299000001,1046514.6442781274
2019-09-25,928851.8319999996,0.0000000000,928851.8319999996,False,0.0000000000,0.0000000000,0.0000000000,0.0000000000,0.0000000000,1187540.6454999992,-0.2178357553,1807874.9299000001,1036029.6566350586
2019-09-26,559.4277999996,934005.0000000000,934564.4277999996,True,64500.0000000000,42100.0000000000,33100.0000000000,66900.0000000000,0.0061501691,1187540.6454999992,-0.2130253130,1820468.9299000001,1026796.1369253150
2019-09-27,559.4277999996,932932.0000000000,933491.4277999996,True,64500.0000000000,42100.0000000000,33100.0000000000,66900.0000000000,-0.0011481284,1187540.6454999992,-0.2139288610,1819247.9299000001,1027875.8347501446
2019-09-30,559.4277999996,926566.0000000000,927125.4277999996,True,64500.0000000000,42100.0000000000,33100.0000000000,66900.0000000000,-0.0068195591,1187540.6454999992,-0.2192895196,1809999.9299000001,1018417.9622456313
2019-10-08,559.4277999996,933436.0000000000,933995.4277999996,True,64500.0000000000,42100.0000000000,33100.0000000000,66900.0000000000,0.0074100006,1187540.6454999992,-0.2135044545,1820024.9299000001,1021355.5816521479
2019-10-09,559.4277999996,938223.0000000000,938782.4277999996,True,64500.0000000000,42100.0000000000,33100.0000000000,66900.0000000000,0.0051252928,1187540.6454999992,-0.2094734346,1826907.9299000001,1025313.3051723836
2019-10-10,559.4277999996,936512.0000000000,937071.4277999996,True,64500.0000000000,42100.0000000000,33100.0000000000,66900.0000000000,-0.0018225735,1187540.6454999992,-0.2109142274,1824780.9299000001,1033323.4010481482
2019-10-11,559.4277999996,947032.0000000000,947591.4277999996,True,64500.0000000000,42100.0000000000,33100.0000000000,66900.0000000000,0.0112264654,1187540.6454999992,-0.2020555832,1839501.9299000001,1042420.2057735790
2019-10-14,559.4277999996,957321.0000000000,957880.4277999996,True,64500.0000000000,42100.0000000000,33100.0000000000,66900.0000000000,0.0108580552,1187540.6454999992,-0.1933914587,1854179.9299000001,1054416.0692689253
2019-10-15,957527.7495999995,0.0000000000,957527.7495999995,False,0.0000000000,0.0000000000,0.0000000000,0.0000000000,-0.0003681860,1187540.6454999992,-0.1936884407,1860054.9299000001,1048516.2918689639
2019-10-16,957527.7495999995,0.0000000000,957527.7495999995,False,0.0000000000,0.0000000000,0.0000000000,0.0000000000,0.0000000000,1187540.6454999992,-0.1936884407,1856920.9299000001,1044190.4895448092
2019-10-17,957527.7495999995,0.0000000000,957527.7495999995,False,0.0000000000,0.0000000000,0.0000000000,0.0000000000,0.0000000000,1187540.6454999992,-0.1936884407,1855024.9299000001,1043706.7288310869
2019-10-18,957527.7495999995,0.0000000000,957527.7495999995,False,0.0000000000,0.0000000000,0.0000000000,0.0000000000,0.0000000000,1187540.6454999992,-0.1936884407,1848714.9299000001,1029968.6256638564
2019-10-21,555.7440999995,970254.0000000000,970809.7440999994,True,65500.0000000000,42100.0000000000,33000.0000000000,67200.0000000000,0.0138711327,1187540.6454999992,-0.1825039860,1866824.9299000001,1030487.4415017614
2019-10-22,555.7440999995,972098.0000000000,972653.7440999994,True,65500.0000000000,42100.0000000000,33000.0000000000,67200.0000000000,0.0018994453,1187540.6454999992,-0.1809511971,1869479.9299000001,1035661.5778311394
2019-10-23,555.7440999995,978280.0000000000,978835.7440999994,True,65500.0000000000,42100.0000000000,33000.0000000000,67200.0000000000,0.0063558075,1187540.6454999992,-0.1757454805,1877906.9299000001,1031188.5439854170
2019-10-24,555.7440999995,985327.0000000000,985882.7440999994,True,65500.0000000000,42100.0000000000,33000.0000000000,67200.0000000000,0.0071993693,1187540.6454999992,-0.1698113679,1887556.9299000001,1030943.1581161376
2019-10-25,555.7440999995,987545.0000000000,988100.7440999994,True,65500.0000000000,42100.0000000000,33000.0000000000,67200.0000000000,0.0022497604,1187540.6454999992,-0.1679436423,1891029.9299000001,1035854.3810141447
2019-10-28,987987.4119999994,0.0000000000,987987.4119999994,False,0.0000000000,0.0000000000,0.0000000000,0.0000000000,-0.0001146969,1187540.6454999992,-0.1680390766,1881303.9299000001,1044660.2282088584
2019-10-29,987987.4119999994,0.0000000000,987987.4119999994,False,0.0000000000,0.0000000000,0.0000000000,0.0000000000,0.0000000000,1187540.6454999992,-0.1680390766,1871603.9299000001,1035591.4675827739
2019-10-30,987987.4119999994,0.0000000000,987987.4119999994,False,0.0000000000,0.0000000000,0.0000000000,0.0000000000,0.0000000000,1187540.6454999992,-0.1680390766,1875974.9299000001,1030382.2761292132
2019-10-31,805.3461999994,984077.0000000000,984882.3461999993,True,66900.0000000000,41300.0000000000,33600.0000000000,68000.0000000000,-0.0031428192,1187540.6454999992,-0.1706537794,1874651.9299000001,1026785.6203880602
2019-11-01,805.3461999994,987012.0000000000,987817.3461999993,True,66900.0000000000,41300.0000000000,33600.0000000000,68000.0000000000,0.0029800514,1187540.6454999992,-0.1681822850,1878834.9299000001,1037000.6835749216
2019-11-04,985527.5409999995,0.0000000000,985527.5409999995,False,0.0000000000,0.0000000000,0.0000000000,0.0000000000,-0.0023180451,1187540.6454999992,-0.1701104760,1877691.9299000001,1043061.7145461238
2019-11-05,985527.5409999995,0.0000000000,985527.5409999995,False,0.0000000000,0.0000000000,0.0000000000,0.0000000000,0.0000000000,1187540.6454999992,-0.1701104760,1883498.9299000001,1048695.0730022960
2019-11-06,985527.5409999995,0.0000000000,985527.5409999995,False,0.0000000000,0.0000000000,0.0000000000,0.0000000000,0.0000000000,1187540.6454999992,-0.1701104760,1896366.9299000001,1044151.9289082082
2019-11-07,985527.5409999995,0.0000000000,985527.5409999995,False,0.0000000000,0.0000000000,0.0000000000,0.0000000000,0.0000000000,1187540.6454999992,-0.1701104760,1891952.9299000001,1044190.4895448092
2019-11-08,985527.5409999995,0.0000000000,985527.5409999995,False,0.0000000000,0.0000000000,0.0000000000,0.0000000000,0.0000000000,1187540.6454999992,-0.1701104760,1871168.9299000001,1039096.9800010517
2019-11-11,985527.5409999995,0.0000000000,985527.5409999995,False,0.0000000000,0.0000000000,0.0000000000,0.0000000000,0.0000000000,1187540.6454999992,-0.1701104760,1849574.9299000001,1020093.5971815680
2019-11-12,373.0832999995,985786.0000000000,986159.0832999996,True,67500.0000000000,42700.0000000000,33900.0000000000,69000.0000000000,0.0006408165,1187540.6454999992,-0.1695786691,1854894.9299000001,1021793.7707044327
2019-11-13,373.0832999995,983252.0000000000,983625.0832999996,True,67500.0000000000,42700.0000000000,33900.0000000000,69000.0000000000,-0.0025695651,1187540.6454999992,-0.1717124908,1851196.9299000001,1018435.4898077226
2019-11-14,373.0832999995,978239.0000000000,978612.0832999996,True,67500.0000000000,42700.0000000000,33900.0000000000,69000.0000000000,-0.0050964540,1187540.6454999992,-0.1759338200,1844569.9299000001,1020058.5420573852
2019-11-15,373.0832999995,979623.0000000000,979996.0832999996,True,67500.0000000000,42700.0000000000,33900.0000000000,69000.0000000000,0.0014142478,1187540.6454999992,-0.1747683862,1846557.9299000001,1013562.8275463165
2019-11-18,373.0832999995,983637.0000000000,984010.0832999996,True,67500.0000000000,42700.0000000000,33900.0000000000,69000.0000000000,0.0040959347,1187540.6454999992,-0.1713882914,1852047.9299000001,1019823.6727253606
2019-11-19,373.0832999995,986961.0000000000,987334.0832999996,True,67500.0000000000,42700.0000000000,33900.0000000000,69000.0000000000,0.0033780142,1187540.6454999992,-0.1685892293,1856598.9299000001,1028513.8380102711
2019-11-20,373.0832999995,980059.0000000000,980432.0832999996,True,67500.0000000000,42700.0000000000,33900.0000000000,69000.0000000000,-0.0069905416,1187540.6454999992,-0.1744012409,1846702.9299000001,1020472.1925227420
2019-11-21,373.0832999995,979113.0000000000,979486.0832999996,True,67500.0000000000,42700.0000000000,33900.0000000000,69000.0000000000,-0.0009648807,1187540.6454999992,-0.1751978452,1845363.9299000001,1017874.6078207982
2019-11-22,373.0832999995,977938.0000000000,978311.0832999996,True,67500.0000000000,42700.0000000000,33900.0000000000,69000.0000000000,-0.0011996087,1187540.6454999992,-0.1761872850,1844124.9299000001,1011441.9925332585
2019-11-25,373.0832999995,990895.0000000000,991268.0832999996,True,67500.0000000000,42700.0000000000,33900.0000000000,69000.0000000000,0.0132442535,1187540.6454999992,-0.1652765006,1861790.9299000001,1018761.5024626225
2019-11-26,373.0832999995,993099.0000000000,993472.0832999996,True,67500.0000000000,42700.0000000000,33900.0000000000,69000.0000000000,0.0022234147,1187540.6454999992,-0.1634205641,1864506.9299000001,1019073.4930678492
2019-11-27,373.0832999995,995424.0000000000,995797.0832999996,True,67500.0000000000,42700.0000000000,33900.0000000000,69000.0000000000,0.0023402771,1187540.6454999992,-0.1614627364,1867920.9299000001,1017716.8597619757
2019-11-28,373.0832999995,988949.0000000000,989322.0832999996,True,67500.0000000000,42700.0000000000,33900.0000000000,69000.0000000000,-0.0065023287,1187540.6454999992,-0.1669151813,1858613.9299000001,1012984.4179973007
2019-11-29,373.0832999995,982728.0000000000,983101.0832999996,True,67500.0000000000,42700.0000000000,33900.0000000000,69000.0000000000,-0.0062881443,1187540.6454999992,-0.1721537389,1850100.9299000001,1006776.1555045309
2019-12-02,373.0832999995,983585.0000000000,983958.0832999996,True,67500.0000000000,42700.0000000000,33900.0000000000,69000.0000000000,0.0008717313,1187540.6454999992,-0.1714320794,1851585.9299000001,1008118.7667607312
2019-12-03,373.0832999995,983763.0000000000,984136.0832999996,True,67500.0000000000,42700.0000000000,33900.0000000000,69000.0000000000,0.0001809020,1187540.6454999992,-0.1712821898,1852191.9299000001,1011235.1673005802
2019-12-04,373.0832999995,980088.0000000000,980461.0832999996,True,67500.0000000000,42700.0000000000,33900.0000000000,69000.0000000000,-0.0037342397,1187540.6454999992,-0.1743768207,1847239.9299000001,1008928.5401293534
2019-12-05,373.0832999995,982555.0000000000,982928.0832999996,True,67500.0000000000,42700.0000000000,33900.0000000000,69000.0000000000,0.0025161631,1187540.6454999992,-0.1722994181,1850305.9299000001,1016412.8091423764
2019-12-06,373.0832999995,981011.0000000000,981384.0832999996,True,67500.0000000000,42700.0000000000,33900.0000000000,69000.0000000000,-0.0015708169,1187540.6454999992,-0.1735995841,1848188.9299000001,1020808.7217148966
2019-12-09,980017.8872999995,0.0000000000,980017.8872999995,False,0.0000000000,0.0000000000,0.0000000000,0.0000000000,-0.0013921114,1187540.6454999992,-0.1747500256,1844909.9299000001,1021674.5832822112
2019-12-10,980017.8872999995,0.0000000000,980017.8872999995,False,0.0000000000,0.0000000000,0.0000000000,0.0000000000,0.0000000000,1187540.6454999992,-0.1747500256,1840708.9299000001,1022670.1488090021
2019-12-11,980017.8872999995,0.0000000000,980017.8872999995,False,0.0000000000,0.0000000000,0.0000000000,0.0000000000,0.0000000000,1187540.6454999992,-0.1747500256,1845267.9299000001,1025159.0626259793
2019-12-12,980017.8872999995,0.0000000000,980017.8872999995,False,0.0000000000,0.0000000000,0.0000000000,0.0000000000,0.0000000000,1187540.6454999992,-0.1747500256,1845216.9299000001,1022102.2557972411
2019-12-13,980017.8872999995,0.0000000000,980017.8872999995,False,0.0000000000,0.0000000000,0.0000000000,0.0000000000,0.0000000000,1187540.6454999992,-0.1747500256,1862541.9299000001,1040323.9093474488
2019-12-16,980017.8872999995,0.0000000000,980017.8872999995,False,0.0000000000,0.0000000000,0.0000000000,0.0000000000,0.0000000000,1187540.6454999992,-0.1747500256,1855617.9299000001,1046181.6205983909
2019-12-17,980017.8872999995,0.0000000000,980017.8872999995,False,0.0000000000,0.0000000000,0.0000000000,0.0000000000,0.0000000000,1187540.6454999992,-0.1747500256,1867640.9299000001,1059513.0843251012
2019-12-18,980017.8872999995,0.0000000000,980017.8872999995,False,0.0000000000,0.0000000000,0.0000000000,0.0000000000,0.0000000000,1187540.6454999992,-0.1747500256,1871054.9299000001,1057627.1186440678
2019-12-19,980017.8872999995,0.0000000000,980017.8872999995,False,0.0000000000,0.0000000000,0.0000000000,0.0000000000,0.0000000000,1187540.6454999992,-0.1747500256,1878141.9299000001,1057637.6351813227
2019-12-20,980017.8872999995,0.0000000000,980017.8872999995,False,0.0000000000,0.0000000000,0.0000000000,0.0000000000,0.0000000000,1187540.6454999992,-0.1747500256,1880839.9299000001,1053385.4486179517
2019-12-23,980017.8872999995,0.0000000000,980017.8872999995,False,0.0000000000,0.0000000000,0.0000000000,0.0000000000,0.0000000000,1187540.6454999992,-0.1747500256,1869892.9299000001,1038595.6917252379
2019-12-24,980017.8872999995,0.0000000000,980017.8872999995,False,0.0000000000,0.0000000000,0.0000000000,0.0000000000,0.0000000000,1187540.6454999992,-0.1747500256,1867775.9299000001,1045582.1779748654
2019-12-25,980017.8872999995,0.0000000000,980017.8872999995,False,0.0000000000,0.0000000000,0.0000000000,0.0000000000,0.0000000000,1187540.6454999992,-0.1747500256,1863224.9299000001,1045301.7369814032
2019-12-26,980017.8872999995,0.0000000000,980017.8872999995,False,0.0000000000,0.0000000000,0.0000000000,0.0000000000,0.0000000000,1187540.6454999992,-0.1747500256,1873513.9299000001,1054230.2771107566
2019-12-27,980017.8872999995,0.0000000000,980017.8872999995,False,0.0000000000,0.0000000000,0.0000000000,0.0000000000,0.0000000000,1187540.6454999992,-0.1747500256,1879592.9299000001,1053420.5037421344
2019-12-30,980017.8872999995,0.0000000000,980017.8872999995,False,0.0000000000,0.0000000000,0.0000000000,0.0000000000,0.0000000000,1187540.6454999992,-0.1747500256,1878526.9299000001,1065682.7861812699
2019-12-31,980017.8872999995,0.0000000000,980017.8872999995,False,0.0000000000,0.0000000000,0.0000000000,0.0000000000,0.0000000000,1187540.6454999992,-0.1747500256,1873582.9299000001,1069223.3537237304
2020-01-02,980017.8872999995,0.0000000000,980017.8872999995,False,0.0000000000,0.0000000000,0.0000000000,0.0000000000,0.0000000000,1187540.6454999992,-0.1747500256,1889250.9299000001,1081520.6912870489
2020-01-03,980017.8872999995,0.0000000000,980017.8872999995,False,0.0000000000,0.0000000000,0.0000000000,0.0000000000,0.0000000000,1187540.6454999992,-0.1747500256,1888720.9299000001,1081026.4140360716
2020-01-06,980017.8872999995,0.0000000000,980017.8872999995,False,0.0000000000,0.0000000000,0.0000000000,0.0000000000,0.0000000000,1187540.6454999992,-0.1747500256,1879421.9299000001,1080893.2045641772
2020-01-07,980017.8872999995,0.0000000000,980017.8872999995,False,0.0000000000,0.0000000000,0.0000000000,0.0000000000,0.0000000000,1187540.6454999992,-0.1747500256,1886363.9299000001,1088391.4956268733
2020-01-08,980017.8872999995,0.0000000000,980017.8872999995,False,0.0000000000,0.0000000000,0.0000000000,0.0000000000,0.0000000000,1187540.6454999992,-0.1747500256,1870507.9299000001,1075102.0980491822
2020-01-09,980017.8872999995,0.0000000000,980017.8872999995,False,0.0000000000,0.0000000000,0.0000000000,0.0000000000,0.0000000000,1187540.6454999992,-0.1747500256,1870644.9299000001,1084914.0273079418
2020-01-10,980017.8872999995,0.0000000000,980017.8872999995,False,0.0000000000,0.0000000000,0.0000000000,0.0000000000,0.0000000000,1187540.6454999992,-0.1747500256,1870644.9299000001,1084006.0995916077
2020-01-13,980017.8872999995,0.0000000000,980017.8872999995,False,0.0000000000,0.0000000000,0.0000000000,0.0000000000,0.0000000000,1187540.6454999992,-0.1747500256,1873129.9299000001,1092166.9325013584
2020-01-14,980017.8872999995,0.0000000000,980017.8872999995,False,0.0000000000,0.0000000000,0.0000000000,0.0000000000,0.0000000000,1187540.6454999992,-0.1747500256,1872411.9299000001,1089099.6091353653
2020-01-15,980017.8872999995,0.0000000000,980017.8872999995,False,0.0000000000,0.0000000000,0.0000000000,0.0000000000,0.0000000000,1187540.6454999992,-0.1747500256,1863446.9299000001,1083217.3592974953
2020-01-16,980017.8872999995,0.0000000000,980017.8872999995,False,0.0000000000,0.0000000000,0.0000000000,0.0000000000,0.0000000000,1187540.6454999992,-0.1747500256,1850750.9299000001,1077622.5614779240
2020-01-17,980017.8872999995,0.0000000000,980017.8872999995,False,0.0000000000,0.0000000000,0.0000000000,0.0000000000,0.0000000000,1187540.6454999992,-0.1747500256,1852329.9299000001,1078120.3442413195
2020-01-20,980017.8872999995,0.0000000000,980017.8872999995,False,0.0000000000,0.0000000000,0.0000000000,0.0000000000,0.0000000000,1187540.6454999992,-0.1747500256,1855352.9299000001,1085233.0289380050
2020-01-21,980017.8872999995,0.0000000000,980017.8872999995,False,0.0000000000,0.0000000000,0.0000000000,0.0000000000,0.0000000000,1187540.6454999992,-0.1747500256,1842707.9299000001,1069931.4672322227
2020-01-22,51.9856999996,981994.0000000000,982045.9856999996,True,67300.0000000000,42500.0000000000,34900.0000000000,68600.0000000000,0.0020694504,1187540.6454999992,-0.1730422117,1843484.9299000001,1072949.7134243597
2020-01-23,51.9856999996,970778.0000000000,970829.9856999996,True,67300.0000000000,42500.0000000000,34900.0000000000,68600.0000000000,-0.0114210538,1187540.6454999992,-0.1824869411,1828055.9299000001,1043426.2878376247
2020-02-03,51.9856999996,917127.0000000000,917178.9856999996,True,67300.0000000000,42500.0000000000,34900.0000000000,68600.0000000000,-0.0552630232,1187540.6454999992,-0.2276651842,1753944.9299000001,962827.5463165828
2020-02-04,51.9856999996,937044.0000000000,937095.9856999996,True,67300.0000000000,42500.0000000000,34900.0000000000,68600.0000000000,0.0217154997,1187540.6454999992,-0.2108935477,1781646.9299000001,975685.7658668256
2020-02-05,51.9856999996,937666.0000000000,937717.9856999996,True,67300.0000000000,42500.0000000000,34900.0000000000,68600.0000000000,0.0006637527,1187540.6454999992,-0.2103697762,1782671.9299000001,987884.9490824321
2020-02-06,51.9856999996,938752.0000000000,938803.9856999996,True,67300.0000000000,42500.0000000000,34900.0000000000,68600.0000000000,0.0011581307,1187540.6454999992,-0.2094552812,1783892.9299000001,1004858.6402117329
2020-02-07,51.9856999996,932050.0000000000,932101.9856999996,True,67300.0000000000,42500.0000000000,34900.0000000000,68600.0000000000,-0.0071388704,1187540.6454999992,-0.2150988775,1774313.9299000001,1008171.3494470054
2020-02-10,51.9856999996,929492.0000000000,929543.9856999996,True,67300.0000000000,42500.0000000000,34900.0000000000,68600.0000000000,-0.0027443349,1187540.6454999992,-0.2172529090,1770889.9299000001,1013264.8589907630
2020-02-11,51.9856999996,937712.0000000000,937763.9856999996,True,67300.0000000000,42500.0000000000,34900.0000000000,68600.0000000000,0.0088430458,1187540.6454999992,-0.2103310407,1782135.9299000001,1017184.0218743974
2020-02-12,51.9856999996,939071.0000000000,939122.9856999996,True,67300.0000000000,42500.0000000000,34900.0000000000,68600.0000000000,0.0014491919,1187540.6454999992,-0.2091866588,1783843.9299000001,1026028.4297057122
2020-02-13,51.9856999996,932458.0000000000,932509.9856999996,True,67300.0000000000,42500.0000000000,34900.0000000000,68600.0000000000,-0.0070416762,1187540.6454999992,-0.2147553103,1774485.9299000001,1018726.4473384396
2020-02-14,51.9856999996,937746.0000000000,937797.9856999996,True,67300.0000000000,42500.0000000000,34900.0000000000,68600.0000000000,0.0056707168,1187540.6454999992,-0.2103024101,1781462.9299000001,1022561.4779240355
2020-02-17,51.9856999996,948873.0000000000,948924.9856999996,True,67300.0000000000,42500.0000000000,34900.0000000000,68600.0000000000,0.0118650287,1187540.6454999992,-0.2009326255,1796670.9299000001,1045911.6961421835
2020-02-18,945136.7761999997,0.0000000000,945136.7761999997,False,0.0000000000,0.0000000000,0.0000000000,0.0000000000,-0.0039921064,1187540.6454999992,-0.2041225875,1789335.9299000001,1046384.9403186510
2020-02-19,945136.7761999997,0.0000000000,945136.7761999997,False,0.0000000000,0.0000000000,0.0000000000,0.0000000000,0.0000000000,1187540.6454999992,-0.2041225875,1795406.9299000001,1043030.1649343593
2020-02-20,945136.7761999997,0.0000000000,945136.7761999997,False,0.0000000000,0.0000000000,0.0000000000,0.0000000000,0.0000000000,1187540.6454999992,-0.2041225875,1804987.9299000001,1062222.8454244300
2020-02-21,945136.7761999997,0.0000000000,945136.7761999997,False,0.0000000000,0.0000000000,0.0000000000,0.0000000000,0.0000000000,1187540.6454999992,-0.2041225875,1801700.9299000001,1065560.0932466304
2020-02-24,945136.7761999997,0.0000000000,945136.7761999997,False,0.0000000000,0.0000000000,0.0000000000,0.0000000000,0.0000000000,1187540.6454999992,-0.2041225875,1790403.9299000001,1062601.4407656039
2020-02-25,945136.7761999997,0.0000000000,945136.7761999997,False,0.0000000000,0.0000000000,0.0000000000,0.0000000000,0.0000000000,1187540.6454999992,-0.2041225875,1780515.9299000001,1056228.4191891749
2020-02-26,945136.7761999997,0.0000000000,945136.7761999997,False,0.0000000000,0.0000000000,0.0000000000,0.0000000000,0.0000000000,1187540.6454999992,-0.2041225875,1785238.9299000001,1047422.5719944612
2020-02-27,945136.7761999997,0.0000000000,945136.7761999997,False,0.0000000000,0.0000000000,0.0000000000,0.0000000000,0.0000000000,1187540.6454999992,-0.2041225875,1788202.9299000001,1048614.4462166757
2020-02-28,945136.7761999997,0.0000000000,945136.7761999997,False,0.0000000000,0.0000000000,0.0000000000,0.0000000000,0.0000000000,1187540.6454999992,-0.2041225875,1763088.9299000001,1009692.7418365380
2020-03-02,1333.7201999997,954498.0000000000,955831.7201999997,True,66300.0000000000,44500.0000000000,36200.0000000000,69000.0000000000,0.0113157633,1187540.6454999992,-0.1951166271,1780004.9299000001,1041463.2008833891
2020-03-03,957832.6529999998,0.0000000000,957832.6529999998,False,0.0000000000,0.0000000000,0.0000000000,0.0000000000,0.0020933944,1187540.6454999992,-0.1934316887,1785136.9299000001,1049164.8116663452
2020-03-04,957832.6529999998,0.0000000000,957832.6529999998,False,0.0000000000,0.0000000000,0.0000000000,0.0000000000,0.0000000000,1187540.6454999992,-0.1934316887,1787433.9299000001,1055744.6584754526
2020-03-05,957832.6529999998,0.0000000000,957832.6529999998,False,0.0000000000,0.0000000000,0.0000000000,0.0000000000,0.0000000000,1187540.6454999992,-0.1934316887,1802598.9299000001,1076781.2384975373
2020-03-06,957832.6529999998,0.0000000000,957832.6529999998,False,0.0000000000,0.0000000000,0.0000000000,0.0000000000,0.0000000000,1187540.6454999992,-0.1934316887,1791164.9299000001,1063751.2488387991
2020-03-09,957832.6529999998,0.0000000000,957832.6529999998,False,0.0000000000,0.0000000000,0.0000000000,0.0000000000,0.0000000000,1187540.6454999992,-0.1934316887,1766017.9299000001,1031773.9645592694
2020-03-10,528.5478999998,968675.0000000000,969203.5478999999,True,67200.0000000000,45200.0000000000,37100.0000000000,70200.0000000000,0.0118714839,1187540.6454999992,-0.1838565260,1776007.9299000001,1050517.9394598005
2020-03-11,969235.5894999998,0.0000000000,969235.5894999998,False,0.0000000000,0.0000000000,0.0000000000,0.0000000000,0.0000330597,1187540.6454999992,-0.1838295446,1770296.9299000001,1040618.3723905842
2020-03-12,514.0601999998,970547.0000000000,971061.0601999998,True,67600.0000000000,45700.0000000000,37300.0000000000,70800.0000000000,0.0018834128,1187540.6454999992,-0.1822923587,1768836.9299000001,1024833.0499710795
2020-03-13,514.0601999998,962007.0000000000,962521.0601999998,True,67600.0000000000,45700.0000000000,37300.0000000000,70800.0000000000,-0.0087945036,1187540.6454999992,-0.1894836915,1757668.9299000001,1012192.1721907699
2020-03-16,514.0601999998,953635.0000000000,954149.0601999998,True,67600.0000000000,45700.0000000000,37300.0000000000,70800.0000000000,-0.0086979915,1187540.6454999992,-0.1965335554,1746602.9299000001,977775.0512681191
2020-03-17,514.0601999998,958230.0000000000,958744.0601999998,True,67600.0000000000,45700.0000000000,37300.0000000000,70800.0000000000,0.0048158094,1187540.6454999992,-0.1926642142,1752571.9299000001,974406.2538341542
2020-03-18,514.0601999998,946362.0000000000,946876.0601999998,True,67600.0000000000,45700.0000000000,37300.0000000000,70800.0000000000,-0.0123786947,1187540.6454999992,-0.2026579774,1737439.9299000001,956570.2066499570
2020-03-19,514.0601999998,927920.0000000000,928434.0601999998,True,67600.0000000000,45700.0000000000,37300.0000000000,70800.0000000000,-0.0194766779,1187540.6454999992,-0.2181875511,1712916.9299000001,947235.0270800834
2020-03-20,514.0601999998,940964.0000000000,941478.0601999998,True,67600.0000000000,45700.0000000000,37300.0000000000,70800.0000000000,0.0140494630,1187540.6454999992,-0.2072035060,1730028.9299000001,962480.5005871733
2020-03-23,514.0601999998,922952.0000000000,923466.0601999998,True,67600.0000000000,45700.0000000000,37300.0000000000,70800.0000000000,-0.0191316195,1187540.6454999992,-0.2223709869,1706409.9299000001,932525.8969729900
2020-03-24,514.0601999998,944013.0000000000,944527.0601999998,True,67600.0000000000,45700.0000000000,37300.0000000000,70800.0000000000,0.0228064689,1187540.6454999992,-0.2046360150,1734475.9299000001,954354.7228016055
2020-03-25,514.0601999998,950572.0000000000,951086.0601999998,True,67600.0000000000,45700.0000000000,37300.0000000000,70800.0000000000,0.0069442161,1187540.6454999992,-0.1991128356,1742732.9299000001,975089.8287557183
2020-03-26,514.0601999998,951318.0000000000,951832.0601999998,True,67600.0000000000,45700.0000000000,37300.0000000000,70800.0000000000,0.0007843665,1187540.6454999992,-0.1984846466,1743808.9299000001,969242.6340420310
2020-03-27,514.0601999998,957392.0000000000,957906.0601999998,True,67600.0000000000,45700.0000000000,37300.0000000000,70800.0000000000,0.0063813778,1187540.6454999992,-0.1933698743,1751988.9299000001,971798.1525949555
2020-03-30,514.0601999998,959265.0000000000,959779.0601999998,True,67600.0000000000,45700.0000000000,37300.0000000000,70800.0000000000,0.0019553066,1187540.6454999992,-0.1917926651,1754455.9299000001,963037.8770616795
2020-03-31,514.0601999998,945681.0000000000,946195.0601999998,True,67600.0000000000,45700.0000000000,37300.0000000000,70800.0000000000,-0.0141532573,1187540.6454999992,-0.2032314315,1736506.9299000001,964121.0803989273
2020-04-01,514.0601999998,948338.0000000000,948852.0601999998,True,67600.0000000000,45700.0000000000,37300.0000000000,70800.0000000000,0.0028080891,1187540.6454999992,-0.2009940344,1740186.9299000001,958589.3818028850
2020-04-02,514.0601999998,954342.0000000000,954856.0601999998,True,67600.0000000000,45700.0000000000,37300.0000000000,70800.0000000000,0.0063276461,1187540.6454999992,-0.1959382074,1748059.9299000001,974756.8050759820
2020-04-03,514.0601999998,950262.0000000000,950776.0601999998,True,67600.0000000000,45700.0000000000,37300.0000000000,70800.0000000000,-0.0042728953,1187540.6454999992,-0.1993738793,1742731.9299000001,968920.1268995495
2020-04-07,514.0601999998,954690.0000000000,955204.0601999998,True,67600.0000000000,45700.0000000000,37300.0000000000,70800.0000000000,0.0046572481,1187540.6454999992,-0.1956451648,1748401.9299000001,988820.9208981122
2020-04-08,950922.9203999997,0.0000000000,950922.9203999997,False,0.0000000000,0.0000000000,0.0000000000,0.0000000000,-0.0044819112,1187540.6454999992,-0.1992502118,1741117.9299000001,986931.4497046606
2020-04-09,950922.9203999997,0.0000000000,950922.9203999997,False,0.0000000000,0.0000000000,0.0000000000,0.0000000000,0.0000000000,1187540.6454999992,-0.1992502118,1742142.9299000001,990622.7542811070
2020-04-10,950922.9203999997,0.0000000000,950922.9203999997,False,0.0000000000,0.0000000000,0.0000000000,0.0000000000,0.0000000000,1187540.6454999992,-0.1992502118,1741058.9299000001,980362.1194328080
2020-04-13,950922.9203999997,0.0000000000,950922.9203999997,False,0.0000000000,0.0000000000,0.0000000000,0.0000000000,0.0000000000,1187540.6454999992,-0.1992502118,1738378.9299000001,975601.6335687869
2020-04-14,950922.9203999997,0.0000000000,950922.9203999997,False,0.0000000000,0.0000000000,0.0000000000,0.0000000000,0.0000000000,1187540.6454999992,-0.1992502118,1744355.9299000001,991106.5149948293
2020-04-15,950922.9203999997,0.0000000000,950922.9203999997,False,0.0000000000,0.0000000000,0.0000000000,0.0000000000,0.0000000000,1187540.6454999992,-0.1992502118,1744637.9299000001,985459.1344889839
2020-04-16,950922.9203999997,0.0000000000,950922.9203999997,False,0.0000000000,0.0000000000,0.0000000000,0.0000000000,0.0000000000,1187540.6454999992,-0.1992502118,1745756.9299000001,988533.4688798134
2020-04-17,950922.9203999997,0.0000000000,950922.9203999997,False,0.0000000000,0.0000000000,0.0000000000,0.0000000000,0.0000000000,1187540.6454999992,-0.1992502118,1751307.9299000001,995036.1944157187
2020-04-20,950922.9203999997,0.0000000000,950922.9203999997,False,0.0000000000,0.0000000000,0.0000000000,0.0000000000,0.0000000000,1187540.6454999992,-0.1992502118,1743203.9299000001,999964.9448758172
2020-04-21,950922.9203999997,0.0000000000,950922.9203999997,False,0.0000000000,0.0000000000,0.0000000000,0.0000000000,0.0000000000,1187540.6454999992,-0.1992502118,1737449.9299000001,991011.8661595358
2020-04-22,950922.9203999997,0.0000000000,950922.9203999997,False,0.0000000000,0.0000000000,0.0000000000,0.0000000000,0.0000000000,1187540.6454999992,-0.1992502118,1737208.9299000001,996960.7207333532
2020-04-23,950922.9203999997,0.0000000000,950922.9203999997,False,0.0000000000,0.0000000000,0.0000000000,0.0000000000,0.0000000000,1187540.6454999992,-0.1992502118,1726079.9299000001,995039.6999281370
2020-04-24,950922.9203999997,0.0000000000,950922.9203999997,False,0.0000000000,0.0000000000,0.0000000000,0.0000000000,0.0000000000,1187540.6454999992,-0.1992502118,1722056.9299000001,984533.6792105585
2020-04-27,950922.9203999997,0.0000000000,950922.9203999997,False,0.0000000000,0.0000000000,0.0000000000,0.0000000000,0.0000000000,1187540.6454999992,-0.1992502118,1729348.9299000001,986973.5158536799
2020-04-28,950922.9203999997,0.0000000000,950922.9203999997,False,0.0000000000,0.0000000000,0.0000000000,0.0000000000,0.0000000000,1187540.6454999992,-0.1992502118,1729356.9299000001,985056.0005608819
2020-04-29,950922.9203999997,0.0000000000,950922.9203999997,False,0.0000000000,0.0000000000,0.0000000000,0.0000000000,0.0000000000,1187540.6454999992,-0.1992502118,1745845.9299000001,989409.8469843830
2020-04-30,950922.9203999997,0.0000000000,950922.9203999997,False,0.0000000000,0.0000000000,0.0000000000,0.0000000000,0.0000000000,1187540.6454999992,-0.1992502118,1750977.9299000001,1002604.5957267804
2020-05-06,950922.9203999997,0.0000000000,950922.9203999997,False,0.0000000000,0.0000000000,0.0000000000,0.0000000000,0.0000000000,1187540.6454999992,-0.1992502118,1736538.9299000001,1008935.5511541900
2020-05-07,950922.9203999997,0.0000000000,950922.9203999997,False,0.0000000000,0.0000000000,0.0000000000,0.0000000000,0.0000000000,1187540.6454999992,-0.1992502118,1732627.9299000001,1006614.9019332901
2020-05-08,950922.9203999997,0.0000000000,950922.9203999997,False,0.0000000000,0.0000000000,0.0000000000,0.0000000000,0.0000000000,1187540.6454999992,-0.1992502118,1737256.9299000001,1014965.0325136277
2020-05-11,950922.9203999997,0.0000000000,950922.9203999997,False,0.0000000000,0.0000000000,0.0000000000,0.0000000000,0.0000000000,1187540.6454999992,-0.1992502118,1741764.9299000001,1014775.7348430407
2020-05-12,950922.9203999997,0.0000000000,950922.9203999997,False,0.0000000000,0.0000000000,0.0000000000,0.0000000000,0.0000000000,1187540.6454999992,-0.1992502118,1736546.9299000001,1013639.9488195187
2020-05-13,950922.9203999997,0.0000000000,950922.9203999997,False,0.0000000000,0.0000000000,0.0000000000,0.0000000000,0.0000000000,1187540.6454999992,-0.1992502118,1739698.9299000001,1015915.0263789810
2020-05-14,950922.9203999997,0.0000000000,950922.9203999997,False,0.0000000000,0.0000000000,0.0000000000,0.0000000000,0.0000000000,1187540.6454999992,-0.1992502118,1732056.9299000001,1006201.2514679333
2020-05-15,950922.9203999997,0.0000000000,950922.9203999997,False,0.0000000000,0.0000000000,0.0000000000,0.0000000000,0.0000000000,1187540.6454999992,-0.1992502118,1730929.9299000001,1005542.2151332970
2020-05-18,950922.9203999997,0.0000000000,950922.9203999997,False,0.0000000000,0.0000000000,0.0000000000,0.0000000000,0.0000000000,1187540.6454999992,-0.1992502118,1732056.9299000001,1007982.0517764183
2020-05-19,950922.9203999997,0.0000000000,950922.9203999997,False,0.0000000000,0.0000000000,0.0000000000,0.0000000000,0.0000000000,1187540.6454999992,-0.1992502118,1738708.9299000001,1016100.8185371496
2020-05-20,950922.9203999997,0.0000000000,950922.9203999997,False,0.0000000000,0.0000000000,0.0000000000,0.0000000000,0.0000000000,1187540.6454999992,-0.1992502118,1741492.9299000001,1010898.6381084254
2020-05-21,950922.9203999997,0.0000000000,950922.9203999997,False,0.0000000000,0.0000000000,0.0000000000,0.0000000000,0.0000000000,1187540.6454999992,-0.1992502118,1738913.9299000001,1005352.9174627101
2020-05-22,950922.9203999997,0.0000000000,950922.9203999997,False,0.0000000000,0.0000000000,0.0000000000,0.0000000000,0.0000000000,1187540.6454999992,-0.1992502118,1724926.9299000001,986370.5677177361
2020-05-25,378.8426999998,953438.0000000000,953816.8426999998,True,69300.0000000000,46900.0000000000,37600.0000000000,70300.0000000000,0.0030432775,1187540.6454999992,-0.1968133080,1731236.9299000001,987842.8829334128
2020-05-26,378.8426999998,951949.0000000000,952327.8426999998,True,69300.0000000000,46900.0000000000,37600.0000000000,70300.0000000000,-0.0015610964,1187540.6454999992,-0.1980671598,1729477.9299000001,997861.6374248506
2020-05-27,378.8426999998,957745.0000000000,958123.8426999998,True,69300.0000000000,46900.0000000000,37600.0000000000,70300.0000000000,0.0060861394,1187540.6454999992,-0.1931864847,1736863.9299000001,994443.7628170297
2020-05-28,378.8426999998,965465.0000000000,965843.8426999998,True,69300.0000000000,46900.0000000000,37600.0000000000,70300.0000000000,0.0080574135,1187540.6454999992,-0.1866856546,1746853.9299000001,997745.9555150474
2020-05-29,378.8426999998,957745.0000000000,958123.8426999998,True,69300.0000000000,46900.0000000000,37600.0000000000,70300.0000000000,-0.0079930105,1187540.6454999992,-0.1931864847,1736863.9299000001,999894.8346274516
2020-06-01,378.8426999998,963541.0000000000,963919.8426999998,True,69300.0000000000,46900.0000000000,37600.0000000000,70300.0000000000,0.0060493224,1187540.6454999992,-0.1883058097,1744249.9299000001,1022007.6069619476
2020-06-02,961823.3378999998,0.0000000000,961823.3378999998,False,0.0000000000,0.0000000000,0.0000000000,0.0000000000,-0.0021749784,1187540.6454999992,-0.1900712270,1748262.9299000001,1024100.3978756594
2020-06-03,961823.3378999998,0.0000000000,961823.3378999998,False,0.0000000000,0.0000000000,0.0000000000,0.0000000000,0.0000000000,1187540.6454999992,-0.1900712270,1749937.9299000001,1024790.9838220602
2020-06-04,961823.3378999998,0.0000000000,961823.3378999998,False,0.0000000000,0.0000000000,0.0000000000,0.0000000000,0.0000000000,1187540.6454999992,-0.1900712270,1746795.9299000001,1023346.7127057298
2020-06-05,961823.3378999998,0.0000000000,961823.3378999998,False,0.0000000000,0.0000000000,0.0000000000,0.0000000000,0.0000000000,1187540.6454999992,-0.1900712270,1751115.9299000001,1027395.5795488405
2020-06-08,961823.3378999998,0.0000000000,961823.3378999998,False,0.0000000000,0.0000000000,0.0000000000,0.0000000000,0.0000000000,1187540.6454999992,-0.1900712270,1751098.9299000001,1029838.9217043801
2020-06-09,961823.3378999998,0.0000000000,961823.3378999998,False,0.0000000000,0.0000000000,0.0000000000,0.0000000000,0.0000000000,1187540.6454999992,-0.1900712270,1754829.9299000001,1036268.0314795015
2020-06-10,961823.3378999998,0.0000000000,961823.3378999998,False,0.0000000000,0.0000000000,0.0000000000,0.0000000000,0.0000000000,1187540.6454999992,-0.1900712270,1751157.9299000001,1031935.2181305102
2020-06-11,961823.3378999998,0.0000000000,961823.3378999998,False,0.0000000000,0.0000000000,0.0000000000,0.0000000000,0.0000000000,1187540.6454999992,-0.1900712270,1745051.9299000001,1023925.1222547456
2020-06-12,961823.3378999998,0.0000000000,961823.3378999998,False,0.0000000000,0.0000000000,0.0000000000,0.0000000000,0.0000000000,1187540.6454999992,-0.1900712270,1743720.9299000001,1023518.4828142254
2020-06-15,961823.3378999998,0.0000000000,961823.3378999998,False,0.0000000000,0.0000000000,0.0000000000,0.0000000000,0.0000000000,1187540.6454999992,-0.1900712270,1731209.9299000001,1013103.6054195222
2020-06-16,493.0252999998,963104.0000000000,963597.0252999999,True,69400.0000000000,45600.0000000000,38100.0000000000,71700.0000000000,0.0018440885,1187540.6454999992,-0.1885776466,1741080.9299000001,1027728.6032285769
2020-06-17,960360.5731999999,0.0000000000,960360.5731999999,False,0.0000000000,0.0000000000,0.0000000000,0.0000000000,-0.0033587195,1187540.6454999992,-0.1913029867,1738894.9299000001,1029172.8743449074
2020-06-18,960360.5731999999,0.0000000000,960360.5731999999,False,0.0000000000,0.0000000000,0.0000000000,0.0000000000,0.0000000000,1187540.6454999992,-0.1913029867,1732218.9299000001,1030382.2761292132
2020-06-19,960360.5731999999,0.0000000000,960360.5731999999,False,0.0000000000,0.0000000000,0.0000000000,0.0000000000,0.0000000000,1187540.6454999992,-0.1913029867,1733576.9299000001,1040306.3817853575
2020-06-22,960360.5731999999,0.0000000000,960360.5731999999,False,0.0000000000,0.0000000000,0.0000000000,0.0000000000,0.0000000000,1187540.6454999992,-0.1913029867,1732466.9299000001,1039479.0808546440
2020-06-23,960360.5731999999,0.0000000000,960360.5731999999,False,0.0000000000,0.0000000000,0.0000000000,0.0000000000,0.0000000000,1187540.6454999992,-0.1913029867,1727197.9299000001,1041354.5299984225
2020-06-24,960360.5731999999,0.0000000000,960360.5731999999,False,0.0000000000,0.0000000000,0.0000000000,0.0000000000,0.0000000000,1187540.6454999992,-0.1913029867,1738015.9299000001,1044484.9525879445
2020-06-29,960360.5731999999,0.0000000000,960360.5731999999,False,0.0000000000,0.0000000000,0.0000000000,0.0000000000,0.0000000000,1187540.6454999992,-0.1913029867,1738399.9299000001,1038164.5136977897
2020-06-30,960360.5731999999,0.0000000000,960360.5731999999,False,0.0000000000,0.0000000000,0.0000000000,0.0000000000,0.0000000000,1187540.6454999992,-0.1913029867,1741297.8499000000,1046279.7749461028
2020-07-01,960360.5731999999,0.0000000000,960360.5731999999,False,0.0000000000,0.0000000000,0.0000000000,0.0000000000,0.0000000000,1187540.6454999992,-0.1913029867,1747053.8499000000,1060761.0467460081
2020-07-02,960360.5731999999,0.0000000000,960360.5731999999,False,0.0000000000,0.0000000000,0.0000000000,0.0000000000,0.0000000000,1187540.6454999992,-0.1913029867,1769418.8499000000,1083403.1514556641
2020-07-03,960360.5731999999,0.0000000000,960360.5731999999,False,0.0000000000,0.0000000000,0.0000000000,0.0000000000,0.0000000000,1187540.6454999992,-0.1913029867,1795547.8499000000,1105221.4607470247
2020-07-06,960360.5731999999,0.0000000000,960360.5731999999,False,0.0000000000,0.0000000000,0.0000000000,0.0000000000,0.0000000000,1187540.6454999992,-0.1913029867,1894060.8499000000,1168345.2228629519
2020-07-07,960360.5731999999,0.0000000000,960360.5731999999,False,0.0000000000,0.0000000000,0.0000000000,0.0000000000,0.0000000000,1187540.6454999992,-0.1913029867,1885042.8499000000,1172713.0913361260
2020-07-08,960360.5731999999,0.0000000000,960360.5731999999,False,0.0000000000,0.0000000000,0.0000000000,0.0000000000,0.0000000000,1187540.6454999992,-0.1913029867,1876787.8499000000,1193080.1184863197
2020-07-09,960360.5731999999,0.0000000000,960360.5731999999,False,0.0000000000,0.0000000000,0.0000000000,0.0000000000,0.0000000000,1187540.6454999992,-0.1913029867,1857840.8499000000,1209608.6095384993
2020-07-10,960360.5731999999,0.0000000000,960360.5731999999,False,0.0000000000,0.0000000000,0.0000000000,0.0000000000,0.0000000000,1187540.6454999992,-0.1913029867,1815375.2598999999,1186027.0275007449
2020-07-13,960360.5731999999,0.0000000000,960360.5731999999,False,0.0000000000,0.0000000000,0.0000000000,0.0000000000,0.0000000000,1187540.6454999992,-0.1913029867,1812695.2598999999,1207049.5854731565
2020-07-14,960360.5731999999,0.0000000000,960360.5731999999,False,0.0000000000,0.0000000000,0.0000000000,0.0000000000,0.0000000000,1187540.6454999992,-0.1913029867,1798974.2598999999,1196999.2813699541
2020-07-15,960360.5731999999,0.0000000000,960360.5731999999,False,0.0000000000,0.0000000000,0.0000000000,0.0000000000,0.0000000000,1187540.6454999992,-0.1913029867,1782937.1599000001,1178307.8891556973
2020-07-16,960360.5731999999,0.0000000000,960360.5731999999,False,0.0000000000,0.0000000000,0.0000000000,0.0000000000,0.0000000000,1187540.6454999992,-0.1913029867,1777975.1599000001,1125304.5413913378
2020-07-17,960360.5731999999,0.0000000000,960360.5731999999,False,0.0000000000,0.0000000000,0.0000000000,0.0000000000,0.0000000000,1187540.6454999992,-0.1913029867,1779145.1599000001,1126717.2628959038
2020-07-20,960360.5731999999,0.0000000000,960360.5731999999,False,0.0000000000,0.0000000000,0.0000000000,0.0000000000,0.0000000000,1187540.6454999992,-0.1913029867,1796787.1599000001,1161779.3981035177
2020-07-21,960360.5731999999,0.0000000000,960360.5731999999,False,0.0000000000,0.0000000000,0.0000000000,0.0000000000,0.0000000000,1187540.6454999992,-0.1913029867,1789221.1599000001,1164142.1134734370
2020-07-22,960360.5731999999,0.0000000000,960360.5731999999,False,0.0000000000,0.0000000000,0.0000000000,0.0000000000,0.0000000000,1187540.6454999992,-0.1913029867,1786079.1599000001,1168443.3772106636
2020-07-23,960360.5731999999,0.0000000000,960360.5731999999,False,0.0000000000,0.0000000000,0.0000000000,0.0000000000,0.0000000000,1187540.6454999992,-0.1913029867,1775363.1599000001,1165621.4397139500
2020-07-24,960360.5731999999,0.0000000000,960360.5731999999,False,0.0000000000,0.0000000000,0.0000000000,0.0000000000,0.0000000000,1187540.6454999992,-0.1913029867,1755978.1599000001,1120631.6933377737
2020-07-27,298.6409999997,952542.0000000000,952840.6409999997,True,71400.0000000000,48200.0000000000,39100.0000000000,74000.0000000000,-0.0078303217,1187540.6454999992,-0.1976353444,1749684.1599000001,1123597.3568436366
2020-07-28,298.6409999997,954546.0000000000,954844.6409999997,True,71400.0000000000,48200.0000000000,39100.0000000000,74000.0000000000,0.0021031848,1187540.6454999992,-0.1959478232,1752288.1599000001,1131565.3865703819
2020-07-29,298.6409999997,963156.0000000000,963454.6409999997,True,71400.0000000000,48200.0000000000,39100.0000000000,74000.0000000000,0.0090171737,1187540.6454999992,-0.1886975451,1762826.1599000001,1154908.5937636935
2020-07-30,298.6409999997,956824.0000000000,957122.6409999997,True,71400.0000000000,48200.0000000000,39100.0000000000,74000.0000000000,-0.0065721828,1187540.6454999992,-0.1940295731,1755209.1599000001,1152198.8326643647
2020-07-31,298.6409999997,955146.0000000000,955444.6409999997,True,71400.0000000000,48200.0000000000,39100.0000000000,74000.0000000000,-0.0017531714,1187540.6454999992,-0.1954425774,1753262.1599000001,1160328.1159623507
2020-08-03,298.6409999997,958737.0000000000,959035.6409999997,True,71400.0000000000,48200.0000000000,39100.0000000000,74000.0000000000,0.0037584595,1187540.6454999992,-0.1924186809,1757762.1599000001,1180646.0659386886
2020-08-04,958635.1817999997,0.0000000000,958635.1817999997,False,0.0000000000,0.0000000000,0.0000000000,0.0000000000,-0.0004175645,1187540.6454999992,-0.1927558981,1773158.1599000001,1181950.1165582878
2020-08-05,958635.1817999997,0.0000000000,958635.1817999997,False,0.0000000000,0.0000000000,0.0000000000,0.0000000000,0.0000000000,1187540.6454999992,-0.1927558981,1762937.1599000001,1184007.8523478168
2020-08-06,958635.1817999997,0.0000000000,958635.1817999997,False,0.0000000000,0.0000000000,0.0000000000,0.0000000000,0.0000000000,1187540.6454999992,-0.1927558981,1764747.1599000001,1187127.7584000840
2020-08-07,958635.1817999997,0.0000000000,958635.1817999997,False,0.0000000000,0.0000000000,0.0000000000,0.0000000000,0.0000000000,1187540.6454999992,-0.1927558981,1758437.1599000001,1175762.8871400277
2020-08-10,958635.1817999997,0.0000000000,958635.1817999997,False,0.0000000000,0.0000000000,0.0000000000,0.0000000000,0.0000000000,1187540.6454999992,-0.1927558981,1761409.1599000001,1184600.2839465057
2020-08-11,958635.1817999997,0.0000000000,958635.1817999997,False,0.0000000000,0.0000000000,0.0000000000,0.0000000000,0.0000000000,1187540.6454999992,-0.1927558981,1760282.1599000001,1170942.8075648958
2020-08-12,958635.1817999997,0.0000000000,958635.1817999997,False,0.0000000000,0.0000000000,0.0000000000,0.0000000000,0.0000000000,1187540.6454999992,-0.1927558981,1761579.1599000001,1163574.2204616759
2020-08-13,958635.1817999997,0.0000000000,958635.1817999997,False,0.0000000000,0.0000000000,0.0000000000,0.0000000000,0.0000000000,1187540.6454999992,-0.1927558981,1759683.1599000001,1164086.0252747445
2020-08-14,958635.1817999997,0.0000000000,958635.1817999997,False,0.0000000000,0.0000000000,0.0000000000,0.0000000000,0.0000000000,1187540.6454999992,-0.1927558981,1766130.1599000001,1177887.2276655040
2020-08-17,958635.1817999997,0.0000000000,958635.1817999997,False,0.0000000000,0.0000000000,0.0000000000,0.0000000000,0.0000000000,1187540.6454999992,-0.1927558981,1786325.1599000001,1205475.6103973498
2020-08-18,958635.1817999997,0.0000000000,958635.1817999997,False,0.0000000000,0.0000000000,0.0000000000,0.0000000000,0.0000000000,1187540.6454999992,-0.1927558981,1775386.1599000001,1209783.8851594131
2020-08-19,958635.1817999997,0.0000000000,958635.1817999997,False,0.0000000000,0.0000000000,0.0000000000,0.0000000000,0.0000000000,1187540.6454999992,-0.1927558981,1768102.1599000001,1194724.2038104921
2020-08-20,958635.1817999997,0.0000000000,958635.1817999997,False,0.0000000000,0.0000000000,0.0000000000,0.0000000000,0.0000000000,1187540.6454999992,-0.1927558981,1760861.1599000001,1179219.3223844494
2020-08-21,958635.1817999997,0.0000000000,958635.1817999997,False,0.0000000000,0.0000000000,0.0000000000,0.0000000000,0.0000000000,1187540.6454999992,-0.1927558981,1762526.1599000001,1185101.5722223197
2020-08-24,958635.1817999997,0.0000000000,958635.1817999997,False,0.0000000000,0.0000000000,0.0000000000,0.0000000000,0.0000000000,1187540.6454999992,-0.1927558981,1759640.1599000001,1186840.3063817853
2020-08-25,958635.1817999997,0.0000000000,958635.1817999997,False,0.0000000000,0.0000000000,0.0000000000,0.0000000000,0.0000000000,1187540.6454999992,-0.1927558981,1759691.1599000001,1182612.6584053424
2020-08-26,958635.1817999997,0.0000000000,958635.1817999997,False,0.0000000000,0.0000000000,0.0000000000,0.0000000000,0.0000000000,1187540.6454999992,-0.1927558981,1753516.1599000001,1167244.4919636128
2020-08-27,558.8450999996,955063.0000000000,955621.8450999996,True,72800.0000000000,48100.0000000000,38800.0000000000,74100.0000000000,-0.0031433613,1187540.6454999992,-0.1952933580,1750681.1599000001,1174385.2207596444
2020-08-28,558.8450999996,961031.0000000000,961589.8450999996,True,72800.0000000000,48100.0000000000,38800.0000000000,74100.0000000000,0.0062451482,1187540.6454999992,-0.1902678458,1758153.1599000001,1193209.8224457959
2020-08-31,960247.6256999996,0.0000000000,960247.6256999996,False,0.0000000000,0.0000000000,0.0000000000,0.0000000000,-0.0013958336,1187540.6454999992,-0.1913980971,1751843.1599000001,1190359.8408497362
2020-09-01,960247.6256999996,0.0000000000,960247.6256999996,False,0.0000000000,0.0000000000,0.0000000000,0.0000000000,0.0000000000,1187540.6454999992,-0.1913980971,1749536.1599000001,1195593.5708902248
2020-09-02,960247.6256999996,0.0000000000,960247.6256999996,False,0.0000000000,0.0000000000,0.0000000000,0.0000000000,0.0000000000,1187540.6454999992,-0.1913980971,1741381.1599000001,1193556.8681752055
2020-09-03,960247.6256999996,0.0000000000,960247.6256999996,False,0.0000000000,0.0000000000,0.0000000000,0.0000000000,0.0000000000,1187540.6454999992,-0.1913980971,1736762.1599000001,1186608.9425621789
2020-09-04,960247.6256999996,0.0000000000,960247.6256999996,False,0.0000000000,0.0000000000,0.0000000000,0.0000000000,0.0000000000,1187540.6454999992,-0.1913980971,1732620.1599000001,1176229.1202916587
2020-09-07,807.8800999997,958130.0000000000,958937.8800999997,True,75000.0000000000,49000.0000000000,39200.0000000000,76200.0000000000,-0.0013639665,1187540.6454999992,-0.1925010030,1729973.1599000001,1154221.5133297110
2020-09-08,807.8800999997,969440.0000000000,970247.8800999997,True,75000.0000000000,49000.0000000000,39200.0000000000,76200.0000000000,0.0117942989,1187540.6454999992,-0.1829771185,1744130.1599000001,1162575.1494224668
2020-09-09,807.8800999997,966620.0000000000,967427.8800999997,True,75000.0000000000,49000.0000000000,39200.0000000000,76200.0000000000,-0.0029064738,1187540.6454999992,-0.1853517741,1740450.1599000001,1140914.5881899286
2020-09-10,807.8800999997,962070.0000000000,962877.8800999997,True,75000.0000000000,49000.0000000000,39200.0000000000,76200.0000000000,-0.0047031930,1187540.6454999992,-0.1891832219,1734823.1599000001,1133970.1680893204
2020-09-11,807.8800999997,963442.0000000000,964249.8800999997,True,75000.0000000000,49000.0000000000,39200.0000000000,76200.0000000000,0.0014248951,1187540.6454999992,-0.1880278930,1736539.1599000001,1142919.7412931835
2020-09-14,807.8800999997,963408.0000000000,964215.8800999997,True,75000.0000000000,49000.0000000000,39200.0000000000,76200.0000000000,-0.0000352606,1187540.6454999992,-0.1880565236,1736232.1599000001,1149390.9172173243
2020-09-15,807.8800999997,962526.0000000000,963333.8800999997,True,75000.0000000000,49000.0000000000,39200.0000000000,76200.0000000000,-0.0009147329,1187540.6454999992,-0.1887992350,1735105.1599000001,1155304.7166669588
2020-09-16,807.8800999997,964660.0000000000,965467.8800999997,True,75000.0000000000,49000.0000000000,39200.0000000000,76200.0000000000,0.0022152237,1187540.6454999992,-0.1870022439,1737760.1599000001,1151182.2340630642
2020-09-17,807.8800999997,965444.0000000000,966251.8800999997,True,75000.0000000000,49000.0000000000,39200.0000000000,76200.0000000000,0.0008120415,1187540.6454999992,-0.1863420559,1738836.1599000001,1146456.8033232258
2020-09-18,807.8800999997,975468.0000000000,976275.8800999997,True,75000.0000000000,49000.0000000000,39200.0000000000,76200.0000000000,0.0103741066,1187540.6454999992,-0.1779010817,1751158.1599000001,1170171.5948328746
2020-09-21,973769.3836999997,0.0000000000,973769.3836999997,False,0.0000000000,0.0000000000,0.0000000000,0.0000000000,-0.0025674058,1187540.6454999992,-0.1800117433,1745889.1599000001,1162757.4360682173
2020-09-22,856.5973999996,969755.0000000000,970611.5973999996,True,75600.0000000000,49100.0000000000,39300.0000000000,76500.0000000000,-0.0032428482,1187540.6454999992,-0.1826708407,1739630.1599000001,1147809.9311166808
2020-09-23,856.5973999996,968469.0000000000,969325.5973999996,True,75600.0000000000,49100.0000000000,39300.0000000000,76500.0000000000,-0.0013249378,1187540.6454999992,-0.1837537510,1737795.1599000001,1149706.4133349692
2020-09-24,856.5973999996,964394.0000000000,965250.5973999996,True,75600.0000000000,49100.0000000000,39300.0000000000,76500.0000000000,-0.0042039538,1187540.6454999992,-0.1871852125,1732757.1599000001,1129889.7516344450
2020-09-25,856.5973999996,963540.0000000000,964396.5973999996,True,75600.0000000000,49100.0000000000,39300.0000000000,76500.0000000000,-0.0008847443,1187540.6454999992,-0.1879043458,1731937.1599000001,1128571.6789651727
2020-09-28,856.5973999996,974800.0000000001,975656.5973999997,True,75600.0000000000,49100.0000000000,39300.0000000000,76500.0000000000,0.0116756945,1187540.6454999992,-0.1784225651,1745173.1599000001,1127909.1371181181
2020-09-29,856.5973999996,966808.0000000000,967664.5973999996,True,75600.0000000000,49100.0000000000,39300.0000000000,76500.0000000000,-0.0081914067,1187540.6454999992,-0.1851524400,1735762.1599000001,1130303.4020998019
2020-09-30,856.5973999996,967692.0000000000,968548.5973999996,True,75600.0000000000,49100.0000000000,39300.0000000000,76500.0000000000,0.0009135397,1187540.6454999992,-0.1844080444,1736889.1599000001,1128091.4237638686
2020-10-09,856.5973999996,967564.0000000000,968420.5973999996,True,75600.0000000000,49100.0000000000,39300.0000000000,76500.0000000000,-0.0001321565,1187540.6454999992,-0.1845158302,1736531.1599000001,1147031.7073598234
2020-10-12,967260.6367999996,0.0000000000,967260.6367999996,False,0.0000000000,0.0000000000,0.0000000000,0.0000000000,-0.0011977860,1187540.6454999992,-0.1854926057,1747734.1599000001,1177315.8291413246
2020-10-13,967260.6367999996,0.0000000000,967260.6367999996,False,0.0000000000,0.0000000000,0.0000000000,0.0000000000,0.0000000000,1187540.6454999992,-0.1854926057,1738734.1599000001,1177764.5347308642
2020-10-14,967260.6367999996,0.0000000000,967260.6367999996,False,0.0000000000,0.0000000000,0.0000000000,0.0000000000,0.0000000000,1187540.6454999992,-0.1854926057,1737965.1599000001,1171114.5776733914
2020-10-15,967260.6367999996,0.0000000000,967260.6367999996,False,0.0000000000,0.0000000000,0.0000000000,0.0000000000,0.0000000000,1187540.6454999992,-0.1854926057,1743490.1599000001,1168099.8369936724
2020-10-16,967260.6367999996,0.0000000000,967260.6367999996,False,0.0000000000,0.0000000000,0.0000000000,0.0000000000,0.0000000000,1187540.6454999992,-0.1854926057,1758647.1599000001,1169565.1411845125
2020-10-19,967260.6367999996,0.0000000000,967260.6367999996,False,0.0000000000,0.0000000000,0.0000000000,0.0000000000,0.0000000000,1187540.6454999992,-0.1854926057,1769517.1599000001,1161260.5822656127
2020-10-20,967260.6367999996,0.0000000000,967260.6367999996,False,0.0000000000,0.0000000000,0.0000000000,0.0000000000,0.0000000000,1187540.6454999992,-0.1854926057,1752891.1599000001,1166669.5879270153
2020-10-21,967260.6367999996,0.0000000000,967260.6367999996,False,0.0000000000,0.0000000000,0.0000000000,0.0000000000,0.0000000000,1187540.6454999992,-0.1854926057,1766442.1599000001,1165589.8901021855
2020-10-22,967260.6367999996,0.0000000000,967260.6367999996,False,0.0000000000,0.0000000000,0.0000000000,0.0000000000,0.0000000000,1187540.6454999992,-0.1854926057,1768414.1599000001,1161200.9885545019
2020-10-23,967260.6367999996,0.0000000000,967260.6367999996,False,0.0000000000,0.0000000000,0.0000000000,0.0000000000,0.0000000000,1187540.6454999992,-0.1854926057,1771061.1599000001,1149106.9707114438
2020-10-26,596.7245999996,962974.0000000000,963570.7245999996,True,74600.0000000000,47700.0000000000,37300.0000000000,74800.0000000000,-0.0038148065,1187540.6454999992,-0.1885997938,1767091.1599000001,1139684.1533311130
2020-10-27,596.7245999996,959344.0000000000,959940.7245999996,True,74600.0000000000,47700.0000000000,37300.0000000000,74800.0000000000,-0.0037672377,1187540.6454999992,-0.1916565313,1762343.1599000001,1140805.9173049619
2020-10-28,596.7245999996,950447.0000000000,951043.7245999996,True,74600.0000000000,47700.0000000000,37300.0000000000,74800.0000000000,-0.0092682806,1187540.6454999992,-0.1991484854,1750841.1599000001,1146036.1418330325
2020-10-29,596.7245999996,944803.0000000000,945399.7245999996,True,74600.0000000000,47700.0000000000,37300.0000000000,74800.0000000000,-0.0059345326,1187540.6454999992,-0.2039011648,1744130.1599000001,1147259.5656670113
2020-10-30,596.7245999996,942149.0000000000,942745.7245999996,True,74600.0000000000,47700.0000000000,37300.0000000000,74800.0000000000,-0.0028072782,1187540.6454999992,-0.2061360357,1741005.1599000001,1130362.9958109127
2020-11-02,596.7245999996,943480.0000000000,944076.7245999996,True,74600.0000000000,47700.0000000000,37300.0000000000,74800.0000000000,0.0014118335,1187540.6454999992,-0.2050152320,1742140.1599000001,1130569.8210435910
2020-11-03,596.7245999996,946570.0000000000,947166.7245999996,True,74600.0000000000,47700.0000000000,37300.0000000000,74800.0000000000,0.0032730391,1187540.6454999992,-0.2024132158,1746051.1599000001,1146677.6506055773
2020-11-04,596.7245999996,948806.0000000000,949402.7245999996,True,74600.0000000000,47700.0000000000,37300.0000000000,74800.0000000000,0.0023607248,1187540.6454999992,-0.2005303328,1749416.1599000001,1148910.6620160202
2020-11-05,596.7245999996,949927.0000000000,950523.7245999996,True,74600.0000000000,47700.0000000000,37300.0000000000,74800.0000000000,0.0011807423,1187540.6454999992,-0.1995863651,1750893.1599000001,1163875.6945296479
2020-11-06,950780.8772999996,0.0000000000,950780.8772999996,False,0.0000000000,0.0000000000,0.0000000000,0.0000000000,0.0002705379,1187540.6454999992,-0.1993698229,1755743.1599000001,1161081.8011322804
2020-11-09,950780.8772999996,0.0000000000,950780.8772999996,False,0.0000000000,0.0000000000,0.0000000000,0.0000000000,0.0000000000,1187540.6454999992,-0.1993698229,1759167.1599000001,1182665.2410916165
2020-11-10,950780.8772999996,0.0000000000,950780.8772999996,False,0.0000000000,0.0000000000,0.0000000000,0.0000000000,0.0000000000,1187540.6454999992,-0.1993698229,1764213.1599000001,1177904.7552275953
2020-11-11,950780.8772999996,0.0000000000,950780.8772999996,False,0.0000000000,0.0000000000,0.0000000000,0.0000000000,0.0000000000,1187540.6454999992,-0.1993698229,1777568.1599000001,1171612.3604367869
2020-11-12,950780.8772999996,0.0000000000,950780.8772999996,False,0.0000000000,0.0000000000,0.0000000000,0.0000000000,0.0000000000,1187540.6454999992,-0.1993698229,1768697.1599000001,1170378.4200655532
2020-11-13,950780.8772999996,0.0000000000,950780.8772999996,False,0.0000000000,0.0000000000,0.0000000000,0.0000000000,0.0000000000,1187540.6454999992,-0.1993698229,1755172.1599000001,1160359.6655741152
2020-11-16,950780.8772999996,0.0000000000,950780.8772999996,False,0.0000000000,0.0000000000,0.0000000000,0.0000000000,0.0000000000,1187540.6454999992,-0.1993698229,1759134.1599000001,1173284.4898603053
2020-11-17,950780.8772999996,0.0000000000,950780.8772999996,False,0.0000000000,0.0000000000,0.0000000000,0.0000000000,0.0000000000,1187540.6454999992,-0.1993698229,1763540.1599000001,1170806.0925805829
2020-11-18,950780.8772999996,0.0000000000,950780.8772999996,False,0.0000000000,0.0000000000,0.0000000000,0.0000000000,0.0000000000,1187540.6454999992,-0.1993698229,1772796.1599000001,1173400.1717701084
2020-11-19,950780.8772999996,0.0000000000,950780.8772999996,False,0.0000000000,0.0000000000,0.0000000000,0.0000000000,0.0000000000,1187540.6454999992,-0.1993698229,1779567.1599000001,1178935.3758785690
2020-11-20,950780.8772999996,0.0000000000,950780.8772999996,False,0.0000000000,0.0000000000,0.0000000000,0.0000000000,0.0000000000,1187540.6454999992,-0.1993698229,1771088.1599000001,1184067.4460589276
2020-11-23,950780.8772999996,0.0000000000,950780.8772999996,False,0.0000000000,0.0000000000,0.0000000000,0.0000000000,0.0000000000,1187540.6454999992,-0.1993698229,1786270.1599000001,1196953.7097085167
2020-11-24,950780.8772999996,0.0000000000,950780.8772999996,False,0.0000000000,0.0000000000,0.0000000000,0.0000000000,0.0000000000,1187540.6454999992,-0.1993698229,1781156.1599000001,1192862.7767163864
2020-11-25,950780.8772999996,0.0000000000,950780.8772999996,False,0.0000000000,0.0000000000,0.0000000000,0.0000000000,0.0000000000,1187540.6454999992,-0.1993698229,1777014.1599000001,1178668.9569347799
2020-11-26,950780.8772999996,0.0000000000,950780.8772999996,False,0.0000000000,0.0000000000,0.0000000000,0.0000000000,0.0000000000,1187540.6454999992,-0.1993698229,1788123.1599000001,1181263.0361243053
2020-11-27,950780.8772999996,0.0000000000,950780.8772999996,False,0.0000000000,0.0000000000,0.0000000000,0.0000000000,0.0000000000,1187540.6454999992,-0.1993698229,1835998.1599000001,1194787.3030340211
2020-11-30,950780.8772999996,0.0000000000,950780.8772999996,False,0.0000000000,0.0000000000,0.0000000000,0.0000000000,0.0000000000,1187540.6454999992,-0.1993698229,1833207.1599000001,1188985.6799817714
2020-12-01,950780.8772999996,0.0000000000,950780.8772999996,False,0.0000000000,0.0000000000,0.0000000000,0.0000000000,0.0000000000,1187540.6454999992,-0.1993698229,1861299.1599000001,1210081.8537149667
2020-12-02,950780.8772999996,0.0000000000,950780.8772999996,False,0.0000000000,0.0000000000,0.0000000000,0.0000000000,0.0000000000,1187540.6454999992,-0.1993698229,1855535.1599000001,1209184.4425358877
2020-12-03,950780.8772999996,0.0000000000,950780.8772999996,False,0.0000000000,0.0000000000,0.0000000000,0.0000000000,0.0000000000,1187540.6454999992,-0.1993698229,1847458.1599000001,1206646.4515450546
2020-12-04,950780.8772999996,0.0000000000,950780.8772999996,False,0.0000000000,0.0000000000,0.0000000000,0.0000000000,0.0000000000,1187540.6454999992,-0.1993698229,1828664.1599000001,1207501.7965751144
2020-12-07,950780.8772999996,0.0000000000,950780.8772999996,False,0.0000000000,0.0000000000,0.0000000000,0.0000000000,0.0000000000,1187540.6454999992,-0.1993698229,1807326.1599000001,1197693.3728287732
2020-12-08,950780.8772999996,0.0000000000,950780.8772999996,False,0.0000000000,0.0000000000,0.0000000000,0.0000000000,0.0000000000,1187540.6454999992,-0.1993698229,1789796.1599000001,1195442.8338562390
2020-12-09,950780.8772999996,0.0000000000,950780.8772999996,False,0.0000000000,0.0000000000,0.0000000000,0.0000000000,0.0000000000,1187540.6454999992,-0.1993698229,1786098.1599000001,1182044.7653935815
2020-12-10,930.0074999996,944119.0000000000,945049.0074999996,True,73500.0000000000,46600.0000000000,35600.0000000000,73500.0000000000,-0.0060285918,1187540.6454999992,-0.2041964954,1775441.1599000001,1182507.4930327940
2020-12-11,930.0074999996,940377.0000000000,941307.0074999996,True,73500.0000000000,46600.0000000000,35600.0000000000,73500.0000000000,-0.0039595830,1187540.6454999992,-0.2073475455,1770069.1599000001,1173361.6111335075
2020-12-14,930.0074999996,939668.0000000000,940598.0074999996,True,73500.0000000000,46600.0000000000,35600.0000000000,73500.0000000000,-0.0007532080,1187540.6454999992,-0.2079445777,1769685.1599000001,1181049.1998667906
2020-12-15,930.0074999996,930569.0000000000,931499.0074999996,True,73500.0000000000,46600.0000000000,35600.0000000000,73500.0000000000,-0.0096736331,1187540.6454999992,-0.2156066312,1757594.1599000001,1180386.6580197359
2020-12-16,930.0074999996,929368.0000000000,930298.0074999996,True,73500.0000000000,46600.0000000000,35600.0000000000,73500.0000000000,-0.0012893197,1187540.6454999992,-0.2166179650,1756066.1599000001,1180299.0202092791
2020-12-17,930.0074999996,932213.0000000000,933143.0074999996,True,73500.0000000000,46600.0000000000,35600.0000000000,73500.0000000000,0.0030581598,1187540.6454999992,-0.2142222575,1759678.1599000001,1193581.4067621334
2020-12-18,929578.1933999996,0.0000000000,929578.1933999996,False,0.0000000000,0.0000000000,0.0000000000,0.0000000000,-0.0038202227,1187540.6454999992,-0.2172241035,1754051.1599000001,1190086.4108811105
2020-12-21,515.5581999997,927599.0000000000,928114.5581999996,True,73000.0000000000,46300.0000000000,36300.0000000000,73300.0000000000,-0.0015745154,1187540.6454999992,-0.2184565962,1752130.1599000001,1199085.0612588294
2020-12-22,924260.1270999997,0.0000000000,924260.1270999997,False,0.0000000000,0.0000000000,0.0000000000,0.0000000000,-0.0041529691,1187540.6454999992,-0.2217023219,1737417.1599000001,1176723.3975426357
2020-12-23,852.1877999996,923346.0000000000,924198.1877999996,True,72800.0000000000,46700.0000000000,37100.0000000000,73300.0000000000,-0.0000670150,1187540.6454999992,-0.2217544795,1738194.1599000001,1185676.4762589170
2020-12-24,852.1877999996,925187.0000000000,926039.1877999996,True,72800.0000000000,46700.0000000000,37100.0000000000,73300.0000000000,0.0019919970,1187540.6454999992,-0.2202042167,1740577.1599000001,1178942.3869034057
2020-12-25,852.1877999996,927115.0000000000,927967.1877999996,True,72800.0000000000,46700.0000000000,37100.0000000000,73300.0000000000,0.0020819853,1187540.6454999992,-0.2185806934,1742874.1599000001,1190668.3259425445
2020-12-28,924836.4446999995,0.0000000000,924836.4446999995,False,0.0000000000,0.0000000000,0.0000000000,0.0000000000,-0.0033737649,1187540.6454999992,-0.2212170184,1739552.1599000001,1190924.2283490789
2020-12-29,924836.4446999995,0.0000000000,924836.4446999995,False,0.0000000000,0.0000000000,0.0000000000,0.0000000000,0.0000000000,1187540.6454999992,-0.2212170184,1740679.1599000001,1184526.6681857221
2020-12-30,263.1558999995,921619.0000000000,921882.1558999995,True,72900.0000000000,46500.0000000000,36900.0000000000,73600.0000000000,-0.0031943906,1187540.6454999992,-0.2237047554,1736948.1599000001,1196939.6876588436
2020-12-31,919860.1236999995,0.0000000000,919860.1236999995,False,0.0000000000,0.0000000000,0.0000000000,0.0000000000,-0.0021933738,1187540.6454999992,-0.2254074611,1743651.1599000001,1217489.0014547876
2021-01-04,919860.1236999995,0.0000000000,919860.1236999995,False,0.0000000000,0.0000000000,0.0000000000,0.0000000000,0.0000000000,1187540.6454999992,-0.2254074611,1741507.1599000001,1227966.9780730198
2021-01-05,919860.1236999995,0.0000000000,919860.1236999995,False,0.0000000000,0.0000000000,0.0000000000,0.0000000000,0.0000000000,1187540.6454999992,-0.2254074611,1736461.1599000001,1236983.1560128301
2021-01-06,919860.1236999995,0.0000000000,919860.1236999995,False,0.0000000000,0.0000000000,0.0000000000,0.0000000000,0.0000000000,1187540.6454999992,-0.2254074611,1740458.1599000001,1244765.3935814067
2021-01-07,919860.1236999995,0.0000000000,919860.1236999995,False,0.0000000000,0.0000000000,0.0000000000,0.0000000000,0.0000000000,1187540.6454999992,-0.2254074611,1746623.1599000001,1253641.3510244859
2021-01-08,919860.1236999995,0.0000000000,919860.1236999995,False,0.0000000000,0.0000000000,0.0000000000,0.0000000000,0.0000000000,1187540.6454999992,-0.2254074611,1748237.1599000001,1251506.4939617547
2021-01-11,919860.1236999995,0.0000000000,919860.1236999995,False,0.0000000000,0.0000000000,0.0000000000,0.0000000000,0.0000000000,1187540.6454999992,-0.2254074611,1752967.1599000001,1237971.7105147846
2021-01-12,919860.1236999995,0.0000000000,919860.1236999995,False,0.0000000000,0.0000000000,0.0000000000,0.0000000000,0.0000000000,1187540.6454999992,-0.2254074611,1757655.1599000001,1264908.0679368307
2021-01-13,919860.1236999995,0.0000000000,919860.1236999995,False,0.0000000000,0.0000000000,0.0000000000,0.0000000000,0.0000000000,1187540.6454999992,-0.2254074611,1767330.1599000001,1261511.2264035195
2021-01-14,919860.1236999995,0.0000000000,919860.1236999995,False,0.0000000000,0.0000000000,0.0000000000,0.0000000000,0.0000000000,1187540.6454999992,-0.2254074611,1769541.1599000001,1250030.6732336599
2021-01-15,919860.1236999995,0.0000000000,919860.1236999995,False,0.0000000000,0.0000000000,0.0000000000,0.0000000000,0.0000000000,1187540.6454999992,-0.2254074611,1784612.1599000001,1250198.9378297373
2021-01-18,919860.1236999995,0.0000000000,919860.1236999995,False,0.0000000000,0.0000000000,0.0000000000,0.0000000000,0.0000000000,1187540.6454999992,-0.2254074611,1784543.1599000001,1260659.3868858779
2021-01-19,919860.1236999995,0.0000000000,919860.1236999995,False,0.0000000000,0.0000000000,0.0000000000,0.0000000000,0.0000000000,1187540.6454999992,-0.2254074611,1800776.1599000001,1250198.9378297373
2021-01-20,919860.1236999995,0.0000000000,919860.1236999995,False,0.0000000000,0.0000000000,0.0000000000,0.0000000000,0.0000000000,1187540.6454999992,-0.2254074611,1785269.1599000001,1256056.6490806793
2021-01-21,919860.1236999995,0.0000000000,919860.1236999995,False,0.0000000000,0.0000000000,0.0000000000,0.0000000000,0.0000000000,1187540.6454999992,-0.2254074611,1779292.1599000001,1269437.1899812454
2021-01-22,919860.1236999995,0.0000000000,919860.1236999995,False,0.0000000000,0.0000000000,0.0000000000,0.0000000000,0.0000000000,1187540.6454999992,-0.2254074611,1761967.1599000001,1264350.6914623245
2021-01-25,919860.1236999995,0.0000000000,919860.1236999995,False,0.0000000000,0.0000000000,0.0000000000,0.0000000000,0.0000000000,1187540.6454999992,-0.2254074611,1764170.1599000001,1270481.8326818922
2021-01-26,919860.1236999995,0.0000000000,919860.1236999995,False,0.0000000000,0.0000000000,0.0000000000,0.0000000000,0.0000000000,1187540.6454999992,-0.2254074611,1765281.1599000001,1251268.1191173119
2021-01-27,919860.1236999995,0.0000000000,919860.1236999995,False,0.0000000000,0.0000000000,0.0000000000,0.0000000000,0.0000000000,1187540.6454999992,-0.2254074611,1772743.1599000001,1252638.7744728585
2021-01-28,919860.1236999995,0.0000000000,919860.1236999995,False,0.0000000000,0.0000000000,0.0000000000,0.0000000000,0.0000000000,1187540.6454999992,-0.2254074611,1765682.1599000001,1228745.2018298774
2021-01-29,666.4482999996,925520.0000000000,926186.4482999996,True,72700.0000000000,45700.0000000000,34300.0000000000,73200.0000000000,0.0068774854,1187540.6454999992,-0.2200802122,1775535.1599000001,1220994.5138730654
2021-02-01,666.4482999996,929996.0000000000,930662.4482999996,True,72700.0000000000,45700.0000000000,34300.0000000000,73200.0000000000,0.0048327202,1187540.6454999992,-0.2163110780,1781127.1599000001,1228780.2569540602
2021-02-02,666.4482999996,924875.0000000000,925541.4482999996,True,72700.0000000000,45700.0000000000,34300.0000000000,73200.0000000000,-0.0055025321,1187540.6454999992,-0.2206233515,1774152.1599000001,1238735.9122219691
2021-02-03,666.4482999996,919416.0000000000,920082.4482999996,True,72700.0000000000,45700.0000000000,34300.0000000000,73200.0000000000,-0.0058981691,1187540.6454999992,-0.2252202467,1766809.1599000001,1232997.3883932484
2021-02-04,666.4482999996,920874.0000000000,921540.4482999996,True,72700.0000000000,45700.0000000000,34300.0000000000,73200.0000000000,0.0015846406,1187540.6454999992,-0.2239924993,1768132.1599000001,1227581.3717070092
2021-02-05,666.4482999996,941684.0000000000,942350.4482999996,True,72700.0000000000,45700.0000000000,34300.0000000000,73200.0000000000,0.0225817543,1187540.6454999992,-0.2064688886,1797045.1599000001,1225642.8233397016
2021-02-08,666.4482999996,938543.0000000000,939209.4482999996,True,72700.0000000000,45700.0000000000,34300.0000000000,73200.0000000000,-0.0033331549,1187540.6454999992,-0.2091138507,1793697.1599000001,1238304.7341945209
2021-02-09,666.4482999996,934523.0000000000,935189.4482999996,True,72700.0000000000,45700.0000000000,34300.0000000000,73200.0000000000,-0.0042801954,1187540.6454999992,-0.2124989980,1788309.1599000001,1263207.8944139660
2021-02-10,947418.0690999995,0.0000000000,947418.0690999995,False,0.0000000000,0.0000000000,0.0000000000,0.0000000000,0.0130760894,1187540.6454999992,-0.2022015645,1814420.1599000001,1281296.3384922792
2021-02-18,947418.0690999995,0.0000000000,947418.0690999995,False,0.0000000000,0.0000000000,0.0000000000,0.0000000000,0.0000000000,1187540.6454999992,-0.2022015645,1812311.1599000001,1288402.0121641280
2021-02-19,947418.0690999995,0.0000000000,947418.0690999995,False,0.0000000000,0.0000000000,0.0000000000,0.0000000000,0.0000000000,1187540.6454999992,-0.2022015645,1815326.1599000001,1295696.9835065641
2021-02-22,947418.0690999995,0.0000000000,947418.0690999995,False,0.0000000000,0.0000000000,0.0000000000,0.0000000000,0.0000000000,1187540.6454999992,-0.2022015645,1837022.1599000001,1276861.8652831577
2021-02-23,947418.0690999995,0.0000000000,947418.0690999995,False,0.0000000000,0.0000000000,0.0000000000,0.0000000000,0.0000000000,1187540.6454999992,-0.2022015645,1839976.1599000001,1274730.5137328450
2021-02-24,947418.0690999995,0.0000000000,947418.0690999995,False,0.0000000000,0.0000000000,0.0000000000,0.0000000000,0.0000000000,1187540.6454999992,-0.2022015645,1819304.1599000001,1249392.6699735334
2021-02-25,1020.2348999995,963878.0000000000,964898.2348999996,True,73500.0000000000,44700.0000000000,32900.0000000000,73300.0000000000,0.0184503192,1187540.6454999992,-0.1874819287,1845850.1599000001,1256743.7295146617
2021-02-26,955523.7650999995,0.0000000000,955523.7650999995,False,0.0000000000,0.0000000000,0.0000000000,0.0000000000,-0.0097155010,1187540.6454999992,-0.1953759488,1834639.1599000001,1230112.3516730058
2021-03-01,772.4255999996,953501.0000000000,954273.4255999996,True,73700.0000000000,44500.0000000000,32900.0000000000,73200.0000000000,-0.0013085384,1187540.6454999992,-0.1964288303,1832471.1599000001,1244947.6802271572
2021-03-02,772.4255999996,939636.0000000000,940408.4255999996,True,73700.0000000000,44500.0000000000,32900.0000000000,73200.0000000000,-0.0145293787,1187540.6454999992,-0.2081042201,1812396.1599000001,1229940.5815645102
2021-03-03,772.4255999996,970041.0000000000,970813.4255999996,True,73700.0000000000,44500.0000000000,32900.0000000000,73200.0000000000,0.0323316967,1187540.6454999992,-0.1825008859,1855910.1599000001,1253886.7368937654
2021-03-04,964488.9632999996,0.0000000000,964488.9632999996,False,0.0000000000,0.0000000000,0.0000000000,0.0000000000,-0.0065146012,1187540.6454999992,-0.1878265666,1855636.1599000001,1228152.7702311885
2021-03-05,793.9414999997,978178.0000000000,978971.9414999997,True,73900.0000000000,44400.0000000000,32500.0000000000,73000.0000000000,0.0150162197,1187540.6454999992,-0.1756307919,1870244.1599000001,1227626.9433684468
2021-03-08,793.9414999997,972493.0000000000,973286.9414999997,True,73900.0000000000,44400.0000000000,32500.0000000000,73000.0000000000,-0.0058071123,1187540.6454999992,-0.1804179965,1861602.1599000001,1199379.5243019648
2021-03-09,793.9414999997,961817.0000000000,962610.9414999997,True,73900.0000000000,44400.0000000000,32500.0000000000,73000.0000000000,-0.0109690160,1187540.6454999992,-0.1894080046,1846668.1599000001,1177603.2811596235
2021-03-10,793.9414999997,961343.0000000000,962136.9414999997,True,73900.0000000000,44400.0000000000,32500.0000000000,73000.0000000000,-0.0004924108,1187540.6454999992,-0.1898071488,1845951.1599000001,1177059.9267347904
2021-03-11,793.9414999997,972530.0000000000,973323.9414999997,True,73900.0000000000,44400.0000000000,32500.0000000000,73000.0000000000,0.0116272430,1187540.6454999992,-0.1803868397,1862763.1599000001,1204785.0244509492
2021-03-12,793.9414999997,969632.0000000000,970425.9414999997,True,73900.0000000000,44400.0000000000,32500.0000000000,73000.0000000000,-0.0029774260,1187540.6454999992,-0.1828271772,1857641.1599000001,1210481.4821306504
2021-03-15,793.9414999997,982814.0000000000,983607.9414999997,True,73900.0000000000,44400.0000000000,32500.0000000000,73000.0000000000,0.0135837259,1187540.6454999992,-0.1717269255,1875870.1599000001,1198867.7194888962
2021-03-16,793.9414999997,988529.0000000000,989322.9414999997,True,73900.0000000000,44400.0000000000,32500.0000000000,73000.0000000000,0.0058102418,1187540.6454999992,-0.1669144587,1884870.1599000001,1208255.4817450440
2021-03-17,793.9414999997,978988.0000000000,979781.9414999997,True,73900.0000000000,44400.0000000000,32500.0000000000,73000.0000000000,-0.0096439692,1187540.6454999992,-0.1749487100,1871276.1599000001,1207841.8312796874
2021-03-18,793.9414999997,974324.0000000000,975117.9414999997,True,73900.0000000000,44400.0000000000,32500.0000000000,73000.0000000000,-0.0047602429,1187540.6454999992,-0.1788761545,1865009.1599000001,1213983.4890365098
2021-03-19,793.9414999997,956304.0000000000,957097.9414999997,True,73900.0000000000,44400.0000000000,32500.0000000000,73000.0000000000,-0.0184798159,1187540.6454999992,-0.1940503720,1839641.1599000001,1193507.7910013497
2021-03-22,793.9414999997,968735.0000000000,969528.9414999997,True,73900.0000000000,44400.0000000000,32500.0000000000,73000.0000000000,0.0129882214,1187540.6454999992,-0.1835825197,1856633.1599000001,1207102.1681594306
2021-03-23,793.9414999997,966636.0000000000,967429.9414999997,True,73900.0000000000,44400.0000000000,32500.0000000000,73000.0000000000,-0.0021649689,1187540.6454999992,-0.1853500382,1852996.1599000001,1195909.0670078699
2021-03-24,793.9414999997,964649.0000000000,965442.9414999997,True,73900.0000000000,44400.0000000000,32500.0000000000,73000.0000000000,-0.0020538955,1187540.6454999992,-0.1870232441,1848837.1599000001,1180327.0643086252
2021-03-25,793.9414999997,954385.0000000000,955178.9414999997,True,73900.0000000000,44400.0000000000,32500.0000000000,73000.0000000000,-0.0106313896,1187540.6454999992,-0.1956663167,1834647.1599000001,1179110.6514994828
2021-03-26,793.9414999997,951969.0000000000,952762.9414999997,True,73900.0000000000,44400.0000000000,32500.0000000000,73000.0000000000,-0.0025293690,1187540.6454999992,-0.1977007734,1832426.1599000001,1198299.8264771353
2021-03-29,793.9414999997,966620.0000000000,967413.9414999997,True,73900.0000000000,44400.0000000000,32500.0000000000,73000.0000000000,0.0153773823,1187540.6454999992,-0.1853635114,1852363.1599000001,1204248.6810509525
2021-03-30,793.9414999997,969222.0000000000,970015.9414999997,True,73900.0000000000,44400.0000000000,32500.0000000000,73000.0000000000,0.0026896449,1187540.6454999992,-0.1831724285,1855924.1599000001,1211743.4666012304
2021-03-31,968085.8251999996,0.0000000000,968085.8251999996,False,0.0000000000,0.0000000000,0.0000000000,0.0000000000,-0.0019897779,1187540.6454999992,-0.1847977340,1871099.1599000001,1206565.8247594342
2021-04-01,968085.8251999996,0.0000000000,968085.8251999996,False,0.0000000000,0.0000000000,0.0000000000,0.0000000000,0.0000000000,1187540.6454999992,-0.1847977340,1862637.1599000001,1215126.2860848685
2021-04-02,968085.8251999996,0.0000000000,968085.8251999996,False,0.0000000000,0.0000000000,0.0000000000,0.0000000000,0.0000000000,1187540.6454999992,-0.1847977340,1846038.1599000001,1221457.2415122781
2021-04-06,968085.8251999996,0.0000000000,968085.8251999996,False,0.0000000000,0.0000000000,0.0000000000,0.0000000000,0.0000000000,1187540.6454999992,-0.1847977340,1848096.1599000001,1220959.4587488826
2021-04-07,968085.8251999996,0.0000000000,968085.8251999996,False,0.0000000000,0.0000000000,0.0000000000,0.0000000000,0.0000000000,1187540.6454999992,-0.1847977340,1852109.1599000001,1219788.6176011779
2021-04-08,968085.8251999996,0.0000000000,968085.8251999996,False,0.0000000000,0.0000000000,0.0000000000,0.0000000000,0.0000000000,1187540.6454999992,-0.1847977340,1850350.1599000001,1220812.2272273148
2021-04-09,968085.8251999996,0.0000000000,968085.8251999996,False,0.0000000000,0.0000000000,0.0000000000,0.0000000000,0.0000000000,1187540.6454999992,-0.1847977340,1848053.1599000001,1209640.1591502638
2021-04-12,968085.8251999996,0.0000000000,968085.8251999996,False,0.0000000000,0.0000000000,0.0000000000,0.0000000000,0.0000000000,1187540.6454999992,-0.1847977340,1862261.1599000001,1196413.8607961019
2021-04-13,668.6870999996,968006.0000000000,968674.6870999995,True,72600.0000000000,44100.0000000000,33100.0000000000,71100.0000000000,0.0006082745,1187540.6454999992,-0.1843018672,1865548.1599000001,1190636.7763307800
2021-04-14,668.6870999996,959206.0000000000,959874.6870999995,True,72600.0000000000,44100.0000000000,33100.0000000000,71100.0000000000,-0.0090845772,1187540.6454999992,-0.1917121399,1852878.1599000001,1197735.4389777926
2021-04-15,668.6870999996,958416.0000000000,959084.6870999995,True,72600.0000000000,44100.0000000000,33100.0000000000,71100.0000000000,-0.0008230241,1187540.6454999992,-0.1923773803,1852416.1599000001,1191520.1654601861
2021-04-16,668.6870999996,958986.0000000000,959654.6870999995,True,72600.0000000000,44100.0000000000,33100.0000000000,71100.0000000000,0.0005943167,1187540.6454999992,-0.1918973967,1852776.1599000001,1201205.8962718875
2021-04-19,668.6870999996,959758.0000000000,960426.6870999995,True,72600.0000000000,44100.0000000000,33100.0000000000,71100.0000000000,0.0008044560,1187540.6454999992,-0.1912473137,1853903.1599000001,1219059.4710181761
2021-04-20,957416.2961999996,0.0000000000,957416.2961999996,False,0.0000000000,0.0000000000,0.0000000000,0.0000000000,-0.0031344307,1187540.6454999992,-0.1937822930,1842931.1599000001,1217443.4297933499
2021-04-21,957416.2961999996,0.0000000000,957416.2961999996,False,0.0000000000,0.0000000000,0.0000000000,0.0000000000,0.0000000000,1187540.6454999992,-0.1937822930,1840677.1599000001,1217439.9242809317
2021-04-22,957416.2961999996,0.0000000000,957416.2961999996,False,0.0000000000,0.0000000000,0.0000000000,0.0000000000,0.0000000000,1187540.6454999992,-0.1937822930,1832352.1599000001,1214698.6135698385
2021-04-23,957416.2961999996,0.0000000000,957416.2961999996,False,0.0000000000,0.0000000000,0.0000000000,0.0000000000,0.0000000000,1187540.6454999992,-0.1937822930,1822550.1599000001,1217874.6078207982
2021-04-26,957416.2961999996,0.0000000000,957416.2961999996,False,0.0000000000,0.0000000000,0.0000000000,0.0000000000,0.0000000000,1187540.6454999992,-0.1937822930,1815266.1599000001,1206306.4168404816
2021-04-27,467.2975999996,953314.0000000000,953781.2975999996,True,73600.0000000000,45500.0000000000,34000.0000000000,73800.0000000000,-0.0037966751,1187540.6454999992,-0.1968432397,1809870.1599000001,1206811.2106287137
2021-04-28,467.2975999996,949396.0000000000,949863.2975999996,True,73600.0000000000,45500.0000000000,34000.0000000000,73800.0000000000,-0.0041078600,1187540.6454999992,-0.2001424952,1804423.1599000001,1211880.1815855433
2021-04-29,948629.0827999995,0.0000000000,948629.0827999995,False,0.0000000000,0.0000000000,0.0000000000,0.0000000000,-0.0012993604,1187540.6454999992,-0.2011817984,1809385.1599000001,1218130.5102273324
2021-04-30,948629.0827999995,0.0000000000,948629.0827999995,False,0.0000000000,0.0000000000,0.0000000000,0.0000000000,0.0000000000,1187540.6454999992,-0.2011817984,1787124.1599000001,1208301.0534064816
2021-05-06,544.7427999995,948654.0000000000,949198.7427999994,True,72700.0000000000,46400.0000000000,35100.0000000000,74100.0000000000,0.0006005087,1187540.6454999992,-0.2007021011,1788243.1599000001,1206344.9774770827
2021-05-07,544.7427999995,962626.0000000000,963170.7427999994,True,72700.0000000000,46400.0000000000,35100.0000000000,74100.0000000000,0.0147197835,1187540.6454999992,-0.1889366091,1806959.1599000001,1198489.1241477223
2021-05-10,544.7427999995,964280.0000000000,964824.7427999994,True,72700.0000000000,46400.0000000000,35100.0000000000,74100.0000000000,0.0017172449,1187540.6454999992,-0.1875438146,1810015.1599000001,1201686.1514731916
2021-05-11,544.7427999995,964508.0000000000,965052.7427999994,True,72700.0000000000,46400.0000000000,35100.0000000000,74100.0000000000,0.0002363123,1187540.6454999992,-0.1873518212,1809870.1599000001,1206544.7916849244
2021-05-12,544.7427999995,970176.0000000000,970720.7427999994,True,72700.0000000000,46400.0000000000,35100.0000000000,74100.0000000000,0.0058732541,1187540.6454999992,-0.1825789319,1817649.1599000001,1213871.3126391249
2021-05-13,966828.9381999995,0.0000000000,966828.9381999995,False,0.0000000000,0.0000000000,0.0000000000,0.0000000000,-0.0040091907,1187540.6454999992,-0.1858561289,1814319.1599000001,1202229.5058980247
2021-05-14,749.2011999995,970889.0000000000,971638.2011999994,True,73600.0000000000,46100.0000000000,34700.0000000000,73900.0000000000,0.0049742646,1187540.6454999992,-0.1818063618,1820936.1599000001,1223557.0434508263
2021-05-17,967289.0637999995,0.0000000000,967289.0637999995,False,0.0000000000,0.0000000000,0.0000000000,0.0000000000,-0.0044760873,1187540.6454999992,-0.1854686680,1818238.1599000001,1233106.0592782150
2021-05-18,967289.0637999995,0.0000000000,967289.0637999995,False,0.0000000000,0.0000000000,0.0000000000,0.0000000000,0.0000000000,1187540.6454999992,-0.1854686680,1814695.1599000001,1237098.8379226334
2021-05-19,967289.0637999995,0.0000000000,967289.0637999995,False,0.0000000000,0.0000000000,0.0000000000,0.0000000000,0.0000000000,1187540.6454999992,-0.1854686680,1807890.1599000001,1230771.3880076420
2021-05-20,967289.0637999995,0.0000000000,967289.0637999995,False,0.0000000000,0.0000000000,0.0000000000,0.0000000000,0.0000000000,1187540.6454999992,-0.1854686680,1811314.1599000001,1229362.1720154944
2021-05-21,967289.0637999995,0.0000000000,967289.0637999995,False,0.0000000000,0.0000000000,0.0000000000,0.0000000000,0.0000000000,1187540.6454999992,-0.1854686680,1803075.1599000001,1222217.9377070442
2021-05-24,967289.0637999995,0.0000000000,967289.0637999995,False,0.0000000000,0.0000000000,0.0000000000,0.0000000000,0.0000000000,1187540.6454999992,-0.1854686680,1803946.1599000001,1225975.8470194379
2021-05-25,967289.0637999995,0.0000000000,967289.0637999995,False,0.0000000000,0.0000000000,0.0000000000,0.0000000000,0.0000000000,1187540.6454999992,-0.1854686680,1821263.1599000001,1255443.1844074808
2021-05-26,967289.0637999995,0.0000000000,967289.0637999995,False,0.0000000000,0.0000000000,0.0000000000,0.0000000000,0.0000000000,1187540.6454999992,-0.1854686680,1823278.1599000001,1259656.8103342506
2021-05-27,967289.0637999995,0.0000000000,967289.0637999995,False,0.0000000000,0.0000000000,0.0000000000,0.0000000000,0.0000000000,1187540.6454999992,-0.1854686680,1818880.1599000001,1265086.8490701627
2021-05-28,967289.0637999995,0.0000000000,967289.0637999995,False,0.0000000000,0.0000000000,0.0000000000,0.0000000000,0.0000000000,1187540.6454999992,-0.1854686680,1825405.1599000001,1262257.9005486127
2021-05-31,967289.0637999995,0.0000000000,967289.0637999995,False,0.0000000000,0.0000000000,0.0000000000,0.0000000000,0.0000000000,1187540.6454999992,-0.1854686680,1814382.1599000001,1267411.0038034809
2021-06-01,967289.0637999995,0.0000000000,967289.0637999995,False,0.0000000000,0.0000000000,0.0000000000,0.0000000000,0.0000000000,1187540.6454999992,-0.1854686680,1808679.1599000001,1270646.5917655514
2021-06-02,967289.0637999995,0.0000000000,967289.0637999995,False,0.0000000000,0.0000000000,0.0000000000,0.0000000000,0.0000000000,1187540.6454999992,-0.1854686680,1812948.1599000001,1260981.8940283596
2021-06-03,967289.0637999995,0.0000000000,967289.0637999995,False,0.0000000000,0.0000000000,0.0000000000,0.0000000000,0.0000000000,1187540.6454999992,-0.1854686680,1806595.1599000001,1256449.2664715264
2021-06-04,967289.0637999995,0.0000000000,967289.0637999995,False,0.0000000000,0.0000000000,0.0000000000,0.0000000000,0.0000000000,1187540.6454999992,-0.1854686680,1813280.4599000001,1259123.9724466724
2021-06-07,967289.0637999995,0.0000000000,967289.0637999995,False,0.0000000000,0.0000000000,0.0000000000,0.0000000000,0.0000000000,1187540.6454999992,-0.1854686680,1810128.4599000001,1261823.2170087462
2021-06-08,967289.0637999995,0.0000000000,967289.0637999995,False,0.0000000000,0.0000000000,0.0000000000,0.0000000000,0.0000000000,1187540.6454999992,-0.1854686680,1815557.4599000001,1255012.0063800325
2021-06-09,967289.0637999995,0.0000000000,967289.0637999995,False,0.0000000000,0.0000000000,0.0000000000,0.0000000000,0.0000000000,1187540.6454999992,-0.1854686680,1813892.4599000001,1258969.7299002681
2021-06-10,967289.0637999995,0.0000000000,967289.0637999995,False,0.0000000000,0.0000000000,0.0000000000,0.0000000000,0.0000000000,1187540.6454999992,-0.1854686680,1809357.4599000001,1265791.4570662365
2021-06-11,967289.0637999995,0.0000000000,967289.0637999995,False,0.0000000000,0.0000000000,0.0000000000,0.0000000000,0.0000000000,1187540.6454999992,-0.1854686680,1805616.4599000001,1258391.3203512523
2021-06-15,967289.0637999995,0.0000000000,967289.0637999995,False,0.0000000000,0.0000000000,0.0000000000,0.0000000000,0.0000000000,1187540.6454999992,-0.1854686680,1796096.4599000001,1246756.5246349885
2021-06-16,966.2538999996,968058.0000000000,969024.2538999997,True,78700.0000000000,46800.0000000000,36000.0000000000,73700.0000000000,0.0017938692,1187540.6454999992,-0.1840075053,1798360.4599000001,1233354.9506599128
2021-06-17,14608.1238999996,953736.0000000000,968344.1238999997,True,78700.0000000000,46800.0000000000,36000.0000000000,73700.0000000000,-0.0007018710,1187540.6454999992,-0.1845802267,1797720.3499000003,1235903.4581880006
2021-06-18,14608.1238999996,948511.0000000000,963119.1238999997,True,78700.0000000000,46800.0000000000,36000.0000000000,73700.0000000000,-0.0053958091,1187540.6454999992,-0.1889800761,1791213.3499000003,1235728.1825670868
2021-06-21,14608.1238999996,945340.0000000000,959948.1238999997,True,78700.0000000000,46800.0000000000,36000.0000000000,73700.0000000000,-0.0032924276,1187540.6454999992,-0.1916503005,1786723.3499000003,1237158.4316337439
2021-06-22,14608.1238999996,947265.0000000000,961873.1238999997,True,78700.0000000000,46800.0000000000,36000.0000000000,73700.0000000000,0.0020053167,1187540.6454999992,-0.1900293034,1789327.3499000003,1247054.4931905421
2021-06-23,14608.1238999996,944529.0000000000,959137.1238999997,True,78700.0000000000,46800.0000000000,36000.0000000000,73700.0000000000,-0.0028444500,1187540.6454999992,-0.1923332245,1785459.3499000003,1250142.8496310448
2021-06-24,14608.1238999996,950611.0000000000,965219.1238999997,True,78700.0000000000,46800.0000000000,36000.0000000000,73700.0000000000,0.0063411162,1187540.6454999992,-0.1872117156,1793561.3499000003,1250293.5866650308
2021-06-25,14608.1238999996,956846.0000000000,971454.1238999997,True,78700.0000000000,46800.0000000000,36000.0000000000,73700.0000000000,0.0064596731,1187540.6454999992,-0.1819613690,1801571.3499000003,1264634.6379682049
2021-06-28,970210.2240999995,0.0000000000,970210.2240999995,False,0.0000000000,0.0000000000,0.0000000000,0.0000000000,-0.0012804514,1187540.6454999992,-0.1830088277,1790599.3499000003,1264217.4819904298
2021-06-29,970210.2240999995,0.0000000000,970210.2240999995,False,0.0000000000,0.0000000000,0.0000000000,0.0000000000,0.0000000000,1187540.6454999992,-0.1830088277,1785442.3499000003,1252582.6862741660
2021-06-30,773.4802999996,970142.0000000000,970915.4802999996,True,78700.0000000000,46800.0000000000,36600.0000000000,80000.0000000000,0.0007269107,1187540.6454999992,-0.1824149481,1788670.3499000003,1258899.6196519025
2021-07-01,970453.2556999995,0.0000000000,970453.2556999995,False,0.0000000000,0.0000000000,0.0000000000,0.0000000000,-0.0004760709,1187540.6454999992,-0.1828041765,1800290.3499000003,1258051.2856466793
2021-07-02,970453.2556999995,0.0000000000,970453.2556999995,False,0.0000000000,0.0000000000,0.0000000000,0.0000000000,0.0000000000,1187540.6454999992,-0.1828041765,1794996.3499000003,1233505.6876938986
2021-07-05,659.4047999995,968976.0000000000,969635.4047999996,True,79000.0000000000,46300.0000000000,36400.0000000000,80000.0000000000,-0.0008427515,1187540.6454999992,-0.1834928695,1790838.3499000003,1238960.2650167388
2021-07-06,12975.2047999995,960811.0000000000,973786.2047999995,True,79000.0000000000,46300.0000000000,36400.0000000000,80000.0000000000,0.0042807843,1187540.6454999992,-0.1799975786,1796178.7499000002,1237537.0269749181
2021-07-07,12975.2047999995,957230.0000000000,970205.2047999995,True,79000.0000000000,46300.0000000000,36400.0000000000,80000.0000000000,-0.0036773986,1187540.6454999992,-0.1830130544,1791866.7499000002,1245760.9591081976
2021-07-08,12975.2047999995,949685.0000000000,962660.2047999995,True,79000.0000000000,46300.0000000000,36400.0000000000,80000.0000000000,-0.0077767053,1187540.6454999992,-0.1893665211,1781833.7499000002,1235868.4030638179
2021-07-09,12975.2047999995,945357.0000000000,958332.2047999995,True,79000.0000000000,46300.0000000000,36400.0000000000,80000.0000000000,-0.0044958751,1187540.6454999992,-0.1930110279,1775574.7499000002,1235374.1258128406
2021-07-12,12975.2047999995,936423.0000000000,949398.2047999995,True,79000.0000000000,46300.0000000000,36400.0000000000,80000.0000000000,-0.0093224458,1187540.6454999992,-0.2005341389,1763774.7499000002,1243699.7178062503
2021-07-13,12975.2047999995,935071.0000000000,948046.2047999995,True,79000.0000000000,46300.0000000000,36400.0000000000,80000.0000000000,-0.0014240600,1187540.6454999992,-0.2016726262,1762365.7499000002,1250248.0150035932
2021-07-14,948418.5454999995,0.0000000000,948418.5454999995,False,0.0000000000,0.0000000000,0.0000000000,0.0000000000,0.0003927453,1187540.6454999992,-0.2013590869,1750812.7499000002,1236920.0567893011
2021-07-15,862.3638999996,953623.0000000000,954485.3638999996,True,78200.0000000000,50300.0000000000,39500.0000000000,79200.0000000000,0.0063967733,1187540.6454999992,-0.1962503620,1759503.5499000002,1249571.4511068654
2021-07-16,952851.1674999996,0.0000000000,952851.1674999996,False,0.0000000000,0.0000000000,0.0000000000,0.0000000000,-0.0017121231,1187540.6454999992,-0.1976264803,1758744.5499000002,1240706.0102010411
2021-07-19,845.6514999996,951730.0000000000,952575.6514999996,True,78300.0000000000,50300.0000000000,39300.0000000000,79600.0000000000,-0.0002891490,1187540.6454999992,-0.1978584858,1756711.5499000002,1240642.9109775121
2021-07-20,845.6514999996,949152.0000000000,949997.6514999996,True,78300.0000000000,50300.0000000000,39300.0000000000,79600.0000000000,-0.0027063467,1187540.6454999992,-0.2000293589,1753381.5499000002,1239826.1265840533
2021-07-21,845.6514999996,944992.0000000000,945837.6514999996,True,78300.0000000000,50300.0000000000,39300.0000000000,79600.0000000000,-0.0043789582,1187540.6454999992,-0.2035323969,1748036.5499000002,1248894.8872101379
2021-07-22,945111.5079999997,0.0000000000,945111.5079999997,False,0.0000000000,0.0000000000,0.0000000000,0.0000000000,-0.0007677253,1187540.6454999992,-0.2041438652,1751998.5499000002,1253126.0406989991
2021-07-23,945111.5079999997,0.0000000000,945111.5079999997,False,0.0000000000,0.0000000000,0.0000000000,0.0000000000,0.0000000000,1187540.6454999992,-0.2041438652,1748087.5499000002,1244597.1289853293
2021-07-26,694.2677999996,941120.0000000000,941814.2677999996,True,77700.0000000000,50300.0000000000,39900.0000000000,79000.0000000000,-0.0034887314,1187540.6454999992,-0.2069203935,1742922.5499000002,1215515.3979632973
2021-07-27,694.2677999996,933854.0000000000,934548.2677999996,True,77700.0000000000,50300.0000000000,39900.0000000000,79000.0000000000,-0.0077148969,1187540.6454999992,-0.2130389209,1734102.5499000002,1185276.8478432335
2021-07-28,694.2677999996,940351.0000000000,941045.2677999996,True,77700.0000000000,50300.0000000000,39900.0000000000,79000.0000000000,0.0069520219,1187540.6454999992,-0.2075679503,1742290.5499000002,1178409.5490158272
2021-07-29,694.2677999996,932308.0000000000,933002.2677999996,True,77700.0000000000,50300.0000000000,39900.0000000000,79000.0000000000,-0.0085468790,1187540.6454999992,-0.2143407711,1732701.5499000002,1195982.6827686536
2021-07-30,694.2677999996,924494.0000000000,925188.2677999996,True,77700.0000000000,50300.0000000000,39900.0000000000,79000.0000000000,-0.0083751136,1187540.6454999992,-0.2209207564,1723521.5499000002,1190948.7669360067
2021-08-02,694.2677999996,928538.0000000000,929232.2677999996,True,77700.0000000000,50300.0000000000,39900.0000000000,79000.0000000000,0.0043710022,1187540.6454999992,-0.2175153993,1728201.5499000002,1214411.1615515398
2021-08-03,694.2677999996,922403.0000000000,923097.2677999996,True,77700.0000000000,50300.0000000000,39900.0000000000,79000.0000000000,-0.0066022245,1187540.6454999992,-0.2226815383,1720917.5499000002,1208697.1763097469
2021-08-04,694.2677999996,918920.0000000000,919614.2677999996,True,77700.0000000000,50300.0000000000,39900.0000000000,79000.0000000000,-0.0037731668,1187540.6454999992,-0.2256144905,1716767.5499000002,1218943.7891083730
2021-08-05,694.2677999996,917215.0000000000,917909.2677999996,True,77700.0000000000,50300.0000000000,39900.0000000000,79000.0000000000,-0.0018540382,1187540.6454999992,-0.2270502308,1714531.5499000002,1215203.4073580706
2021-08-06,694.2677999996,916704.0000000000,917398.2677999996,True,77700.0000000000,50300.0000000000,39900.0000000000,79000.0000000000,-0.0005566999,1187540.6454999992,-0.2274805319,1713805.5499000002,1212286.8210260635
2021-08-09,694.2677999996,923225.0000000000,923919.2677999996,True,77700.0000000000,50300.0000000000,39900.0000000000,79000.0000000000,0.0071081451,1187540.6454999992,-0.2219893514,1721457.5499000002,1225046.8862285945
2021-08-10,922341.5666999995,0.0000000000,922341.5666999995,False,0.0000000000,0.0000000000,0.0000000000,0.0000000000,-0.0017076179,1187540.6454999992,-0.2233178964,1726888.5499000002,1237421.3450651148
2021-08-11,922341.5666999995,0.0000000000,922341.5666999995,False,0.0000000000,0.0000000000,0.0000000000,0.0000000000,0.0000000000,1187540.6454999992,-0.2233178964,1745152.5499000002,1238364.3279056316
2021-08-12,922341.5666999995,0.0000000000,922341.5666999995,False,0.0000000000,0.0000000000,0.0000000000,0.0000000000,0.0000000000,1187540.6454999992,-0.2233178964,1738269.5499000002,1235601.9841200288
2021-08-13,922341.5666999995,0.0000000000,922341.5666999995,False,0.0000000000,0.0000000000,0.0000000000,0.0000000000,0.0000000000,1187540.6454999992,-0.2233178964,1735845.5499000002,1232643.3316390023
2021-08-16,922341.5666999995,0.0000000000,922341.5666999995,False,0.0000000000,0.0000000000,0.0000000000,0.0000000000,0.0000000000,1187540.6454999992,-0.2233178964,1735896.5499000002,1233007.9049305031
2021-08-17,922341.5666999995,0.0000000000,922341.5666999995,False,0.0000000000,0.0000000000,0.0000000000,0.0000000000,0.0000000000,1187540.6454999992,-0.2233178964,1734896.5499000002,1208343.1195555010
2021-08-18,478.0905999995,934725.0000000000,935203.0905999995,True,76800.0000000000,50000.0000000000,39100.0000000000,78900.0000000000,0.0139444262,1187540.6454999992,-0.2124875101,1747269.5499000002,1221772.7376299230
2021-08-19,932707.6146999995,0.0000000000,932707.6146999995,False,0.0000000000,0.0000000000,0.0000000000,0.0000000000,-0.0026683786,1187540.6454999992,-0.2145888916,1738858.5499000002,1214852.8561162427
2021-08-20,164.9357999995,934853.0000000000,935017.9357999995,True,77200.0000000000,50200.0000000000,39300.0000000000,79300.0000000000,0.0024770047,1187540.6454999992,-0.2126434246,1741914.5499000002,1201454.7876535852
2021-08-23,164.9357999995,932933.0000000000,933097.9357999995,True,77200.0000000000,50200.0000000000,39300.0000000000,79300.0000000000,-0.0020534365,1187540.6454999992,-0.2142602114,1739439.5499000002,1218912.2394966083
2021-08-24,931885.1228999996,0.0000000000,931885.1228999996,False,0.0000000000,0.0000000000,0.0000000000,0.0000000000,-0.0012997702,1187540.6454999992,-0.2152814925,1738269.5499000002,1232001.8228664575
2021-08-25,931885.1228999996,0.0000000000,931885.1228999996,False,0.0000000000,0.0000000000,0.0000000000,0.0000000000,0.0000000000,1187540.6454999992,-0.2152814925,1735178.5499000002,1241084.6055422151
2021-08-26,931885.1228999996,0.0000000000,931885.1228999996,False,0.0000000000,0.0000000000,0.0000000000,0.0000000000,0.0000000000,1187540.6454999992,-0.2152814925,1731805.5499000002,1227511.2614586437
2021-08-27,931885.1228999996,0.0000000000,931885.1228999996,False,0.0000000000,0.0000000000,0.0000000000,0.0000000000,0.0000000000,1187540.6454999992,-0.2152814925,1733615.5499000002,1234697.5619161131
2021-08-30,931885.1228999996,0.0000000000,931885.1228999996,False,0.0000000000,0.0000000000,0.0000000000,0.0000000000,0.0000000000,1187540.6454999992,-0.2152814925,1723300.5499000002,1236797.3638546614
2021-08-31,931885.1228999996,0.0000000000,931885.1228999996,False,0.0000000000,0.0000000000,0.0000000000,0.0000000000,0.0000000000,1187540.6454999992,-0.2152814925,1736023.5499000002,1242332.5679631219
2021-09-01,931885.1228999996,0.0000000000,931885.1228999996,False,0.0000000000,0.0000000000,0.0000000000,0.0000000000,0.0000000000,1187540.6454999992,-0.2152814925,1750061.5499000002,1250451.3347238533
2021-09-02,931885.1228999996,0.0000000000,931885.1228999996,False,0.0000000000,0.0000000000,0.0000000000,0.0000000000,0.0000000000,1187540.6454999992,-0.2152814925,1749480.5499000002,1260946.8389041768
2021-09-03,931885.1228999996,0.0000000000,931885.1228999996,False,0.0000000000,0.0000000000,0.0000000000,0.0000000000,0.0000000000,1187540.6454999992,-0.2152814925,1758112.5499000002,1255579.8993917936
2021-09-06,931885.1228999996,0.0000000000,931885.1228999996,False,0.0000000000,0.0000000000,0.0000000000,0.0000000000,0.0000000000,1187540.6454999992,-0.2152814925,1757574.5499000002,1269647.5207263422
2021-09-07,931885.1228999996,0.0000000000,931885.1228999996,False,0.0000000000,0.0000000000,0.0000000000,0.0000000000,0.0000000000,1187540.6454999992,-0.2152814925,1765764.5499000002,1288833.1901915763
2021-09-08,931885.1228999996,0.0000000000,931885.1228999996,False,0.0000000000,0.0000000000,0.0000000000,0.0000000000,0.0000000000,1187540.6454999992,-0.2152814925,1777659.5499000002,1288342.4184530172
2021-09-09,931885.1228999996,0.0000000000,931885.1228999996,False,0.0000000000,0.0000000000,0.0000000000,0.0000000000,0.0000000000,1187540.6454999992,-0.2152814925,1776250.5499000002,1294631.3077314077
2021-09-10,931885.1228999996,0.0000000000,931885.1228999996,False,0.0000000000,0.0000000000,0.0000000000,0.0000000000,0.0000000000,1187540.6454999992,-0.2152814925,1781527.5499000002,1298129.8091248488
2021-09-13,931885.1228999996,0.0000000000,931885.1228999996,False,0.0000000000,0.0000000000,0.0000000000,0.0000000000,0.0000000000,1187540.6454999992,-0.2152814925,1780486.5499000002,1302427.5673496572
2021-09-14,931885.1228999996,0.0000000000,931885.1228999996,False,0.0000000000,0.0000000000,0.0000000000,0.0000000000,0.0000000000,1187540.6454999992,-0.2152814925,1762588.5499000002,1283928.9783184056
2021-09-15,931885.1228999996,0.0000000000,931885.1228999996,False,0.0000000000,0.0000000000,0.0000000000,0.0000000000,0.0000000000,1187540.6454999992,-0.2152814925,1758268.5499000002,1281692.4613955445
2021-09-16,931885.1228999996,0.0000000000,931885.1228999996,False,0.0000000000,0.0000000000,0.0000000000,0.0000000000,0.0000000000,1187540.6454999992,-0.2152814925,1752794.5499000002,1264469.8788845460
2021-09-17,931885.1228999996,0.0000000000,931885.1228999996,False,0.0000000000,0.0000000000,0.0000000000,0.0000000000,0.0000000000,1187540.6454999992,-0.2152814925,1757525.5499000002,1266881.6714283209
2021-09-22,931885.1228999996,0.0000000000,931885.1228999996,False,0.0000000000,0.0000000000,0.0000000000,0.0000000000,0.0000000000,1187540.6454999992,-0.2152814925,1742591.5499000002,1271971.6754596604
2021-09-23,931885.1228999996,0.0000000000,931885.1228999996,False,0.0000000000,0.0000000000,0.0000000000,0.0000000000,0.0000000000,1187540.6454999992,-0.2152814925,1748987.5499000002,1276784.7440099556
2021-09-24,931885.1228999996,0.0000000000,931885.1228999996,False,0.0000000000,0.0000000000,0.0000000000,0.0000000000,0.0000000000,1187540.6454999992,-0.2152814925,1741165.5499000002,1266566.1753106760
2021-09-27,305.7328999996,928940.0000000000,929245.7328999996,True,76300.0000000000,50300.0000000000,39200.0000000000,79200.0000000000,-0.0028323126,1187540.6454999992,-0.2175040607,1738023.5499000002,1255965.5057578040
2021-09-28,305.7328999996,935540.0000000000,935845.7328999996,True,76300.0000000000,50300.0000000000,39200.0000000000,79200.0000000000,0.0071025346,1187540.6454999992,-0.2119463562,1746203.5499000002,1262762.6943368446
2021-09-29,305.7328999996,938514.0000000000,938819.7328999996,True,76300.0000000000,50300.0000000000,39200.0000000000,79200.0000000000,0.0031778742,1187540.6454999992,-0.2094420208,1749934.5499000002,1239650.8509631394
2021-09-30,305.7328999996,933985.0000000000,934290.7328999996,True,76300.0000000000,50300.0000000000,39200.0000000000,79200.0000000000,-0.0048241423,1187540.6454999992,-0.2132557850,1744495.5499000002,1250826.4245526090
2021-10-08,305.7328999996,942354.0000000000,942659.7328999996,True,76300.0000000000,50300.0000000000,39200.0000000000,79200.0000000000,0.0089575971,1187540.6454999992,-0.2062084473,1754622.5499000002,1259239.6543564755
2021-10-11,305.7328999996,949746.0000000000,950051.7328999996,True,76300.0000000000,50300.0000000000,39200.0000000000,79200.0000000000,0.0078416418,1187540.6454999992,-0.1999838182,1763741.5499000002,1259078.4007852348
2021-10-12,305.7328999996,948673.0000000000,948978.7328999996,True,76300.0000000000,50300.0000000000,39200.0000000000,79200.0000000000,-0.0011294122,1187540.6454999992,-0.2008873663,1762315.5499000002,1243384.2216886054
2021-10-13,305.7328999996,943249.0000000000,943554.7328999996,True,76300.0000000000,50300.0000000000,39200.0000000000,79200.0000000000,-0.0057156181,1187540.6454999992,-0.2054547889,1755749.5499000002,1248579.3910924930
2021-10-14,305.7328999996,940799.0000000000,941104.7328999996,True,76300.0000000000,50300.0000000000,39200.0000000000,79200.0000000000,-0.0025965637,1187540.6454999992,-0.2075178762,1752914.5499000002,1247359.4727709324
2021-10-15,305.7328999996,942048.0000000000,942353.7328999996,True,76300.0000000000,50300.0000000000,39200.0000000000,79200.0000000000,0.0013271637,1187540.6454999992,-0.2064661227,1754501.5499000002,1252298.7397682855
2021-10-18,305.7328999996,941029.0000000000,941334.7328999996,True,76300.0000000000,50300.0000000000,39200.0000000000,79200.0000000000,-0.0010813349,1187540.6454999992,-0.2073241986,1752879.5499000002,1250815.9080153541
2021-10-19,305.7328999996,941302.0000000000,941607.7328999996,True,76300.0000000000,50300.0000000000,39200.0000000000,79200.0000000000,0.0002900137,1187540.6454999992,-0.2070943117,1753503.5499000002,1259583.1945734667
2021-10-20,305.7328999996,939120.0000000000,939425.7328999996,True,76300.0000000000,50300.0000000000,39200.0000000000,79200.0000000000,-0.0023173132,1187540.6454999992,-0.2089317225,1750711.5499000002,1257427.3044362259
2021-10-21,305.7328999996,946986.0000000000,947291.7328999996,True,76300.0000000000,50300.0000000000,39200.0000000000,79200.0000000000,0.0083732005,1187540.6454999992,-0.2023079492,1760249.5499000002,1260154.5930976460
2021-10-22,944907.1525999996,0.0000000000,944907.1525999996,False,0.0000000000,0.0000000000,0.0000000000,0.0000000000,-0.0025172608,1187540.6454999992,-0.2043159481,1756645.5499000002,1255884.8789721837
2021-10-25,745.9891999995,945932.0000000000,946677.9891999995,True,77100.0000000000,50100.0000000000,39100.0000000000,79800.0000000000,0.0018740853,1187540.6454999992,-0.2028247683,1755749.5499000002,1265440.9058244089
2021-10-26,946218.2752999994,0.0000000000,946218.2752999994,False,0.0000000000,0.0000000000,0.0000000000,0.0000000000,-0.0004856075,1187540.6454999992,-0.2032118826,1750848.5499000002,1261157.1696492734
2021-10-27,946218.2752999994,0.0000000000,946218.2752999994,False,0.0000000000,0.0000000000,0.0000000000,0.0000000000,0.0000000000,1187540.6454999992,-0.2032118826,1749772.5499000002,1248772.1942754982
2021-10-28,674.6972999994,942390.0000000000,943064.6972999994,True,77300.0000000000,50500.0000000000,39400.0000000000,80400.0000000000,-0.0033328230,1187540.6454999992,-0.2058674363,1744145.5499000002,1233386.5002716773
2021-10-29,674.6972999994,941618.0000000000,942292.6972999994,True,77300.0000000000,50500.0000000000,39400.0000000000,80400.0000000000,-0.0008186077,1187540.6454999992,-0.2065175193,1742932.5499000002,1243524.4421853365
2021-11-01,674.6972999994,950166.0000000000,950840.6972999994,True,77300.0000000000,50500.0000000000,39400.0000000000,80400.0000000000,0.0090714913,1187540.6454999992,-0.1993194499,1753110.5499000002,1242521.8656337089
2021-11-02,674.6972999994,937849.0000000000,938523.6972999994,True,77300.0000000000,50500.0000000000,39400.0000000000,80400.0000000000,-0.0129537998,1187540.6454999992,-0.2096913054,1738432.5499000002,1228902.9498886999
2021-11-03,674.6972999994,935768.0000000000,936442.6972999994,True,77300.0000000000,50500.0000000000,39400.0000000000,80400.0000000000,-0.0022173122,1187540.6454999992,-0.2114436665,1735691.5499000002,1226417.5415841411
2021-11-04,674.6972999994,934681.0000000000,935355.6972999994,True,77300.0000000000,50500.0000000000,39400.0000000000,80400.0000000000,-0.0011607758,1187540.6454999992,-0.2123590036,1734265.5499000002,1236348.6582651220
2021-11-05,674.6972999994,933610.0000000000,934284.6972999994,True,77300.0000000000,50500.0000000000,39400.0000000000,80400.0000000000,-0.0011450190,1187540.6454999992,-0.2132608675,1732702.5499000002,1223974.1994286014
2021-11-08,674.6972999994,931716.0000000000,932390.6972999994,True,77300.0000000000,50500.0000000000,39400.0000000000,80400.0000000000,-0.0020272193,1187540.6454999992,-0.2148557602,1730704.5499000002,1226449.0911959056
2021-11-09,674.6972999994,934176.0000000000,934850.6972999994,True,77300.0000000000,50500.0000000000,39400.0000000000,80400.0000000000,0.0026383790,1187540.6454999992,-0.2127842522,1733676.5499000002,1229383.2050900040
2021-11-10,674.6972999994,931574.0000000000,932248.6972999994,True,77300.0000000000,50500.0000000000,39400.0000000000,80400.0000000000,-0.0027833321,1187540.6454999992,-0.2149753351,1730483.5499000002,1224286.1900338281
2021-11-11,674.6972999994,940295.0000000000,940969.6972999994,True,77300.0000000000,50500.0000000000,39400.0000000000,80400.0000000000,0.0093547999,1187540.6454999992,-0.2076315865,1740653.5499000002,1238423.9216167424
2021-11-12,674.6972999994,937425.0000000000,938099.6972999994,True,77300.0000000000,50500.0000000000,39400.0000000000,80400.0000000000,-0.0030500451,1187540.6454999992,-0.2100483458,1737280.5499000002,1240635.8999526754
2021-11-15,674.6972999994,937647.0000000000,938321.6972999994,True,77300.0000000000,50500.0000000000,39400.0000000000,80400.0000000000,0.0002366486,1187540.6454999992,-0.2098614049,1737382.5499000002,1238602.7027500744
2021-11-16,674.6972999994,937031.0000000000,937705.6972999994,True,77300.0000000000,50500.0000000000,39400.0000000000,80400.0000000000,-0.0006564913,1187540.6454999992,-0.2103801240,1736742.5499000002,1234567.8579566367
2021-11-17,674.6972999994,937410.0000000000,938084.6972999994,True,77300.0000000000,50500.0000000000,39400.0000000000,80400.0000000000,0.0004041780,1187540.6454999992,-0.2100609770,1736973.5499000002,1240029.4463043136
2021-11-18,935196.2378999994,0.0000000000,935196.2378999994,False,0.0000000000,0.0000000000,0.0000000000,0.0000000000,-0.0030791030,1187540.6454999992,-0.2124932806,1735615.5499000002,1234189.2626154628
2021-11-19,837.0141999994,937481.0000000000,938318.0141999994,True,76400.0000000000,50300.0000000000,40100.0000000000,79700.0000000000,0.0033380976,1187540.6454999992,-0.2098645063,1739209.5499000002,1248092.1248663522
2021-11-22,935800.9788999994,0.0000000000,935800.9788999994,False,0.0000000000,0.0000000000,0.0000000000,0.0000000000,-0.0026824970,1187540.6454999992,-0.2119840424,1734889.5499000002,1255702.5923264332
2021-11-23,935800.9788999994,0.0000000000,935800.9788999994,False,0.0000000000,0.0000000000,0.0000000000,0.0000000000,0.0000000000,1187540.6454999992,-0.2119840424,1736196.5499000002,1258159.9565316460
2021-11-24,935800.9788999994,0.0000000000,935800.9788999994,False,0.0000000000,0.0000000000,0.0000000000,0.0000000000,0.0000000000,1187540.6454999992,-0.2119840424,1737554.5499000002,1259425.4465146442
2021-11-25,935800.9788999994,0.0000000000,935800.9788999994,False,0.0000000000,0.0000000000,0.0000000000,0.0000000000,0.0000000000,1187540.6454999992,-0.2119840424,1734549.5499000002,1256438.7499342717
2021-11-26,935800.9788999994,0.0000000000,935800.9788999994,False,0.0000000000,0.0000000000,0.0000000000,0.0000000000,0.0000000000,1187540.6454999992,-0.2119840424,1731526.5499000002,1249396.1754859516
2021-11-29,935800.9788999994,0.0000000000,935800.9788999994,False,0.0000000000,0.0000000000,0.0000000000,0.0000000000,0.0000000000,1187540.6454999992,-0.2119840424,1727376.5499000002,1248908.9092598110
2021-11-30,935800.9788999994,0.0000000000,935800.9788999994,False,0.0000000000,0.0000000000,0.0000000000,0.0000000000,0.0000000000,1187540.6454999992,-0.2119840424,1725668.5499000002,1249326.0652375862
2021-12-01,935800.9788999994,0.0000000000,935800.9788999994,False,0.0000000000,0.0000000000,0.0000000000,0.0000000000,0.0000000000,1187540.6454999992,-0.2119840424,1731107.5499000002,1253883.2313813472
2021-12-02,935800.9788999994,0.0000000000,935800.9788999994,False,0.0000000000,0.0000000000,0.0000000000,0.0000000000,0.0000000000,1187540.6454999992,-0.2119840424,1731465.5499000002,1252814.0500937724
2021-12-03,935800.9788999994,0.0000000000,935800.9788999994,False,0.0000000000,0.0000000000,0.0000000000,0.0000000000,0.0000000000,1187540.6454999992,-0.2119840424,1732772.5499000002,1264589.0663067673
2021-12-06,935800.9788999994,0.0000000000,935800.9788999994,False,0.0000000000,0.0000000000,0.0000000000,0.0000000000,0.0000000000,1187540.6454999992,-0.2119840424,1736102.5499000002,1258237.0778048481
2021-12-07,935800.9788999994,0.0000000000,935800.9788999994,False,0.0000000000,0.0000000000,0.0000000000,0.0000000000,0.0000000000,1187540.6454999992,-0.2119840424,1741729.5499000002,1260263.2639826126
2021-12-08,935800.9788999994,0.0000000000,935800.9788999994,False,0.0000000000,0.0000000000,0.0000000000,0.0000000000,0.0000000000,1187540.6454999992,-0.2119840424,1737767.5499000002,1275154.6807354565
2021-12-09,935800.9788999994,0.0000000000,935800.9788999994,False,0.0000000000,0.0000000000,0.0000000000,0.0000000000,0.0000000000,1187540.6454999992,-0.2119840424,1743744.5499000002,1287588.7332830876
2021-12-10,935800.9788999994,0.0000000000,935800.9788999994,False,0.0000000000,0.0000000000,0.0000000000,0.0000000000,0.0000000000,1187540.6454999992,-0.2119840424,1741191.5499000002,1285243.5454752599
2021-12-13,935800.9788999994,0.0000000000,935800.9788999994,False,0.0000000000,0.0000000000,0.0000000000,0.0000000000,0.0000000000,1187540.6454999992,-0.2119840424,1737716.5499000002,1290407.1652673830
2021-12-14,935800.9788999994,0.0000000000,935800.9788999994,False,0.0000000000,0.0000000000,0.0000000000,0.0000000000,0.0000000000,1187540.6454999992,-0.2119840424,1733668.5499000002,1283553.8884896499
2021-12-15,935800.9788999994,0.0000000000,935800.9788999994,False,0.0000000000,0.0000000000,0.0000000000,0.0000000000,0.0000000000,1187540.6454999992,-0.2119840424,1733079.5499000002,1278681.2262282439
2021-12-16,935800.9788999994,0.0000000000,935800.9788999994,False,0.0000000000,0.0000000000,0.0000000000,0.0000000000,0.0000000000,1187540.6454999992,-0.2119840424,1735145.5499000002,1288282.8247419067
2021-12-17,935800.9788999994,0.0000000000,935800.9788999994,False,0.0000000000,0.0000000000,0.0000000000,0.0000000000,0.0000000000,1187540.6454999992,-0.2119840424,1733848.5499000002,1273328.3087655338
2021-12-20,935800.9788999994,0.0000000000,935800.9788999994,False,0.0000000000,0.0000000000,0.0000000000,0.0000000000,0.0000000000,1187540.6454999992,-0.2119840424,1734018.5499000002,1259740.9426322891
2021-12-21,725.5403999994,940773.0000000000,941498.5403999994,True,76900.0000000000,50700.0000000000,40200.0000000000,79500.0000000000,0.0060884329,1187540.6454999992,-0.2071862601,1739295.5499000002,1270793.8232871189
2021-12-22,941470.9793999994,0.0000000000,941470.9793999994,False,0.0000000000,0.0000000000,0.0000000000,0.0000000000,-0.0000292735,1187540.6454999992,-0.2072094686,1739244.5499000002,1269913.9396701313
2021-12-23,941470.9793999994,0.0000000000,941470.9793999994,False,0.0000000000,0.0000000000,0.0000000000,0.0000000000,0.0000000000,1187540.6454999992,-0.2072094686,1740371.5499000002,1277177.3614008026
2021-12-24,941470.9793999994,0.0000000000,941470.9793999994,False,0.0000000000,0.0000000000,0.0000000000,0.0000000000,0.0000000000,1187540.6454999992,-0.2072094686,1740678.5499000002,1268311.9204949783
2021-12-27,574.7951999994,941601.0000000000,942175.7951999995,True,77100.0000000000,50700.0000000000,39900.0000000000,80000.0000000000,0.0007486325,1187540.6454999992,-0.2066159598,1739884.5499000002,1267582.7739119765
2021-12-28,574.7951999994,945782.0000000000,946356.7951999995,True,77100.0000000000,50700.0000000000,39900.0000000000,80000.0000000000,0.0044376007,1187540.6454999992,-0.2030952382,1744922.5499000002,1272539.5684714213
2021-12-29,941748.6764999994,0.0000000000,941748.6764999994,False,0.0000000000,0.0000000000,0.0000000000,0.0000000000,-0.0048693249,1187540.6454999992,-0.2069756264,1739115.5499000002,1260932.8168545037
2021-12-30,275.3191999994,939916.0000000000,940191.3191999993,True,76900.0000000000,50600.0000000000,40100.0000000000,80000.0000000000,-0.0016536867,1187540.6454999992,-0.2082870403,1737937.5499000002,1268711.5489106621
2021-12-31,275.3191999994,939009.0000000000,939284.3191999993,True,76900.0000000000,50600.0000000000,40100.0000000000,80000.0000000000,-0.0009646973,1187540.6454999992,-0.2090508036,1736810.5499000002,1275929.3989798957
2022-01-04,938936.4712999994,0.0000000000,938936.4712999994,False,0.0000000000,0.0000000000,0.0000000000,0.0000000000,-0.0003703329,1187540.6454999992,-0.2093437182,1743394.5499000002,1273317.7922282789
2022-01-05,470.0157999994,949386.0000000000,949856.0157999994,True,76400.0000000000,50300.0000000000,39700.0000000000,79800.0000000000,0.0116296947,1187540.6454999992,-0.2001486270,1756561.5499000002,1260294.8135943771
2022-01-06,470.0157999994,948879.0000000000,949349.0157999994,True,76400.0000000000,50300.0000000000,39700.0000000000,79800.0000000000,-0.0005337651,1187540.6454999992,-0.2005755598,1756109.5499000002,1257104.7972937443
2022-01-07,470.0157999994,960678.0000000000,961148.0157999994,True,76400.0000000000,50300.0000000000,39700.0000000000,79800.0000000000,0.0124285166,1187540.6454999992,-0.1906398998,1769969.5499000002,1254812.1921721906
2022-01-10,470.0157999994,959623.0000000000,960093.0157999994,True,76400.0000000000,50300.0000000000,39700.0000000000,79800.0000000000,-0.0010976457,1187540.6454999992,-0.1915282905,1768713.5499000002,1259712.8985329431
2022-01-11,470.0157999994,961979.0000000000,962449.0157999994,True,76400.0000000000,50300.0000000000,39700.0000000000,79800.0000000000,0.0024539289,1187540.6454999992,-0.1895443584,1771497.5499000002,1250570.5221460746
2022-01-12,470.0157999994,954964.0000000000,955434.0157999994,True,76400.0000000000,50300.0000000000,39700.0000000000,79800.0000000000,-0.0072886978,1187540.6454999992,-0.1954515246,1763086.5499000002,1261083.5538884897
2022-01-13,470.0157999994,960580.0000000000,961050.0157999994,True,76400.0000000000,50300.0000000000,39700.0000000000,79800.0000000000,0.0058779569,1187540.6454999992,-0.1907224233,1769644.5499000002,1246300.8080206125
2022-01-14,470.0157999994,947480.0000000000,947950.0157999994,True,76400.0000000000,50300.0000000000,39700.0000000000,79800.0000000000,-0.0136309243,1187540.6454999992,-0.2017536247,1754256.5499000002,1234382.0657984680
2022-01-17,470.0157999994,942787.0000000000,943257.0157999994,True,76400.0000000000,50300.0000000000,39700.0000000000,79800.0000000000,-0.0049506830,1187540.6454999992,-0.2057054894,1748459.5499000002,1241536.8166441729
2022-01-18,470.0157999994,953856.0000000000,954326.0157999994,True,76400.0000000000,50300.0000000000,39700.0000000000,79800.0000000000,0.0117348716,1187540.6454999992,-0.1963845453,1761720.5499000002,1251436.3837133893
2022-01-19,470.0157999994,952003.0000000000,952473.0157999994,True,76400.0000000000,50300.0000000000,39700.0000000000,79800.0000000000,-0.0019416845,1187540.6454999992,-0.1979449130,1759525.5499000002,1247324.4176467494
2022-01-20,470.0157999994,960054.0000000000,960524.0157999994,True,76400.0000000000,50300.0000000000,39700.0000000000,79800.0000000000,0.0084527329,1187540.6454999992,-0.1911653555,1769421.5499000002,1246230.6977722468
2022-01-21,470.0157999994,955157.0000000000,955627.0157999994,True,76400.0000000000,50300.0000000000,39700.0000000000,79800.0000000000,-0.0050982588,1187540.6454999992,-0.1952890039,1763248.5499000002,1234841.2879252625
2022-01-24,470.0157999994,954756.0000000000,955226.0157999994,True,76400.0000000000,50300.0000000000,39700.0000000000,79800.0000000000,-0.0004196198,1187540.6454999992,-0.1956266765,1762847.5499000002,1235381.1368376771
2022-01-25,470.0157999994,944587.0000000000,945057.0157999994,True,76400.0000000000,50300.0000000000,39700.0000000000,79800.0000000000,-0.0106456481,1187540.6454999992,-0.2041897518,1750713.5499000002,1203463.4462692584
2022-01-26,470.0157999994,947979.0000000000,948449.0157999994,True,76400.0000000000,50300.0000000000,39700.0000000000,79800.0000000000,0.0035892014,1187540.6454999992,-0.2013334285,1754982.5499000002,1211389.4098469843
2022-01-27,470.0157999994,946678.0000000000,947148.0157999994,True,76400.0000000000,50300.0000000000,39700.0000000000,79800.0000000000,-0.0013717132,1187540.6454999992,-0.2024289700,1753454.5499000002,1189858.5525739226
2022-01-28,470.0157999994,944485.0000000000,944955.0157999994,True,76400.0000000000,50300.0000000000,39700.0000000000,79800.0000000000,-0.0023153720,1187540.6454999992,-0.2042756436,1750525.5499000002,1178356.9663295532
2022-02-07,470.0157999994,960315.0000000000,960785.0157999994,True,76400.0000000000,50300.0000000000,39700.0000000000,79800.0000000000,0.0167521202,1187540.6454999992,-0.1909455736,1769601.5499000002,1202243.5279476978
2022-02-08,470.0157999994,981632.0000000000,982102.0157999994,True,76400.0000000000,50300.0000000000,39700.0000000000,79800.0000000000,0.0221870654,1187540.6454999992,-0.1729950301,1795550.5499000002,1210323.7340718280
2022-02-09,470.0157999994,977979.0000000000,978449.0157999994,True,76400.0000000000,50300.0000000000,39700.0000000000,79800.0000000000,-0.0037195729,1187540.6454999992,-0.1760711353,1791101.5499000002,1219900.7939985627
2022-02-10,470.0157999994,985259.0000000000,985729.0157999994,True,76400.0000000000,50300.0000000000,39700.0000000000,79800.0000000000,0.0074403468,1187540.6454999992,-0.1699408188,1799555.5499000002,1221990.0793998563
2022-02-11,470.0157999994,987350.0000000000,987820.0157999994,True,76400.0000000000,50300.0000000000,39700.0000000000,79800.0000000000,0.0021212726,1187540.6454999992,-0.1681800370,1802296.5499000002,1213941.4228874906
2022-02-14,470.0157999994,974742.0000000000,975212.0157999994,True,76400.0000000000,50300.0000000000,39700.0000000000,79800.0000000000,-0.0127634587,1187540.6454999992,-0.1787969368,1786961.5499000002,1201998.1420784183
2022-02-15,470.0157999994,967621.0000000000,968091.0157999994,True,76400.0000000000,50300.0000000000,39700.0000000000,79800.0000000000,-0.0073020019,1187540.6454999992,-0.1847933631,1778499.5499000002,1208031.1289502743
2022-02-16,470.0157999994,972545.0000000000,973015.0157999994,True,76400.0000000000,50300.0000000000,39700.0000000000,79800.0000000000,0.0050862986,1187540.6454999992,-0.1806469787,1784169.5499000002,1214951.0104639544
2022-02-17,470.0157999994,974103.0000000000,974573.0157999994,True,76400.0000000000,50300.0000000000,39700.0000000000,79800.0000000000,0.0016012086,1187540.6454999992,-0.1793350236,1786014.5499000002,1215725.7287083939
2022-02-18,470.0157999994,979923.0000000000,980393.0157999994,True,76400.0000000000,50300.0000000000,39700.0000000000,79800.0000000000,0.0059718460,1187540.6454999992,-0.1744341387,1792948.5499000002,1223690.2529227210
2022-02-21,977060.7951999994,0.0000000000,977060.7951999994,False,0.0000000000,0.0000000000,0.0000000000,0.0000000000,-0.0033988620,1187540.6454999992,-0.1772401232,1788507.5499000002,1223637.6702364467
2022-02-22,977060.7951999994,0.0000000000,977060.7951999994,False,0.0000000000,0.0000000000,0.0000000000,0.0000000000,0.0000000000,1187540.6454999992,-0.1772401232,1780814.5499000002,1211908.2256848894
2022-02-23,187.8211999993,971355.0000000000,971542.8211999993,True,77000.0000000000,51100.0000000000,39200.0000000000,80800.0000000000,-0.0056475237,1187540.6454999992,-0.1818866791,1775690.5499000002,1223125.8654233783
2022-02-24,966900.4588999994,0.0000000000,966900.4588999994,False,0.0000000000,0.0000000000,0.0000000000,0.0000000000,-0.0047783404,1187540.6454999992,-0.1857959030,1759124.5499000002,1202376.7374195922
2022-02-25,676.6786999994,960817.0000000000,961493.6786999995,True,77400.0000000000,51400.0000000000,39800.0000000000,81100.0000000000,-0.0055918685,1187540.6454999992,-0.1903488252,1754667.5499000002,1209896.0615567979
2022-02-28,676.6786999994,961136.0000000000,961812.6786999995,True,77400.0000000000,51400.0000000000,39800.0000000000,81100.0000000000,0.0003317755,1187540.6454999992,-0.1900802029,1755324.5499000002,1213717.0700927207
2022-03-01,961834.5469999996,0.0000000000,961834.5469999996,False,0.0000000000,0.0000000000,0.0000000000,0.0000000000,0.0000227365,1187540.6454999992,-0.1900617881,1763684.5499000002,1223013.6890259932
2022-03-02,961834.5469999996,0.0000000000,961834.5469999996,False,0.0000000000,0.0000000000,0.0000000000,0.0000000000,0.0000000000,1187540.6454999992,-0.1900617881,1764555.5499000002,1221387.1312639124
2022-03-03,961834.5469999996,0.0000000000,961834.5469999996,False,0.0000000000,0.0000000000,0.0000000000,0.0000000000,0.0000000000,1187540.6454999992,-0.1900617881,1774230.5499000002,1220307.4334390829
2022-03-04,961834.5469999996,0.0000000000,961834.5469999996,False,0.0000000000,0.0000000000,0.0000000000,0.0000000000,0.0000000000,1187540.6454999992,-0.1900617881,1770499.5499000002,1208577.9888875256
2022-03-07,824.3303999996,955006.0000000000,955830.3303999996,True,76500.0000000000,51100.0000000000,39400.0000000000,80400.0000000000,-0.0062424630,1187540.6454999992,-0.1951177974,1758255.5499000002,1182360.2615112264
2022-03-08,824.3303999996,948420.0000000000,949244.3303999996,True,76500.0000000000,51100.0000000000,39400.0000000000,80400.0000000000,-0.0068903442,1187540.6454999992,-0.2006637129,1750415.5499000002,1154551.0314970291
2022-03-09,824.3303999996,939442.0000000000,940266.3303999996,True,76500.0000000000,51100.0000000000,39400.0000000000,80400.0000000000,-0.0094580496,1187540.6454999992,-0.2082238751,1739836.5499000002,1141531.5583755455
2022-03-10,824.3303999996,941018.0000000000,941842.3303999996,True,76500.0000000000,51100.0000000000,39400.0000000000,80400.0000000000,0.0016761208,1187540.6454999992,-0.2068967627,1741988.5499000002,1155448.4426761081
2022-03-11,824.3303999996,949879.0000000000,950703.3303999996,True,76500.0000000000,51100.0000000000,39400.0000000000,80400.0000000000,0.0094081565,1187540.6454999992,-0.1994351233,1752516.5499000002,1160236.9726394755
2022-03-14,824.3303999996,944546.0000000000,945370.3303999996,True,76500.0000000000,51100.0000000000,39400.0000000000,80400.0000000000,-0.0056095312,1187540.6454999992,-0.2039259170,1745727.5499000002,1130012.4445690848
2022-03-15,824.3303999996,928669.0000000000,929493.3303999996,True,76500.0000000000,51100.0000000000,39400.0000000000,80400.0000000000,-0.0167944767,1187540.6454999992,-0.2172955646,1726880.5499000002,1074078.4884230453
2022-03-16,824.3303999996,935802.0000000000,936626.3303999996,True,76500.0000000000,51100.0000000000,39400.0000000000,80400.0000000000,0.0076740734,1187540.6454999992,-0.2112890334,1735250.5499000002,1111496.3279757418
2022-03-17,824.3303999996,931912.0000000000,932736.3303999996,True,76500.0000000000,51100.0000000000,39400.0000000000,80400.0000000000,-0.0041532038,1187540.6454999992,-0.2145647107,1730699.5499000002,1127036.2645259670
2022-03-18,824.3303999996,943645.0000000000,944469.3303999996,True,76500.0000000000,51100.0000000000,39400.0000000000,80400.0000000000,0.0125791176,1187540.6454999992,-0.2046846279,1744815.5499000002,1139666.6257690217
2022-03-21,824.3303999996,939185.0000000000,940009.3303999996,True,76500.0000000000,51100.0000000000,39400.0000000000,80400.0000000000,-0.0047222285,1187540.6454999992,-0.2084402888,1739427.5499000002,1140585.0700226105
2022-03-22,824.3303999996,953108.0000000000,953932.3303999996,True,76500.0000000000,51100.0000000000,39400.0000000000,80400.0000000000,0.0148115551,1187540.6454999992,-0.1967160585,1755447.5499000002,1142747.9711846879
2022-03-23,824.3303999996,951715.0000000000,952539.3303999996,True,76500.0000000000,51100.0000000000,39400.0000000000,80400.0000000000,-0.0014602713,1187540.6454999992,-0.1978890710,1754038.5499000002,1146663.6285559041
2022-03-24,824.3303999996,954196.0000000000,955020.3303999996,True,76500.0000000000,51100.0000000000,39400.0000000000,80400.0000000000,0.0026046169,1187540.6454999992,-0.1957998793,1757317.5499000002,1139382.6792631412
2022-03-25,824.3303999996,957360.0000000000,958184.3303999996,True,76500.0000000000,51100.0000000000,39400.0000000000,80400.0000000000,0.0033130185,1187540.6454999992,-0.1931355495,1760810.5499000002,1126054.7210488492
2022-03-28,824.3303999996,968070.0000000000,968894.3303999996,True,76500.0000000000,51100.0000000000,39400.0000000000,80400.0000000000,0.0111773900,1187540.6454999992,-0.1841169108,1773762.5499000002,1126846.9668553800
2022-03-29,824.3303999996,974301.0000000000,975125.3303999996,True,76500.0000000000,51100.0000000000,39400.0000000000,80400.0000000000,0.0064310419,1187540.6454999992,-0.1788699325,1781234.5499000002,1123145.1457416788
2022-03-30,824.3303999996,976117.0000000000,976941.3303999996,True,76500.0000000000,51100.0000000000,39400.0000000000,80400.0000000000,0.0018623247,1187540.6454999992,-0.1773407217,1782678.5499000002,1145110.6865546070
2022-03-31,974375.0669999997,0.0000000000,974375.0669999997,False,0.0000000000,0.0000000000,0.0000000000,0.0000000000,-0.0026268347,1187540.6454999992,-0.1795017116,1798254.5499000002,1140062.7486722872
2022-04-01,550.0070999997,980955.0000000000,981505.0070999997,True,74700.0000000000,51200.0000000000,39000.0000000000,79300.0000000000,0.0073174492,1187540.6454999992,-0.1734977571,1801508.5499000002,1150761.5725728709
2022-04-06,977401.4471999997,0.0000000000,977401.4471999997,False,0.0000000000,0.0000000000,0.0000000000,0.0000000000,-0.0041808853,1187540.6454999992,-0.1769532682,1809201.5499000002,1151010.4639545686
2022-04-07,977401.4471999997,0.0000000000,977401.4471999997,False,0.0000000000,0.0000000000,0.0000000000,0.0000000000,0.0000000000,1187540.6454999992,-0.1769532682,1800755.5499000002,1134629.2044239566
2022-04-08,934.5949999997,977982.0000000000,978916.5949999996,True,74400.0000000000,50600.0000000000,39000.0000000000,79000.0000000000,0.0015501796,1187540.6454999992,-0.1756773979,1803488.5499000002,1139940.0557376475
2022-04-11,977882.9089999996,0.0000000000,977882.9089999996,False,0.0000000000,0.0000000000,0.0000000000,0.0000000000,-0.0010559490,1187540.6454999992,-0.1765478405,1796521.5499000002,1110241.3545299985
2022-04-12,615.8167999997,979651.0000000000,980266.8167999997,True,74500.0000000000,51100.0000000000,39100.0000000000,79600.0000000000,0.0024378254,1187540.6454999992,-0.1745404079,1798998.5499000002,1126436.8219024416
2022-04-13,615.8167999997,978230.0000000000,978845.8167999997,True,74500.0000000000,51100.0000000000,39100.0000000000,79600.0000000000,-0.0014496053,1187540.6454999992,-0.1757369986,1797341.5499000002,1117143.7084815872
2022-04-14,615.8167999997,977245.0000000000,977860.8167999997,True,74500.0000000000,51100.0000000000,39100.0000000000,79600.0000000000,-0.0010062872,1187540.6454999992,-0.1765664438,1796470.5499000002,1130752.1076893415
2022-04-15,615.8167999997,975561.0000000000,976176.8167999997,True,74500.0000000000,51100.0000000000,39100.0000000000,79600.0000000000,-0.0017221265,1187540.6454999992,-0.1779845006,1794267.5499000002,1125704.1698070215
2022-04-18,615.8167999997,962321.0000000000,962936.8167999997,True,74500.0000000000,51100.0000000000,39100.0000000000,79600.0000000000,-0.0135631166,1187540.6454999992,-0.1891335926,1778255.5499000002,1120193.5042854890
2022-04-19,615.8167999997,967441.0000000000,968056.8167999997,True,74500.0000000000,51100.0000000000,39100.0000000000,79600.0000000000,0.0053170674,1187540.6454999992,-0.1848221613,1784105.5499000002,1119671.1829351655
2022-04-20,615.8167999997,967524.0000000000,968139.8167999997,True,74500.0000000000,51100.0000000000,39100.0000000000,79600.0000000000,0.0000857388,1187540.6454999992,-0.1847522689,1783849.5499000002,1104604.4905614078
2022-04-21,615.8167999997,971146.0000000000,971761.8167999997,True,74500.0000000000,51100.0000000000,39100.0000000000,79600.0000000000,0.0037411952,1187540.6454999992,-0.1817022681,1788220.5499000002,1079631.2200935972
2022-04-22,615.8167999997,983122.0000000000,983737.8167999997,True,74500.0000000000,51100.0000000000,39100.0000000000,79600.0000000000,0.0123240076,1187540.6454999992,-0.1716175606,1802933.5499000002,1082123.6394229927
2022-04-25,615.8167999997,968426.0000000000,969041.8167999997,True,74500.0000000000,51100.0000000000,39100.0000000000,79600.0000000000,-0.0149389398,1187540.6454999992,-0.1839927160,1784976.5499000002,1026592.8172050549
2022-04-26,615.8167999997,971468.9999999999,972084.8167999996,True,74500.0000000000,51100.0000000000,39100.0000000000,79600.0000000000,0.0031402154,1187540.6454999992,-0.1814302774,1788066.5499000002,1011841.6209489421
2022-04-27,615.8167999997,957104.0000000000,957719.8167999997,True,74500.0000000000,51100.0000000000,39100.0000000000,79600.0000000000,-0.0147775171,1187540.6454999992,-0.1935267054,1771347.5499000002,1037028.7276742677
2022-04-28,615.8167999997,966748.0000000000,967363.8167999997,True,74500.0000000000,51100.0000000000,39100.0000000000,79600.0000000000,0.0100697509,1187540.6454999992,-0.1854057202,1782695.5499000002,1043058.2090337054
2022-04-29,615.8167999997,965806.0000000000,966421.8167999997,True,74500.0000000000,51100.0000000000,39100.0000000000,79600.0000000000,-0.0009737805,1187540.6454999992,-0.1861989563,1782053.5499000002,1068150.6669237376
2022-05-05,615.8167999997,965474.0000000000,966089.8167999997,True,74500.0000000000,51100.0000000000,39100.0000000000,79600.0000000000,-0.0003435353,1187540.6454999992,-0.1864785256,1781626.5499000002,1075407.0776295725
2022-05-06,615.8167999997,957640.0000000000,958255.8167999997,True,74500.0000000000,51100.0000000000,39100.0000000000,79600.0000000000,-0.0081089769,1187540.6454999992,-0.1930753525,1772454.5499000002,1052200.5854205738
2022-05-09,615.8167999997,959081.0000000000,959696.8167999997,True,74500.0000000000,51100.0000000000,39100.0000000000,79600.0000000000,0.0015037738,1187540.6454999992,-0.1918619203,1773896.5499000002,1053105.0076244895
2022-05-10,615.8167999997,960667.0000000000,961282.8167999997,True,74500.0000000000,51100.0000000000,39100.0000000000,79600.0000000000,0.0016526053,1187540.6454999992,-0.1905263871,1775852.5499000002,1064217.4819904298
2022-05-11,615.8167999997,952342.0000000000,952957.8167999997,True,74500.0000000000,51100.0000000000,39100.0000000000,79600.0000000000,-0.0086603025,1187540.6454999992,-0.1975366735,1765821.5499000002,1072231.0833786128
2022-05-12,615.8167999997,950239.0000000000,950854.8167999997,True,74500.0000000000,51100.0000000000,39100.0000000000,79600.0000000000,-0.0022068133,1187540.6454999992,-0.1993075602,1763354.5499000002,1070930.5382714318
2022-05-13,615.8167999997,956695.0000000000,957310.8167999997,True,74500.0000000000,51100.0000000000,39100.0000000000,79600.0000000000,0.0067896801,1187540.6454999992,-0.1938711147,1771098.5499000002,1081198.1841445672
2022-05-16,956067.1132999996,0.0000000000,956067.1132999996,False,0.0000000000,0.0000000000,0.0000000000,0.0000000000,-0.0012991637,1187540.6454999992,-0.1949184081,1767443.5499000002,1077506.8795681209
2022-05-17,956067.1132999996,0.0000000000,956067.1132999996,False,0.0000000000,0.0000000000,0.0000000000,0.0000000000,0.0000000000,1187540.6454999992,-0.1949184081,1763004.5499000002,1084500.3768425849
2022-05-18,956067.1132999996,0.0000000000,956067.1132999996,False,0.0000000000,0.0000000000,0.0000000000,0.0000000000,0.0000000000,1187540.6454999992,-0.1949184081,1760955.5499000002,1081794.1212556744
2022-05-19,956067.1132999996,0.0000000000,956067.1132999996,False,0.0000000000,0.0000000000,0.0000000000,0.0000000000,0.0000000000,1187540.6454999992,-0.1949184081,1758521.5499000002,1085643.1738909434
2022-05-20,956067.1132999996,0.0000000000,956067.1132999996,False,0.0000000000,0.0000000000,0.0000000000,0.0000000000,0.0000000000,1187540.6454999992,-0.1949184081,1761544.5499000002,1103034.0209980193
2022-05-23,956067.1132999996,0.0000000000,956067.1132999996,False,0.0000000000,0.0000000000,0.0000000000,0.0000000000,0.0000000000,1187540.6454999992,-0.1949184081,1760247.5499000002,1103135.6808581494
2022-05-24,956067.1132999996,0.0000000000,956067.1132999996,False,0.0000000000,0.0000000000,0.0000000000,0.0000000000,0.0000000000,1187540.6454999992,-0.1949184081,1764532.5499000002,1076518.3250661665
2022-05-25,956067.1132999996,0.0000000000,956067.1132999996,False,0.0000000000,0.0000000000,0.0000000000,0.0000000000,0.0000000000,1187540.6454999992,-0.1949184081,1766095.5499000002,1089323.9619301350
2022-05-26,956067.1132999996,0.0000000000,956067.1132999996,False,0.0000000000,0.0000000000,0.0000000000,0.0000000000,0.0000000000,1187540.6454999992,-0.1949184081,1768828.5499000002,1094810.0888647398
2022-05-27,956067.1132999996,0.0000000000,956067.1132999996,False,0.0000000000,0.0000000000,0.0000000000,0.0000000000,0.0000000000,1187540.6454999992,-0.1949184081,1770237.5499000002,1097309.5192189717
2022-05-30,956067.1132999996,0.0000000000,956067.1132999996,False,0.0000000000,0.0000000000,0.0000000000,0.0000000000,0.0000000000,1187540.6454999992,-0.1949184081,1765643.5499000002,1103906.8935901704
2022-05-31,956067.1132999996,0.0000000000,956067.1132999996,False,0.0000000000,0.0000000000,0.0000000000,0.0000000000,0.0000000000,1187540.6454999992,-0.1949184081,1764250.5499000002,1117006.9934972744
2022-06-01,956067.1132999996,0.0000000000,956067.1132999996,False,0.0000000000,0.0000000000,0.0000000000,0.0000000000,0.0000000000,1187540.6454999992,-0.1949184081,1761245.5499000002,1115510.1396946697
2022-06-02,956067.1132999996,0.0000000000,956067.1132999996,False,0.0000000000,0.0000000000,0.0000000000,0.0000000000,0.0000000000,1187540.6454999992,-0.1949184081,1760067.5499000002,1120172.4712109792
2022-06-06,956067.1132999996,0.0000000000,956067.1132999996,False,0.0000000000,0.0000000000,0.0000000000,0.0000000000,0.0000000000,1187540.6454999992,-0.1949184081,1752963.5499000002,1134513.5225141535
2022-06-07,956067.1132999996,0.0000000000,956067.1132999996,False,0.0000000000,0.0000000000,0.0000000000,0.0000000000,0.0000000000,1187540.6454999992,-0.1949184081,1754859.5499000002,1136402.9937076052
2022-06-08,956067.1132999996,0.0000000000,956067.1132999996,False,0.0000000000,0.0000000000,0.0000000000,0.0000000000,0.0000000000,1187540.6454999992,-0.1949184081,1757164.5499000002,1144125.6375650710
2022-06-09,956067.1132999996,0.0000000000,956067.1132999996,False,0.0000000000,0.0000000000,0.0000000000,0.0000000000,0.0000000000,1187540.6454999992,-0.1949184081,1762433.5499000002,1135417.9447180692
2022-06-10,956067.1132999996,0.0000000000,956067.1132999996,False,0.0000000000,0.0000000000,0.0000000000,0.0000000000,0.0000000000,1187540.6454999992,-0.1949184081,1769230.5499000002,1151501.2356931274
2022-06-13,956067.1132999996,0.0000000000,956067.1132999996,False,0.0000000000,0.0000000000,0.0000000000,0.0000000000,0.0000000000,1187540.6454999992,-0.1949184081,1762484.5499000002,1141237.0953324102
2022-06-14,956067.1132999996,0.0000000000,956067.1132999996,False,0.0000000000,0.0000000000,0.0000000000,0.0000000000,0.0000000000,1187540.6454999992,-0.1949184081,1771535.5499000002,1152931.4847597848
2022-06-15,956067.1132999996,0.0000000000,956067.1132999996,False,0.0000000000,0.0000000000,0.0000000000,0.0000000000,0.0000000000,1187540.6454999992,-0.1949184081,1775215.5499000002,1158715.5802499431
2022-06-16,956067.1132999996,0.0000000000,956067.1132999996,False,0.0000000000,0.0000000000,0.0000000000,0.0000000000,0.0000000000,1187540.6454999992,-0.1949184081,1767941.5499000002,1151694.0388761326
2022-06-17,956067.1132999996,0.0000000000,956067.1132999996,False,0.0000000000,0.0000000000,0.0000000000,0.0000000000,0.0000000000,1187540.6454999992,-0.1949184081,1772363.5499000002,1162704.8533819430
2022-06-20,956067.1132999996,0.0000000000,956067.1132999996,False,0.0000000000,0.0000000000,0.0000000000,0.0000000000,0.0000000000,1187540.6454999992,-0.1949184081,1766634.5499000002,1162228.1036930573
2022-06-21,956067.1132999996,0.0000000000,956067.1132999996,False,0.0000000000,0.0000000000,0.0000000000,0.0000000000,0.0000000000,1187540.6454999992,-0.1949184081,1775566.5499000002,1159174.8023767374
2022-06-22,956067.1132999996,0.0000000000,956067.1132999996,False,0.0000000000,0.0000000000,0.0000000000,0.0000000000,0.0000000000,1187540.6454999992,-0.1949184081,1771825.5499000002,1145321.0172997038
2022-06-23,956067.1132999996,0.0000000000,956067.1132999996,False,0.0000000000,0.0000000000,0.0000000000,0.0000000000,0.0000000000,1187540.6454999992,-0.1949184081,1777632.5499000002,1163882.7055544844
2022-06-24,956067.1132999996,0.0000000000,956067.1132999996,False,0.0000000000,0.0000000000,0.0000000000,0.0000000000,0.0000000000,1187540.6454999992,-0.1949184081,1773312.5499000002,1174259.0223125864
2022-06-27,956067.1132999996,0.0000000000,956067.1132999996,False,0.0000000000,0.0000000000,0.0000000000,0.0000000000,0.0000000000,1187540.6454999992,-0.1949184081,1771007.5499000002,1184579.2508719962
2022-06-28,956067.1132999996,0.0000000000,956067.1132999996,False,0.0000000000,0.0000000000,0.0000000000,0.0000000000,0.0000000000,1187540.6454999992,-0.1949184081,1773261.5499000002,1195102.7991516660
2022-06-29,956067.1132999996,0.0000000000,956067.1132999996,False,0.0000000000,0.0000000000,0.0000000000,0.0000000000,0.0000000000,1187540.6454999992,-0.1949184081,1778939.5499000002,1178385.0104288994
2022-06-30,956067.1132999996,0.0000000000,956067.1132999996,False,0.0000000000,0.0000000000,0.0000000000,0.0000000000,0.0000000000,1187540.6454999992,-0.1949184081,1779477.5499000002,1191390.4615007099
2022-07-01,956067.1132999996,0.0000000000,956067.1132999996,False,0.0000000000,0.0000000000,0.0000000000,0.0000000000,0.0000000000,1187540.6454999992,-0.1949184081,1779614.5499000002,1187541.4088654409
2022-07-04,956067.1132999996,0.0000000000,956067.1132999996,False,0.0000000000,0.0000000000,0.0000000000,0.0000000000,0.0000000000,1187540.6454999992,-0.1949184081,1783398.5499000002,1193777.7154575570
2022-07-05,956067.1132999996,0.0000000000,956067.1132999996,False,0.0000000000,0.0000000000,0.0000000000,0.0000000000,0.0000000000,1187540.6454999992,-0.1949184081,1787949.5499000002,1193286.9437189980
2022-07-06,956067.1132999996,0.0000000000,956067.1132999996,False,0.0000000000,0.0000000000,0.0000000000,0.0000000000,0.0000000000,1187540.6454999992,-0.1949184081,1783449.5499000002,1176222.1092668220
2022-07-07,956067.1132999996,0.0000000000,956067.1132999996,False,0.0000000000,0.0000000000,0.0000000000,0.0000000000,0.0000000000,1187540.6454999992,-0.1949184081,1782809.5499000002,1179394.5980053635
2022-07-08,956067.1132999996,0.0000000000,956067.1132999996,False,0.0000000000,0.0000000000,0.0000000000,0.0000000000,0.0000000000,1187540.6454999992,-0.1949184081,1784245.7499000002,1176478.0116733564
2022-07-11,956067.1132999996,0.0000000000,956067.1132999996,False,0.0000000000,0.0000000000,0.0000000000,0.0000000000,0.0000000000,1187540.6454999992,-0.1949184081,1791128.7499000002,1161579.5838956758
2022-07-12,705.5907999997,953308.0000000000,954013.5907999997,True,71700.0000000000,52800.0000000000,41300.0000000000,78600.0000000000,-0.0021478853,1187540.6454999992,-0.1966476310,1791605.1199000003,1150323.3835205862
2022-07-13,705.5907999997,940026.0000000000,940731.5907999997,True,71700.0000000000,52800.0000000000,41300.0000000000,78600.0000000000,-0.0139222335,1187540.6454999992,-0.2078320903,1776107.1199000003,1151311.9380225404
2022-07-14,705.5907999997,924651.0000000000,925356.5907999997,True,71700.0000000000,52800.0000000000,41300.0000000000,78600.0000000000,-0.0163436629,1187540.6454999992,-0.2207790156,1758072.1199000003,1150418.0323558797
2022-07-15,32805.7707999997,887397.0000000000,920202.7707999997,True,71700.0000000000,52800.0000000000,41300.0000000000,78600.0000000000,-0.0055695502,1187540.6454999992,-0.2251189260,1751759.5399000002,1131600.4416945647
2022-07-18,32805.7707999997,897391.0000000000,930196.7707999997,True,71700.0000000000,52800.0000000000,41300.0000000000,78600.0000000000,0.0108606498,1187540.6454999992,-0.2167032141,1763713.5399000002,1149142.0258356265
2022-07-19,32805.7707999997,903851.0000000000,936656.7707999997,True,71700.0000000000,52800.0000000000,41300.0000000000,78600.0000000000,0.0069447672,1187540.6454999992,-0.2112634002,1771261.5399000002,1149608.2589872575
2022-07-20,32805.7707999997,912623.0000000000,945428.7707999997,True,71700.0000000000,52800.0000000000,41300.0000000000,78600.0000000000,0.0093652235,1187540.6454999992,-0.2038767057,1781449.5399000002,1158473.6998930818
2022-07-21,32805.7707999997,903300.0000000000,936105.7707999997,True,71700.0000000000,52800.0000000000,41300.0000000000,78600.0000000000,-0.0098611342,1187540.6454999992,-0.2117273844,1770383.5399000002,1147003.6632604771
2022-07-22,32805.7707999997,908974.0000000000,941779.7707999997,True,71700.0000000000,52800.0000000000,41300.0000000000,78600.0000000000,0.0060612809,1187540.6454999992,-0.2069494426,1776992.5399000002,1146292.0442395667
2022-07-25,32805.7707999997,912887.0000000000,945692.7707999997,True,71700.0000000000,52800.0000000000,41300.0000000000,78600.0000000000,0.0041548992,1187540.6454999992,-0.2036543975,1781543.5399000002,1139428.2509245789
2022-07-26,32805.7707999997,913265.0000000000,946070.7707999997,True,71700.0000000000,52800.0000000000,41300.0000000000,78600.0000000000,0.0003997070,1187540.6454999992,-0.2033360926,1781903.5399000002,1148910.6620160202
2022-07-27,32805.7707999997,908262.0000000000,941067.7707999997,True,71700.0000000000,52800.0000000000,41300.0000000000,78600.0000000000,-0.0052881879,1187540.6454999992,-0.2075490011,1776182.5399000002,1148321.7359297494
2022-07-28,32805.7707999997,907614.0000000000,940419.7707999997,True,71700.0000000000,52800.0000000000,41300.0000000000,78600.0000000000,-0.0006885795,1187540.6454999992,-0.2080946666,1775583.5399000002,1150712.4953990150
2022-07-29,32805.7707999997,904717.0000000000,937522.7707999997,True,71700.0000000000,52800.0000000000,41300.0000000000,78600.0000000000,-0.0030805392,1187540.6454999992,-0.2105341620,1772073.5399000002,1140427.3219637880
2022-08-01,32805.7707999997,900730.0000000000,933535.7707999997,True,71700.0000000000,52800.0000000000,41300.0000000000,78600.0000000000,-0.0042526967,1187540.6454999992,-0.2138915208,1767393.5399000002,1142783.0263088706
2022-08-02,32805.7707999997,893817.0000000000,926622.7707999997,True,71700.0000000000,52800.0000000000,41300.0000000000,78600.0000000000,-0.0074051796,1187540.6454999992,-0.2197127953,1759170.5399000002,1116950.9052985820
2022-08-03,32805.7707999997,888252.0000000000,921057.7707999997,True,71700.0000000000,52800.0000000000,41300.0000000000,78600.0000000000,-0.0060056802,1187540.6454999992,-0.2243989506,1752467.5399000002,1109028.4472332743
2022-08-04,32805.7707999997,898281.0000000000,931086.7707999997,True,71700.0000000000,52800.0000000000,41300.0000000000,78600.0000000000,0.0108885678,1187540.6454999992,-0.2159537660,1764198.5399000002,1117921.9322384449
2022-08-05,32805.7707999997,901706.0000000000,934511.7707999997,True,71700.0000000000,52800.0000000000,41300.0000000000,78600.0000000000,0.0036784971,1187540.6454999992,-0.2130696542,1768297.5399000002,1131239.3739154821
2022-08-08,32805.7707999997,896479.0000000000,929284.7707999997,True,71700.0000000000,52800.0000000000,41300.0000000000,78600.0000000000,-0.0055932950,1187540.6454999992,-0.2174711878,1762218.5399000002,1134709.8312095769
2022-08-09,32805.7707999997,895647.0000000000,928452.7707999997,True,71700.0000000000,52800.0000000000,41300.0000000000,78600.0000000000,-0.0008953122,1187540.6454999992,-0.2181717954,1761398.5399000002,1138390.6192487685
2022-08-10,32805.7707999997,893880.0000000000,926685.7707999997,True,71700.0000000000,52800.0000000000,41300.0000000000,78600.0000000000,-0.0019031663,1187540.6454999992,-0.2196597444,1759195.5399000002,1132287.5221285471
2022-08-11,32805.7707999997,900053.0000000000,932858.7707999997,True,71700.0000000000,52800.0000000000,41300.0000000000,78600.0000000000,0.0066613735,1187540.6454999992,-0.2144616066,1766360.5399000002,1150393.4937689516
2022-08-12,930903.7236999997,0.0000000000,930903.7236999997,False,0.0000000000,0.0000000000,0.0000000000,0.0000000000,-0.0020957589,1187540.6454999992,-0.2161079057,1764789.5399000002,1148717.8588330150
2022-08-15,930903.7236999997,0.0000000000,930903.7236999997,False,0.0000000000,0.0000000000,0.0000000000,0.0000000000,0.0000000000,1187540.6454999992,-0.2161079057,1760690.5399000002,1148437.4178395527
2022-08-16,930903.7236999997,0.0000000000,930903.7236999997,False,0.0000000000,0.0000000000,0.0000000000,0.0000000000,0.0000000000,1187540.6454999992,-0.2161079057,1758624.5399000002,1149064.9045624244
2022-08-17,930903.7236999997,0.0000000000,930903.7236999997,False,0.0000000000,0.0000000000,0.0000000000,0.0000000000,0.0000000000,1187540.6454999992,-0.2161079057,1762535.5399000002,1154200.4802552012
2022-08-18,930903.7236999997,0.0000000000,930903.7236999997,False,0.0000000000,0.0000000000,0.0000000000,0.0000000000,0.0000000000,1187540.6454999992,-0.2161079057,1757266.5399000002,1148945.7171402029
2022-08-19,930903.7236999997,0.0000000000,930903.7236999997,False,0.0000000000,0.0000000000,0.0000000000,0.0000000000,0.0000000000,1187540.6454999992,-0.2161079057,1759563.5399000002,1142123.9899742345
2022-08-22,930903.7236999997,0.0000000000,930903.7236999997,False,0.0000000000,0.0000000000,0.0000000000,0.0000000000,0.0000000000,1187540.6454999992,-0.2161079057,1757317.5399000002,1149033.3549506599
2022-08-23,930903.7236999997,0.0000000000,930903.7236999997,False,0.0000000000,0.0000000000,0.0000000000,0.0000000000,0.0000000000,1187540.6454999992,-0.2161079057,1754883.5399000002,1148482.9895009904
2022-08-24,930903.7236999997,0.0000000000,930903.7236999997,False,0.0000000000,0.0000000000,0.0000000000,0.0000000000,0.0000000000,1187540.6454999992,-0.2161079057,1754345.5399000002,1127092.3527246595
2022-08-25,625.7239999997,932558.0000000000,933183.7239999997,True,77000.0000000000,53700.0000000000,42700.0000000000,82500.0000000000,0.0024492332,1187540.6454999992,-0.2141879711,1759076.5399000002,1137976.9687834119
2022-08-26,625.7239999997,932354.0000000000,932979.7239999997,True,77000.0000000000,53700.0000000000,42700.0000000000,82500.0000000000,-0.0002186065,1187540.6454999992,-0.2143597547,1759033.5399000002,1134460.9398278792
2022-08-29,625.7239999997,930426.0000000000,931051.7239999997,True,77000.0000000000,53700.0000000000,42700.0000000000,82500.0000000000,-0.0020664972,1187540.6454999992,-0.2159832781,1756779.5399000002,1136041.9259285226
2022-08-30,625.7239999997,933661.0000000000,934286.7239999997,True,77000.0000000000,53700.0000000000,42700.0000000000,82500.0000000000,0.0034745653,1187540.6454999992,-0.2132591608,1760391.5399000002,1131305.9786514293
2022-08-31,625.7239999997,940115.0000000000,940740.7239999997,True,77000.0000000000,53700.0000000000,42700.0000000000,82500.0000000000,0.0069079436,1187540.6454999992,-0.2078243995,1767845.5399000002,1122514.1535063887
2022-09-01,625.7239999997,936880.0000000000,937505.7239999997,True,77000.0000000000,53700.0000000000,42700.0000000000,82500.0000000000,-0.0034387796,1187540.6454999992,-0.2105485168,1763944.5399000002,1116498.6941966242
2022-09-02,625.7239999997,935146.0000000000,935771.7239999997,True,77000.0000000000,53700.0000000000,42700.0000000000,82500.0000000000,-0.0018495887,1187540.6454999992,-0.2120086773,1762048.5399000002,1117024.5210593657
2022-09-05,625.7239999997,937705.0000000000,938330.7239999997,True,77000.0000000000,53700.0000000000,42700.0000000000,82500.0000000000,0.0027346413,1187540.6454999992,-0.2098538037,1764883.5399000002,1121732.4242371127
2022-09-06,625.7239999997,939672.0000000000,940297.7239999997,True,77000.0000000000,53700.0000000000,42700.0000000000,82500.0000000000,0.0020962758,1187540.6454999992,-0.2081974393,1766959.5399000002,1136995.4253062941
2022-09-07,625.7239999997,937113.0000000000,937738.7239999997,True,77000.0000000000,53700.0000000000,42700.0000000000,82500.0000000000,-0.0027214785,1187540.6454999992,-0.2103523129,1764124.5399000002,1137990.9908330850
2022-09-08,937825.7779999997,0.0000000000,937825.7779999997,False,0.0000000000,0.0000000000,0.0000000000,0.0000000000,0.0000928340,1187540.6454999992,-0.2102790068,1764662.5399000002,1134240.0925455277
2022-09-09,696.7235999996,938886.0000000000,939582.7235999996,True,76300.0000000000,53700.0000000000,42500.0000000000,82500.0000000000,0.0018734243,1187540.6454999992,-0.2087995243,1769880.5399000002,1143515.6784042907
2022-09-13,940484.4092999996,0.0000000000,940484.4092999996,False,0.0000000000,0.0000000000,0.0000000000,0.0000000000,0.0009596661,1187540.6454999992,-0.2080402360,1772535.5399000002,1144129.1430774892
2022-09-14,940484.4092999996,0.0000000000,940484.4092999996,False,0.0000000000,0.0000000000,0.0000000000,0.0000000000,0.0000000000,1187540.6454999992,-0.2080402360,1769512.5399000002,1134923.6674670919
2022-09-15,384.4638999996,944092.0000000000,944476.4638999996,True,76500.0000000000,53800.0000000000,42300.0000000000,82200.0000000000,0.0042446792,1187540.6454999992,-0.2046786209,1776847.5399000002,1121735.9297495312
2022-09-16,384.4638999996,935659.0000000000,936043.4638999996,True,76500.0000000000,53800.0000000000,42300.0000000000,82200.0000000000,-0.0089287561,1187540.6454999992,-0.2117798515,1767436.5399000002,1095963.4024503531
2022-09-19,384.4638999996,942366.0000000000,942750.4638999996,True,76500.0000000000,53800.0000000000,42300.0000000000,82200.0000000000,0.0071652656,1187540.6454999992,-0.2061320449,1774951.5399000002,1092177.4490386131
2022-09-20,384.4638999996,938174.0000000000,938558.4638999996,True,76500.0000000000,53800.0000000000,42300.0000000000,82200.0000000000,-0.0044465637,1187540.6454999992,-0.2096620293,1770238.5399000002,1094564.7029954602
2022-09-21,384.4638999996,940664.0000000000,941048.4638999996,True,76500.0000000000,53800.0000000000,42300.0000000000,82200.0000000000,0.0026530047,1187540.6454999992,-0.2075652590,1773192.5399000002,1092731.3200007011
2022-09-22,384.4638999996,941740.0000000000,942124.4638999996,True,76500.0000000000,53800.0000000000,42300.0000000000,82200.0000000000,0.0011434055,1187540.6454999992,-0.2066591847,1774370.5399000002,1089832.2612307854
2022-09-23,384.4638999996,948332.0000000000,948716.4638999996,True,76500.0000000000,53800.0000000000,42300.0000000000,82200.0000000000,0.0069969524,1187540.6454999992,-0.2011082168,1781834.5399000002,1082631.9387236428
2022-09-26,384.4638999996,936732.0000000000,937116.4638999996,True,76500.0000000000,53800.0000000000,42300.0000000000,82200.0000000000,-0.0122270462,1187540.6454999992,-0.2108763035,1768692.5399000002,1069612.4656021593
2022-09-27,384.4638999996,933362.0000000000,933746.4638999996,True,76500.0000000000,53800.0000000000,42300.0000000000,82200.0000000000,-0.0035961379,1187540.6454999992,-0.2137141011,1764918.5399000002,1084556.4650412775
2022-09-28,384.4638999996,938766.0000000000,939150.4638999996,True,76500.0000000000,53800.0000000000,42300.0000000000,82200.0000000000,0.0057874382,1187540.6454999992,-0.2091635200,1771075.5399000002,1067453.0699525003
2022-09-29,384.4638999996,931156.0000000000,931540.4638999996,True,76500.0000000000,53800.0000000000,42300.0000000000,82200.0000000000,-0.0081030679,1187540.6454999992,-0.2155717218,1762314.5399000002,1066096.4366466268
2022-09-30,384.4638999996,939003.0000000000,939387.4638999996,True,76500.0000000000,53800.0000000000,42300.0000000000,82200.0000000000,0.0084236813,1187540.6454999992,-0.2089639479,1770862.5399000002,1060203.6702715019
2022-10-10,384.4638999996,938833.0000000000,939217.4638999996,True,76500.0000000000,53800.0000000000,42300.0000000000,82200.0000000000,-0.0001809690,1187540.6454999992,-0.2091071009,1770852.5399000002,1042591.9758820746
2022-10-11,384.4638999996,938606.0000000000,938990.4638999996,True,76500.0000000000,53800.0000000000,42300.0000000000,82200.0000000000,-0.0002416906,1187540.6454999992,-0.2092982523,1770672.5399000002,1044569.0848859831
2022-10-12,384.4638999996,941009.0000000000,941393.4638999996,True,76500.0000000000,53800.0000000000,42300.0000000000,82200.0000000000,0.0025591314,1187540.6454999992,-0.2072747426,1773345.5399000002,1060596.2876623489
2022-10-13,384.4638999996,935097.0000000000,935481.4638999996,True,76500.0000000000,53800.0000000000,42300.0000000000,82200.0000000000,-0.0062800521,1187540.6454999992,-0.2122530985,1766710.5399000002,1057388.7437996250
2022-10-14,384.4638999996,934079.0000000000,934463.4638999996,True,76500.0000000000,53800.0000000000,42300.0000000000,82200.0000000000,-0.0010882097,1187540.6454999992,-0.2131103323,1765413.5399000002,1076889.9093825039
2022-10-17,384.4638999996,934275.0000000000,934659.4638999996,True,76500.0000000000,53800.0000000000,42300.0000000000,82200.0000000000,0.0002097460,1187540.6454999992,-0.2129452853,1765771.5399000002,1081429.5479641736
2022-10-18,384.4638999996,934275.0000000000,934659.4638999996,True,76500.0000000000,53800.0000000000,42300.0000000000,82200.0000000000,0.0000000000,1187540.6454999992,-0.2129452853,1765771.5399000002,1080034.3540216992
2022-10-19,931664.2242999995,0.0000000000,931664.2242999995,False,0.0000000000,0.0000000000,0.0000000000,0.0000000000,-0.0032046320,1187540.6454999992,-0.2154675060,1763705.5399000002,1067211.1895956390
2022-10-20,164.8582999995,933740.0000000000,933904.8582999995,True,76300.0000000000,53500.0000000000,42500.0000000000,82000.0000000000,0.0024049802,1187540.6454999992,-0.2135807209,1766847.5399000002,1063940.5465093860
2022-10-21,164.8582999995,936936.0000000000,937100.8582999995,True,76300.0000000000,53500.0000000000,42500.0000000000,82000.0000000000,0.0034221901,1187540.6454999992,-0.2108894446,1770400.5399000002,1065300.6853276778
2022-10-24,164.8582999995,934613.0000000000,934777.8582999995,True,76300.0000000000,53500.0000000000,42500.0000000000,82000.0000000000,-0.0024789221,1187540.6454999992,-0.2128455882,1767667.5399000002,1043787.3556167072
2022-10-25,164.8582999995,932355.0000000000,932519.8582999995,True,76300.0000000000,53500.0000000000,42500.0000000000,82000.0000000000,-0.0024155472,1187540.6454999992,-0.2147469968,1765182.5399000002,1043338.6500271676
2022-10-26,164.8582999995,924617.0000000000,924781.8582999995,True,76300.0000000000,53500.0000000000,42500.0000000000,82000.0000000000,-0.0082979466,1187540.6454999992,-0.2212629843,1756311.5399000002,1051478.4498624087
2022-10-27,164.8582999995,918514.0000000000,918678.8582999995,True,76300.0000000000,53500.0000000000,42500.0000000000,82000.0000000000,-0.0065993942,1187540.6454999992,-0.2264021768,1749344.5399000002,1045659.2992480675
2022-10-28,164.8582999995,920803.0000000000,920967.8582999995,True,76300.0000000000,53500.0000000000,42500.0000000000,82000.0000000000,0.0024916215,1187540.6454999992,-0.2244746638,1751651.5399000002,1022182.8825828615
2022-10-31,164.8582999995,904958.0000000000,905122.8582999995,True,76300.0000000000,53500.0000000000,42500.0000000000,82000.0000000000,-0.0172047264,1187540.6454999992,-0.2378173650,1733856.5399000002,1014313.0072038280
2022-11-01,164.8582999995,897391.0000000000,897555.8582999995,True,76300.0000000000,53500.0000000000,42500.0000000000,82000.0000000000,-0.0083601910,1187540.6454999992,-0.2441893575,1724995.5399000002,1040856.7472350270
2022-11-02,164.8582999995,893235.0000000000,893399.8582999995,True,76300.0000000000,53500.0000000000,42500.0000000000,82000.0000000000,-0.0046303525,1187540.6454999992,-0.2476890272,1720315.5399000002,1052835.0831682822
2022-11-03,164.8582999995,892613.0000000000,892777.8582999995,True,76300.0000000000,53500.0000000000,42500.0000000000,82000.0000000000,-0.0006962168,1187540.6454999992,-0.2482127987,1719419.5399000002,1050886.0182637197
2022-11-04,164.8582999995,901092.0000000000,901256.8582999995,True,76300.0000000000,53500.0000000000,42500.0000000000,82000.0000000000,0.0094973234,1187540.6454999992,-0.2410728326,1729000.5399000002,1076472.7534047288
2022-11-07,898842.0571999997,0.0000000000,898842.0571999997,False,0.0000000000,0.0000000000,0.0000000000,0.0000000000,-0.0026793706,1187540.6454999992,-0.2431062797,1727873.5399000002,1078933.6231223599
2022-11-08,898842.0571999997,0.0000000000,898842.0571999997,False,0.0000000000,0.0000000000,0.0000000000,0.0000000000,0.0000000000,1187540.6454999992,-0.2431062797,1724970.5399000002,1074260.7750687955
2022-11-09,898842.0571999997,0.0000000000,898842.0571999997,False,0.0000000000,0.0000000000,0.0000000000,0.0000000000,0.0000000000,1187540.6454999992,-0.2431062797,1728513.5399000002,1068539.7788021665
2022-11-10,898842.0571999997,0.0000000000,898842.0571999997,False,0.0000000000,0.0000000000,0.0000000000,0.0000000000,0.0000000000,1187540.6454999992,-0.2431062797,1732962.5399000002,1064319.1418505600
2022-11-11,898842.0571999997,0.0000000000,898842.0571999997,False,0.0000000000,0.0000000000,0.0000000000,0.0000000000,0.0000000000,1187540.6454999992,-0.2431062797,1742132.5399000002,1082253.3433824689
2022-11-14,898842.0571999997,0.0000000000,898842.0571999997,False,0.0000000000,0.0000000000,0.0000000000,0.0000000000,0.0000000000,1187540.6454999992,-0.2431062797,1744147.5399000002,1080889.6990517587
2022-11-15,898842.0571999997,0.0000000000,898842.0571999997,False,0.0000000000,0.0000000000,0.0000000000,0.0000000000,0.0000000000,1187540.6454999992,-0.2431062797,1745325.5399000002,1098655.6359875905
2022-11-16,898842.0571999997,0.0000000000,898842.0571999997,False,0.0000000000,0.0000000000,0.0000000000,0.0000000000,0.0000000000,1187540.6454999992,-0.2431062797,1741414.5399000002,1093712.8634778189
2022-11-17,898842.0571999997,0.0000000000,898842.0571999997,False,0.0000000000,0.0000000000,0.0000000000,0.0000000000,0.0000000000,1187540.6454999992,-0.2431062797,1740927.5399000002,1092117.8553275024
2022-11-18,898842.0571999997,0.0000000000,898842.0571999997,False,0.0000000000,0.0000000000,0.0000000000,0.0000000000,0.0000000000,1187540.6454999992,-0.2431062797,1741772.5399000002,1085741.3282386553
2022-11-21,898842.0571999997,0.0000000000,898842.0571999997,False,0.0000000000,0.0000000000,0.0000000000,0.0000000000,0.0000000000,1187540.6454999992,-0.2431062797,1742592.5399000002,1081464.6030883563
2022-11-22,898842.0571999997,0.0000000000,898842.0571999997,False,0.0000000000,0.0000000000,0.0000000000,0.0000000000,0.0000000000,1187540.6454999992,-0.2431062797,1754026.5399000002,1082831.7529314847
2022-11-23,898842.0571999997,0.0000000000,898842.0571999997,False,0.0000000000,0.0000000000,0.0000000000,0.0000000000,0.0000000000,1187540.6454999992,-0.2431062797,1761762.5399000002,1085625.6463288520
2022-11-24,898842.0571999997,0.0000000000,898842.0571999997,False,0.0000000000,0.0000000000,0.0000000000,0.0000000000,0.0000000000,1187540.6454999992,-0.2431062797,1758927.5399000002,1082961.4568909609
2022-11-25,898842.0571999997,0.0000000000,898842.0571999997,False,0.0000000000,0.0000000000,0.0000000000,0.0000000000,0.0000000000,1187540.6454999992,-0.2431062797,1775262.5399000002,1087301.2812647889
2022-11-28,898842.0571999997,0.0000000000,898842.0571999997,False,0.0000000000,0.0000000000,0.0000000000,0.0000000000,0.0000000000,1187540.6454999992,-0.2431062797,1763769.5399000002,1079189.5255288940
2022-11-29,898842.0571999997,0.0000000000,898842.0571999997,False,0.0000000000,0.0000000000,0.0000000000,0.0000000000,0.0000000000,1187540.6454999992,-0.2431062797,1779122.5399000002,1104148.7739470317
2022-11-30,898842.0571999997,0.0000000000,898842.0571999997,False,0.0000000000,0.0000000000,0.0000000000,0.0000000000,0.0000000000,1187540.6454999992,-0.2431062797,1778175.5399000002,1104706.1504215379
2022-12-01,898842.0571999997,0.0000000000,898842.0571999997,False,0.0000000000,0.0000000000,0.0000000000,0.0000000000,0.0000000000,1187540.6454999992,-0.2431062797,1764665.5399000002,1109659.4394685642
2022-12-02,898842.0571999997,0.0000000000,898842.0571999997,False,0.0000000000,0.0000000000,0.0000000000,0.0000000000,0.0000000000,1187540.6454999992,-0.2431062797,1762462.5399000002,1106388.7963823110
2022-12-05,898842.0571999997,0.0000000000,898842.0571999997,False,0.0000000000,0.0000000000,0.0000000000,0.0000000000,0.0000000000,1187540.6454999992,-0.2431062797,1780728.5399000002,1125903.9840148634
2022-12-06,898842.0571999997,0.0000000000,898842.0571999997,False,0.0000000000,0.0000000000,0.0000000000,0.0000000000,0.0000000000,1187540.6454999992,-0.2431062797,1782393.5399000002,1126156.3809089793
2022-12-07,898842.0571999997,0.0000000000,898842.0571999997,False,0.0000000000,0.0000000000,0.0000000000,0.0000000000,0.0000000000,1187540.6454999992,-0.2431062797,1776817.5399000002,1121630.7643769828
2022-12-08,898842.0571999997,0.0000000000,898842.0571999997,False,0.0000000000,0.0000000000,0.0000000000,0.0000000000,0.0000000000,1187540.6454999992,-0.2431062797,1782436.5399000002,1120835.0130580338
2022-12-09,898842.0571999997,0.0000000000,898842.0571999997,False,0.0000000000,0.0000000000,0.0000000000,0.0000000000,0.0000000000,1187540.6454999992,-0.2431062797,1780421.5399000002,1124200.3049795805
2022-12-12,898842.0571999997,0.0000000000,898842.0571999997,False,0.0000000000,0.0000000000,0.0000000000,0.0000000000,0.0000000000,1187540.6454999992,-0.2431062797,1770302.5399000002,1114416.4198201671
2022-12-13,898842.0571999997,0.0000000000,898842.0571999997,False,0.0000000000,0.0000000000,0.0000000000,0.0000000000,0.0000000000,1187540.6454999992,-0.2431062797,1781096.5399000002,1113466.4259548138
2022-12-14,898842.0571999997,0.0000000000,898842.0571999997,False,0.0000000000,0.0000000000,0.0000000000,0.0000000000,0.0000000000,1187540.6454999992,-0.2431062797,1780370.5399000002,1113536.5362031795
2022-12-15,898842.0571999997,0.0000000000,898842.0571999997,False,0.0000000000,0.0000000000,0.0000000000,0.0000000000,0.0000000000,1187540.6454999992,-0.2431062797,1773436.5399000002,1110774.1924175767
2022-12-16,898842.0571999997,0.0000000000,898842.0571999997,False,0.0000000000,0.0000000000,0.0000000000,0.0000000000,0.0000000000,1187540.6454999992,-0.2431062797,1784461.5399000002,1110497.2569365327
2022-12-19,898842.0571999997,0.0000000000,898842.0571999997,False,0.0000000000,0.0000000000,0.0000000000,0.0000000000,0.0000000000,1187540.6454999992,-0.2431062797,1775281.5399000002,1089204.7745079137
2022-12-20,672.6871999997,890227.0000000000,890899.6871999997,True,71300.0000000000,52800.0000000000,40300.0000000000,78200.0000000000,-0.0088362243,1187540.6454999992,-0.2497943623,1763779.5399000002,1077513.8905929574
2022-12-21,672.6871999997,892988.0000000000,893660.6871999997,True,71300.0000000000,52800.0000000000,40300.0000000000,78200.0000000000,0.0030991143,1187540.6454999992,-0.2474693893,1767416.5399000002,1075634.9359367606
2022-12-22,672.6871999997,895849.0000000000,896521.6871999997,True,71300.0000000000,52800.0000000000,40300.0000000000,78200.0000000000,0.0032014388,1187540.6454999992,-0.2450602086,1770533.5399000002,1070734.2295760082
2022-12-23,672.6871999997,894862.0000000000,895534.6871999997,True,71300.0000000000,52800.0000000000,40300.0000000000,78200.0000000000,-0.0011009215,1187540.6454999992,-0.2458913380,1769525.5399000002,1067733.5109459625
2022-12-26,672.6871999997,891191.0000000000,891863.6871999997,True,71300.0000000000,52800.0000000000,40300.0000000000,78200.0000000000,-0.0040992270,1187540.6454999992,-0.2489826007,1765084.5399000002,1074635.8648975515
2022-12-27,672.6871999997,902507.0000000000,903179.6871999997,True,71300.0000000000,52800.0000000000,40300.0000000000,78200.0000000000,0.0126880376,1187540.6454999992,-0.2394536637,1778576.5399000002,1085155.9076648029
2022-12-28,672.6871999997,906267.0000000000,906939.6871999997,True,71300.0000000000,52800.0000000000,40300.0000000000,78200.0000000000,0.0041630697,1187540.6454999992,-0.2362874562,1783076.5399000002,1082291.9040190699
2022-12-29,672.6871999997,902128.0000000000,902800.6871999997,True,71300.0000000000,52800.0000000000,40300.0000000000,78200.0000000000,-0.0045636993,1187540.6454999992,-0.2397728106,1778175.5399000002,1077489.3520060293
2022-12-30,672.6871999997,908911.0000000000,909583.6871999997,True,71300.0000000000,52800.0000000000,40300.0000000000,78200.0000000000,0.0075132863,1187540.6454999992,-0.2340610061,1786269.5399000002,1082943.9293288696
2023-01-03,672.6871999997,906545.0000000000,907217.6871999997,True,71300.0000000000,52800.0000000000,40300.0000000000,78200.0000000000,-0.0026011900,1187540.6454999992,-0.2360533590,1783563.5399000002,1092496.4506686765
2023-01-04,672.6871999997,916398.0000000000,917070.6871999997,True,71300.0000000000,52800.0000000000,40300.0000000000,78200.0000000000,0.0108606789,1187540.6454999992,-0.2277563798,1795091.5399000002,1094953.8148738891
2023-01-05,672.6871999997,914814.0000000000,915486.6871999997,True,71300.0000000000,52800.0000000000,40300.0000000000,78200.0000000000,-0.0017272387,1187540.6454999992,-0.2290902289,1793324.5399000002,1106066.2892398296
2023-01-06,914607.0259999998,0.0000000000,914607.0259999998,False,0.0000000000,0.0000000000,0.0000000000,0.0000000000,-0.0009608673,1187540.6454999992,-0.2298309709,1793205.5399000002,1106914.6232450528
2023-01-09,914607.0259999998,0.0000000000,914607.0259999998,False,0.0000000000,0.0000000000,0.0000000000,0.0000000000,0.0000000000,1187540.6454999992,-0.2298309709,1788926.5399000002,1113378.7881443570
2023-01-10,914607.0259999998,0.0000000000,914607.0259999998,False,0.0000000000,0.0000000000,0.0000000000,0.0000000000,0.0000000000,1187540.6454999992,-0.2298309709,1783837.5399000002,1111075.6664855485
2023-01-11,914607.0259999998,0.0000000000,914607.0259999998,False,0.0000000000,0.0000000000,0.0000000000,0.0000000000,0.0000000000,1187540.6454999992,-0.2298309709,1787347.5399000002,1108386.9384607296
2023-01-12,914607.0259999998,0.0000000000,914607.0259999998,False,0.0000000000,0.0000000000,0.0000000000,0.0000000000,0.0000000000,1187540.6454999992,-0.2298309709,1786083.5399000002,1108951.3259600722
2023-01-13,914607.0259999998,0.0000000000,914607.0259999998,False,0.0000000000,0.0000000000,0.0000000000,0.0000000000,0.0000000000,1187540.6454999992,-0.2298309709,1795007.5399000002,1120119.8885247051
2023-01-16,914607.0259999998,0.0000000000,914607.0259999998,False,0.0000000000,0.0000000000,0.0000000000,0.0000000000,0.0000000000,1187540.6454999992,-0.2298309709,1789576.5399000002,1131435.6826109057
2023-01-17,914607.0259999998,0.0000000000,914607.0259999998,False,0.0000000000,0.0000000000,0.0000000000,0.0000000000,0.0000000000,1187540.6454999992,-0.2298309709,1788680.5399000002,1130261.3359507825
2023-01-18,914607.0259999998,0.0000000000,914607.0259999998,False,0.0000000000,0.0000000000,0.0000000000,0.0000000000,0.0000000000,1187540.6454999992,-0.2298309709,1789977.5399000002,1130320.9296618933
2023-01-19,914607.0259999998,0.0000000000,914607.0259999998,False,0.0000000000,0.0000000000,0.0000000000,0.0000000000,0.0000000000,1187540.6454999992,-0.2298309709,1790695.5399000002,1135884.1778697001
2023-01-20,914607.0259999998,0.0000000000,914607.0259999998,False,0.0000000000,0.0000000000,0.0000000000,0.0000000000,0.0000000000,1187540.6454999992,-0.2298309709,1791233.5399000002,1144483.1998317353
2023-01-30,914607.0259999998,0.0000000000,914607.0259999998,False,0.0000000000,0.0000000000,0.0000000000,0.0000000000,0.0000000000,1187540.6454999992,-0.2298309709,1791413.5399000002,1146064.1859323785
2023-01-31,914607.0259999998,0.0000000000,914607.0259999998,False,0.0000000000,0.0000000000,0.0000000000,0.0000000000,0.0000000000,1187540.6454999992,-0.2298309709,1788629.5399000002,1141279.1614814296
2023-02-01,914607.0259999998,0.0000000000,914607.0259999998,False,0.0000000000,0.0000000000,0.0000000000,0.0000000000,0.0000000000,1187540.6454999992,-0.2298309709,1789517.5399000002,1151532.7853048919
2023-02-02,914607.0259999998,0.0000000000,914607.0259999998,False,0.0000000000,0.0000000000,0.0000000000,0.0000000000,0.0000000000,1187540.6454999992,-0.2298309709,1787621.5399000002,1151795.6987362627
2023-02-03,914607.0259999998,0.0000000000,914607.0259999998,False,0.0000000000,0.0000000000,0.0000000000,0.0000000000,0.0000000000,1187540.6454999992,-0.2298309709,1786144.5399000002,1143992.4280931766
2023-02-06,914607.0259999998,0.0000000000,914607.0259999998,False,0.0000000000,0.0000000000,0.0000000000,0.0000000000,0.0000000000,1187540.6454999992,-0.2298309709,1785187.5399000002,1135330.3069076121
2023-02-07,914607.0259999998,0.0000000000,914607.0259999998,False,0.0000000000,0.0000000000,0.0000000000,0.0000000000,0.0000000000,1187540.6454999992,-0.2298309709,1784418.5399000002,1138621.9830683749
2023-02-08,914607.0259999998,0.0000000000,914607.0259999998,False,0.0000000000,0.0000000000,0.0000000000,0.0000000000,0.0000000000,1187540.6454999992,-0.2298309709,1785776.5399000002,1133020.1742239671
2023-02-09,914607.0259999998,0.0000000000,914607.0259999998,False,0.0000000000,0.0000000000,0.0000000000,0.0000000000,0.0000000000,1187540.6454999992,-0.2298309709,1788560.5399000002,1146435.7702487160
2023-02-10,914607.0259999998,0.0000000000,914607.0259999998,False,0.0000000000,0.0000000000,0.0000000000,0.0000000000,0.0000000000,1187540.6454999992,-0.2298309709,1790687.5399000002,1143031.9176905684
2023-02-13,914607.0259999998,0.0000000000,914607.0259999998,False,0.0000000000,0.0000000000,0.0000000000,0.0000000000,0.0000000000,1187540.6454999992,-0.2298309709,1785956.5399000002,1151266.3663611028
2023-02-14,914607.0259999998,0.0000000000,914607.0259999998,False,0.0000000000,0.0000000000,0.0000000000,0.0000000000,0.0000000000,1187540.6454999992,-0.2298309709,1785375.5399000002,1154463.3936865721
2023-02-15,914607.0259999998,0.0000000000,914607.0259999998,False,0.0000000000,0.0000000000,0.0000000000,0.0000000000,0.0000000000,1187540.6454999992,-0.2298309709,1783172.5399000002,1149979.8433035950
2023-02-16,914607.0259999998,0.0000000000,914607.0259999998,False,0.0000000000,0.0000000000,0.0000000000,0.0000000000,0.0000000000,1187540.6454999992,-0.2298309709,1783352.5399000002,1138951.5012356930
2023-02-17,355.8328999999,914352.0000000000,914707.8328999998,True,71000.0000000000,53400.0000000000,41000.0000000000,78500.0000000000,0.0001102188,1187540.6454999992,-0.2297460838,1784522.5399000002,1130184.2146775804
2023-02-20,355.8328999999,921404.0000000000,921759.8328999998,True,71000.0000000000,53400.0000000000,41000.0000000000,78500.0000000000,0.0077095656,1187540.6454999992,-0.2238077607,1792933.5399000002,1153432.7730355985
2023-02-21,920028.7018999999,0.0000000000,920028.7018999999,False,0.0000000000,0.0000000000,0.0000000000,0.0000000000,-0.0018780716,1187540.6454999992,-0.2252655053,1794598.5399000002,1159104.6921283719
2023-02-22,920028.7018999999,0.0000000000,920028.7018999999,False,0.0000000000,0.0000000000,0.0000000000,0.0000000000,0.0000000000,1187540.6454999992,-0.2252655053,1790636.5399000002,1153716.7195414789
2023-02-23,920028.7018999999,0.0000000000,920028.7018999999,False,0.0000000000,0.0000000000,0.0000000000,0.0000000000,0.0000000000,1187540.6454999992,-0.2252655053,1790098.5399000002,1152430.1964839711
2023-02-24,920028.7018999999,0.0000000000,920028.7018999999,False,0.0000000000,0.0000000000,0.0000000000,0.0000000000,0.0000000000,1187540.6454999992,-0.2252655053,1787263.5399000002,1145306.9952500307
2023-02-27,295.8647999999,917548.0000000000,917843.8647999999,True,71400.0000000000,53600.0000000000,41000.0000000000,78500.0000000000,-0.0023747488,1187540.6454999992,-0.2271053052,1785956.5399000002,1142106.4624121431
2023-02-28,295.8647999999,922347.0000000000,922642.8647999999,True,71400.0000000000,53600.0000000000,41000.0000000000,78500.0000000000,0.0052285581,1187540.6454999992,-0.2230641803,1791712.5399000002,1149671.3582107865
2023-03-01,921443.8136999999,0.0000000000,921443.8136999999,False,0.0000000000,0.0000000000,0.0000000000,0.0000000000,-0.0012995831,1187540.6454999992,-0.2240738730,1792481.5399000002,1161148.4058682278
2023-03-02,921443.8136999999,0.0000000000,921443.8136999999,False,0.0000000000,0.0000000000,0.0000000000,0.0000000000,0.0000000000,1187540.6454999992,-0.2240738730,1796811.5399000002,1160552.4687571204
2023-03-03,921443.8136999999,0.0000000000,921443.8136999999,False,0.0000000000,0.0000000000,0.0000000000,0.0000000000,0.0000000000,1187540.6454999992,-0.2240738730,1815376.5399000002,1166771.2477871452
2023-03-06,921443.8136999999,0.0000000000,921443.8136999999,False,0.0000000000,0.0000000000,0.0000000000,0.0000000000,0.0000000000,1187540.6454999992,-0.2240738730,1812772.5399000002,1164541.7418891205
2023-03-07,921443.8136999999,0.0000000000,921443.8136999999,False,0.0000000000,0.0000000000,0.0000000000,0.0000000000,0.0000000000,1187540.6454999992,-0.2240738730,1824820.5399000002,1151595.8845284209
2023-03-08,921443.8136999999,0.0000000000,921443.8136999999,False,0.0000000000,0.0000000000,0.0000000000,0.0000000000,0.0000000000,1187540.6454999992,-0.2240738730,1825579.5399000002,1150947.3647310396
2023-03-09,358.5710000000,919273.0000000000,919631.5710000000,True,68900.0000000000,52300.0000000000,39300.0000000000,76500.0000000000,-0.0019667425,1187540.6454999992,-0.2255999199,1823386.5399000002,1148437.4178395527
2023-03-10,358.5710000000,908690.0000000000,909048.5710000000,True,68900.0000000000,52300.0000000000,39300.0000000000,76500.0000000000,-0.0115078694,1187540.6454999992,-0.2345116149,1810602.5399000002,1132308.5552030567
2023-03-13,358.5710000000,918252.0000000000,918610.5710000000,True,68900.0000000000,52300.0000000000,39300.0000000000,76500.0000000000,0.0105186899,1187540.6454999992,-0.2264596799,1822257.5399000002,1145846.8441624455
2023-03-14,358.5710000000,919464.0000000000,919822.5710000000,True,68900.0000000000,52300.0000000000,39300.0000000000,76500.0000000000,0.0013193839,1187540.6454999992,-0.2254390833,1823615.5399000002,1137647.4506160938
2023-03-15,358.5710000000,933224.0000000000,933582.5710000000,True,68900.0000000000,52300.0000000000,39300.0000000000,76500.0000000000,0.0149594068,1187540.6454999992,-0.2138521115,1840447.5399000002,1143957.3729689936
2023-03-16,358.5710000000,947119.0000000000,947477.5710000000,True,68900.0000000000,52300.0000000000,39300.0000000000,76500.0000000000,0.0148835255,1187540.6454999992,-0.2021514593,1856640.5399000002,1131190.2967416262
2023-03-17,358.5710000000,948374.0000000000,948732.5710000000,True,68900.0000000000,52300.0000000000,39300.0000000000,76500.0000000000,0.0013245696,1187540.6454999992,-0.2010946534,1858424.5399000002,1139484.3391232714
2023-03-20,358.5710000000,951448.0000000000,951806.5710000000,True,68900.0000000000,52300.0000000000,39300.0000000000,76500.0000000000,0.0032401122,1187540.6454999992,-0.1985061104,1862020.5399000002,1134001.7177010849
2023-03-21,358.5710000000,935829.0000000000,936187.5710000000,True,68900.0000000000,52300.0000000000,39300.0000000000,76500.0000000000,-0.0164098468,1187540.6454999992,-0.2116585023,1843335.5399000002,1141272.1504565929
2023-03-22,358.5710000000,946776.0000000000,947134.5710000000,True,68900.0000000000,52300.0000000000,39300.0000000000,76500.0000000000,0.0116931696,1187540.6454999992,-0.2024402915,1856825.5399000002,1144812.7179990534
2023-03-23,358.5710000000,950787.0000000000,951145.5710000000,True,68900.0000000000,52300.0000000000,39300.0000000000,76500.0000000000,0.0042348787,1187540.6454999992,-0.1990627229,1861685.5399000002,1152139.2389532540
2023-03-24,949311.3266000000,0.0000000000,949311.3266000000,False,0.0000000000,0.0000000000,0.0000000000,0.0000000000,-0.0019284581,1187540.6454999992,-0.2006072969,1845485.5399000002,1144777.6628748707
2023-03-27,497.7679000001,944016.0000000000,944513.7679000001,True,69800.0000000000,53000.0000000000,39700.0000000000,77800.0000000000,-0.0050537253,1187540.6454999992,-0.2046472081,1838541.5399000002,1139782.3076788250
2023-03-28,497.7679000001,950511.0000000000,951008.7679000001,True,69800.0000000000,53000.0000000000,39700.0000000000,77800.0000000000,0.0068765541,1187540.6454999992,-0.1991779216,1846140.5399000002,1137671.9892030216
2023-03-29,497.7679000001,952650.0000000000,953147.7679000001,True,69800.0000000000,53000.0000000000,39700.0000000000,77800.0000000000,0.0022491906,1187540.6454999992,-0.1973767201,1848488.5399000002,1135807.0565964980
2023-03-30,497.7679000001,953894.0000000000,954391.7679000001,True,69800.0000000000,53000.0000000000,39700.0000000000,77800.0000000000,0.0013051492,1187540.6454999992,-0.1963291770,1849983.5399000002,1143235.2374108285
2023-03-31,497.7679000001,950080.0000000000,950577.7679000001,True,69800.0000000000,53000.0000000000,39700.0000000000,77800.0000000000,-0.0039962625,1187540.6454999992,-0.1995408566,1845713.5399000002,1147305.1373284489
2023-04-03,948946.1800000002,0.0000000000,948946.1800000002,False,0.0000000000,0.0000000000,0.0000000000,0.0000000000,-0.0017164171,1187540.6454999992,-0.2009147783,1843185.5399000002,1155557.1135610747
2023-04-04,948946.1800000002,0.0000000000,948946.1800000002,False,0.0000000000,0.0000000000,0.0000000000,0.0000000000,0.0000000000,1187540.6454999992,-0.2009147783,1862766.5399000002,1161222.0216290115
2023-04-06,948946.1800000002,0.0000000000,948946.1800000002,False,0.0000000000,0.0000000000,0.0000000000,0.0000000000,0.0000000000,1187540.6454999992,-0.2009147783,1866403.5399000002,1161246.5602159395
2023-04-07,948946.1800000002,0.0000000000,948946.1800000002,False,0.0000000000,0.0000000000,0.0000000000,0.0000000000,0.0000000000,1187540.6454999992,-0.2009147783,1865771.5399000002,1166511.8398681928
2023-04-10,948946.1800000002,0.0000000000,948946.1800000002,False,0.0000000000,0.0000000000,0.0000000000,0.0000000000,0.0000000000,1187540.6454999992,-0.2009147783,1866411.5399000002,1162203.5651061293
2023-04-11,948946.1800000002,0.0000000000,948946.1800000002,False,0.0000000000,0.0000000000,0.0000000000,0.0000000000,0.0000000000,1187540.6454999992,-0.2009147783,1873550.5399000002,1161576.0783832576
2023-04-12,948946.1800000002,0.0000000000,948946.1800000002,False,0.0000000000,0.0000000000,0.0000000000,0.0000000000,0.0000000000,1187540.6454999992,-0.2009147783,1886111.5399000002,1166347.0807845336
2023-04-13,948946.1800000002,0.0000000000,948946.1800000002,False,0.0000000000,0.0000000000,0.0000000000,0.0000000000,0.0000000000,1187540.6454999992,-0.2009147783,1894225.5399000002,1163255.2188316127
2023-04-14,948946.1800000002,0.0000000000,948946.1800000002,False,0.0000000000,0.0000000000,0.0000000000,0.0000000000,0.0000000000,1187540.6454999992,-0.2009147783,1890441.5399000002,1170192.6279073844
2023-04-17,948946.1800000002,0.0000000000,948946.1800000002,False,0.0000000000,0.0000000000,0.0000000000,0.0000000000,0.0000000000,1187540.6454999992,-0.2009147783,1914205.5399000002,1186829.7898445304
2023-04-18,948946.1800000002,0.0000000000,948946.1800000002,False,0.0000000000,0.0000000000,0.0000000000,0.0000000000,0.0000000000,1187540.6454999992,-0.2009147783,1924408.5399000002,1189536.0454314409
2023-04-19,948946.1800000002,0.0000000000,948946.1800000002,False,0.0000000000,0.0000000000,0.0000000000,0.0000000000,0.0000000000,1187540.6454999992,-0.2009147783,1926466.5399000002,1181403.2566210364
2023-04-20,948946.1800000002,0.0000000000,948946.1800000002,False,0.0000000000,0.0000000000,0.0000000000,0.0000000000,0.0000000000,1187540.6454999992,-0.2009147783,1923443.5399000002,1180316.5477713705
2023-04-21,948946.1800000002,0.0000000000,948946.1800000002,False,0.0000000000,0.0000000000,0.0000000000,0.0000000000,0.0000000000,1187540.6454999992,-0.2009147783,1913103.5399000002,1157260.7925963576
2023-04-24,1017.8868000001,953476.0000000000,954493.8868000001,True,66200.0000000000,50400.0000000000,37800.0000000000,71000.0000000000,0.0058461764,1187540.6454999992,-0.1962431851,1921250.5399000002,1148199.0429951097
2023-04-25,1017.8868000001,966338.0000000000,967355.8868000001,True,66200.0000000000,50400.0000000000,37800.0000000000,71000.0000000000,0.0134752042,1187540.6454999992,-0.1854123979,1937876.5399000002,1144504.2329062449
2023-04-26,1017.8868000001,962412.0000000000,963429.8868000001,True,66200.0000000000,50400.0000000000,37800.0000000000,71000.0000000000,-0.0040584857,1187540.6454999992,-0.1887183900,1932676.5399000002,1144234.3084500376
2023-04-27,1017.8868000001,964070.0000000000,965087.8868000001,True,66200.0000000000,50400.0000000000,37800.0000000000,71000.0000000000,0.0017209348,1187540.6454999992,-0.1873222273,1934648.5399000002,1151869.3144970466
2023-04-28,1017.8868000001,962180.0000000000,963197.8868000001,True,66200.0000000000,50400.0000000000,37800.0000000000,71000.0000000000,-0.0019583709,1187540.6454999992,-0.1889137518,1932343.5399000002,1164976.4254289870
2023-05-04,957398.9730000001,0.0000000000,957398.9730000001,False,0.0000000000,0.0000000000,0.0000000000,0.0000000000,-0.0060204802,1187540.6454999992,-0.1937968804,1994589.5399000002,1174507.9136942842
2023-05-05,957398.9730000001,0.0000000000,957398.9730000001,False,0.0000000000,0.0000000000,0.0000000000,0.0000000000,0.0000000000,1187540.6454999992,-0.1937968804,2018461.5399000002,1168913.1158747131
2023-05-08,957398.9730000001,0.0000000000,957398.9730000001,False,0.0000000000,0.0000000000,0.0000000000,0.0000000000,0.0000000000,1187540.6454999992,-0.1937968804,2112432.5399000002,1190121.4660052932
2023-05-09,957398.9730000001,0.0000000000,957398.9730000001,False,0.0000000000,0.0000000000,0.0000000000,0.0000000000,0.0000000000,1187540.6454999992,-0.1937968804,2108262.5399000002,1177035.3881478624
2023-05-10,957398.9730000001,0.0000000000,957398.9730000001,False,0.0000000000,0.0000000000,0.0000000000,0.0000000000,0.0000000000,1187540.6454999992,-0.1937968804,2034337.5399000002,1163532.1543126567
2023-05-11,1121.1757000001,944692.0000000000,945813.1757000001,True,56100.0000000000,47500.0000000000,36000.0000000000,66400.0000000000,-0.0121013262,1187540.6454999992,-0.2035530074,2014853.5399000002,1160166.8623911100
2023-05-12,1121.1757000001,940670.0000000000,941791.1757000001,True,56100.0000000000,47500.0000000000,36000.0000000000,66400.0000000000,-0.0042524254,1187540.6454999992,-0.2069398388,2009244.5399000002,1147129.8617075351
2023-05-15,1121.1757000001,949930.0000000000,951051.1757000001,True,56100.0000000000,47500.0000000000,36000.0000000000,66400.0000000000,0.0098323283,1187540.6454999992,-0.1991422110,2022112.5399000002,1160584.0183688849
2023-05-16,1121.1757000001,951474.0000000000,952595.1757000001,True,56100.0000000000,47500.0000000000,36000.0000000000,66400.0000000000,0.0016234668,1187540.6454999992,-0.1978420450,2024606.5399000002,1153660.6313427866
2023-05-17,1121.1757000001,944432.0000000000,945553.1757000001,True,56100.0000000000,47500.0000000000,36000.0000000000,66400.0000000000,-0.0073924372,1187540.6454999992,-0.2037719473,2014708.5399000002,1151290.9049480308
2023-05-18,1121.1757000001,966317.0000000000,967438.1757000001,True,56100.0000000000,47500.0000000000,36000.0000000000,66400.0000000000,0.0231451816,1187540.6454999992,-0.1853431044,2044840.5399000002,1155879.6207035563
2023-05-19,1121.1757000001,952544.0000000000,953665.1757000001,True,56100.0000000000,47500.0000000000,36000.0000000000,66400.0000000000,-0.0142365686,1187540.6454999992,-0.1969410232,2025944.5399000002,1151049.0245911696
2023-05-22,1121.1757000001,955306.0000000000,956427.1757000001,True,56100.0000000000,47500.0000000000,36000.0000000000,66400.0000000000,0.0028961947,1187540.6454999992,-0.1946152081,2029693.5399000002,1155581.6521480028
2023-05-23,1121.1757000001,927219.0000000000,928340.1757000001,True,56100.0000000000,47500.0000000000,36000.0000000000,66400.0000000000,-0.0293665851,1187540.6454999992,-0.2182666090,1990899.5399000002,1137973.4632709937
2023-05-24,1121.1757000001,897553.0000000000,898674.1757000001,True,56100.0000000000,47500.0000000000,36000.0000000000,66400.0000000000,-0.0319559584,1187540.6454999992,-0.2432476487,1950140.5399000002,1123429.0922475592
2023-05-25,1121.1757000001,895355.0000000000,896476.1757000001,True,56100.0000000000,47500.0000000000,36000.0000000000,66400.0000000000,-0.0024458253,1187540.6454999992,-0.2450985328,1946937.5399000002,1122205.6684135804
2023-05-26,1121.1757000001,907229.0000000000,908350.1757000001,True,56100.0000000000,47500.0000000000,36000.0000000000,66400.0000000000,0.0132451930,1187540.6454999992,-0.2350997171,1963637.5399000002,1126145.8643717244
2023-05-29,1121.1757000001,923677.0000000000,924798.1757000001,True,56100.0000000000,47500.0000000000,36000.0000000000,66400.0000000000,0.0181075542,1187540.6454999992,-0.2212492438,1986669.5399000002,1129283.2979860830
2023-05-30,1121.1757000001,914383.0000000000,915504.1757000001,True,56100.0000000000,47500.0000000000,36000.0000000000,66400.0000000000,-0.0100497603,1187540.6454999992,-0.2290755022,1973809.5399000002,1130250.8194135278
2023-05-31,1121.1757000001,912343.0000000000,913464.1757000001,True,56100.0000000000,47500.0000000000,36000.0000000000,66400.0000000000,-0.0022282804,1187540.6454999992,-0.2307933382,1970741.5399000002,1123362.4875116120
2023-06-01,1121.1757000001,909625.0000000000,910746.1757000001,True,56100.0000000000,47500.0000000000,36000.0000000000,66400.0000000000,-0.0029754861,1187540.6454999992,-0.2330821019,1966567.5399000002,1123387.0260985398
2023-06-02,1121.1757000001,908013.0000000000,909134.1757000001,True,56100.0000000000,47500.0000000000,36000.0000000000,66400.0000000000,-0.0017699772,1187540.6454999992,-0.2344395292,1964055.5399000002,1132305.0496906384
2023-06-05,1121.1757000001,928902.0000000000,930023.1757000001,True,56100.0000000000,47500.0000000000,36000.0000000000,66400.0000000000,0.0229768065,1187540.6454999992,-0.2168493944,1993148.5399000002,1133135.8561337704
2023-06-06,1121.1757000001,929103.0000000000,930224.1757000001,True,56100.0000000000,47500.0000000000,36000.0000000000,66400.0000000000,0.0002161236,1187540.6454999992,-0.2166801370,1993379.5399000002,1120130.4050619600
2023-06-07,1121.1757000001,941867.0000000000,942988.1757000001,True,56100.0000000000,47500.0000000000,36000.0000000000,66400.0000000000,0.0137214236,1187540.6454999992,-0.2059318733,2011183.5399000002,1120978.7390671831
2023-06-08,1121.1757000001,960334.0000000000,961455.1757000001,True,56100.0000000000,47500.0000000000,36000.0000000000,66400.0000000000,0.0195834905,1187540.6454999992,-0.1903812477,2036571.5399000002,1126527.9652253168
2023-06-09,1121.1757000001,953750.0000000000,954871.1757000001,True,56100.0000000000,47500.0000000000,36000.0000000000,66400.0000000000,-0.0068479532,1187540.6454999992,-0.1959254790,2027272.5399000002,1132774.7883546876
2023-06-12,1121.1757000001,939023.0000000000,940144.1757000001,True,56100.0000000000,47500.0000000000,36000.0000000000,66400.0000000000,-0.0154230229,1187540.6454999992,-0.2083267387,2007203.5399000002,1131870.3661507720
2023-06-13,1121.1757000001,943314.0000000000,944435.1757000001,True,56100.0000000000,47500.0000000000,36000.0000000000,66400.0000000000,0.0045641936,1187540.6454999992,-0.2047133887,2013061.5399000002,1133567.0341612184
2023-06-14,942734.4850000001,0.0000000000,942734.4850000001,False,0.0000000000,0.0000000000,0.0000000000,0.0000000000,-0.0018007490,1187540.6454999992,-0.2061455003,1981315.5399000002,1131926.4543494645
2023-06-15,607.9318000000,945343.0000000000,945950.9318000000,True,58700.0000000000,48000.0000000000,37100.0000000000,66200.0000000000,0.0034118268,1187540.6454999992,-0.2034370062,1989272.5399000002,1140336.1786409128
2023-06-16,946414.7824000000,0.0000000000,946414.7824000000,False,0.0000000000,0.0000000000,0.0000000000,0.0000000000,0.0004903538,1187540.6454999992,-0.2030464086,1978554.5399000002,1147469.8964121081
2023-06-19,946414.7824000000,0.0000000000,946414.7824000000,False,0.0000000000,0.0000000000,0.0000000000,0.0000000000,0.0000000000,1187540.6454999992,-0.2030464086,1961595.5399000002,1141328.2386552854
2023-06-20,946414.7824000000,0.0000000000,946414.7824000000,False,0.0000000000,0.0000000000,0.0000000000,0.0000000000,0.0000000000,1187540.6454999992,-0.2030464086,1953644.5399000002,1135912.2219690464
2023-06-21,946414.7824000000,0.0000000000,946414.7824000000,False,0.0000000000,0.0000000000,0.0000000000,0.0000000000,0.0000000000,1187540.6454999992,-0.2030464086,1961636.5399000002,1121027.8162410390
2023-06-26,575.1156000001,929761.0000000000,930336.1156000001,True,61100.0000000000,48700.0000000000,38000.0000000000,67200.0000000000,-0.0169890275,1187540.6454999992,-0.2165858751,1939296.5399000002,1104453.7535274217
2023-06-27,575.1156000001,944429.0000000000,945004.1156000001,True,61100.0000000000,48700.0000000000,38000.0000000000,67200.0000000000,0.0157663448,1187540.6454999992,-0.2042342978,1958818.5399000002,1118062.1527351760
2023-06-28,575.1156000001,943335.0000000000,943910.1156000001,True,61100.0000000000,48700.0000000000,38000.0000000000,67200.0000000000,-0.0011576669,1187540.6454999992,-0.2051555295,1957085.5399000002,1118041.1196606664
2023-06-29,575.1156000001,938760.0000000000,939335.1156000001,True,61100.0000000000,48700.0000000000,38000.0000000000,67200.0000000000,-0.0048468598,1187540.6454999992,-0.2090080292,1951143.5399000002,1115587.2609678719
2023-06-30,575.1156000001,948731.0000000000,949306.1156000001,True,61100.0000000000,48700.0000000000,38000.0000000000,67200.0000000000,0.0106149550,1187540.6454999992,-0.2006116850,1964328.5399000002,1122486.1094070426
2023-07-03,575.1156000001,965018.0000000000,965593.1156000001,True,61100.0000000000,48700.0000000000,38000.0000000000,67200.0000000000,0.0171567419,1187540.6454999992,-0.1868967860,1986000.5399000002,1137181.2174644629
2023-07-04,963093.2133000001,0.0000000000,963093.2133000001,False,0.0000000000,0.0000000000,0.0000000000,0.0000000000,-0.0025889811,1187540.6454999992,-0.1890018948,1969579.5399000002,1137661.4726657670
2023-07-05,963093.2133000001,0.0000000000,963093.2133000001,False,0.0000000000,0.0000000000,0.0000000000,0.0000000000,0.0000000000,1187540.6454999992,-0.1890018948,1966975.5399000002,1129809.1248488247
2023-07-06,963093.2133000001,0.0000000000,963093.2133000001,False,0.0000000000,0.0000000000,0.0000000000,0.0000000000,0.0000000000,1187540.6454999992,-0.1890018948,1954739.5399000002,1123716.5442658581
2023-07-07,1088.6985000001,963712.0000000000,964800.6985000001,True,62200.0000000000,50500.0000000000,38800.0000000000,68700.0000000000,0.0017729179,1187540.6454999992,-0.1875640618,1953782.5399000002,1120575.6051390811
2023-07-10,1088.6985000001,965316.0000000000,966404.6985000001,True,62200.0000000000,50500.0000000000,38800.0000000000,68700.0000000000,0.0016625195,1187540.6454999992,-0.1862133712,1955815.5399000002,1123061.0134436402
2023-07-11,1088.6985000001,974924.0000000000,976012.6985000001,True,62200.0000000000,50500.0000000000,38800.0000000000,68700.0000000000,0.0099420046,1187540.6454999992,-0.1781227007,1968069.5399000002,1129255.2538867369
2023-07-12,975366.4887000000,0.0000000000,975366.4887000000,False,0.0000000000,0.0000000000,0.0000000000,0.0000000000,-0.0006620916,1187540.6454999992,-0.1786668588,1966079.5399000002,1120407.3405430038
2023-07-13,978.2598999999,987707.0000000000,988685.2598999999,True,61800.0000000000,50500.0000000000,38800.0000000000,68600.0000000000,0.0136551454,1187540.6454999992,-0.1674514353,1987393.5399000002,1134552.0831507544
2023-07-14,989436.4382999998,0.0000000000,989436.4382999998,False,0.0000000000,0.0000000000,0.0000000000,0.0000000000,0.0007597751,1187540.6454999992,-0.1668188857,1985725.7399000002,1134979.7556657845
2023-07-17,989436.4382999998,0.0000000000,989436.4382999998,False,0.0000000000,0.0000000000,0.0000000000,0.0000000000,0.0000000000,1187540.6454999992,-0.1668188857,1985103.6899000001,1125139.7823076788
2023-07-18,143.7394999998,979264.0000000000,979407.7394999998,True,65400.0000000000,54100.0000000000,41700.0000000000,72300.0000000000,-0.0101357686,1187540.6454999992,-0.1752638167,1977315.2699000002,1120999.7721416927
2023-07-19,143.7394999998,981417.0000000000,981560.7394999998,True,65400.0000000000,54100.0000000000,41700.0000000000,72300.0000000000,0.0021982673,1187540.6454999992,-0.1734508261,1979800.2699000002,1121357.3344083570
2023-07-20,143.7394999998,985433.0000000000,985576.7394999998,True,65400.0000000000,54100.0000000000,41700.0000000000,72300.0000000000,0.0040914432,1187540.6454999992,-0.1700690471,1984701.2699000002,1111079.1719979667
2023-07-21,143.7394999998,984947.0000000000,985090.7394999998,True,65400.0000000000,54100.0000000000,41700.0000000000,72300.0000000000,-0.0004931123,1187540.6454999992,-0.1704782963,1983993.2699000002,1110458.6962999315
2023-07-24,143.7394999998,983056.0000000000,983199.7394999998,True,65400.0000000000,54100.0000000000,41700.0000000000,72300.0000000000,-0.0019196201,1187540.6454999992,-0.1720706628,1981899.2699000002,1109200.2173417700
2023-07-25,143.7394999998,1000809.0000000000,1000952.7394999998,True,65400.0000000000,54100.0000000000,41700.0000000000,72300.0000000000,0.0180563514,1187540.6454999992,-0.1571212798,2003548.2699000002,1132813.3489912888
2023-07-26,998929.6276999998,0.0000000000,998929.6276999998,False,0.0000000000,0.0000000000,0.0000000000,0.0000000000,-0.0020211861,1187540.6454999992,-0.1588248946,1999508.2699000002,1129837.1689481710
2023-07-27,998929.6276999998,0.0000000000,998929.6276999998,False,0.0000000000,0.0000000000,0.0000000000,0.0000000000,0.0000000000,1187540.6454999992,-0.1588248946,2017490.2699000002,1127607.6630501463
2023-07-28,998929.6276999998,0.0000000000,998929.6276999998,False,0.0000000000,0.0000000000,0.0000000000,0.0000000000,0.0000000000,1187540.6454999992,-0.1588248946,2041665.2699000002,1148381.3296408602
2023-07-31,998929.6276999998,0.0000000000,998929.6276999998,False,0.0000000000,0.0000000000,0.0000000000,0.0000000000,0.0000000000,1187540.6454999992,-0.1588248946,2041964.2699000002,1153678.1589048780
2023-08-01,998929.6276999998,0.0000000000,998929.6276999998,False,0.0000000000,0.0000000000,0.0000000000,0.0000000000,0.0000000000,1187540.6454999992,-0.1588248946,2045568.2699000002,1153646.6092931135
2023-08-02,998929.6276999998,0.0000000000,998929.6276999998,False,0.0000000000,0.0000000000,0.0000000000,0.0000000000,0.0000000000,1187540.6454999992,-0.1588248946,2009678.2699000002,1143389.4799572327
2023-08-03,998929.6276999998,0.0000000000,998929.6276999998,False,0.0000000000,0.0000000000,0.0000000000,0.0000000000,0.0000000000,1187540.6454999992,-0.1588248946,2022376.2699000002,1149969.3267663401
2023-08-04,998929.6276999998,0.0000000000,998929.6276999998,False,0.0000000000,0.0000000000,0.0000000000,0.0000000000,0.0000000000,1187540.6454999992,-0.1588248946,2026168.2699000002,1152640.5272290676
2023-08-07,998929.6276999998,0.0000000000,998929.6276999998,False,0.0000000000,0.0000000000,0.0000000000,0.0000000000,0.0000000000,1187540.6454999992,-0.1588248946,2016988.2699000002,1145892.4158238829
2023-08-08,998929.6276999998,0.0000000000,998929.6276999998,False,0.0000000000,0.0000000000,0.0000000000,0.0000000000,0.0000000000,1187540.6454999992,-0.1588248946,2009960.2699000002,1143014.3901284770
2023-08-09,998929.6276999998,0.0000000000,998929.6276999998,False,0.0000000000,0.0000000000,0.0000000000,0.0000000000,0.0000000000,1187540.6454999992,-0.1588248946,2013973.2699000002,1137359.9985977949
2023-08-10,998929.6276999998,0.0000000000,998929.6276999998,False,0.0000000000,0.0000000000,0.0000000000,0.0000000000,0.0000000000,1187540.6454999992,-0.1588248946,2012026.2699000002,1140890.0496030007
2023-08-11,998929.6276999998,0.0000000000,998929.6276999998,False,0.0000000000,0.0000000000,0.0000000000,0.0000000000,0.0000000000,1187540.6454999992,-0.1588248946,1995145.2699000002,1117995.5479992288
2023-08-14,285.1241999998,993144.0000000000,993429.1241999998,True,66500.0000000000,54400.0000000000,42300.0000000000,72800.0000000000,-0.0055063974,1187540.6454999992,-0.1634567390,1981140.2699000002,1114202.5835626523
2023-08-15,285.1241999998,1012203.0000000000,1012488.1241999998,True,66500.0000000000,54400.0000000000,42300.0000000000,72800.0000000000,0.0191850627,1187540.6454999992,-0.1474076041,2003881.2699000002,1113413.8432685398
2023-08-16,285.1241999998,1010692.0000000000,1010977.1241999998,True,66500.0000000000,54400.0000000000,42300.0000000000,72800.0000000000,-0.0014923632,1187540.6454999992,-0.1486799816,2002036.2699000002,1104281.9834189261
2023-08-17,285.1241999998,1003554.0000000000,1003839.1241999998,True,66500.0000000000,54400.0000000000,42300.0000000000,72800.0000000000,-0.0070604961,1187540.6454999992,-0.1546907232,1993650.2699000002,1109052.9858202022
2023-08-18,285.1241999998,1008334.0000000000,1008619.1241999998,True,66500.0000000000,54400.0000000000,42300.0000000000,72800.0000000000,0.0047617192,1187540.6454999992,-0.1506655978,1999576.2699000002,1097908.9618424973
2023-08-21,285.1241999998,996229.0000000000,996514.1241999998,True,66500.0000000000,54400.0000000000,42300.0000000000,72800.0000000000,-0.0120015571,1187540.6454999992,-0.1608589331,1985000.2699000002,1084247.9799484690
2023-08-22,285.1241999998,1010084.0000000000,1010369.1241999998,True,66500.0000000000,54400.0000000000,42300.0000000000,72800.0000000000,0.0139034658,1187540.6454999992,-0.1491919641,2001609.2699000002,1093835.5564124587
2023-08-23,285.1241999998,1015947.0000000000,1016232.1241999998,True,66500.0000000000,54400.0000000000,42300.0000000000,72800.0000000000,0.0058028297,1187540.6454999992,-0.1442548699,2008553.2699000002,1079136.9428426200
2023-08-24,285.1241999998,1005367.0000000000,1005652.1241999998,True,66500.0000000000,54400.0000000000,42300.0000000000,72800.0000000000,-0.0104110072,1187540.6454999992,-0.1531640386,1995982.2699000002,1080483.0596112385
2023-08-25,285.1241999998,1014375.0000000000,1014660.1241999998,True,66500.0000000000,54400.0000000000,42300.0000000000,72800.0000000000,0.0089573718,1187540.6454999992,-0.1455786141,2006655.2699000002,1074113.5435472280
2023-08-28,285.1241999998,1030106.0000000000,1030391.1241999998,True,66500.0000000000,54400.0000000000,42300.0000000000,72800.0000000000,0.0155037136,1187540.6454999992,-0.1323319096,2025637.2699000002,1086232.0999772141
2023-08-29,285.1241999998,1012985.0000000000,1013270.1241999998,True,66500.0000000000,54400.0000000000,42300.0000000000,72800.0000000000,-0.0166160205,1187540.6454999992,-0.1467491003,2005119.2699000002,1099290.1337352986
2023-08-30,285.1241999998,1006034.0000000000,1006319.1241999998,True,66500.0000000000,54400.0000000000,42300.0000000000,72800.0000000000,-0.0068599674,1187540.6454999992,-0.1526023736,1996997.2699000002,1099728.3227875833
2023-08-31,285.1241999998,1006391.0000000000,1006676.1241999998,True,66500.0000000000,54400.0000000000,42300.0000000000,72800.0000000000,0.0003547582,1187540.6454999992,-0.1523017524,1997193.2699000002,1093677.8083536359
2023-09-01,285.1241999998,999555.0000000000,999840.1241999998,True,66500.0000000000,54400.0000000000,42300.0000000000,72800.0000000000,-0.0067906647,1187540.6454999992,-0.1580581869,1989294.2699000002,1098364.6784568734
2023-09-04,285.1241999998,1008390.0000000000,1008675.1241999998,True,66500.0000000000,54400.0000000000,42300.0000000000,72800.0000000000,0.0088364127,1187540.6454999992,-0.1506184415,2000121.2699000002,1113722.3283613482
2023-09-05,1006174.7681999998,0.0000000000,1006174.7681999998,False,0.0000000000,0.0000000000,0.0000000000,0.0000000000,-0.0024788517,1187540.6454999992,-0.1527239324,1993025.2699000002,1105768.3206842761
2023-09-06,1006174.7681999998,0.0000000000,1006174.7681999998,False,0.0000000000,0.0000000000,0.0000000000,0.0000000000,0.0000000000,1187540.6454999992,-0.1527239324,1996218.2699000002,1107068.8657914570
2023-09-07,1006174.7681999998,0.0000000000,1006174.7681999998,False,0.0000000000,0.0000000000,0.0000000000,0.0000000000,0.0000000000,1187540.6454999992,-0.1527239324,1996807.2699000002,1094543.6699209507
2023-09-08,238.0776999998,1002801.0000000000,1003039.0776999998,True,67800.0000000000,54400.0000000000,41600.0000000000,72900.0000000000,-0.0031164472,1187540.6454999992,-0.1553644235,1992332.2699000002,1092570.0664294602
2023-09-11,238.0776999998,1001918.0000000000,1002156.0776999998,True,67800.0000000000,54400.0000000000,41600.0000000000,72900.0000000000,-0.0008803246,1187540.6454999992,-0.1561079770,1991086.2699000002,1101705.4317914920
2023-09-12,1000677.0856999998,0.0000000000,1000677.0856999998,False,0.0000000000,0.0000000000,0.0000000000,0.0000000000,-0.0014758100,1187540.6454999992,-0.1573534013,1990137.2699000002,1099700.2786882373
2023-09-13,1000677.0856999998,0.0000000000,1000677.0856999998,False,0.0000000000,0.0000000000,0.0000000000,0.0000000000,0.0000000000,1187540.6454999992,-0.1573534013,1995944.2699000002,1094796.0668150666
2023-09-14,729.1912999999,1011551.0000000000,1012280.1912999998,True,67700.0000000000,54000.0000000000,41000.0000000000,72500.0000000000,0.0115952546,1187540.6454999992,-0.1475826995,2011553.2699000002,1096015.9851366272
2023-09-15,1012195.3704999997,0.0000000000,1012195.3704999997,False,0.0000000000,0.0000000000,0.0000000000,0.0000000000,-0.0000837918,1187540.6454999992,-0.1476541251,2001332.2699000002,1092927.6286961245
2023-09-18,549.9678999998,1011854.0000000000,1012403.9678999998,True,68300.0000000000,54500.0000000000,41300.0000000000,72700.0000000000,0.0002060841,1187540.6454999992,-0.1474784701,2003535.2699000002,1095798.6433666940
2023-09-19,1010769.1454999998,0.0000000000,1010769.1454999998,False,0.0000000000,0.0000000000,0.0000000000,0.0000000000,-0.0016147926,1187540.6454999992,-0.1488551155,2015446.2699000002,1095458.6086621212
2023-09-20,1010769.1454999998,0.0000000000,1010769.1454999998,False,0.0000000000,0.0000000000,0.0000000000,0.0000000000,0.0000000000,1187540.6454999992,-0.1488551155,2027803.2699000002,1089713.0738085639
2023-09-21,763.2345999998,1006258.0000000000,1007021.2345999999,True,66800.0000000000,53800.0000000000,40400.0000000000,70300.0000000000,-0.0037079791,1187540.6454999992,-0.1520111430,2024925.2699000002,1081345.4156661350
2023-09-22,763.2345999998,1014273.0000000000,1015036.2345999999,True,66800.0000000000,53800.0000000000,40400.0000000000,70300.0000000000,0.0079591172,1187540.6454999992,-0.1452619003,2034608.2699000002,1098077.2264385747
2023-09-25,1014224.8161999998,0.0000000000,1014224.8161999998,False,0.0000000000,0.0000000000,0.0000000000,0.0000000000,-0.0007993985,1187540.6454999992,-0.1459451767,2038681.2699000002,1092180.9545510313
2023-09-26,1008.9425999999,1008781.0000000000,1009789.9426000000,True,66500.0000000000,53400.0000000000,40100.0000000000,70000.0000000000,-0.0043726731,1187540.6454999992,-0.1496796792,2035914.2699000002,1087504.6009850490
2023-09-27,1008.9425999999,994439.0000000000,995447.9426000000,True,66500.0000000000,53400.0000000000,40100.0000000000,70000.0000000000,-0.0142029539,1187540.6454999992,-0.1617567396,2017803.2699000002,1089274.8847562792
2023-09-28,1008.9425999999,1005247.0000000000,1006255.9426000000,True,66500.0000000000,53400.0000000000,40100.0000000000,70000.0000000000,0.0108574236,1187540.6454999992,-0.1526555774,2031551.2699000002,1090382.6266804549
2023-10-09,1008.9425999999,1003647.0000000000,1004655.9426000000,True,66500.0000000000,53400.0000000000,40100.0000000000,70000.0000000000,-0.0015900527,1187540.6454999992,-0.1540028997,2029655.2699000002,1085629.1518412703
2023-10-10,1008.9425999999,1002348.0000000000,1003356.9426000000,True,66500.0000000000,53400.0000000000,40100.0000000000,70000.0000000000,-0.0012929800,1187540.6454999992,-0.1550967570,2028031.2699000002,1078029.2009184442
2023-10-11,1008.9425999999,1012487.0000000000,1013495.9426000000,True,66500.0000000000,53400.0000000000,40100.0000000000,70000.0000000000,0.0101050778,1187540.6454999992,-0.1465589439,2040754.2699000002,1079333.2515380436
2023-10-12,1008.9425999999,1035092.0000000000,1036100.9426000000,True,66500.0000000000,53400.0000000000,40100.0000000000,70000.0000000000,0.0223039867,1187540.6454999992,-0.1275238060,2068074.2699000002,1089478.2044765393
2023-10-13,1008.9425999999,1055003.0000000000,1056011.9426000000,True,66500.0000000000,53400.0000000000,40100.0000000000,70000.0000000000,0.0192172395,1187540.6454999992,-0.1107572220,2093164.2699000002,1082537.2898883494
2023-10-16,1008.9425999999,1056433.0000000000,1057441.9426000000,True,66500.0000000000,53400.0000000000,40100.0000000000,70000.0000000000,0.0013541514,1187540.6454999992,-0.1095530527,2094454.2699000002,1077527.9126426305
2023-10-17,1008.9425999999,1057671.0000000000,1058679.9426000000,True,66500.0000000000,53400.0000000000,40100.0000000000,70000.0000000000,0.0011707499,1187540.6454999992,-0.1085105620,2096238.2699000002,1080924.7541759417
2023-10-18,1008.9425999999,1063067.0000000000,1064075.9426000000,True,66500.0000000000,53400.0000000000,40100.0000000000,70000.0000000000,0.0050969134,1187540.6454999992,-0.1039667176,2102857.2699000002,1072234.5888910312
2023-10-19,1008.9425999999,1044289.0000000000,1045297.9426000000,True,66500.0000000000,53400.0000000000,40100.0000000000,70000.0000000000,-0.0176472367,1187540.6454999992,-0.1197792290,2079555.2699000002,1053543.1966767742
2023-10-20,1008.9425999999,1036651.0000000000,1037659.9426000000,True,66500.0000000000,53400.0000000000,40100.0000000000,70000.0000000000,-0.0073070076,1187540.6454999992,-0.1262110088,2070187.2699000002,1045715.3874467600
2023-10-23,1008.9425999999,1034218.0000000000,1035226.9426000000,True,66500.0000000000,53400.0000000000,40100.0000000000,70000.0000000000,-0.0023446988,1187540.6454999992,-0.1282597808,2066787.2699000002,1030371.7595919584
2023-10-24,1008.9425999999,1018986.0000000000,1019994.9426000000,True,66500.0000000000,53400.0000000000,40100.0000000000,70000.0000000000,-0.0147136820,1187540.6454999992,-0.1410862892,2048102.2699000002,1038416.9105919057
2023-10-25,1008.9425999999,1010582.0000000000,1011590.9426000000,True,66500.0000000000,53400.0000000000,40100.0000000000,70000.0000000000,-0.0082392565,1187540.6454999992,-0.1481630996,2037711.2699000002,1042577.9538324014
2023-10-26,1008.9425999999,1027856.0000000000,1028864.9426000000,True,66500.0000000000,53400.0000000000,40100.0000000000,70000.0000000000,0.0170760722,1187540.6454999992,-0.1336170711,2059127.2699000002,1047552.2759539376
2023-10-27,1008.9425999999,1026148.0000000000,1027156.9426000000,True,66500.0000000000,53400.0000000000,40100.0000000000,70000.0000000000,-0.0016600818,1187540.6454999992,-0.1350553377,2056967.2699000002,1057886.5265630204
2023-10-30,1008.9425999999,1004829.0000000000,1005837.9426000000,True,66500.0000000000,53400.0000000000,40100.0000000000,70000.0000000000,-0.0207553482,1187540.6454999992,-0.1530075653,2030001.2699000002,1059208.1047447110
2023-10-31,1008.9425999999,1014659.0000000000,1015667.9426000000,True,66500.0000000000,53400.0000000000,40100.0000000000,70000.0000000000,0.0097729461,1187540.6454999992,-0.1447299539,2041940.2699000002,1058233.5722924299
2023-11-01,1008.9425999999,1020626.0000000000,1021634.9426000000,True,66500.0000000000,53400.0000000000,40100.0000000000,70000.0000000000,0.0058749516,1187540.6454999992,-0.1397052838,2049189.2699000002,1059744.4481447076
2023-11-02,1008.9425999999,1028361.0000000000,1029369.9426000000,True,66500.0000000000,53400.0000000000,40100.0000000000,70000.0000000000,0.0075711976,1187540.6454999992,-0.1331918225,2059069.2699000002,1054952.4126689218
2023-11-03,1008.9425999999,1017831.0000000000,1018839.9426000000,True,66500.0000000000,53400.0000000000,40100.0000000000,70000.0000000000,-0.0102295585,1187540.6454999992,-0.1420588874,2046191.2699000002,1062450.7037316179
2023-11-06,1008.9425999999,1006094.0000000000,1007102.9426000000,True,66500.0000000000,53400.0000000000,40100.0000000000,70000.0000000000,-0.0115199645,1187540.6454999992,-0.1519423386,2031443.2699000002,1072129.4235184828
2023-11-07,1005598.6273999998,0.0000000000,1005598.6273999998,False,0.0000000000,0.0000000000,0.0000000000,0.0000000000,-0.0014937055,1187540.6454999992,-0.1532090870,2041384.2699000002,1071729.7951027991
2023-11-08,1005598.6273999998,0.0000000000,1005598.6273999998,False,0.0000000000,0.0000000000,0.0000000000,0.0000000000,0.0000000000,1187540.6454999992,-0.1532090870,2039625.2699000002,1070012.0940178430
2023-11-09,1005598.6273999998,0.0000000000,1005598.6273999998,False,0.0000000000,0.0000000000,0.0000000000,0.0000000000,0.0000000000,1187540.6454999992,-0.1532090870,2058404.2699000002,1070331.0956479062
2023-11-10,1005598.6273999998,0.0000000000,1005598.6273999998,False,0.0000000000,0.0000000000,0.0000000000,0.0000000000,0.0000000000,1187540.6454999992,-0.1532090870,2060018.2699000002,1065314.7073773509
2023-11-13,1005598.6273999998,0.0000000000,1005598.6273999998,False,0.0000000000,0.0000000000,0.0000000000,0.0000000000,0.0000000000,1187540.6454999992,-0.1532090870,2054980.2699000002,1067964.8747655689
2023-11-14,1005598.6273999998,0.0000000000,1005598.6273999998,False,0.0000000000,0.0000000000,0.0000000000,0.0000000000,0.0000000000,1187540.6454999992,-0.1532090870,2059224.2699000002,1071309.1336126057
2023-11-15,1005598.6273999998,0.0000000000,1005598.6273999998,False,0.0000000000,0.0000000000,0.0000000000,0.0000000000,0.0000000000,1187540.6454999992,-0.1532090870,2056978.2699000002,1077184.3724256393
2023-11-16,1005598.6273999998,0.0000000000,1005598.6273999998,False,0.0000000000,0.0000000000,0.0000000000,0.0000000000,0.0000000000,1187540.6454999992,-0.1532090870,2064074.2699000002,1069507.3002296111
2023-11-17,1005598.6273999998,0.0000000000,1005598.6273999998,False,0.0000000000,0.0000000000,0.0000000000,0.0000000000,0.0000000000,1187540.6454999992,-0.1532090870,2058404.2699000002,1070713.1965014986
2023-11-20,1005598.6273999998,0.0000000000,1005598.6273999998,False,0.0000000000,0.0000000000,0.0000000000,0.0000000000,0.0000000000,1187540.6454999992,-0.1532090870,2064125.2699000002,1075603.3863249961
2023-11-21,1005598.6273999998,0.0000000000,1005598.6273999998,False,0.0000000000,0.0000000000,0.0000000000,0.0000000000,0.0000000000,1187540.6454999992,-0.1532090870,2066541.2699000002,1075466.6713406832
2023-11-22,1005598.6273999998,0.0000000000,1005598.6273999998,False,0.0000000000,0.0000000000,0.0000000000,0.0000000000,0.0000000000,1187540.6454999992,-0.1532090870,2063399.2699000002,1066941.2651394317
2023-11-23,1005598.6273999998,0.0000000000,1005598.6273999998,False,0.0000000000,0.0000000000,0.0000000000,0.0000000000,0.0000000000,1187540.6454999992,-0.1532090870,2062092.2699000002,1073338.8253027885
2023-11-24,1005598.6273999998,0.0000000000,1005598.6273999998,False,0.0000000000,0.0000000000,0.0000000000,0.0000000000,0.0000000000,1187540.6454999992,-0.1532090870,2065782.2699000002,1066015.8098610064
2023-11-27,960.3262999998,1000576.0000000000,1001536.3262999997,True,63100.0000000000,52400.0000000000,39300.0000000000,68600.0000000000,-0.0040396844,1187540.6454999992,-0.1566298551,2059635.2699000002,1062766.1998492628
2023-11-28,960.3262999998,1001548.0000000000,1002508.3262999997,True,63100.0000000000,52400.0000000000,39300.0000000000,68600.0000000000,0.0009705090,1187540.6454999992,-0.1558113568,2060932.2699000002,1065167.4758557831
2023-11-29,960.3262999998,999266.0000000000,1000226.3262999997,True,63100.0000000000,52400.0000000000,39300.0000000000,68600.0000000000,-0.0022762903,1187540.6454999992,-0.1577329752,2057970.2699000002,1059257.1819185668
2023-11-30,960.3262999998,1006409.0000000000,1007369.3262999997,True,63100.0000000000,52400.0000000000,39300.0000000000,68600.0000000000,0.0071413837,1187540.6454999992,-0.1517180232,2067140.2699000002,1062054.5808283526
2023-12-01,960.3262999998,1008092.0000000000,1009052.3262999997,True,63100.0000000000,52400.0000000000,39300.0000000000,68600.0000000000,0.0016706882,1187540.6454999992,-0.1503008085,2068970.2699000002,1062745.1667747532
2023-12-04,960.3262999998,1007823.0000000000,1008783.3262999997,True,63100.0000000000,52400.0000000000,39300.0000000000,68600.0000000000,-0.0002665868,1187540.6454999992,-0.1505273271,2068825.2699000002,1059684.8544335968
2023-12-05,960.3262999998,1000049.0000000000,1001009.3262999997,True,63100.0000000000,52400.0000000000,39300.0000000000,68600.0000000000,-0.0077063129,1187540.6454999992,-0.1570736294,2058886.2699000002,1041943.4560846932
2023-12-06,960.3262999998,985511.0000000000,986471.3262999997,True,63100.0000000000,52400.0000000000,39300.0000000000,68600.0000000000,-0.0145233412,1187540.6454999992,-0.1693157367,2040229.2699000002,1040762.0983997335
2023-12-07,960.3262999998,991427.0000000000,992387.3262999997,True,63100.0000000000,52400.0000000000,39300.0000000000,68600.0000000000,0.0059971333,1187540.6454999992,-0.1643340124,2047658.2699000002,1039808.5990219620
2023-12-08,960.3262999998,990923.0000000000,991883.3262999997,True,63100.0000000000,52400.0000000000,39300.0000000000,68600.0000000000,-0.0005078662,1187540.6454999992,-0.1647584190,2047442.2699000002,1040982.9456820850
2023-12-11,960.3262999998,989075.0000000000,990035.3262999997,True,63100.0000000000,52400.0000000000,39300.0000000000,68600.0000000000,-0.0018631224,1187540.6454999992,-0.1663145762,2045102.2699000002,1048653.0068532766
2023-12-12,960.3262999998,1004344.0000000000,1005304.3262999997,True,63100.0000000000,52400.0000000000,39300.0000000000,68600.0000000000,0.0154226820,1187540.6454999992,-0.1534569110,2064665.2699000002,1052859.6217552100
2023-12-13,960.3262999998,1003558.0000000000,1004518.3262999997,True,63100.0000000000,52400.0000000000,39300.0000000000,68600.0000000000,-0.0007818528,1187540.6454999992,-0.1541187831,2063589.2699000002,1040702.5046886228
2023-12-14,960.3262999998,1002117.0000000000,1003077.3262999997,True,63100.0000000000,52400.0000000000,39300.0000000000,68600.0000000000,-0.0014345184,1187540.6454999992,-0.1553322153,2061873.2699000002,1037277.6190559654
2023-12-15,960.3262999998,990502.0000000000,991462.3262999997,True,63100.0000000000,52400.0000000000,39300.0000000000,68600.0000000000,-0.0115793665,1187540.6454999992,-0.1651129331,2047150.2699000002,1031518.0621527352
2023-12-18,960.3262999998,1002355.0000000000,1003315.3262999997,True,63100.0000000000,52400.0000000000,39300.0000000000,68600.0000000000,0.0119550685,1187540.6454999992,-0.1551318011,2062104.2699000002,1027395.5795488405
2023-12-19,960.3262999998,1004299.0000000000,1005259.3262999997,True,63100.0000000000,52400.0000000000,39300.0000000000,68600.0000000000,0.0019375763,1187540.6454999992,-0.1534948045,2064698.2699000002,1027952.9560233466
2023-12-20,960.3262999998,1003696.0000000000,1004656.3262999997,True,63100.0000000000,52400.0000000000,39300.0000000000,68600.0000000000,-0.0005998452,1187540.6454999992,-0.1540025766,2063683.2699000002,1017338.2644208017
2023-12-21,960.3262999998,1001300.0000000000,1002260.3262999997,True,63100.0000000000,52400.0000000000,39300.0000000000,68600.0000000000,-0.0023848951,1187540.6454999992,-0.1560201917,2060498.2699000002,1023157.4150351427
2023-12-22,960.3262999998,1002779.0000000000,1003739.3262999997,True,63100.0000000000,52400.0000000000,39300.0000000000,68600.0000000000,0.0014756645,1187540.6454999992,-0.1547747607,2062556.2699000002,1021779.7486547596
2023-12-25,960.3262999998,1009350.0000000000,1010310.3262999997,True,63100.0000000000,52400.0000000000,39300.0000000000,68600.0000000000,0.0065465204,1187540.6454999992,-0.1492414764,2071010.2699000002,1023192.4701593255
2023-12-26,960.3262999998,1012894.0000000000,1013854.3262999997,True,63100.0000000000,52400.0000000000,39300.0000000000,68600.0000000000,0.0035078331,1187540.6454999992,-0.1462571575,2075510.2699000002,1016205.9839096980
2023-12-27,960.3262999998,1019196.0000000000,1020156.3262999997,True,63100.0000000000,52400.0000000000,39300.0000000000,68600.0000000000,0.0062158831,1187540.6454999992,-0.1409503917,2083819.2699000002,1021720.1549436488
2023-12-28,960.3262999998,1005399.0000000000,1006359.3262999997,True,63100.0000000000,52400.0000000000,39300.0000000000,68600.0000000000,-0.0135243978,1187540.6454999992,-0.1525685204,2066271.2699000002,1035773.7542285243
2023-12-29,1005293.2166999998,0.0000000000,1005293.2166999998,False,0.0000000000,0.0000000000,0.0000000000,0.0000000000,-0.0010593727,1187540.6454999992,-0.1534662662,2069413.2699000002,1042865.4058507002
2024-01-02,1005293.2166999998,0.0000000000,1005293.2166999998,False,0.0000000000,0.0000000000,0.0000000000,0.0000000000,0.0000000000,1187540.6454999992,-0.1534662662,2075570.2699000002,1038430.9326415788
2024-01-03,1005293.2166999998,0.0000000000,1005293.2166999998,False,0.0000000000,0.0000000000,0.0000000000,0.0000000000,0.0000000000,1187540.6454999992,-0.1534662662,2090991.2699000002,1040173.1723134629
2024-01-04,1005293.2166999998,0.0000000000,1005293.2166999998,False,0.0000000000,0.0000000000,0.0000000000,0.0000000000,0.0000000000,1187540.6454999992,-0.1534662662,2108242.2699000002,1035651.0612938846
2024-01-05,1005293.2166999998,0.0000000000,1005293.2166999998,False,0.0000000000,0.0000000000,0.0000000000,0.0000000000,0.0000000000,1187540.6454999992,-0.1534662662,2100694.2699000002,1026827.6865370795
2024-01-08,645.9128999998,1003346.0000000000,1003991.9128999998,True,61000.0000000000,51600.0000000000,37700.0000000000,67300.0000000000,-0.0012944520,1187540.6454999992,-0.1545620635,2099344.2699000002,1012230.7328273710
2024-01-09,645.9128999998,1003346.0000000000,1003991.9128999998,True,61000.0000000000,51600.0000000000,37700.0000000000,67300.0000000000,0.0000000000,1187540.6454999992,-0.1545620635,2099344.2699000002,1014232.3804182076
2024-01-10,645.9128999998,994449.0000000000,995094.9128999998,True,61000.0000000000,51600.0000000000,37700.0000000000,67300.0000000000,-0.0088616252,1187540.6454999992,-0.1620540175,2087720.2699000002,1008781.3086077857
2024-01-11,645.9128999998,980123.0000000000,980768.9128999998,True,61000.0000000000,51600.0000000000,37700.0000000000,67300.0000000000,-0.0143966167,1187540.6454999992,-0.1741176046,2069045.2699000002,1011918.7422221443
2024-01-12,645.9128999998,989971.0000000000,990616.9128999998,True,61000.0000000000,51600.0000000000,37700.0000000000,67300.0000000000,0.0100411013,1187540.6454999992,-0.1658248358,2082042.2699000002,1010281.6679228086
2024-01-15,645.9128999998,995575.0000000000,996220.9128999998,True,61000.0000000000,51600.0000000000,37700.0000000000,67300.0000000000,0.0056570809,1187540.6454999992,-0.1611058395,2089078.2699000002,1011792.5437750863
2024-01-16,645.9128999998,1001493.0000000000,1002138.9128999998,True,61000.0000000000,51600.0000000000,37700.0000000000,67300.0000000000,0.0059404495,1187540.6454999992,-0.1561224311,2096814.2699000002,1014491.7883371601
2024-01-17,645.9128999998,991519.0000000000,992164.9128999998,True,61000.0000000000,51600.0000000000,37700.0000000000,67300.0000000000,-0.0099527120,1187540.6454999992,-0.1645213015,2083809.2699000002,993329.0098680174
2024-01-18,645.9128999998,989011.0000000000,989656.9128999998,True,61000.0000000000,51600.0000000000,37700.0000000000,67300.0000000000,-0.0025278056,1187540.6454999992,-0.1666332292,2080307.2699000002,997591.7129686432
2024-01-19,645.9128999998,986454.0000000000,987099.9128999998,True,61000.0000000000,51600.0000000000,37700.0000000000,67300.0000000000,-0.0025837237,1187540.6454999992,-0.1687864187,2076496.2699000002,992859.2712039682
2024-01-22,645.9128999998,988661.0000000000,989306.9128999998,True,61000.0000000000,51600.0000000000,37700.0000000000,67300.0000000000,0.0022358426,1187540.6454999992,-0.1669279560,2079341.2699000002,966238.4098995670
2024-01-23,645.9128999998,988195.0000000000,988840.9128999998,True,61000.0000000000,51600.0000000000,37700.0000000000,67300.0000000000,-0.0004710368,1187540.6454999992,-0.1673203636,2078879.2699000002,971370.4800799256
2024-01-24,645.9128999998,1009255.0000000000,1009900.9128999998,True,61000.0000000000,51600.0000000000,37700.0000000000,67300.0000000000,0.0212976625,1187540.6454999992,-0.1495862338,2106386.2699000002,988824.4264105306
2024-01-25,645.9128999998,1019996.0000000000,1020641.9128999998,True,61000.0000000000,51600.0000000000,37700.0000000000,67300.0000000000,0.0106356969,1187540.6454999992,-0.1405414907,2120510.2699000002,1018740.4693881128
2024-01-26,1018839.7056999998,0.0000000000,1018839.7056999998,False,0.0000000000,0.0000000000,0.0000000000,0.0000000000,-0.0017657586,1187540.6454999992,-0.1420590869,2148385.2699000002,1020181.2349920250
2024-01-29,1018839.7056999998,0.0000000000,1018839.7056999998,False,0.0000000000,0.0000000000,0.0000000000,0.0000000000,0.0000000000,1187540.6454999992,-0.1420590869,2161969.2699000002,1010765.4286365309
2024-01-30,1018839.7056999998,0.0000000000,1018839.7056999998,False,0.0000000000,0.0000000000,0.0000000000,0.0000000000,0.0000000000,1187540.6454999992,-0.1420590869,2150236.2699000002,992245.8065307696
2024-01-31,463.2843999998,1027557.0000000000,1028020.2843999998,True,59900.0000000000,49700.0000000000,37300.0000000000,65800.0000000000,0.0090108175,1187540.6454999992,-0.1343283379,2160066.2699000002,977529.6653988396
2024-02-01,463.2843999998,1022325.0000000000,1022788.2843999998,True,59900.0000000000,49700.0000000000,37300.0000000000,65800.0000000000,-0.0050893937,1187540.6454999992,-0.1387340818,2153378.2699000002,971286.3477818869
2024-02-02,463.2843999998,1033085.0000000000,1033548.2843999998,True,59900.0000000000,49700.0000000000,37300.0000000000,65800.0000000000,0.0105202613,1187540.6454999992,-0.1296733393,2167989.2699000002,957057.4728760977
2024-02-05,463.2843999998,1055604.0000000000,1056067.2843999998,True,59900.0000000000,49700.0000000000,37300.0000000000,65800.0000000000,0.0217880484,1187540.6454999992,-0.1107106200,2197715.2699000002,947256.0601545931
2024-02-06,463.2843999998,1063645.0000000000,1064108.2843999998,True,59900.0000000000,49700.0000000000,37300.0000000000,65800.0000000000,0.0076140982,1187540.6454999992,-0.1039394833,2208669.2699000002,977859.1835661577
2024-02-07,463.2843999998,1041636.0000000000,1042099.2843999998,True,59900.0000000000,49700.0000000000,37300.0000000000,65800.0000000000,-0.0206830454,1187540.6454999992,-0.1224727437,2179190.2699000002,991954.8490000525
2024-02-08,1032903.6707999997,0.0000000000,1032903.6707999997,False,0.0000000000,0.0000000000,0.0000000000,0.0000000000,-0.0088241243,1187540.6454999992,-0.1302161533,2162053.2699000002,1004644.8039542179
2024-02-19,1032903.6707999997,0.0000000000,1032903.6707999997,False,0.0000000000,0.0000000000,0.0000000000,0.0000000000,0.0000000000,1187540.6454999992,-0.1302161533,2208092.2699000002,1020293.4113894098
2024-02-20,1032903.6707999997,0.0000000000,1032903.6707999997,False,0.0000000000,0.0000000000,0.0000000000,0.0000000000,0.0000000000,1187540.6454999992,-0.1302161533,2224681.2699000002,1024566.6310272904
2024-02-21,1032903.6707999997,0.0000000000,1032903.6707999997,False,0.0000000000,0.0000000000,0.0000000000,0.0000000000,0.0000000000,1187540.6454999992,-0.1302161533,2236029.2699000002,1034462.6925840884
2024-02-22,1032903.6707999997,0.0000000000,1032903.6707999997,False,0.0000000000,0.0000000000,0.0000000000,0.0000000000,0.0000000000,1187540.6454999992,-0.1302161533,2237958.2699000002,1047573.3090284473
2024-02-23,1032903.6707999997,0.0000000000,1032903.6707999997,False,0.0000000000,0.0000000000,0.0000000000,0.0000000000,0.0000000000,1187540.6454999992,-0.1302161533,2252354.2699000002,1053364.4155434421
2024-02-26,1032903.6707999997,0.0000000000,1032903.6707999997,False,0.0000000000,0.0000000000,0.0000000000,0.0000000000,0.0000000000,1187540.6454999992,-0.1302161533,2208522.2699000002,1043598.0579461203
2024-02-27,1032903.6707999997,0.0000000000,1032903.6707999997,False,0.0000000000,0.0000000000,0.0000000000,0.0000000000,0.0000000000,1187540.6454999992,-0.1302161533,2210836.2699000002,1057080.2587068165
2024-02-28,1032903.6707999997,0.0000000000,1032903.6707999997,False,0.0000000000,0.0000000000,0.0000000000,0.0000000000,0.0000000000,1187540.6454999992,-0.1302161533,2210451.2699000002,1036877.9906402818
2024-02-29,1032903.6707999997,0.0000000000,1032903.6707999997,False,0.0000000000,0.0000000000,0.0000000000,0.0000000000,0.0000000000,1187540.6454999992,-0.1302161533,2216727.2699000002,1056971.5878218499
2024-03-01,1032903.6707999997,0.0000000000,1032903.6707999997,False,0.0000000000,0.0000000000,0.0000000000,0.0000000000,0.0000000000,1187540.6454999992,-0.1302161533,2224394.2699000002,1061125.6200375089
2024-03-04,1032903.6707999997,0.0000000000,1032903.6707999997,False,0.0000000000,0.0000000000,0.0000000000,0.0000000000,0.0000000000,1187540.6454999992,-0.1302161533,2223909.2699000002,1065433.8947995722
2024-03-05,1032903.6707999997,0.0000000000,1032903.6707999997,False,0.0000000000,0.0000000000,0.0000000000,0.0000000000,0.0000000000,1187540.6454999992,-0.1302161533,2255998.2699000002,1068406.5693302718
2024-03-06,1032903.6707999997,0.0000000000,1032903.6707999997,False,0.0000000000,0.0000000000,0.0000000000,0.0000000000,0.0000000000,1187540.6454999992,-0.1302161533,2233858.2699000002,1065651.2365695054
2024-03-07,1032903.6707999997,0.0000000000,1032903.6707999997,False,0.0000000000,0.0000000000,0.0000000000,0.0000000000,0.0000000000,1187540.6454999992,-0.1302161533,2241193.2699000002,1061258.8295094036
2024-03-08,1032903.6707999997,0.0000000000,1032903.6707999997,False,0.0000000000,0.0000000000,0.0000000000,0.0000000000,0.0000000000,1187540.6454999992,-0.1302161533,2239843.2699000002,1067786.0936322366
2024-03-11,1032903.6707999997,0.0000000000,1032903.6707999997,False,0.0000000000,0.0000000000,0.0000000000,0.0000000000,0.0000000000,1187540.6454999992,-0.1302161533,2230620.2699000002,1075652.4634988520
2024-03-12,1032903.6707999997,0.0000000000,1032903.6707999997,False,0.0000000000,0.0000000000,0.0000000000,0.0000000000,0.0000000000,1187540.6454999992,-0.1302161533,2191229.2699000002,1071263.5619511681
2024-03-13,1032903.6707999997,0.0000000000,1032903.6707999997,False,0.0000000000,0.0000000000,0.0000000000,0.0000000000,0.0000000000,1187540.6454999992,-0.1302161533,2184739.2699000002,1067018.3864126338
2024-03-14,1032903.6707999997,0.0000000000,1032903.6707999997,False,0.0000000000,0.0000000000,0.0000000000,0.0000000000,0.0000000000,1187540.6454999992,-0.1302161533,2190442.2699000002,1065055.2994583983
2024-03-15,1032903.6707999997,0.0000000000,1032903.6707999997,False,0.0000000000,0.0000000000,0.0000000000,0.0000000000,0.0000000000,1187540.6454999992,-0.1302161533,2188468.2699000002,1070807.8453367921
2024-03-18,1032903.6707999997,0.0000000000,1032903.6707999997,False,0.0000000000,0.0000000000,0.0000000000,0.0000000000,0.0000000000,1187540.6454999992,-0.1302161533,2181194.2699000002,1081426.0424517554
2024-03-19,1032903.6707999997,0.0000000000,1032903.6707999997,False,0.0000000000,0.0000000000,0.0000000000,0.0000000000,0.0000000000,1187540.6454999992,-0.1302161533,2167829.2699000002,1073654.3214204337
2024-03-20,1032903.6707999997,0.0000000000,1032903.6707999997,False,0.0000000000,0.0000000000,0.0000000000,0.0000000000,0.0000000000,1187540.6454999992,-0.1302161533,2180220.2699000002,1079589.1539445778
2024-03-21,1032903.6707999997,0.0000000000,1032903.6707999997,False,0.0000000000,0.0000000000,0.0000000000,0.0000000000,0.0000000000,1187540.6454999992,-0.1302161533,2184951.2699000002,1078684.7317406621
2024-03-22,1032903.6707999997,0.0000000000,1032903.6707999997,False,0.0000000000,0.0000000000,0.0000000000,0.0000000000,0.0000000000,1187540.6454999992,-0.1302161533,2197392.2699000002,1068490.7016283104
2024-03-25,1032903.6707999997,0.0000000000,1032903.6707999997,False,0.0000000000,0.0000000000,0.0000000000,0.0000000000,0.0000000000,1187540.6454999992,-0.1302161533,2202796.2699000002,1060876.7286558112
2024-03-26,802.1331999997,1038124.0000000000,1038926.1331999997,True,58500.0000000000,48800.0000000000,37500.0000000000,61000.0000000000,0.0058306138,1187540.6454999992,-0.1251447796,2214948.2699000002,1062689.0785760607
2024-03-27,802.1331999997,1045938.0000000000,1046740.1331999997,True,58500.0000000000,48800.0000000000,37500.0000000000,61000.0000000000,0.0075212277,1187540.6454999992,-0.1185647943,2225793.2699000002,1049248.9439643840
2024-03-28,802.1331999997,1022925.0000000000,1023727.1331999997,True,58500.0000000000,48800.0000000000,37500.0000000000,61000.0000000000,-0.0219853995,1187540.6454999992,-0.1379434994,2194070.2699000002,1055390.6017212067
2024-03-29,802.1331999997,1030719.0000000000,1031521.1331999997,True,58500.0000000000,48800.0000000000,37500.0000000000,61000.0000000000,0.0076133569,1187540.6454999992,-0.1313803556,2205161.2699000002,1066085.9201093719
2024-04-01,802.1331999997,1036217.0000000000,1037019.1331999997,True,58500.0000000000,48800.0000000000,37500.0000000000,61000.0000000000,0.0053299926,1187540.6454999992,-0.1267506193,2212516.2699000002,1078779.3805759556
2024-04-02,1036774.6915999997,0.0000000000,1036774.6915999997,False,0.0000000000,0.0000000000,0.0000000000,0.0000000000,-0.0002357156,1187540.6454999992,-0.1269564578,2224983.2699000002,1077931.0465707325
2024-04-03,1036774.6915999997,0.0000000000,1036774.6915999997,False,0.0000000000,0.0000000000,0.0000000000,0.0000000000,0.0000000000,1187540.6454999992,-0.1269564578,2224196.2699000002,1075946.9265419873
2024-04-08,1036774.6915999997,0.0000000000,1036774.6915999997,False,0.0000000000,0.0000000000,0.0000000000,0.0000000000,0.0000000000,1187540.6454999992,-0.1269564578,2241701.2699000002,1068147.1614113192
2024-04-09,790.9896999997,1024763.0000000000,1025553.9896999998,True,57200.0000000000,47900.0000000000,36800.0000000000,59500.0000000000,-0.0108227004,1187540.6454999992,-0.1364051466,2227254.2699000002,1068669.4827616427
2024-04-10,790.9896999997,1027145.0000000000,1027935.9896999998,True,57200.0000000000,47900.0000000000,36800.0000000000,59500.0000000000,0.0023226471,1187540.6454999992,-0.1343993205,2230627.2699000002,1061234.2909224755
2024-04-11,790.9896999997,1022013.0000000000,1022803.9896999998,True,57200.0000000000,47900.0000000000,36800.0000000000,59500.0000000000,-0.0049925288,1187540.6454999992,-0.1387208568,2223343.2699000002,1063660.1055159238
2024-04-12,790.9896999997,1025020.0000000000,1025810.9896999998,True,57200.0000000000,47900.0000000000,36800.0000000000,59500.0000000000,0.0029399572,1187540.6454999992,-0.1361887329,2227741.2699000002,1058478.9581617094
2024-04-15,790.9896999997,1044933.0000000000,1045723.9896999998,True,57200.0000000000,47900.0000000000,36800.0000000000,59500.0000000000,0.0194119581,1187540.6454999992,-0.1194204648,2255690.2699000002,1071768.3557394003
2024-04-16,1043581.0896999997,0.0000000000,1043581.0896999997,False,0.0000000000,0.0000000000,0.0000000000,0.0000000000,-0.0020492023,1187540.6454999992,-0.1212249504,2269728.2699000002,1054132.1227630449
2024-04-17,949.3939999997,1055030.0000000000,1055979.3939999999,True,56400.0000000000,47800.0000000000,36500.0000000000,59100.0000000000,0.0118805375,1187540.6454999992,-0.1107846304,2281768.2699000002,1076676.0731249889
2024-04-18,1051819.0251999996,0.0000000000,1051819.0251999996,False,0.0000000000,0.0000000000,0.0000000000,0.0000000000,-0.0039398201,1187540.6454999992,-0.1142879790,2289146.2699000002,1077671.6386517799
2024-04-19,1051819.0251999996,0.0000000000,1051819.0251999996,False,0.0000000000,0.0000000000,0.0000000000,0.0000000000,0.0000000000,1187540.6454999992,-0.1142879790,2300605.2699000002,1074530.6995250031
2024-04-22,1051819.0251999996,0.0000000000,1051819.0251999996,False,0.0000000000,0.0000000000,0.0000000000,0.0000000000,0.0000000000,1187540.6454999992,-0.1142879790,2285422.2699000002,1067288.3108688411
2024-04-23,1051819.0251999996,0.0000000000,1051819.0251999996,False,0.0000000000,0.0000000000,0.0000000000,0.0000000000,0.0000000000,1187540.6454999992,-0.1142879790,2287138.2699000002,1059358.8417786970
2024-04-24,550.7392999996,1044730.0000000000,1045280.7392999995,True,56400.0000000000,47800.0000000000,35900.0000000000,58400.0000000000,-0.0062161700,1187540.6454999992,-0.1197937155,2278359.2699000002,1067365.4321420433
2024-04-25,1044563.8600999997,0.0000000000,1044563.8600999997,False,0.0000000000,0.0000000000,0.0000000000,0.0000000000,-0.0006858246,1187540.6454999992,-0.1203973826,2286709.2699000002,1070197.8861760118
2024-04-26,1044563.8600999997,0.0000000000,1044563.8600999997,False,0.0000000000,0.0000000000,0.0000000000,0.0000000000,0.0000000000,1187540.6454999992,-0.1203973826,2258641.2699000002,1082726.5875589363
2024-04-29,1044563.8600999997,0.0000000000,1044563.8600999997,False,0.0000000000,0.0000000000,0.0000000000,0.0000000000,0.0000000000,1187540.6454999992,-0.1203973826,2251786.2699000002,1091280.0378595341
2024-04-30,1044563.8600999997,0.0000000000,1044563.8600999997,False,0.0000000000,0.0000000000,0.0000000000,0.0000000000,0.0000000000,1187540.6454999992,-0.1203973826,2258020.2699000002,1088398.5066517098
2024-05-06,1044563.8600999997,0.0000000000,1044563.8600999997,False,0.0000000000,0.0000000000,0.0000000000,0.0000000000,0.0000000000,1187540.6454999992,-0.1203973826,2238642.2699000002,1100983.2962333269
2024-05-07,1044563.8600999997,0.0000000000,1044563.8600999997,False,0.0000000000,0.0000000000,0.0000000000,0.0000000000,0.0000000000,1187540.6454999992,-0.1203973826,2245916.2699000002,1103444.1659509579
2024-05-08,1044563.8600999997,0.0000000000,1044563.8600999997,False,0.0000000000,0.0000000000,0.0000000000,0.0000000000,0.0000000000,1187540.6454999992,-0.1203973826,2254583.2699000002,1096692.5490333550
2024-05-09,1044563.8600999997,0.0000000000,1044563.8600999997,False,0.0000000000,0.0000000000,0.0000000000,0.0000000000,0.0000000000,1187540.6454999992,-0.1203973826,2242355.2699000002,1105750.7931221847
2024-05-10,1044563.8600999997,0.0000000000,1044563.8600999997,False,0.0000000000,0.0000000000,0.0000000000,0.0000000000,0.0000000000,1187540.6454999992,-0.1203973826,2241518.2699000002,1105831.4199078050
2024-05-13,1044563.8600999997,0.0000000000,1044563.8600999997,False,0.0000000000,0.0000000000,0.0000000000,0.0000000000,0.0000000000,1187540.6454999992,-0.1203973826,2243353.2699000002,1103542.3202986696
2024-05-14,1044563.8600999997,0.0000000000,1044563.8600999997,False,0.0000000000,0.0000000000,0.0000000000,0.0000000000,0.0000000000,1187540.6454999992,-0.1203973826,2231475.2699000002,1102753.5800045570
2024-05-15,1044563.8600999997,0.0000000000,1044563.8600999997,False,0.0000000000,0.0000000000,0.0000000000,0.0000000000,0.0000000000,1187540.6454999992,-0.1203973826,2233602.2699000002,1093684.8193784726
2024-05-16,1044563.8600999997,0.0000000000,1044563.8600999997,False,0.0000000000,0.0000000000,0.0000000000,0.0000000000,0.0000000000,1187540.6454999992,-0.1203973826,2245609.2699000002,1094561.1974830420
2024-05-17,1044563.8600999997,0.0000000000,1044563.8600999997,False,0.0000000000,0.0000000000,0.0000000000,0.0000000000,0.0000000000,1187540.6454999992,-0.1203973826,2251884.2699000002,1105649.1332620545
2024-05-20,1044563.8600999997,0.0000000000,1044563.8600999997,False,0.0000000000,0.0000000000,0.0000000000,0.0000000000,0.0000000000,1187540.6454999992,-0.1203973826,2247204.2699000002,1111650.5705221461
2024-05-21,1044563.8600999997,0.0000000000,1044563.8600999997,False,0.0000000000,0.0000000000,0.0000000000,0.0000000000,0.0000000000,1187540.6454999992,-0.1203973826,2258006.2699000002,1107030.3051548561
2024-05-22,1044563.8600999997,0.0000000000,1044563.8600999997,False,0.0000000000,0.0000000000,0.0000000000,0.0000000000,0.0000000000,1187540.6454999992,-0.1203973826,2262148.2699000002,1107230.1193626977
2024-05-23,1044563.8600999997,0.0000000000,1044563.8600999997,False,0.0000000000,0.0000000000,0.0000000000,0.0000000000,0.0000000000,1187540.6454999992,-0.1203973826,2255633.2699000002,1092454.3845196571
2024-05-24,489.7317999997,1037588.0000000000,1038077.7317999997,True,57900.0000000000,47500.0000000000,36700.0000000000,59300.0000000000,-0.0062094129,1187540.6454999992,-0.1258591984,2246521.2699000002,1082807.2143445567
2024-05-27,489.7317999997,1046251.0000000000,1046740.7317999997,True,57900.0000000000,47500.0000000000,36700.0000000000,59300.0000000000,0.0083452325,1187540.6454999992,-0.1185642902,2258970.2699000002,1095136.1015196396
2024-05-28,489.7317999997,1045582.0000000000,1046071.7317999997,True,57900.0000000000,47500.0000000000,36700.0000000000,59300.0000000000,-0.0006391267,1187540.6454999992,-0.1191276393,2258191.2699000002,1090063.6250503918
2024-05-29,489.7317999997,1039648.0000000000,1040137.7317999997,True,57900.0000000000,47500.0000000000,36700.0000000000,59300.0000000000,-0.0056726511,1187540.6454999992,-0.1241245209,2249737.2699000002,1090571.9243510419
2024-05-30,489.7317999997,1032067.0000000000,1032556.7317999997,True,57900.0000000000,47500.0000000000,36700.0000000000,59300.0000000000,-0.0072884578,1187540.6454999992,-0.1305083024,2238986.2699000002,1083792.2633340929
2024-05-31,489.7317999997,1033696.0000000000,1034185.7317999997,True,57900.0000000000,47500.0000000000,36700.0000000000,59300.0000000000,0.0015776373,1187540.6454999992,-0.1291365599,2241242.2699000002,1082085.0787863915
2024-06-03,489.7317999997,1036091.0000000000,1036580.7317999997,True,57900.0000000000,47500.0000000000,36700.0000000000,59300.0000000000,0.0023158316,1187540.6454999992,-0.1271197868,2244785.2699000002,1079168.4924543845
2024-06-04,489.7317999997,1037516.0000000000,1038005.7317999997,True,57900.0000000000,47500.0000000000,36700.0000000000,59300.0000000000,0.0013747120,1187540.6454999992,-0.1259198279,2246552.2699000002,1083623.9987380155
2024-06-05,489.7317999997,1039766.0000000000,1040255.7317999997,True,57900.0000000000,47500.0000000000,36700.0000000000,59300.0000000000,0.0021676181,1187540.6454999992,-0.1240251559,2250087.2699000002,1074579.7766988589
2024-06-06,489.7317999997,1039907.0000000000,1040396.7317999997,True,57900.0000000000,47500.0000000000,36700.0000000000,59300.0000000000,0.0001355436,1187540.6454999992,-0.1239064231,2250224.2699000002,1068757.1205720997
2024-06-07,14182.1017999997,1041345.0000000000,1055527.1017999996,True,57900.0000000000,47500.0000000000,36700.0000000000,59300.0000000000,0.0145428850,1187540.6454999992,-0.1111654950,2271546.7799000004,1069629.9931642509
2024-06-11,14182.1017999997,1025219.0000000000,1039401.1017999997,True,57900.0000000000,47500.0000000000,36700.0000000000,59300.0000000000,-0.0152776750,1187540.6454999992,-0.1247448197,2248696.7799000004,1061486.6878165915
2024-06-12,14182.1017999997,1020565.0000000000,1034747.1017999997,True,57900.0000000000,47500.0000000000,36700.0000000000,59300.0000000000,-0.0044775785,1187540.6454999992,-0.1286638434,2242632.7799000004,1064788.8805146092
2024-06-13,14182.1017999997,1028231.0000000000,1042413.1017999997,True,57900.0000000000,47500.0000000000,36700.0000000000,59300.0000000000,0.0074085735,1187540.6454999992,-0.1222084855,2253647.7799000004,1061791.6673969817
2024-06-14,14182.1017999997,1034338.0000000000,1048520.1017999997,True,57900.0000000000,47500.0000000000,36700.0000000000,59300.0000000000,0.0058585219,1187540.6454999992,-0.1170659246,2261818.7799000004,1063092.2125041627
2024-06-17,14182.1017999997,1021172.0000000000,1035354.1017999997,True,57900.0000000000,47500.0000000000,36700.0000000000,59300.0000000000,-0.0125567454,1187540.6454999992,-0.1281527030,2243110.7799000004,1057223.9847159658
2024-06-18,14182.1017999997,1024395.0000000000,1038577.1017999997,True,57900.0000000000,47500.0000000000,36700.0000000000,59300.0000000000,0.0031129446,1187540.6454999992,-0.1254386907,2247610.7799000004,1062257.9005486127
2024-06-19,14182.1017999997,1034761.0000000000,1048943.1017999996,True,57900.0000000000,47500.0000000000,36700.0000000000,59300.0000000000,0.0099809634,1187540.6454999992,-0.1167097263,2262229.7799000004,1057981.1753983139
2024-06-20,14182.1017999997,1038944.0000000000,1053126.1017999996,True,57900.0000000000,47500.0000000000,36700.0000000000,59300.0000000000,0.0039878235,1187540.6454999992,-0.1131873205,2268206.7799000004,1053560.7242388655
2024-06-21,14182.1017999997,1033979.0000000000,1048161.1017999997,True,57900.0000000000,47500.0000000000,36700.0000000000,59300.0000000000,-0.0047145351,1187540.6454999992,-0.1173682301,2260846.7799000004,1051001.7001735228
2024-06-24,14182.1017999997,1042646.0000000000,1056828.1017999996,True,57900.0000000000,47500.0000000000,36700.0000000000,59300.0000000000,0.0082687671,1187540.6454999992,-0.1100699536,2273166.7799000004,1038718.3846598776
2024-06-25,14182.1017999997,1047502.0000000000,1061684.1017999996,True,57900.0000000000,47500.0000000000,36700.0000000000,59300.0000000000,0.0045948816,1187540.6454999992,-0.1059808304,2279793.7799000004,1034126.1633919338
2024-06-26,14182.1017999997,1052951.0000000000,1067133.1017999996,True,57900.0000000000,47500.0000000000,36700.0000000000,59300.0000000000,0.0051324118,1187540.6454999992,-0.1013923558,2287359.7799000004,1042024.0828703135
2024-06-27,14182.1017999997,1065425.0000000000,1079607.1017999996,True,57900.0000000000,47500.0000000000,36700.0000000000,59300.0000000000,0.0116892635,1187540.6454999992,-0.0908882943,2304694.7799000004,1032671.3757383485
2024-06-28,14182.1017999997,1068376.0000000000,1082558.1017999996,True,57900.0000000000,47500.0000000000,36700.0000000000,59300.0000000000,0.0027334018,1187540.6454999992,-0.0884033267,2309219.7799000004,1040225.7549997370
2024-07-01,14182.1017999997,1087954.0000000000,1102136.1017999996,True,57900.0000000000,47500.0000000000,36700.0000000000,59300.0000000000,0.0180849416,1187540.6454999992,-0.0719171542,2336790.7799000004,1049806.3204388900
2024-07-02,14182.1017999997,1109805.0000000000,1123987.1017999996,True,57900.0000000000,47500.0000000000,36700.0000000000,59300.0000000000,0.0198260450,1187540.6454999992,-0.0535169419,2367052.7799000004,1050605.5772702575
2024-07-03,14182.1017999997,1098028.0000000000,1112210.1017999996,True,57900.0000000000,47500.0000000000,36700.0000000000,59300.0000000000,-0.0104778782,1187540.6454999992,-0.0634340761,2350836.7799000004,1045477.0126023171
2024-07-04,14182.1017999997,1108398.0000000000,1122580.1017999996,True,57900.0000000000,47500.0000000000,36700.0000000000,59300.0000000000,0.0093237779,1187540.6454999992,-0.0547017434,2365326.7799000004,1036779.8362925700
2024-07-05,14182.1017999997,1086932.0000000000,1101114.1017999996,True,57900.0000000000,47500.0000000000,36700.0000000000,59300.0000000000,-0.0191220207,1187540.6454999992,-0.0727777563,2335643.7799000004,1034101.6248050058
2024-07-08,14182.1017999997,1099298.0000000000,1113480.1017999996,True,57900.0000000000,47500.0000000000,36700.0000000000,59300.0000000000,0.0112304438,1187540.6454999992,-0.0623646390,2352927.7799000004,1024468.4766795787
2024-07-09,14182.1017999997,1106714.0000000000,1120896.1017999996,True,57900.0000000000,47500.0000000000,36700.0000000000,59300.0000000000,0.0066601998,1187540.6454999992,-0.0561198002,2363072.7799000004,1037410.8285278600
2024-07-10,14182.1017999997,1113898.0000000000,1128080.1017999996,True,57900.0000000000,47500.0000000000,36700.0000000000,59300.0000000000,0.0064091578,1187540.6454999992,-0.0500703230,2373019.7799000004,1030396.2981788863
2024-07-11,14182.1017999997,1103471.0000000000,1117653.1017999996,True,57900.0000000000,47500.0000000000,36700.0000000000,59300.0000000000,-0.0092431380,1187540.6454999992,-0.0588506541,2358605.7799000004,1041273.9032128021
2024-07-12,28862.1017999997,1108242.0000000000,1137104.1017999996,True,57900.0000000000,47500.0000000000,36700.0000000000,59300.0000000000,0.0174034322,1187540.6454999992,-0.0424714252,2385578.7799000004,1041592.9048428654
2024-07-15,28862.1017999997,1133764.0000000000,1162626.1017999996,True,57900.0000000000,47500.0000000000,36700.0000000000,59300.0000000000,0.0224447348,1187540.6454999992,-0.0209799503,2421902.7799000004,1042542.8987082186
2024-07-16,1164733.3297999997,0.0000000000,1164733.3297999997,False,0.0000000000,0.0000000000,0.0000000000,0.0000000000,0.0018124726,1187540.6454999992,-0.0192055032,2421444.7399000004,1043345.6610520042
2024-07-17,1164733.3297999997,0.0000000000,1164733.3297999997,False,0.0000000000,0.0000000000,0.0000000000,0.0000000000,0.0000000000,1187540.6454999992,-0.0192055032,2425360.8999000001,1038630.7468494207
2024-07-18,1160.3625999998,1165412.0000000000,1166572.3625999996,True,62400.0000000000,49300.0000000000,38500.0000000000,61500.0000000000,0.0015789303,1187540.6454999992,-0.0176568970,2427512.8999000001,1043636.6185827213
2024-07-19,1163378.8433999997,0.0000000000,1163378.8433999997,False,0.0000000000,0.0000000000,0.0000000000,0.0000000000,-0.0027375235,1187540.6454999992,-0.0203460843,2424114.8999000001,1045452.4740153892
2024-07-22,1163378.8433999997,0.0000000000,1163378.8433999997,False,0.0000000000,0.0000000000,0.0000000000,0.0000000000,0.0000000000,1187540.6454999992,-0.0203460843,2405424.8999000001,1039111.0020507247
2024-07-23,564.1035999997,1193441.0000000000,1194005.1035999996,True,62600.0000000000,49900.0000000000,39300.0000000000,62800.0000000000,0.0263252683,1194005.1035999996,0.0000000000,2441356.8999000001,1021986.5738874379
2024-07-24,564.1035999997,1198213.0000000000,1198777.1035999996,True,62600.0000000000,49900.0000000000,39300.0000000000,62800.0000000000,0.0039966328,1198777.1035999996,0.0000000000,2447656.8999000001,1017282.1762221092
2024-07-25,564.1035999997,1193588.0000000000,1194152.1035999996,True,62600.0000000000,49900.0000000000,39300.0000000000,62800.0000000000,-0.0038580984,1198777.1035999996,-0.0038580984,2441192.8999000001,1011950.2918339088
2024-07-26,564.1035999997,1167487.0000000000,1168051.1035999996,True,62600.0000000000,49900.0000000000,39300.0000000000,62800.0000000000,-0.0218573496,1198777.1035999996,-0.0256311202,2406771.8999000001,1013408.5849999123
2024-07-29,564.1035999997,1187394.0000000000,1187958.1035999996,True,62600.0000000000,49900.0000000000,39300.0000000000,62800.0000000000,0.0170429187,1198777.1035999996,-0.0090250306,2433219.8999000001,1013741.6086796487
2024-07-30,564.1035999997,1190164.0000000000,1190728.1035999996,True,62600.0000000000,49900.0000000000,39300.0000000000,62800.0000000000,0.0023317321,1198777.1035999996,-0.0067143425,2436653.8999000001,1009342.1905947102
2024-07-31,564.1035999997,1164275.0000000000,1164839.1035999996,True,62600.0000000000,49900.0000000000,39300.0000000000,62800.0000000000,-0.0217421592,1198777.1035999996,-0.0283105174,2402625.8999000001,1030182.4619213713
2024-08-01,564.1035999997,1171734.0000000000,1172298.1035999996,True,62600.0000000000,49900.0000000000,39300.0000000000,62800.0000000000,0.0064034595,1198777.1035999996,-0.0220883431,2412607.8999000001,1027952.9560233466
2024-08-02,564.1035999997,1174402.0000000000,1174966.1035999996,True,62600.0000000000,49900.0000000000,39300.0000000000,62800.0000000000,0.0022758716,1198777.1035999996,-0.0198627417,2416330.8999000001,1018470.5449319053
2024-08-05,564.1035999997,1171555.0000000000,1172119.1035999996,True,62600.0000000000,49900.0000000000,39300.0000000000,62800.0000000000,-0.0024230486,1198777.1035999996,-0.0222376620,2412632.8999000001,1002821.9374967136
2024-08-06,564.1035999997,1157001.0000000000,1157565.1035999996,True,62600.0000000000,49900.0000000000,39300.0000000000,62800.0000000000,-0.0124168269,1198777.1035999996,-0.0343783677,2393419.8999000001,1005128.5646679403
2024-08-07,564.1035999997,1158548.0000000000,1159112.1035999996,True,62600.0000000000,49900.0000000000,39300.0000000000,62800.0000000000,0.0013364259,1198777.1035999996,-0.0330878859,2395102.8999000001,1006022.4703346011
2024-08-08,564.1035999997,1162299.0000000000,1162863.1035999996,True,62600.0000000000,49900.0000000000,39300.0000000000,62800.0000000000,0.0032360977,1198777.1035999996,-0.0299588638,2399925.8999000001,1006047.0089215290
2024-08-09,564.1035999997,1170290.0000000000,1170854.1035999996,True,62600.0000000000,49900.0000000000,39300.0000000000,62800.0000000000,0.0068718321,1198777.1035999996,-0.0232929040,2410623.8999000001,1003344.2588470370
2024-08-12,564.1035999997,1180689.0000000000,1181253.1035999996,True,62600.0000000000,49900.0000000000,39300.0000000000,62800.0000000000,0.0088815506,1198777.1035999996,-0.0146182305,2424174.8999000001,1001945.5593921441
2024-08-13,564.1035999997,1187306.0000000000,1187870.1035999996,True,62600.0000000000,49900.0000000000,39300.0000000000,62800.0000000000,0.0056016784,1198777.1035999996,-0.0090984387,2432945.8999000001,1005363.4339999650
2024-08-14,564.1035999997,1188770.0000000000,1189334.1035999996,True,62600.0000000000,49900.0000000000,39300.0000000000,62800.0000000000,0.0012324580,1198777.1035999996,-0.0078771942,2434585.8999000001,999298.8975163444
2024-08-15,564.1035999997,1196152.0000000000,1196716.1035999996,True,62600.0000000000,49900.0000000000,39300.0000000000,62800.0000000000,0.0062068345,1198777.1035999996,-0.0017192521,2444303.8999000001,1008662.1211855643
2024-08-16,564.1035999997,1216104.0000000000,1216668.1035999996,True,62600.0000000000,49900.0000000000,39300.0000000000,62800.0000000000,0.0166722917,1216668.1035999996,0.0000000000,2470876.8999000001,1009387.7622561478
2024-08-19,564.1035999997,1244322.0000000000,1244886.1035999996,True,62600.0000000000,49900.0000000000,39300.0000000000,62800.0000000000,0.0231928493,1244886.1035999996,0.0000000000,2508345.8999000001,1014379.6119397753
2024-08-20,1244410.2299999995,0.0000000000,1244410.2299999995,False,0.0000000000,0.0000000000,0.0000000000,0.0000000000,-0.0003822628,1244886.1035999996,-0.0003822628,2528300.8999000001,1004911.2228980071
2024-08-21,1436.4496999996,1237490.0000000000,1238926.4496999998,True,62800.0000000000,48900.0000000000,38200.0000000000,63400.0000000000,-0.0044067303,1244886.1035999996,-0.0047873086,2513769.8999000001,1001377.6663803831
2024-08-22,1436.4496999996,1257632.0000000000,1259068.4496999998,True,62800.0000000000,48900.0000000000,38200.0000000000,63400.0000000000,0.0162576237,1259068.4496999998,0.0000000000,2539739.8999000001,998639.8611817082
2024-08-23,1436.4496999996,1261614.0000000000,1263050.4496999998,True,62800.0000000000,48900.0000000000,38200.0000000000,63400.0000000000,0.0031626557,1263050.4496999998,0.0000000000,2544879.8999000001,1000602.9481359437
2024-08-26,1436.4496999996,1260147.0000000000,1261583.4496999998,True,62800.0000000000,48900.0000000000,38200.0000000000,63400.0000000000,-0.0011614738,1263050.4496999998,-0.0011614738,2543112.8999000001,1001006.0820640457
2024-08-27,1436.4496999996,1279077.0000000000,1280513.4496999998,True,62800.0000000000,48900.0000000000,38200.0000000000,63400.0000000000,0.0150049527,1280513.4496999998,0.0000000000,2568013.8999000001,998625.8391320352
2024-08-28,1436.4496999996,1267625.0000000000,1269061.4496999998,True,62800.0000000000,48900.0000000000,38200.0000000000,63400.0000000000,-0.0089432876,1280513.4496999998,-0.0089432876,2552676.8999000001,994664.6100993813
2024-08-29,1436.4496999996,1213282.0000000000,1214718.4496999998,True,62800.0000000000,48900.0000000000,38200.0000000000,63400.0000000000,-0.0428214095,1280513.4496999998,-0.0513817329,2480197.8999000001,989644.7163164075
2024-08-30,1436.4496999996,1167448.0000000000,1168884.4496999998,True,62800.0000000000,48900.0000000000,38200.0000000000,63400.0000000000,-0.0377322004,1280513.4496999998,-0.0871751874,2418548.8999000001,996340.2450353180
2024-09-02,1436.4496999996,1181268.0000000000,1182704.4496999998,True,62800.0000000000,48900.0000000000,38200.0000000000,63400.0000000000,0.0118232388,1280513.4496999998,-0.0763826417,2437924.8999000001,985413.5628275463
2024-09-03,1436.4496999996,1144248.0000000000,1145684.4496999998,True,62800.0000000000,48900.0000000000,38200.0000000000,63400.0000000000,-0.0313011421,1280513.4496999998,-0.1052929198,2388229.8999000001,982588.1198184144
2024-09-04,1436.4496999996,1142319.0000000000,1143755.4496999998,True,62800.0000000000,48900.0000000000,38200.0000000000,63400.0000000000,-0.0016837097,1280513.4496999998,-0.1067993468,2386426.8999000001,976032.8115962350
2024-09-05,1436.4496999996,1131435.0000000000,1132871.4496999998,True,62800.0000000000,48900.0000000000,38200.0000000000,63400.0000000000,-0.0095160202,1280513.4496999998,-0.1152990623,2372149.8999000001,977445.5331008009
2024-09-06,1436.4496999996,1132422.0000000000,1133858.4496999998,True,62800.0000000000,48900.0000000000,38200.0000000000,63400.0000000000,0.0008712374,1280513.4496999998,-0.1145282777,2373370.8999000001,969558.1301596761
2024-09-09,1436.4496999996,1126785.0000000000,1128221.4496999998,True,62800.0000000000,48900.0000000000,38200.0000000000,63400.0000000000,-0.0049715200,1280513.4496999998,-0.1189304181,2366238.8999000001,959279.9677492857
2024-09-10,1436.4496999996,1149203.0000000000,1150639.4496999998,True,62800.0000000000,48900.0000000000,38200.0000000000,63400.0000000000,0.0198702125,1280513.4496999998,-0.1014233783,2396196.8999000001,961979.2123113596
2024-09-11,1436.4496999996,1116418.0000000000,1117854.4496999998,True,62800.0000000000,48900.0000000000,38200.0000000000,63400.0000000000,-0.0284928524,1280513.4496999998,-0.1270263893,2352636.8999000001,954130.3700068357
2024-09-12,1436.4496999996,1116540.0000000000,1117976.4496999998,True,62800.0000000000,48900.0000000000,38200.0000000000,63400.0000000000,0.0001091376,1280513.4496999998,-0.1269311150,2352900.8999000001,952489.7901950817
2024-09-13,1436.4496999996,1112988.0000000000,1114424.4496999998,True,62800.0000000000,48900.0000000000,38200.0000000000,63400.0000000000,-0.0031771689,1280513.4496999998,-0.1297050023,2348091.8999000001,947922.1075140658
2024-09-18,1436.4496999996,1131258.0000000000,1132694.4496999998,True,62800.0000000000,48900.0000000000,38200.0000000000,63400.0000000000,0.0163941127,1280513.4496999998,-0.1154372881,2372094.8999000001,952545.8783937742
2024-09-19,1436.4496999996,1125369.0000000000,1126805.4496999998,True,62800.0000000000,48900.0000000000,38200.0000000000,63400.0000000000,-0.0051991073,1280513.4496999998,-0.1200362246,2364561.8999000001,959115.2086656267
2024-09-20,1436.4496999996,1132677.0000000000,1134113.4496999998,True,62800.0000000000,48900.0000000000,38200.0000000000,63400.0000000000,0.0064855916,1280513.4496999998,-0.1143291389,2374492.8999000001,959392.1441466706
2024-09-23,1436.4496999996,1147536.0000000000,1148972.4496999998,True,62800.0000000000,48900.0000000000,38200.0000000000,63400.0000000000,0.0131018638,1280513.4496999998,-0.1027251998,2394712.8999000001,963637.3196852050
2024-09-24,1436.4496999996,1198816.0000000000,1200252.4496999998,True,62800.0000000000,48900.0000000000,38200.0000000000,63400.0000000000,0.0446311833,1280513.4496999998,-0.0626787638,2462547.8999000001,1003673.7770143551
2024-09-25,1217725.6392999997,0.0000000000,1217725.6392999997,False,0.0000000000,0.0000000000,0.0000000000,0.0000000000,0.0145579287,1280513.4496999998,-0.0490333080,2471887.8999000001,1015305.0672182005
2024-09-26,1217725.6392999997,0.0000000000,1217725.6392999997,False,0.0000000000,0.0000000000,0.0000000000,0.0000000000,0.0000000000,1280513.4496999998,-0.0490333080,2504763.8999000001,1051986.7491630588
2024-09-27,1217725.6392999997,0.0000000000,1217725.6392999997,False,0.0000000000,0.0000000000,0.0000000000,0.0000000000,0.0000000000,1280513.4496999998,-0.0490333080,2449825.8999000001,1082337.4756805075
2024-09-30,1217725.6392999997,0.0000000000,1217725.6392999997,False,0.0000000000,0.0000000000,0.0000000000,0.0000000000,0.0000000000,1280513.4496999998,-0.0490333080,2494289.8999000001,1169614.2183583686
2024-10-08,1217725.6392999997,0.0000000000,1217725.6392999997,False,0.0000000000,0.0000000000,0.0000000000,0.0000000000,0.0000000000,1280513.4496999998,-0.0490333080,2488996.8999000001,1223346.7127057298
2024-10-09,1217725.6392999997,0.0000000000,1217725.6392999997,False,0.0000000000,0.0000000000,0.0000000000,0.0000000000,0.0000000000,1280513.4496999998,-0.0490333080,2454383.8999000001,1142397.4199428600
2024-10-10,1217725.6392999997,0.0000000000,1217725.6392999997,False,0.0000000000,0.0000000000,0.0000000000,0.0000000000,0.0000000000,1280513.4496999998,-0.0490333080,2511383.8999000001,1157495.6619283822
2024-10-11,1217725.6392999997,0.0000000000,1217725.6392999997,False,0.0000000000,0.0000000000,0.0000000000,0.0000000000,0.0000000000,1280513.4496999998,-0.0490333080,2516319.8999000001,1127982.7528789020
2024-10-14,1217725.6392999997,0.0000000000,1217725.6392999997,False,0.0000000000,0.0000000000,0.0000000000,0.0000000000,0.0000000000,1280513.4496999998,-0.0490333080,2577089.8999000001,1151322.4545597953
2024-10-15,1217725.6392999997,0.0000000000,1217725.6392999997,False,0.0000000000,0.0000000000,0.0000000000,0.0000000000,0.0000000000,1280513.4496999998,-0.0490333080,2527409.8999000001,1122216.1849508351
2024-10-16,1217725.6392999997,0.0000000000,1217725.6392999997,False,0.0000000000,0.0000000000,0.0000000000,0.0000000000,0.0000000000,1280513.4496999998,-0.0490333080,2556373.8999000001,1122798.1000122693
2024-10-17,1217725.6392999997,0.0000000000,1217725.6392999997,False,0.0000000000,0.0000000000,0.0000000000,0.0000000000,0.0000000000,1280513.4496999998,-0.0490333080,2540345.8999000001,1111030.0948241109
2024-10-18,1217725.6392999997,0.0000000000,1217725.6392999997,False,0.0000000000,0.0000000000,0.0000000000,0.0000000000,0.0000000000,1280513.4496999998,-0.0490333080,2541848.8999000001,1143343.9082957951
2024-10-21,1217725.6392999997,0.0000000000,1217725.6392999997,False,0.0000000000,0.0000000000,0.0000000000,0.0000000000,0.0000000000,1280513.4496999998,-0.0490333080,2504858.8999000001,1145640.0189297670
2024-10-22,1217725.6392999997,0.0000000000,1217725.6392999997,False,0.0000000000,0.0000000000,0.0000000000,0.0000000000,0.0000000000,1280513.4496999998,-0.0490333080,2504251.8999000001,1151865.8089846282
2024-10-23,1217725.6392999997,0.0000000000,1217725.6392999997,False,0.0000000000,0.0000000000,0.0000000000,0.0000000000,0.0000000000,1280513.4496999998,-0.0490333080,2504850.8999000001,1157800.6415087725
2024-10-24,1217725.6392999997,0.0000000000,1217725.6392999997,False,0.0000000000,0.0000000000,0.0000000000,0.0000000000,0.0000000000,1280513.4496999998,-0.0490333080,2508213.8999000001,1149899.2165179744
2024-10-25,1217725.6392999997,0.0000000000,1217725.6392999997,False,0.0000000000,0.0000000000,0.0000000000,0.0000000000,0.0000000000,1280513.4496999998,-0.0490333080,2495396.8999000001,1156713.9326591063
2024-10-28,1217725.6392999997,0.0000000000,1217725.6392999997,False,0.0000000000,0.0000000000,0.0000000000,0.0000000000,0.0000000000,1280513.4496999998,-0.0490333080,2479130.8999000001,1164601.3356002313
2024-10-29,1217725.6392999997,0.0000000000,1217725.6392999997,False,0.0000000000,0.0000000000,0.0000000000,0.0000000000,0.0000000000,1280513.4496999998,-0.0490333080,2482896.8999000001,1152055.1066552154
2024-10-30,1217725.6392999997,0.0000000000,1217725.6392999997,False,0.0000000000,0.0000000000,0.0000000000,0.0000000000,0.0000000000,1280513.4496999998,-0.0490333080,2462214.8999000001,1144984.4881075490
2024-10-31,1217725.6392999997,0.0000000000,1217725.6392999997,False,0.0000000000,0.0000000000,0.0000000000,0.0000000000,0.0000000000,1280513.4496999998,-0.0490333080,2465628.8999000001,1149744.9739715701
2024-11-01,1217725.6392999997,0.0000000000,1217725.6392999997,False,0.0000000000,0.0000000000,0.0000000000,0.0000000000,0.0000000000,1280513.4496999998,-0.0490333080,2488410.8999000001,1147007.1687728954
2024-11-04,212.4948999997,1217173.0000000000,1217385.4948999998,True,62200.0000000000,49500.0000000000,37700.0000000000,63800.0000000000,-0.0002793276,1280513.4496999998,-0.0492989393,2489077.8999000001,1160398.2262107164
2024-11-05,1212278.0660999997,0.0000000000,1212278.0660999997,False,0.0000000000,0.0000000000,0.0000000000,0.0000000000,-0.0041954080,1280513.4496999998,-0.0532875181,2495285.8999000001,1187313.5505582527
2024-11-06,1212278.0660999997,0.0000000000,1212278.0660999997,False,0.0000000000,0.0000000000,0.0000000000,0.0000000000,0.0000000000,1280513.4496999998,-0.0532875181,2481478.8999000001,1186198.7976092405
2024-11-07,1212278.0660999997,0.0000000000,1212278.0660999997,False,0.0000000000,0.0000000000,0.0000000000,0.0000000000,0.0000000000,1280513.4496999998,-0.0532875181,2494440.8999000001,1216644.1729619827
2024-11-08,1212278.0660999997,0.0000000000,1212278.0660999997,False,0.0000000000,0.0000000000,0.0000000000,0.0000000000,0.0000000000,1280513.4496999998,-0.0532875181,2479410.8999000001,1210208.0521620247
2024-11-11,1212278.0660999997,0.0000000000,1212278.0660999997,False,0.0000000000,0.0000000000,0.0000000000,0.0000000000,0.0000000000,1280513.4496999998,-0.0532875181,2459489.8999000001,1216437.3477293043
2024-11-12,1212278.0660999997,0.0000000000,1212278.0660999997,False,0.0000000000,0.0000000000,0.0000000000,0.0000000000,0.0000000000,1280513.4496999998,-0.0532875181,2449149.8999000001,1199575.8329973884
2024-11-13,1212278.0660999997,0.0000000000,1212278.0660999997,False,0.0000000000,0.0000000000,0.0000000000,0.0000000000,0.0000000000,1280513.4496999998,-0.0532875181,2455827.8999000001,1205643.8749934272
2024-11-14,1212278.0660999997,0.0000000000,1212278.0660999997,False,0.0000000000,0.0000000000,0.0000000000,0.0000000000,0.0000000000,1280513.4496999998,-0.0532875181,2464639.8999000001,1184807.1091791843
2024-11-15,1212278.0660999997,0.0000000000,1212278.0660999997,False,0.0000000000,0.0000000000,0.0000000000,0.0000000000,0.0000000000,1280513.4496999998,-0.0532875181,2465938.8999000001,1167591.5376930223
2024-11-18,578.6652999997,1230922.0000000000,1231500.6652999998,True,62100.0000000000,49800.0000000000,38000.0000000000,64200.0000000000,0.0158565924,1280513.4496999998,-0.0382758841,2498644.8999000001,1165179.7451492471
2024-11-19,578.6652999997,1222578.0000000000,1223156.6652999998,True,62100.0000000000,49800.0000000000,38000.0000000000,64200.0000000000,-0.0067754734,1280513.4496999998,-0.0447920203,2487365.8999000001,1172947.9606681506
2024-11-20,578.6652999997,1222122.0000000000,1222700.6652999998,True,62100.0000000000,49800.0000000000,38000.0000000000,64200.0000000000,-0.0003728059,1280513.4496999998,-0.0451481274,2487116.8999000001,1180653.0769635250
2024-11-21,1219963.3764999998,0.0000000000,1219963.3764999998,False,0.0000000000,0.0000000000,0.0000000000,0.0000000000,-0.0022387236,1280513.4496999998,-0.0472857768,2485989.8999000001,1181497.9054563299
2024-11-22,1219963.3764999998,0.0000000000,1219963.3764999998,False,0.0000000000,0.0000000000,0.0000000000,0.0000000000,0.0000000000,1280513.4496999998,-0.0472857768,2465479.8999000001,1145317.5117872856
2024-11-25,343.6002999996,1221340.0000000000,1221683.6002999996,True,61900.0000000000,50300.0000000000,38900.0000000000,64600.0000000000,0.0014100618,1280513.4496999998,-0.0459423909,2471626.8999000001,1144115.1210278163
2024-11-26,343.6002999996,1239877.0000000000,1240220.6002999996,True,61900.0000000000,50300.0000000000,38900.0000000000,64600.0000000000,0.0151733231,1280513.4496999998,-0.0314661665,2495971.8999000001,1142712.9160605052
2024-11-27,343.6002999996,1249388.0000000000,1249731.6002999996,True,61900.0000000000,50300.0000000000,38900.0000000000,64600.0000000000,0.0076687970,1280513.4496999998,-0.0240386771,2508354.8999000001,1160247.4891767304
2024-11-28,343.6002999996,1248780.0000000000,1249123.6002999996,True,61900.0000000000,50300.0000000000,38900.0000000000,64600.0000000000,-0.0004865045,1280513.4496999998,-0.0245134867,2507798.8999000001,1155311.7276917952
2024-11-29,343.6002999996,1240612.0000000000,1240955.6002999996,True,61900.0000000000,50300.0000000000,38900.0000000000,64600.0000000000,-0.0065389846,1280513.4496999998,-0.0308921780,2496920.8999000001,1166094.6838904177
2024-12-02,343.6002999996,1238696.0000000000,1239039.6002999996,True,61900.0000000000,50300.0000000000,38900.0000000000,64600.0000000000,-0.0015439714,1280513.4496999998,-0.0323884528,2494529.8999000001,1179247.3664837957
2024-12-03,1237403.1602999996,0.0000000000,1237403.1602999996,False,0.0000000000,0.0000000000,0.0000000000,0.0000000000,-0.0013207326,1280513.4496999998,-0.0336664089,2518960.8999000001,1184446.0414001017
2024-12-04,1237403.1602999996,0.0000000000,1237403.1602999996,False,0.0000000000,0.0000000000,0.0000000000,0.0000000000,0.0000000000,1280513.4496999998,-0.0336664089,2531777.8999000001,1179482.2358158203
2024-12-05,1237403.1602999996,0.0000000000,1237403.1602999996,False,0.0000000000,0.0000000000,0.0000000000,0.0000000000,0.0000000000,1280513.4496999998,-0.0336664089,2532561.8999000001,1180958.0565439153
2024-12-06,1237403.1602999996,0.0000000000,1237403.1602999996,False,0.0000000000,0.0000000000,0.0000000000,0.0000000000,0.0000000000,1280513.4496999998,-0.0336664089,2542602.8999000001,1193304.4712810896
2024-12-09,1237403.1602999996,0.0000000000,1237403.1602999996,False,0.0000000000,0.0000000000,0.0000000000,0.0000000000,0.0000000000,1280513.4496999998,-0.0336664089,2551005.8999000001,1192761.1168562565
2024-12-10,1237403.1602999996,0.0000000000,1237403.1602999996,False,0.0000000000,0.0000000000,0.0000000000,0.0000000000,0.0000000000,1280513.4496999998,-0.0336664089,2571721.8999000001,1199817.7133542495
2024-12-11,1237403.1602999996,0.0000000000,1237403.1602999996,False,0.0000000000,0.0000000000,0.0000000000,0.0000000000,0.0000000000,1280513.4496999998,-0.0336664089,2542970.8999000001,1203263.6320614165
2024-12-12,1237403.1602999996,0.0000000000,1237403.1602999996,False,0.0000000000,0.0000000000,0.0000000000,0.0000000000,0.0000000000,1280513.4496999998,-0.0336664089,2565846.8999000001,1213433.1235868402
2024-12-13,1237403.1602999996,0.0000000000,1237403.1602999996,False,0.0000000000,0.0000000000,0.0000000000,0.0000000000,0.0000000000,1280513.4496999998,-0.0336664089,2559186.8999000001,1189027.7461307906
2024-12-16,1237403.1602999996,0.0000000000,1237403.1602999996,False,0.0000000000,0.0000000000,0.0000000000,0.0000000000,0.0000000000,1280513.4496999998,-0.0336664089,2591983.8999000001,1187082.1867386466
2024-12-17,1237403.1602999996,0.0000000000,1237403.1602999996,False,0.0000000000,0.0000000000,0.0000000000,0.0000000000,0.0000000000,1280513.4496999998,-0.0336664089,2593556.8999000001,1178374.4938916445
2024-12-18,1237403.1602999996,0.0000000000,1237403.1602999996,False,0.0000000000,0.0000000000,0.0000000000,0.0000000000,0.0000000000,1280513.4496999998,-0.0336664089,2601496.8999000001,1185637.9156223161
2024-12-19,1237403.1602999996,0.0000000000,1237403.1602999996,False,0.0000000000,0.0000000000,0.0000000000,0.0000000000,0.0000000000,1280513.4496999998,-0.0336664089,2582361.8999000001,1181368.2014968537
2024-12-20,1237403.1602999996,0.0000000000,1237403.1602999996,False,0.0000000000,0.0000000000,0.0000000000,0.0000000000,0.0000000000,1280513.4496999998,-0.0336664089,2587024.8999000001,1180681.1210628713
2024-12-23,1237403.1602999996,0.0000000000,1237403.1602999996,False,0.0000000000,0.0000000000,0.0000000000,0.0000000000,0.0000000000,1280513.4496999998,-0.0336664089,2626344.8999000001,1174788.3546877464
2024-12-24,365.1601999996,1253410.0000000000,1253775.1601999996,True,57500.0000000000,46100.0000000000,35900.0000000000,59700.0000000000,0.0132309343,1280513.4496999998,-0.0208809127,2650681.8999000001,1189606.1556798064
2024-12-25,1252908.3233999996,0.0000000000,1252908.3233999996,False,0.0000000000,0.0000000000,0.0000000000,0.0000000000,-0.0006913814,1280513.4496999998,-0.0215578574,2677271.8999000001,1189543.0564562774
2024-12-26,1252908.3233999996,0.0000000000,1252908.3233999996,False,0.0000000000,0.0000000000,0.0000000000,0.0000000000,0.0000000000,1280513.4496999998,-0.0215578574,2672284.8999000001,1191201.1638301229
2024-12-27,1252908.3233999996,0.0000000000,1252908.3233999996,False,0.0000000000,0.0000000000,0.0000000000,0.0000000000,0.0000000000,1280513.4496999998,-0.0215578574,2667868.8999000001,1191923.2993882881
2024-12-30,1252908.3233999996,0.0000000000,1252908.3233999996,False,0.0000000000,0.0000000000,0.0000000000,0.0000000000,0.0000000000,1280513.4496999998,-0.0215578574,2680728.8999000001,1194443.7628170298
2024-12-31,1252908.3233999996,0.0000000000,1252908.3233999996,False,0.0000000000,0.0000000000,0.0000000000,0.0000000000,0.0000000000,1280513.4496999998,-0.0215578574,2674068.8999000001,1174963.6303086604
2025-01-02,1049.8784999997,1223580.0000000000,1224629.8784999996,True,56800.0000000000,45300.0000000000,35600.0000000000,58600.0000000000,-0.0225702427,1280513.4496999998,-0.0436415340,2632328.8999000001,1143694.4595376230
2025-01-03,1049.8784999997,1211165.0000000000,1212214.8784999996,True,56800.0000000000,45300.0000000000,35600.0000000000,58600.0000000000,-0.0101377569,1280513.4496999998,-0.0533368636,2614338.8999000001,1125770.7745429687
2025-01-06,1049.8784999997,1217949.0000000000,1218998.8784999996,True,56800.0000000000,45300.0000000000,35600.0000000000,58600.0000000000,0.0055963675,1280513.4496999998,-0.0480389887,2624064.8999000001,1124189.7884423255
2025-01-07,7545.8984999997,1229361.0000000000,1236906.8984999997,True,56800.0000000000,45300.0000000000,35600.0000000000,58600.0000000000,0.0146907600,1280513.4496999998,-0.0340539580,2650079.1599000003,1132154.3126566526
2025-01-08,14366.9384999997,1238016.0000000000,1252382.9384999997,True,56800.0000000000,45300.0000000000,35600.0000000000,58600.0000000000,0.0125118875,1280513.4496999998,-0.0219681497,2672456.1199000003,1132340.1048148212
2025-01-09,14366.9384999997,1227151.0000000000,1241517.9384999997,True,56800.0000000000,45300.0000000000,35600.0000000000,58600.0000000000,-0.0086754615,1280513.4496999998,-0.0304530274,2656837.1199000003,1125756.7524932956
2025-01-10,21380.1384999997,1211391.0000000000,1232771.1384999997,True,56800.0000000000,45300.0000000000,35600.0000000000,58600.0000000000,-0.0070452466,1280513.4496999998,-0.0372837249,2643876.7198999999,1110728.6207561390
2025-01-13,21380.1384999997,1192742.0000000000,1214122.1384999997,True,56800.0000000000,45300.0000000000,35600.0000000000,58600.0000000000,-0.0151277065,1280513.4496999998,-0.0518474142,2616882.7198999999,1108008.3431195554
2025-01-14,21380.1384999997,1199979.0000000000,1221359.1384999997,True,56800.0000000000,45300.0000000000,35600.0000000000,58600.0000000000,0.0059606853,1280513.4496999998,-0.0461957750,2627115.7198999999,1136115.5416893065
2025-01-15,21380.1384999997,1203193.0000000000,1224573.1384999997,True,56800.0000000000,45300.0000000000,35600.0000000000,58600.0000000000,0.0026314946,1280513.4496999998,-0.0436858443,2631709.7198999999,1131270.9235272466
2025-01-16,21380.1384999997,1213904.0000000000,1235284.1384999997,True,56800.0000000000,45300.0000000000,35600.0000000000,58600.0000000000,0.0087467213,1280513.4496999998,-0.0353212309,2647310.7198999999,1134394.3350919320
2025-01-17,21380.1384999997,1201827.0000000000,1223207.1384999997,True,56800.0000000000,45300.0000000000,35600.0000000000,58600.0000000000,-0.0097766980,1280513.4496999998,-0.0447526039,2629729.7198999999,1136424.0267821148
2025-01-20,21380.1384999997,1193619.0000000000,1214999.1384999997,True,56800.0000000000,45300.0000000000,35600.0000000000,58600.0000000000,-0.0067102290,1280513.4496999998,-0.0511625327,2617851.7198999999,1137321.4379611940
2025-01-21,21380.1384999997,1192001.0000000000,1213381.1384999997,True,56800.0000000000,45300.0000000000,35600.0000000000,58600.0000000000,-0.0013316882,1280513.4496999998,-0.0524260883,2615597.7198999999,1136704.4677755770
2025-01-22,21380.1384999997,1173090.0000000000,1194470.1384999997,True,56800.0000000000,45300.0000000000,35600.0000000000,58600.0000000000,-0.0155853749,1280513.4496999998,-0.0671943830,2588536.7198999999,1126538.4817625715
2025-01-23,28241.5784999997,1201990.0000000000,1230231.5784999996,True,56800.0000000000,45300.0000000000,35600.0000000000,58600.0000000000,0.0299391662,1280513.4496999998,-0.0392669606,2639824.2399000004,1132336.5993024029
2025-01-24,28241.5784999997,1198499.0000000000,1226740.5784999996,True,56800.0000000000,45300.0000000000,35600.0000000000,58600.0000000000,-0.0028376771,1280513.4496999998,-0.0419932108,2634614.2399000004,1140213.4857062730
2025-01-27,1227869.1080999996,0.0000000000,1227869.1080999996,False,0.0000000000,0.0000000000,0.0000000000,0.0000000000,0.0009199415,1280513.4496999998,-0.0411119006,2672477.2399000004,1139501.8666853628
2025-02-05,1227869.1080999996,0.0000000000,1227869.1080999996,False,0.0000000000,0.0000000000,0.0000000000,0.0000000000,0.0000000000,1280513.4496999998,-0.0411119006,2635886.2399000004,1132101.7299703783
2025-02-06,1143.2006999995,1220656.0000000000,1221799.2006999995,True,57500.0000000000,45800.0000000000,36400.0000000000,60700.0000000000,-0.0049434483,1280513.4496999998,-0.0458521143,2631257.2399000004,1146533.9245964279
2025-02-07,1219664.6030999995,0.0000000000,1219664.6030999995,False,0.0000000000,0.0000000000,0.0000000000,0.0000000000,-0.0017470936,1280513.4496999998,-0.0475190999,2625689.2399000004,1158105.6210891628
2025-02-10,1219664.6030999995,0.0000000000,1219664.6030999995,False,0.0000000000,0.0000000000,0.0000000000,0.0000000000,0.0000000000,1280513.4496999998,-0.0475190999,2623742.2399000004,1164590.8190629764
2025-02-11,1219664.6030999995,0.0000000000,1219664.6030999995,False,0.0000000000,0.0000000000,0.0000000000,0.0000000000,0.0000000000,1280513.4496999998,-0.0475190999,2665089.2399000004,1163150.0534590643
2025-02-12,1219664.6030999995,0.0000000000,1219664.6030999995,False,0.0000000000,0.0000000000,0.0000000000,0.0000000000,0.0000000000,1280513.4496999998,-0.0475190999,2681150.2399000004,1173081.1701400452
2025-02-13,1219664.6030999995,0.0000000000,1219664.6030999995,False,0.0000000000,0.0000000000,0.0000000000,0.0000000000,0.0000000000,1280513.4496999998,-0.0475190999,2690021.2399000004,1168205.0023662208
2025-02-14,1219664.6030999995,0.0000000000,1219664.6030999995,False,0.0000000000,0.0000000000,0.0000000000,0.0000000000,0.0000000000,1280513.4496999998,-0.0475190999,2695945.2399000004,1173196.8520498483
2025-02-17,1219664.6030999995,0.0000000000,1219664.6030999995,False,0.0000000000,0.0000000000,0.0000000000,0.0000000000,0.0000000000,1280513.4496999998,-0.0475190999,2698226.2399000004,1176390.3738628994
2025-02-18,1219664.6030999995,0.0000000000,1219664.6030999995,False,0.0000000000,0.0000000000,0.0000000000,0.0000000000,0.0000000000,1280513.4496999998,-0.0475190999,2723572.2399000004,1165404.0979440170
2025-02-19,1219664.6030999995,0.0000000000,1219664.6030999995,False,0.0000000000,0.0000000000,0.0000000000,0.0000000000,0.0000000000,1280513.4496999998,-0.0475190999,2713539.2399000004,1174886.5090354583
2025-02-20,1219664.6030999995,0.0000000000,1219664.6030999995,False,0.0000000000,0.0000000000,0.0000000000,0.0000000000,0.0000000000,1280513.4496999998,-0.0475190999,2718722.2399000004,1174620.0900916690
2025-02-21,1219664.6030999995,0.0000000000,1219664.6030999995,False,0.0000000000,0.0000000000,0.0000000000,0.0000000000,0.0000000000,1280513.4496999998,-0.0475190999,2686983.2399000004,1184551.2067726499
2025-02-24,1219664.6030999995,0.0000000000,1219664.6030999995,False,0.0000000000,0.0000000000,0.0000000000,0.0000000000,0.0000000000,1280513.4496999998,-0.0475190999,2673798.2399000004,1182419.8552223372
2025-02-25,1219664.6030999995,0.0000000000,1219664.6030999995,False,0.0000000000,0.0000000000,0.0000000000,0.0000000000,0.0000000000,1280513.4496999998,-0.0475190999,2661065.2399000004,1172958.4772054055
2025-02-26,1219664.6030999995,0.0000000000,1219664.6030999995,False,0.0000000000,0.0000000000,0.0000000000,0.0000000000,0.0000000000,1280513.4496999998,-0.0475190999,2669179.2399000004,1184936.8131386605
2025-02-27,1219664.6030999995,0.0000000000,1219664.6030999995,False,0.0000000000,0.0000000000,0.0000000000,0.0000000000,0.0000000000,1280513.4496999998,-0.0475190999,2679570.2399000004,1187688.6403870084
2025-02-28,1219664.6030999995,0.0000000000,1219664.6030999995,False,0.0000000000,0.0000000000,0.0000000000,0.0000000000,0.0000000000,1280513.4496999998,-0.0475190999,2667146.2399000004,1164145.6189858553
2025-03-03,915.0878999996,1215924.0000000000,1216839.0878999997,True,56300.0000000000,44300.0000000000,35800.0000000000,59300.0000000000,-0.0023166329,1280513.4496999998,-0.0497256486,2665090.2399000004,1162753.9305557990
2025-03-04,915.0878999996,1207002.0000000000,1207917.0878999997,True,56300.0000000000,44300.0000000000,35800.0000000000,59300.0000000000,-0.0073321116,1280513.4496999998,-0.0566931662,2652384.2399000004,1165305.9435963051
2025-03-05,915.0878999996,1227602.0000000000,1228517.0878999997,True,56300.0000000000,44300.0000000000,35800.0000000000,59300.0000000000,0.0170541507,1280513.4496999998,-0.0406058693,2682340.2399000004,1171528.2281387481
2025-03-06,1224779.2126999996,0.0000000000,1224779.2126999996,False,0.0000000000,0.0000000000,0.0000000000,0.0000000000,-0.0030425911,1280513.4496999998,-0.0435249134,2667064.2399000004,1185248.8037438872
2025-03-07,1224779.2126999996,0.0000000000,1224779.2126999996,False,0.0000000000,0.0000000000,0.0000000000,0.0000000000,0.0000000000,1280513.4496999998,-0.0435249134,2660437.2399000004,1182251.5906262598
2025-03-10,1224779.2126999996,0.0000000000,1224779.2126999996,False,0.0000000000,0.0000000000,0.0000000000,0.0000000000,0.0000000000,1280513.4496999998,-0.0435249134,2647381.2399000004,1180011.5681909802
2025-03-11,1224779.2126999996,0.0000000000,1224779.2126999996,False,0.0000000000,0.0000000000,0.0000000000,0.0000000000,0.0000000000,1280513.4496999998,-0.0435249134,2656244.2399000004,1184803.6036667658
2025-03-12,1224779.2126999996,0.0000000000,1224779.2126999996,False,0.0000000000,0.0000000000,0.0000000000,0.0000000000,0.0000000000,1280513.4496999998,-0.0435249134,2642188.2399000004,1182030.7433439083
2025-03-13,1224779.2126999996,0.0000000000,1224779.2126999996,False,0.0000000000,0.0000000000,0.0000000000,0.0000000000,0.0000000000,1280513.4496999998,-0.0435249134,2646132.2399000004,1177406.9724641999
2025-03-14,1224779.2126999996,0.0000000000,1224779.2126999996,False,0.0000000000,0.0000000000,0.0000000000,0.0000000000,0.0000000000,1280513.4496999998,-0.0435249134,2651632.2399000004,1198731.0045045833
2025-03-17,1224779.2126999996,0.0000000000,1224779.2126999996,False,0.0000000000,0.0000000000,0.0000000000,0.0000000000,0.0000000000,1280513.4496999998,-0.0435249134,2662381.2399000004,1201034.1261633919
2025-03-18,1224779.2126999996,0.0000000000,1224779.2126999996,False,0.0000000000,0.0000000000,0.0000000000,0.0000000000,0.0000000000,1280513.4496999998,-0.0435249134,2659239.2399000004,1202306.6271712268
2025-03-19,1224779.2126999996,0.0000000000,1224779.2126999996,False,0.0000000000,0.0000000000,0.0000000000,0.0000000000,0.0000000000,1280513.4496999998,-0.0435249134,2676975.2399000004,1201139.2915359403
2025-03-20,1224779.2126999996,0.0000000000,1224779.2126999996,False,0.0000000000,0.0000000000,0.0000000000,0.0000000000,0.0000000000,1280513.4496999998,-0.0435249134,2669470.2399000004,1195011.6558287907
2025-03-21,1224779.2126999996,0.0000000000,1224779.2126999996,False,0.0000000000,0.0000000000,0.0000000000,0.0000000000,0.0000000000,1280513.4496999998,-0.0435249134,2652759.2399000004,1179545.3350393493
2025-03-24,1255.2655999998,1234398.0000000000,1235653.2655999998,True,57100.0000000000,45200.0000000000,36000.0000000000,60100.0000000000,0.0088783781,1280513.4496999998,-0.0350329660,2668906.2399000004,1181368.2014968537
2025-03-25,1255.2655999998,1244645.0000000000,1245900.2655999998,True,57100.0000000000,45200.0000000000,36000.0000000000,60100.0000000000,0.0082927794,1280513.4496999998,-0.0270307072,2683408.2399000004,1181350.6739347624
2025-03-26,1255.2655999998,1240379.0000000000,1241634.2655999998,True,57100.0000000000,45200.0000000000,36000.0000000000,60100.0000000000,-0.0034240301,1280513.4496999998,-0.0303621833,2677124.2399000004,1180901.9683452228
2025-03-27,1255.2655999998,1246482.0000000000,1247737.2655999998,True,57100.0000000000,45200.0000000000,36000.0000000000,60100.0000000000,0.0049152960,1280513.4496999998,-0.0255961264,2685477.2399000004,1182672.2521164531
2025-03-28,1255.2655999998,1238256.0000000000,1239511.2655999998,True,57100.0000000000,45200.0000000000,36000.0000000000,60100.0000000000,-0.0065927341,1280513.4496999998,-0.0320201120,2673146.2399000004,1174805.8822498377
2025-03-31,1255.2655999998,1260386.0000000000,1261641.2655999998,True,57100.0000000000,45200.0000000000,36000.0000000000,60100.0000000000,0.0178538111,1280513.4496999998,-0.0147379819,2705615.2399000004,1169351.3049269977
2025-04-01,1255.2655999998,1242985.0000000000,1244240.2655999998,True,57100.0000000000,45200.0000000000,36000.0000000000,60100.0000000000,-0.0137923517,1280513.4496999998,-0.0283270622,2680859.2399000004,1173799.8001857921
2025-04-02,1255.2655999998,1255246.0000000000,1256501.2655999998,True,57100.0000000000,45200.0000000000,36000.0000000000,60100.0000000000,0.0098542061,1280513.4496999998,-0.0187519968,2698323.2399000004,1174392.2317844811
2025-04-03,1255.2655999998,1269456.0000000000,1270711.2655999998,True,57100.0000000000,45200.0000000000,36000.0000000000,60100.0000000000,0.0113091808,1280513.4496999998,-0.0076548857,2718827.2399000004,1171545.7557008395
2025-04-07,1255.2655999998,1238159.0000000000,1239414.2655999998,True,57100.0000000000,45200.0000000000,36000.0000000000,60100.0000000000,-0.0246295133,1280513.4496999998,-0.0320958629,2674259.2399000004,1085509.9644190490
2025-04-08,1255.2655999998,1250632.0000000000,1251887.2655999998,True,57100.0000000000,45200.0000000000,36000.0000000000,60100.0000000000,0.0100636247,1280513.4496999998,-0.0223552389,2692454.2399000004,1102676.4587313549
2025-04-09,1255.2655999998,1238379.0000000000,1239634.2655999998,True,57100.0000000000,45200.0000000000,36000.0000000000,60100.0000000000,-0.0097876225,1280513.4496999998,-0.0319240568,2674699.2399000004,1117140.2029691690
2025-04-10,1255.2655999998,1232246.0000000000,1233501.2655999998,True,57100.0000000000,45200.0000000000,36000.0000000000,60100.0000000000,-0.0049474270,1280513.4496999998,-0.0367135418,2666219.2399000004,1130051.0052056860
2025-04-11,1255.2655999998,1241595.0000000000,1242850.2655999998,True,57100.0000000000,45200.0000000000,36000.0000000000,60100.0000000000,0.0075792383,1280513.4496999998,-0.0294125642,2679625.2399000004,1135165.5478239532
2025-04-14,1255.2655999998,1256230.0000000000,1257485.2655999998,True,57100.0000000000,45200.0000000000,36000.0000000000,60100.0000000000,0.0117753525,1280513.4496999998,-0.0179835550,2700589.2399000004,1143782.0973480798
2025-04-15,1255.2655999998,1275020.0000000000,1276275.2655999998,True,57100.0000000000,45200.0000000000,36000.0000000000,60100.0000000000,0.0149425210,1280513.4496999998,-0.0033097537,2727538.2399000004,1145482.2708709445
2025-04-16,1255.2655999998,1291555.0000000000,1292810.2655999998,True,57100.0000000000,45200.0000000000,36000.0000000000,60100.0000000000,0.0129556691,1292810.2655999998,0.0000000000,2750995.2399000004,1148405.8682277882
2025-04-17,1255.2655999998,1291463.0000000000,1292718.2655999998,True,57100.0000000000,45200.0000000000,36000.0000000000,60100.0000000000,-0.0000711628,1292810.2655999998,-0.0000711628,2750944.2399000004,1149927.2606173207
2025-04-18,1255.2655999998,1304718.0000000000,1305973.2655999998,True,57100.0000000000,45200.0000000000,36000.0000000000,60100.0000000000,0.0102535876,1305973.2655999998,0.0000000000,2770010.2399000004,1148661.7706343224
2025-04-21,1255.2655999998,1289750.0000000000,1291005.2655999998,True,57100.0000000000,45200.0000000000,36000.0000000000,60100.0000000000,-0.0114611841,1305973.2655999998,-0.0114611841,2748637.2399000004,1153814.8738891906
2025-04-22,1290035.4159999997,0.0000000000,1290035.4159999997,False,0.0000000000,0.0000000000,0.0000000000,0.0000000000,-0.0007512360,1305973.2655999998,-0.0122038100,2780342.2399000004,1156734.9657336161
2025-04-23,1290035.4159999997,0.0000000000,1290035.4159999997,False,0.0000000000,0.0000000000,0.0000000000,0.0000000000,0.0000000000,1305973.2655999998,-0.0122038100,2770804.2399000004,1155543.0915114016
2025-04-24,1290035.4159999997,0.0000000000,1290035.4159999997,False,0.0000000000,0.0000000000,0.0000000000,0.0000000000,0.0000000000,1305973.2655999998,-0.0122038100,2806088.2399000004,1155869.1041663014
2025-04-25,1290035.4159999997,0.0000000000,1290035.4159999997,False,0.0000000000,0.0000000000,0.0000000000,0.0000000000,0.0000000000,1305973.2655999998,-0.0122038100,2793615.2799000004,1155087.3748970255
2025-04-28,1290035.4159999997,0.0000000000,1290035.4159999997,False,0.0000000000,0.0000000000,0.0000000000,0.0000000000,0.0000000000,1305973.2655999998,-0.0122038100,2817490.2799000004,1152756.2091388709
2025-04-29,1290035.4159999997,0.0000000000,1290035.4159999997,False,0.0000000000,0.0000000000,0.0000000000,0.0000000000,0.0000000000,1305973.2655999998,-0.0122038100,2812051.2799000004,1152139.2389532540
2025-04-30,1290035.4159999997,0.0000000000,1290035.4159999997,False,0.0000000000,0.0000000000,0.0000000000,0.0000000000,0.0000000000,1305973.2655999998,-0.0122038100,2751561.2799000004,1149468.0384905264
2025-05-06,1290035.4159999997,0.0000000000,1290035.4159999997,False,0.0000000000,0.0000000000,0.0000000000,0.0000000000,0.0000000000,1305973.2655999998,-0.0122038100,2742424.2799000004,1162466.4785375001
2025-05-07,1290035.4159999997,0.0000000000,1290035.4159999997,False,0.0000000000,0.0000000000,0.0000000000,0.0000000000,0.0000000000,1305973.2655999998,-0.0122038100,2777274.2799000004,1171777.1195204458
2025-05-08,1290035.4159999997,0.0000000000,1290035.4159999997,False,0.0000000000,0.0000000000,0.0000000000,0.0000000000,0.0000000000,1305973.2655999998,-0.0122038100,2778162.2799000004,1175047.7626066990
2025-05-09,1290035.4159999997,0.0000000000,1290035.4159999997,False,0.0000000000,0.0000000000,0.0000000000,0.0000000000,0.0000000000,1305973.2655999998,-0.0122038100,2799431.0799000002,1171542.2501884212
2025-05-12,1290035.4159999997,0.0000000000,1290035.4159999997,False,0.0000000000,0.0000000000,0.0000000000,0.0000000000,0.0000000000,1305973.2655999998,-0.0122038100,2794477.0799000002,1181091.2660158097
2025-05-13,1290035.4159999997,0.0000000000,1290035.4159999997,False,0.0000000000,0.0000000000,0.0000000000,0.0000000000,0.0000000000,1305973.2655999998,-0.0122038100,2816847.0799000002,1183064.8695073002
2025-05-14,1290035.4159999997,0.0000000000,1290035.4159999997,False,0.0000000000,0.0000000000,0.0000000000,0.0000000000,0.0000000000,1305973.2655999998,-0.0122038100,2818017.0799000002,1193258.8996196520
2025-05-15,1290035.4159999997,0.0000000000,1290035.4159999997,False,0.0000000000,0.0000000000,0.0000000000,0.0000000000,0.0000000000,1305973.2655999998,-0.0122038100,2820406.0799000002,1185150.6493961755
2025-05-16,1290035.4159999997,0.0000000000,1290035.4159999997,False,0.0000000000,0.0000000000,0.0000000000,0.0000000000,0.0000000000,1305973.2655999998,-0.0122038100,2801588.0799000002,1180467.2848053563
2025-05-19,1290035.4159999997,0.0000000000,1290035.4159999997,False,0.0000000000,0.0000000000,0.0000000000,0.0000000000,0.0000000000,1305973.2655999998,-0.0122038100,2793801.0799000002,1180509.3509543757
2025-05-20,1290035.4159999997,0.0000000000,1290035.4159999997,False,0.0000000000,0.0000000000,0.0000000000,0.0000000000,0.0000000000,1305973.2655999998,-0.0122038100,2795329.0799000002,1185031.4619739540
2025-05-21,1290035.4159999997,0.0000000000,1290035.4159999997,False,0.0000000000,0.0000000000,0.0000000000,0.0000000000,0.0000000000,1305973.2655999998,-0.0122038100,2798164.0799000002,1187516.8702785128
2025-05-22,1290035.4159999997,0.0000000000,1290035.4159999997,False,0.0000000000,0.0000000000,0.0000000000,0.0000000000,0.0000000000,1305973.2655999998,-0.0122038100,2800572.0799000002,1184929.8021138241
2025-05-23,1290035.4159999997,0.0000000000,1290035.4159999997,False,0.0000000000,0.0000000000,0.0000000000,0.0000000000,0.0000000000,1305973.2655999998,-0.0122038100,2782187.0799000002,1173775.2615988641
2025-05-26,1290035.4159999997,0.0000000000,1290035.4159999997,False,0.0000000000,0.0000000000,0.0000000000,0.0000000000,0.0000000000,1305973.2655999998,-0.0122038100,2769898.0799000002,1173238.9181988677
2025-05-27,1290035.4159999997,0.0000000000,1290035.4159999997,False,0.0000000000,0.0000000000,0.0000000000,0.0000000000,0.0000000000,1305973.2655999998,-0.0122038100,2778763.0799000002,1171083.0280616269
2025-05-28,825.7690999997,1284758.0000000000,1285583.7690999997,True,57900.0000000000,45600.0000000000,35500.0000000000,58300.0000000000,-0.0034507943,1305973.2655999998,-0.0156124915,2773852.0799000002,1170816.6091178379
2025-05-29,825.7690999997,1281141.0000000000,1281966.7690999997,True,57900.0000000000,45600.0000000000,35500.0000000000,58300.0000000000,-0.0028135078,1305973.2655999998,-0.0183820735,2768634.0799000002,1179061.5743256269
2025-05-30,1281397.4914999998,0.0000000000,1281397.4914999998,False,0.0000000000,0.0000000000,0.0000000000,0.0000000000,-0.0004440658,1305973.2655999998,-0.0188179764,2774124.0799000002,1173466.7765060558
2025-06-03,1054.5037999997,1288394.0000000000,1289448.5037999996,True,58300.0000000000,45400.0000000000,35400.0000000000,58000.0000000000,0.0062829936,1305973.2655999998,-0.0126532160,2781850.0799000002,1178546.2640001401
2025-06-04,1288768.5077999998,0.0000000000,1288768.5077999998,False,0.0000000000,0.0000000000,0.0000000000,0.0000000000,-0.0005273541,1305973.2655999998,-0.0131738974,2775855.0799000002,1183531.1026589312
2025-06-05,1288768.5077999998,0.0000000000,1288768.5077999998,False,0.0000000000,0.0000000000,0.0000000000,0.0000000000,0.0000000000,1305973.2655999998,-0.0131738974,2773599.0799000002,1186300.4574693704
2025-06-06,1288768.5077999998,0.0000000000,1288768.5077999998,False,0.0000000000,0.0000000000,0.0000000000,0.0000000000,0.0000000000,1305973.2655999998,-0.0131738974,2776406.0799000002,1186742.1520340736
2025-06-09,1288768.5077999998,0.0000000000,1288768.5077999998,False,0.0000000000,0.0000000000,0.0000000000,0.0000000000,0.0000000000,1305973.2655999998,-0.0131738974,2769660.0799000002,1191793.5954288119
2025-06-10,1288768.5077999998,0.0000000000,1288768.5077999998,False,0.0000000000,0.0000000000,0.0000000000,0.0000000000,0.0000000000,1305973.2655999998,-0.0131738974,2775731.0799000002,1186552.8543634866
2025-06-11,1288768.5077999998,0.0000000000,1288768.5077999998,False,0.0000000000,0.0000000000,0.0000000000,0.0000000000,0.0000000000,1305973.2655999998,-0.0131738974,2772681.0799000002,1192687.5010954726
2025-06-12,1288768.5077999998,0.0000000000,1288768.5077999998,False,0.0000000000,0.0000000000,0.0000000000,0.0000000000,0.0000000000,1305973.2655999998,-0.0131738974,2771417.0799000002,1192806.6885176941
2025-06-13,1288768.5077999998,0.0000000000,1288768.5077999998,False,0.0000000000,0.0000000000,0.0000000000,0.0000000000,0.0000000000,1305973.2655999998,-0.0131738974,2758887.0799000002,1183811.5436523934
2025-06-16,1288768.5077999998,0.0000000000,1288768.5077999998,False,0.0000000000,0.0000000000,0.0000000000,0.0000000000,0.0000000000,1305973.2655999998,-0.0131738974,2775257.0799000002,1187923.5097190330
2025-06-17,1288768.5077999998,0.0000000000,1288768.5077999998,False,0.0000000000,0.0000000000,0.0000000000,0.0000000000,0.0000000000,1305973.2655999998,-0.0131738974,2778270.0799000002,1187457.2765674023
2025-06-18,1288768.5077999998,0.0000000000,1288768.5077999998,False,0.0000000000,0.0000000000,0.0000000000,0.0000000000,0.0000000000,1305973.2655999998,-0.0131738974,2812190.0799000002,1187951.5538183793
2025-06-19,1288768.5077999998,0.0000000000,1288768.5077999998,False,0.0000000000,0.0000000000,0.0000000000,0.0000000000,0.0000000000,1305973.2655999998,-0.0131738974,2819150.0799000002,1178591.8356615778
2025-06-20,1227.3612999998,1298412.0000000000,1299639.3612999998,True,58100.0000000000,44100.0000000000,34900.0000000000,56100.0000000000,0.0084350707,1305973.2655999998,-0.0048499494,2834777.0799000002,1177817.1174171383
2025-06-23,1227.3612999998,1320712.0000000000,1321939.3612999998,True,58100.0000000000,44100.0000000000,34900.0000000000,56100.0000000000,0.0171586062,1321939.3612999998,0.0000000000,2867795.0799000002,1185417.0683399646
2025-06-24,1318118.0052999996,0.0000000000,1318118.0052999996,False,0.0000000000,0.0000000000,0.0000000000,0.0000000000,-0.0028907196,1321939.3612999998,-0.0028907196,2886306.0799000002,1199085.0612588294
2025-06-25,1318118.0052999996,0.0000000000,1318118.0052999996,False,0.0000000000,0.0000000000,0.0000000000,0.0000000000,0.0000000000,1321939.3612999998,-0.0028907196,2902676.0799000002,1211494.5752195327
2025-06-26,1318118.0052999996,0.0000000000,1318118.0052999996,False,0.0000000000,0.0000000000,0.0000000000,0.0000000000,0.0000000000,1321939.3612999998,-0.0028907196,2914638.0799000002,1208858.4298809879
2025-06-27,1318118.0052999996,0.0000000000,1318118.0052999996,False,0.0000000000,0.0000000000,0.0000000000,0.0000000000,0.0000000000,1321939.3612999998,-0.0028907196,2856760.0799000002,1200368.0788039190
2025-06-30,1318118.0052999996,0.0000000000,1318118.0052999996,False,0.0000000000,0.0000000000,0.0000000000,0.0000000000,0.0000000000,1321939.3612999998,-0.0028907196,2867365.0799000002,1207449.2138888401
2025-07-01,1318118.0052999996,0.0000000000,1318118.0052999996,False,0.0000000000,0.0000000000,0.0000000000,0.0000000000,0.0000000000,1321939.3612999998,-0.0028907196,2895833.0799000002,1212118.5564299861
2025-07-02,1318118.0052999996,0.0000000000,1318118.0052999996,False,0.0000000000,0.0000000000,0.0000000000,0.0000000000,0.0000000000,1321939.3612999998,-0.0028907196,2901579.0799000002,1211080.9247541758
2025-07-03,1318118.0052999996,0.0000000000,1318118.0052999996,False,0.0000000000,0.0000000000,0.0000000000,0.0000000000,0.0000000000,1321939.3612999998,-0.0028907196,2889795.0799000002,1213310.4306522005
2025-07-04,1318118.0052999996,0.0000000000,1318118.0052999996,False,0.0000000000,0.0000000000,0.0000000000,0.0000000000,0.0000000000,1321939.3612999998,-0.0028907196,2916394.0799000002,1217226.0880234167
2025-07-07,1318118.0052999996,0.0000000000,1318118.0052999996,False,0.0000000000,0.0000000000,0.0000000000,0.0000000000,0.0000000000,1321939.3612999998,-0.0028907196,2919528.0799000002,1217510.0345292974
2025-07-08,1318118.0052999996,0.0000000000,1318118.0052999996,False,0.0000000000,0.0000000000,0.0000000000,0.0000000000,0.0000000000,1321939.3612999998,-0.0028907196,2922975.0799000002,1226045.9572678036
2025-07-09,1318118.0052999996,0.0000000000,1318118.0052999996,False,0.0000000000,0.0000000000,0.0000000000,0.0000000000,0.0000000000,1321939.3612999998,-0.0028907196,2945475.0799000002,1224493.0152665065
2025-07-10,1318118.0052999996,0.0000000000,1318118.0052999996,False,0.0000000000,0.0000000000,0.0000000000,0.0000000000,0.0000000000,1321939.3612999998,-0.0028907196,2975117.0799000002,1230322.6824181024
2025-07-11,1318118.0052999996,0.0000000000,1318118.0052999996,False,0.0000000000,0.0000000000,0.0000000000,0.0000000000,0.0000000000,1321939.3612999998,-0.0028907196,2955480.0799000002,1230497.9580390162
2025-07-14,1318118.0052999996,0.0000000000,1318118.0052999996,False,0.0000000000,0.0000000000,0.0000000000,0.0000000000,0.0000000000,1321939.3612999998,-0.0028907196,2966486.0199000002,1233817.6782991253
2025-07-15,1318118.0052999996,0.0000000000,1318118.0052999996,False,0.0000000000,0.0000000000,0.0000000000,0.0000000000,0.0000000000,1321939.3612999998,-0.0028907196,2951824.0199000002,1228682.1026063485
2025-07-16,1318118.0052999996,0.0000000000,1318118.0052999996,False,0.0000000000,0.0000000000,0.0000000000,0.0000000000,0.0000000000,1321939.3612999998,-0.0028907196,2949913.0199000002,1228254.4300913187
2025-07-17,1318118.0052999996,0.0000000000,1318118.0052999996,False,0.0000000000,0.0000000000,0.0000000000,0.0000000000,0.0000000000,1321939.3612999998,-0.0028907196,2937424.4698999999,1232829.1237971711
2025-07-18,1318118.0052999996,0.0000000000,1318118.0052999996,False,0.0000000000,0.0000000000,0.0000000000,0.0000000000,0.0000000000,1321939.3612999998,-0.0028907196,2948591.4698999999,1239016.3532154313
2025-07-21,1318118.0052999996,0.0000000000,1318118.0052999996,False,0.0000000000,0.0000000000,0.0000000000,0.0000000000,0.0000000000,1321939.3612999998,-0.0028907196,2933733.4698999999,1247888.8051460921
2025-07-22,1318118.0052999996,0.0000000000,1318118.0052999996,False,0.0000000000,0.0000000000,0.0000000000,0.0000000000,0.0000000000,1321939.3612999998,-0.0028907196,2906477.4698999999,1255625.4710532313
2025-07-23,1318118.0052999996,0.0000000000,1318118.0052999996,False,0.0000000000,0.0000000000,0.0000000000,0.0000000000,0.0000000000,1321939.3612999998,-0.0028907196,2931118.4698999999,1255779.7135996353
2025-07-24,1318118.0052999996,0.0000000000,1318118.0052999996,False,0.0000000000,0.0000000000,0.0000000000,0.0000000000,0.0000000000,1321939.3612999998,-0.0028907196,2908694.4698999999,1263993.1291956601
2025-07-25,1318118.0052999996,0.0000000000,1318118.0052999996,False,0.0000000000,0.0000000000,0.0000000000,0.0000000000,0.0000000000,1321939.3612999998,-0.0028907196,2899361.4698999999,1259761.9757067990
2025-07-28,1318118.0052999996,0.0000000000,1318118.0052999996,False,0.0000000000,0.0000000000,0.0000000000,0.0000000000,0.0000000000,1321939.3612999998,-0.0028907196,2901376.4698999999,1261262.3350218218
2025-07-29,1318118.0052999996,0.0000000000,1318118.0052999996,False,0.0000000000,0.0000000000,0.0000000000,0.0000000000,0.0000000000,1321939.3612999998,-0.0028907196,2883077.4698999999,1265388.3231381348
2025-07-30,1318118.0052999996,0.0000000000,1318118.0052999996,False,0.0000000000,0.0000000000,0.0000000000,0.0000000000,0.0000000000,1321939.3612999998,-0.0028907196,2902442.4698999999,1267495.1361015197
2025-07-31,1318118.0052999996,0.0000000000,1318118.0052999996,False,0.0000000000,0.0000000000,0.0000000000,0.0000000000,0.0000000000,1321939.3612999998,-0.0028907196,2919518.4698999999,1252593.2028114209
2025-08-01,1318118.0052999996,0.0000000000,1318118.0052999996,False,0.0000000000,0.0000000000,0.0000000000,0.0000000000,0.0000000000,1321939.3612999998,-0.0028907196,2926407.4698999999,1247944.8933447846
2025-08-04,1318118.0052999996,0.0000000000,1318118.0052999996,False,0.0000000000,0.0000000000,0.0000000000,0.0000000000,0.0000000000,1321939.3612999998,-0.0028907196,2944876.4698999999,1256133.7703538814
2025-08-05,1318118.0052999996,0.0000000000,1318118.0052999996,False,0.0000000000,0.0000000000,0.0000000000,0.0000000000,0.0000000000,1321939.3612999998,-0.0028907196,2973898.4698999999,1268154.1724361558
2025-08-06,1318118.0052999996,0.0000000000,1318118.0052999996,False,0.0000000000,0.0000000000,0.0000000000,0.0000000000,0.0000000000,1321939.3612999998,-0.0028907196,2978951.4698999999,1273899.7072897130
2025-08-07,1318118.0052999996,0.0000000000,1318118.0052999996,False,0.0000000000,0.0000000000,0.0000000000,0.0000000000,0.0000000000,1321939.3612999998,-0.0028907196,2999418.4698999999,1275890.8383432948
2025-08-08,1318118.0052999996,0.0000000000,1318118.0052999996,False,0.0000000000,0.0000000000,0.0000000000,0.0000000000,0.0000000000,1321939.3612999998,-0.0028907196,2991014.4698999999,1274299.3357053967
2025-08-11,1318118.0052999996,0.0000000000,1318118.0052999996,False,0.0000000000,0.0000000000,0.0000000000,0.0000000000,0.0000000000,1321939.3612999998,-0.0028907196,2977691.4698999999,1278653.1821288976
2025-08-12,1318118.0052999996,0.0000000000,1318118.0052999996,False,0.0000000000,0.0000000000,0.0000000000,0.0000000000,0.0000000000,1321939.3612999998,-0.0028907196,2997960.4698999999,1285092.8084412739
2025-08-13,1318118.0052999996,0.0000000000,1318118.0052999996,False,0.0000000000,0.0000000000,0.0000000000,0.0000000000,0.0000000000,1321939.3612999998,-0.0028907196,2973793.4698999999,1291241.4772229330
2025-08-14,1318118.0052999996,0.0000000000,1318118.0052999996,False,0.0000000000,0.0000000000,0.0000000000,0.0000000000,0.0000000000,1321939.3612999998,-0.0028907196,2983703.4698999999,1285275.0950870244
2025-08-15,1318118.0052999996,0.0000000000,1318118.0052999996,False,0.0000000000,0.0000000000,0.0000000000,0.0000000000,0.0000000000,1321939.3612999998,-0.0028907196,2949972.4698999999,1295907.3142516606
2025-08-18,1318118.0052999996,0.0000000000,1318118.0052999996,False,0.0000000000,0.0000000000,0.0000000000,0.0000000000,0.0000000000,1321939.3612999998,-0.0028907196,2954692.4698999999,1306865.5460711969
2025-08-19,1318118.0052999996,0.0000000000,1318118.0052999996,False,0.0000000000,0.0000000000,0.0000000000,0.0000000000,0.0000000000,1321939.3612999998,-0.0028907196,2975034.4698999999,1306606.1381522443
2025-08-20,1318118.0052999996,0.0000000000,1318118.0052999996,False,0.0000000000,0.0000000000,0.0000000000,0.0000000000,0.0000000000,1321939.3612999998,-0.0028907196,2989665.4698999999,1320249.5924841813
2025-08-21,1318118.0052999996,0.0000000000,1318118.0052999996,False,0.0000000000,0.0000000000,0.0000000000,0.0000000000,0.0000000000,1321939.3612999998,-0.0028907196,3012359.4698999999,1321963.7880567191
2025-08-22,1318118.0052999996,0.0000000000,1318118.0052999996,False,0.0000000000,0.0000000000,0.0000000000,0.0000000000,0.0000000000,1321939.3612999998,-0.0028907196,3018316.4698999999,1341124.9189350253
2025-08-25,1318118.0052999996,0.0000000000,1318118.0052999996,False,0.0000000000,0.0000000000,0.0000000000,0.0000000000,0.0000000000,1321939.3612999998,-0.0028907196,3009590.4698999999,1361386.7807126706
2025-08-26,1318118.0052999996,0.0000000000,1318118.0052999996,False,0.0000000000,0.0000000000,0.0000000000,0.0000000000,0.0000000000,1321939.3612999998,-0.0028907196,3005422.4698999999,1356065.4128617251
2025-08-27,1318118.0052999996,0.0000000000,1318118.0052999996,False,0.0000000000,0.0000000000,0.0000000000,0.0000000000,0.0000000000,1321939.3612999998,-0.0028907196,2966298.4698999999,1332217.4118801816
2025-08-28,1318118.0052999996,0.0000000000,1318118.0052999996,False,0.0000000000,0.0000000000,0.0000000000,0.0000000000,0.0000000000,1321939.3612999998,-0.0028907196,2954542.4698999999,1347378.7530892328
2025-08-29,1318118.0052999996,0.0000000000,1318118.0052999996,False,0.0000000000,0.0000000000,0.0000000000,0.0000000000,0.0000000000,1321939.3612999998,-0.0028907196,2955104.4698999999,1352402.1523846248
2025-09-01,1318118.0052999996,0.0000000000,1318118.0052999996,False,0.0000000000,0.0000000000,0.0000000000,0.0000000000,0.0000000000,1321939.3612999998,-0.0028907196,2957128.4698999999,1358571.8542407935
2025-09-02,1318118.0052999996,0.0000000000,1318118.0052999996,False,0.0000000000,0.0000000000,0.0000000000,0.0000000000,0.0000000000,1321939.3612999998,-0.0028907196,2999608.4698999999,1352472.2626329903
2025-09-03,1318118.0052999996,0.0000000000,1318118.0052999996,False,0.0000000000,0.0000000000,0.0000000000,0.0000000000,0.0000000000,1321939.3612999998,-0.0028907196,2977201.4698999999,1336848.1937847266
2025-09-04,1318118.0052999996,0.0000000000,1318118.0052999996,False,0.0000000000,0.0000000000,0.0000000000,0.0000000000,0.0000000000,1321939.3612999998,-0.0028907196,3026983.4698999999,1320133.9105743782
2025-09-05,602.8692999996,1298555.0000000000,1299157.8692999994,True,58900.0000000000,43800.0000000000,35900.0000000000,44200.0000000000,-0.0143842478,1321939.3612999998,-0.0172333865,2984675.4698999999,1336480.1149808073
2025-09-08,1291461.3556999995,0.0000000000,1291461.3556999995,False,0.0000000000,0.0000000000,0.0000000000,0.0000000000,-0.0059242328,1321939.3612999998,-0.0230555247,2972028.4698999999,1341503.5142761993
2025-09-09,1291461.3556999995,0.0000000000,1291461.3556999995,False,0.0000000000,0.0000000000,0.0000000000,0.0000000000,0.0000000000,1321939.3612999998,-0.0230555247,2979797.4698999999,1334650.2374984664
2025-09-10,1291461.3556999995,0.0000000000,1291461.3556999995,False,0.0000000000,0.0000000000,0.0000000000,0.0000000000,0.0000000000,1321939.3612999998,-0.0230555247,2988576.4698999999,1336378.4551206771
2025-09-11,1291461.3556999995,0.0000000000,1291461.3556999995,False,0.0000000000,0.0000000000,0.0000000000,0.0000000000,0.0000000000,1321939.3612999998,-0.0230555247,2991300.4698999999,1358494.7329675914
2025-09-12,1291461.3556999995,0.0000000000,1291461.3556999995,False,0.0000000000,0.0000000000,0.0000000000,0.0000000000,0.0000000000,1321939.3612999998,-0.0230555247,2982087.4698999999,1356843.6366185828
2025-09-15,1291461.3556999995,0.0000000000,1291461.3556999995,False,0.0000000000,0.0000000000,0.0000000000,0.0000000000,0.0000000000,1321939.3612999998,-0.0230555247,2965788.4698999999,1353303.0690761223
2025-09-16,1291461.3556999995,0.0000000000,1291461.3556999995,False,0.0000000000,0.0000000000,0.0000000000,0.0000000000,0.0000000000,1321939.3612999998,-0.0230555247,2950239.4698999999,1353783.3242774261
2025-09-17,1291461.3556999995,0.0000000000,1291461.3556999995,False,0.0000000000,0.0000000000,0.0000000000,0.0000000000,0.0000000000,1321939.3612999998,-0.0230555247,2942009.4698999999,1358855.8007466742
2025-09-18,1291461.3556999995,0.0000000000,1291461.3556999995,False,0.0000000000,0.0000000000,0.0000000000,0.0000000000,0.0000000000,1321939.3612999998,-0.0230555247,2894091.4698999999,1343193.1712618091
2025-09-19,814.2776999994,1288522.0000000000,1289336.2776999995,True,61000.0000000000,44300.0000000000,36900.0000000000,48000.0000000000,-0.0016454832,1321939.3612999998,-0.0246630705,2882671.4698999999,1339137.2933938617
2025-09-22,814.2776999994,1264375.0000000000,1265189.2776999995,True,61000.0000000000,44300.0000000000,36900.0000000000,48000.0000000000,-0.0187282406,1321939.3612999998,-0.0429294151,2844715.4698999999,1342113.4734369796
2025-09-23,814.2776999994,1296885.0000000000,1297699.2776999995,True,61000.0000000000,44300.0000000000,36900.0000000000,48000.0000000000,0.0256957600,1321939.3612999998,-0.0183367591,2893606.4698999999,1339747.2525546420
2025-09-24,814.2776999994,1291236.0000000000,1292050.2776999995,True,61000.0000000000,44300.0000000000,36900.0000000000,48000.0000000000,-0.0043530887,1321939.3612999998,-0.0226100262,2883299.4698999999,1350898.2875571835
2025-09-25,1287751.9032999994,0.0000000000,1287751.9032999994,False,0.0000000000,0.0000000000,0.0000000000,0.0000000000,-0.0033267857,1321939.3612999998,-0.0258615932,2877602.4698999999,1350779.1001349622
2025-09-26,1287751.9032999994,0.0000000000,1287751.9032999994,False,0.0000000000,0.0000000000,0.0000000000,0.0000000000,0.0000000000,1321939.3612999998,-0.0258615932,2876542.4698999999,1341948.7143533207
2025-09-29,861.9520999994,1281844.0000000000,1282705.9520999994,True,61400.0000000000,43600.0000000000,37200.0000000000,48800.0000000000,-0.0039184187,1321939.3612999998,-0.0296786754,2865526.4698999999,1354014.6880970325
2025-09-30,1280079.7584999993,0.0000000000,1280079.7584999993,False,0.0000000000,0.0000000000,0.0000000000,0.0000000000,-0.0020473855,1321939.3612999998,-0.0316652972,2867454.4698999999,1361113.3507440449
2025-10-09,1280079.7584999993,0.0000000000,1280079.7584999993,False,0.0000000000,0.0000000000,0.0000000000,0.0000000000,0.0000000000,1321939.3612999998,-0.0316652972,2877933.4698999999,1379058.0688132087
2025-10-10,1280079.7584999993,0.0000000000,1280079.7584999993,False,0.0000000000,0.0000000000,0.0000000000,0.0000000000,0.0000000000,1321939.3612999998,-0.0316652972,2891754.4698999999,1366108.7059400908
2025-10-13,1280079.7584999993,0.0000000000,1280079.7584999993,False,0.0000000000,0.0000000000,0.0000000000,0.0000000000,0.0000000000,1321939.3612999998,-0.0316652972,2894603.4698999999,1363469.0550891275
2025-10-14,1280079.7584999993,0.0000000000,1280079.7584999993,False,0.0000000000,0.0000000000,0.0000000000,0.0000000000,0.0000000000,1321939.3612999998,-0.0316652972,2945182.4698999999,1354961.1764499675
2025-10-15,1280079.7584999993,0.0000000000,1280079.7584999993,False,0.0000000000,0.0000000000,0.0000000000,0.0000000000,0.0000000000,1321939.3612999998,-0.0316652972,2959200.4698999999,1371430.0737910364
2025-10-16,1280079.7584999993,0.0000000000,1280079.7584999993,False,0.0000000000,0.0000000000,0.0000000000,0.0000000000,0.0000000000,1321939.3612999998,-0.0316652972,3010473.4698999999,1372839.2897831840
2025-10-17,1280079.7584999993,0.0000000000,1280079.7584999993,False,0.0000000000,0.0000000000,0.0000000000,0.0000000000,0.0000000000,1321939.3612999998,-0.0316652972,3020629.4698999999,1346032.6363206140
2025-10-20,1179.2033999993,1294867.0000000000,1296046.2033999993,True,60100.0000000000,42100.0000000000,35000.0000000000,42400.0000000000,0.0124730079,1321939.3612999998,-0.0195872509,3035399.4698999999,1354491.4377859184
2025-10-21,1179.2033999993,1304845.0000000000,1306024.2033999993,True,60100.0000000000,42100.0000000000,35000.0000000000,42400.0000000000,0.0076987996,1321939.3612999998,-0.0120392496,3053832.4698999999,1372874.3449073669
2025-10-22,1303086.8433999992,0.0000000000,1303086.8433999992,False,0.0000000000,0.0000000000,0.0000000000,0.0000000000,-0.0022490854,1321939.3612999998,-0.0142612577,3090844.4698999999,1371973.4282158695
2025-10-23,1303086.8433999992,0.0000000000,1303086.8433999992,False,0.0000000000,0.0000000000,0.0000000000,0.0000000000,0.0000000000,1321939.3612999998,-0.0142612577,3087397.4698999999,1375005.6964576796
2025-10-24,1303086.8433999992,0.0000000000,1303086.8433999992,False,0.0000000000,0.0000000000,0.0000000000,0.0000000000,0.0000000000,1321939.3612999998,-0.0142612577,3090473.4698999999,1384786.0761046745
2025-10-27,1303086.8433999992,0.0000000000,1303086.8433999992,False,0.0000000000,0.0000000000,0.0000000000,0.0000000000,0.0000000000,1321939.3612999998,-0.0142612577,3120817.4698999999,1401132.2805111036
2025-10-28,1303086.8433999992,0.0000000000,1303086.8433999992,False,0.0000000000,0.0000000000,0.0000000000,0.0000000000,0.0000000000,1321939.3612999998,-0.0142612577,3136353.4698999999,1398075.4736823654
2025-10-29,1303086.8433999992,0.0000000000,1303086.8433999992,False,0.0000000000,0.0000000000,0.0000000000,0.0000000000,0.0000000000,1321939.3612999998,-0.0142612577,3103297.4698999999,1407929.4690901441
2025-10-30,1303086.8433999992,0.0000000000,1303086.8433999992,False,0.0000000000,0.0000000000,0.0000000000,0.0000000000,0.0000000000,1321939.3612999998,-0.0142612577,3099818.4698999999,1397612.7460431529
2025-10-31,1303086.8433999992,0.0000000000,1303086.8433999992,False,0.0000000000,0.0000000000,0.0000000000,0.0000000000,0.0000000000,1321939.3612999998,-0.0142612577,3077900.4698999999,1386356.5456680630
2025-11-03,1303086.8433999992,0.0000000000,1303086.8433999992,False,0.0000000000,0.0000000000,0.0000000000,0.0000000000,0.0000000000,1321939.3612999998,-0.0142612577,3106344.4698999999,1393974.0241529804
2025-11-04,1303086.8433999992,0.0000000000,1303086.8433999992,False,0.0000000000,0.0000000000,0.0000000000,0.0000000000,0.0000000000,1321939.3612999998,-0.0142612577,3148180.4698999999,1388249.5223739329
2025-11-05,1303086.8433999992,0.0000000000,1303086.8433999992,False,0.0000000000,0.0000000000,0.0000000000,0.0000000000,0.0000000000,1321939.3612999998,-0.0142612577,3144744.4698999999,1391425.5166248926
2025-11-06,1303086.8433999992,0.0000000000,1303086.8433999992,False,0.0000000000,0.0000000000,0.0000000000,0.0000000000,0.0000000000,1321939.3612999998,-0.0142612577,3135462.4698999999,1404925.2449476803
2025-11-07,1303086.8433999992,0.0000000000,1303086.8433999992,False,0.0000000000,0.0000000000,0.0000000000,0.0000000000,0.0000000000,1321939.3612999998,-0.0142612577,3121366.4698999999,1401349.6222810368
2025-11-10,1303086.8433999992,0.0000000000,1303086.8433999992,False,0.0000000000,0.0000000000,0.0000000000,0.0000000000,0.0000000000,1321939.3612999998,-0.0142612577,3136701.4698999999,1408725.2204090932
2025-11-11,1303086.8433999992,0.0000000000,1303086.8433999992,False,0.0000000000,0.0000000000,0.0000000000,0.0000000000,0.0000000000,1321939.3612999998,-0.0142612577,3159649.4698999999,1403172.4887385413
2025-11-12,1303086.8433999992,0.0000000000,1303086.8433999992,False,0.0000000000,0.0000000000,0.0000000000,0.0000000000,0.0000000000,1321939.3612999998,-0.0142612577,3197489.4698999999,1402254.0444849525
2025-11-13,1303086.8433999992,0.0000000000,1303086.8433999992,False,0.0000000000,0.0000000000,0.0000000000,0.0000000000,0.0000000000,1321939.3612999998,-0.0142612577,3191622.4698999999,1412546.2289450159
2025-11-14,1303086.8433999992,0.0000000000,1303086.8433999992,False,0.0000000000,0.0000000000,0.0000000000,0.0000000000,0.0000000000,1321939.3612999998,-0.0142612577,3195572.4698999999,1398871.2250013144
2025-11-17,1303086.8433999992,0.0000000000,1303086.8433999992,False,0.0000000000,0.0000000000,0.0000000000,0.0000000000,0.0000000000,1321939.3612999998,-0.0142612577,3163657.4698999999,1392400.0490771739
2025-11-18,899.3042999991,1302238.0000000000,1303137.3042999990,True,56700.0000000000,40000.0000000000,34500.0000000000,39300.0000000000,0.0000387241,1321939.3612999998,-0.0142230858,3152372.4698999999,1381105.2880654829
2025-11-19,899.3042999991,1320886.0000000000,1321785.3042999990,True,56700.0000000000,40000.0000000000,34500.0000000000,39300.0000000000,0.0143100807,1321939.3612999998,-0.0001165386,3179792.4698999999,1383534.6081713494
2025-11-20,899.3042999991,1344086.0000000000,1344985.3042999990,True,56700.0000000000,40000.0000000000,34500.0000000000,39300.0000000000,0.0175520184,1344985.3042999990,0.0000000000,3211110.4698999999,1378034.4591870715
2025-11-21,899.3042999991,1340763.0000000000,1341662.3042999990,True,56700.0000000000,40000.0000000000,34500.0000000000,39300.0000000000,-0.0024706590,1344985.3042999990,-0.0024706590,3201834.4698999999,1344325.4517729129
2025-11-24,899.3042999991,1329400.0000000000,1330299.3042999990,True,56700.0000000000,40000.0000000000,34500.0000000000,39300.0000000000,-0.0084693443,1344985.3042999990,-0.0109190784,3184692.4698999999,1344984.4881075490
2025-11-25,899.3042999991,1344318.0000000000,1345217.3042999990,True,56700.0000000000,40000.0000000000,34500.0000000000,39300.0000000000,0.0112140177,1345217.3042999990,0.0000000000,3208167.4698999999,1356640.3168983227
2025-11-26,899.3042999991,1322487.0000000000,1323386.3042999990,True,56700.0000000000,40000.0000000000,34500.0000000000,39300.0000000000,-0.0162286048,1345217.3042999990,-0.0162286048,3171672.4698999999,1354593.0976460483
2025-11-27,899.3042999991,1329564.0000000000,1330463.3042999990,True,56700.0000000000,40000.0000000000,34500.0000000000,39300.0000000000,0.0053476449,1345217.3042999990,-0.0109677447,3187696.4698999999,1358477.2054055000
2025-11-28,899.3042999991,1317811.0000000000,1318710.3042999990,True,56700.0000000000,40000.0000000000,34500.0000000000,39300.0000000000,-0.0088337649,1345217.3042999990,-0.0197046231,3168737.4698999999,1363153.5589714826
2025-12-01,899.3042999991,1314701.0000000000,1315600.3042999990,True,56700.0000000000,40000.0000000000,34500.0000000000,39300.0000000000,-0.0023583648,1345217.3042999990,-0.0220165173,3162326.4698999999,1372061.0660263263
2025-12-02,899.3042999991,1313588.0000000000,1314487.3042999990,True,56700.0000000000,40000.0000000000,34500.0000000000,39300.0000000000,-0.0008460016,1345217.3042999990,-0.0228438929,3161684.4698999999,1366347.0807845336
2025-12-03,899.3042999991,1298092.0000000000,1298991.3042999990,True,56700.0000000000,40000.0000000000,34500.0000000000,39300.0000000000,-0.0117886266,1345217.3042999990,-0.0343632214,3137736.4698999999,1359437.7158081082
2025-12-04,899.3042999991,1289821.0000000000,1290720.3042999990,True,56700.0000000000,40000.0000000000,34500.0000000000,39300.0000000000,-0.0063672482,1345217.3042999990,-0.0405116704,3122920.4698999999,1358662.9975636688
2025-12-05,899.3042999991,1277548.0000000000,1278447.3042999990,True,56700.0000000000,40000.0000000000,34500.0000000000,39300.0000000000,-0.0095086441,1345217.3042999990,-0.0496351034,3102187.4698999999,1368134.8921178554
2025-12-08,899.3042999991,1279468.0000000000,1280367.3042999990,True,56700.0000000000,40000.0000000000,34500.0000000000,39300.0000000000,0.0015018218,1345217.3042999990,-0.0482078247,3105603.4698999999,1375591.1170315321
2025-12-09,1279105.9202999990,0.0000000000,1279105.9202999990,False,0.0000000000,0.0000000000,0.0000000000,0.0000000000,-0.0009851735,1345217.3042999990,-0.0491455052,3133245.4698999999,1370487.0909505195
2025-12-10,670.5046999989,1253482.0000000000,1254152.5046999990,True,54800.0000000000,39500.0000000000,34200.0000000000,39700.0000000000,-0.0195084826,1345217.3042999990,-0.0676952336,3088172.4698999999,1367325.1187492332
2025-12-11,13019.9846999989,1249477.0000000000,1262496.9846999990,True,54800.0000000000,39500.0000000000,34200.0000000000,39700.0000000000,0.0066534811,1345217.3042999990,-0.0614921614,3103918.3699000003,1357797.1359963543
2025-12-12,13019.9846999989,1231327.0000000000,1244346.9846999990,True,54800.0000000000,39500.0000000000,34200.0000000000,39700.0000000000,-0.0143762720,1345217.3042999990,-0.0749844053,3069976.3699000003,1363416.4724028534
2025-12-15,23349.4346999989,1216972.0000000000,1240321.4346999989,True,54800.0000000000,39500.0000000000,34200.0000000000,39700.0000000000,-0.0032350703,1345217.3042999990,-0.0779768958,3060042.8799000001,1355904.1592904842
2025-12-16,23349.4346999989,1208954.0000000000,1232303.4346999989,True,54800.0000000000,39500.0000000000,34200.0000000000,39700.0000000000,-0.0064644533,1345217.3042999990,-0.0839372711,3043906.8799000001,1340791.8952552888
2025-12-17,23349.4346999989,1217094.0000000000,1240443.4346999989,True,54800.0000000000,39500.0000000000,34200.0000000000,39700.0000000000,0.0066055160,1345217.3042999990,-0.0778862042,3058976.8799000001,1356731.4602211977
2025-12-18,23349.4346999989,1242957.0000000000,1266306.4346999989,True,54800.0000000000,39500.0000000000,34200.0000000000,39700.0000000000,0.0208498020,1345217.3042999990,-0.0586603141,3102958.8799000001,1358866.3172839289
2025-12-19,23349.4346999989,1234777.0000000000,1258126.4346999989,True,54800.0000000000,39500.0000000000,34200.0000000000,39700.0000000000,-0.0064597318,1345217.3042999990,-0.0647411160,3089246.8799000001,1363802.0787688640
2025-12-22,1252506.3218999989,0.0000000000,1252506.3218999989,False,0.0000000000,0.0000000000,0.0000000000,0.0000000000,-0.0044670493,1345217.3042999990,-0.0689189636,3095436.8799000001,1373235.4126864495
2025-12-23,1252506.3218999989,0.0000000000,1252506.3218999989,False,0.0000000000,0.0000000000,0.0000000000,0.0000000000,0.0000000000,1345217.3042999990,-0.0689189636,3107697.8799000001,1374153.8569400383
2025-12-24,1252506.3218999989,0.0000000000,1252506.3218999989,False,0.0000000000,0.0000000000,0.0000000000,0.0000000000,0.0000000000,1345217.3042999990,-0.0689189636,3100233.8799000001,1381504.9164811666
2025-12-25,1252506.3218999989,0.0000000000,1252506.3218999989,False,0.0000000000,0.0000000000,0.0000000000,0.0000000000,0.0000000000,1345217.3042999990,-0.0689189636,3091730.8799000001,1388049.7081660912
2025-12-26,1252506.3218999989,0.0000000000,1252506.3218999989,False,0.0000000000,0.0000000000,0.0000000000,0.0000000000,0.0000000000,1345217.3042999990,-0.0689189636,3073218.8799000001,1389472.9462079119
2025-12-29,1252506.3218999989,0.0000000000,1252506.3218999989,False,0.0000000000,0.0000000000,0.0000000000,0.0000000000,0.0000000000,1345217.3042999990,-0.0689189636,3104026.8799000001,1390033.8281948364
2025-12-30,1252506.3218999989,0.0000000000,1252506.3218999989,False,0.0000000000,0.0000000000,0.0000000000,0.0000000000,0.0000000000,1345217.3042999990,-0.0689189636,3096572.8799000001,1389977.7399961438
2025-12-31,1252506.3218999989,0.0000000000,1252506.3218999989,False,0.0000000000,0.0000000000,0.0000000000,0.0000000000,0.0000000000,1345217.3042999990,-0.0689189636,3115699.8799000001,1391281.7906157433
2026-01-05,1252506.3218999989,0.0000000000,1252506.3218999989,False,0.0000000000,0.0000000000,0.0000000000,0.0000000000,0.0000000000,1345217.3042999990,-0.0689189636,3092663.8799000001,1410414.8773947032
2026-01-06,1252506.3218999989,0.0000000000,1252506.3218999989,False,0.0000000000,0.0000000000,0.0000000000,0.0000000000,0.0000000000,1345217.3042999990,-0.0689189636,3079552.8799000001,1431535.5897148266
2026-01-07,1252506.3218999989,0.0000000000,1252506.3218999989,False,0.0000000000,0.0000000000,0.0000000000,0.0000000000,0.0000000000,1345217.3042999990,-0.0689189636,3061271.8799000001,1432271.7473226648
2026-01-08,1252506.3218999989,0.0000000000,1252506.3218999989,False,0.0000000000,0.0000000000,0.0000000000,0.0000000000,0.0000000000,1345217.3042999990,-0.0689189636,3052656.8799000001,1431293.7093579653
2026-01-09,1252506.3218999989,0.0000000000,1252506.3218999989,False,0.0000000000,0.0000000000,0.0000000000,0.0000000000,0.0000000000,1345217.3042999990,-0.0689189636,3047096.8799000001,1444421.8533644157
2026-01-12,1252506.3218999989,0.0000000000,1252506.3218999989,False,0.0000000000,0.0000000000,0.0000000000,0.0000000000,0.0000000000,1345217.3042999990,-0.0689189636,3064958.8799000001,1460147.5820728093
2026-01-13,1252506.3218999989,0.0000000000,1252506.3218999989,False,0.0000000000,0.0000000000,0.0000000000,0.0000000000,0.0000000000,1345217.3042999990,-0.0689189636,3083912.8799000001,1450847.4576271186
2026-01-14,1252506.3218999989,0.0000000000,1252506.3218999989,False,0.0000000000,0.0000000000,0.0000000000,0.0000000000,0.0000000000,1345217.3042999990,-0.0689189636,3051491.8799000001,1446405.9733931606
2026-01-15,1252506.3218999989,0.0000000000,1252506.3218999989,False,0.0000000000,0.0000000000,0.0000000000,0.0000000000,0.0000000000,1345217.3042999990,-0.0689189636,3031589.8799000001,1441677.0371409042
2026-01-16,1252506.3218999989,0.0000000000,1252506.3218999989,False,0.0000000000,0.0000000000,0.0000000000,0.0000000000,0.0000000000,1345217.3042999990,-0.0689189636,3009587.8799000001,1437929.6443657652
2026-01-19,1252506.3218999989,0.0000000000,1252506.3218999989,False,0.0000000000,0.0000000000,0.0000000000,0.0000000000,0.0000000000,1345217.3042999990,-0.0689189636,2990932.8799000001,1442167.8088794630
2026-01-20,1252506.3218999989,0.0000000000,1252506.3218999989,False,0.0000000000,0.0000000000,0.0000000000,0.0000000000,0.0000000000,1345217.3042999990,-0.0689189636,3008550.8799000001,1442045.1159448230
2026-01-21,1252506.3218999989,0.0000000000,1252506.3218999989,False,0.0000000000,0.0000000000,0.0000000000,0.0000000000,0.0000000000,1345217.3042999990,-0.0689189636,2960573.8799000001,1443198.4295304364
2026-01-22,1252506.3218999989,0.0000000000,1252506.3218999989,False,0.0000000000,0.0000000000,0.0000000000,0.0000000000,0.0000000000,1345217.3042999990,-0.0689189636,2930323.8799000001,1445175.5385343451
2026-01-23,1252506.3218999989,0.0000000000,1252506.3218999989,False,0.0000000000,0.0000000000,0.0000000000,0.0000000000,0.0000000000,1345217.3042999990,-0.0689189636,2916696.8799000001,1449936.0243983665
2026-01-26,1252506.3218999989,0.0000000000,1252506.3218999989,False,0.0000000000,0.0000000000,0.0000000000,0.0000000000,0.0000000000,1345217.3042999990,-0.0689189636,2932142.8799000001,1448691.5674898776
2026-01-27,1252506.3218999989,0.0000000000,1252506.3218999989,False,0.0000000000,0.0000000000,0.0000000000,0.0000000000,0.0000000000,1345217.3042999990,-0.0689189636,2939400.8799000001,1451247.0860428021
2026-01-28,1252506.3218999989,0.0000000000,1252506.3218999989,False,0.0000000000,0.0000000000,0.0000000000,0.0000000000,0.0000000000,1345217.3042999990,-0.0689189636,2929413.8799000001,1455222.3371251293
2026-01-29,1252506.3218999989,0.0000000000,1252506.3218999989,False,0.0000000000,0.0000000000,0.0000000000,0.0000000000,0.0000000000,1345217.3042999990,-0.0689189636,2936604.8799000001,1457585.0524950481
2026-01-30,1252506.3218999989,0.0000000000,1252506.3218999989,False,0.0000000000,0.0000000000,0.0000000000,0.0000000000,0.0000000000,1345217.3042999990,-0.0689189636,2927691.8799000001,1443552.4862846825
2026-02-02,1252506.3218999989,0.0000000000,1252506.3218999989,False,0.0000000000,0.0000000000,0.0000000000,0.0000000000,0.0000000000,1345217.3042999990,-0.0689189636,2945059.8799000001,1407726.1493698840
2026-02-03,1938.2639999989,1229314.0000000000,1231252.2639999990,True,57900.0000000000,42800.0000000000,35600.0000000000,46300.0000000000,-0.0169692221,1345217.3042999990,-0.0847186844,2907247.8799000001,1425951.3084325101
2026-02-04,1938.2639999989,1238890.0000000000,1240828.2639999990,True,57900.0000000000,42800.0000000000,35600.0000000000,46300.0000000000,0.0077774476,1345217.3042999990,-0.0776001319,2920869.8799000001,1438031.3042258951
2026-02-05,1938.2639999989,1249658.0000000000,1251596.2639999990,True,57900.0000000000,42800.0000000000,35600.0000000000,46300.0000000000,0.0086780744,1345217.3042999990,-0.0695954773,2936983.8799000001,1428818.8175906613
2026-02-06,1938.2639999989,1244018.0000000000,1245956.2639999990,True,57900.0000000000,42800.0000000000,35600.0000000000,46300.0000000000,-0.0045062455,1345217.3042999990,-0.0737881084,2928503.8799000001,1425194.1177501620
2026-02-09,1938.2639999989,1249175.0000000000,1251113.2639999990,True,57900.0000000000,42800.0000000000,35600.0000000000,46300.0000000000,0.0041389896,1345217.3042999990,-0.0699545270,2936820.8799000001,1445354.3196676774
2026-02-10,1250113.9239999990,0.0000000000,1250113.9239999990,False,0.0000000000,0.0000000000,0.0000000000,0.0000000000,-0.0007987606,1345217.3042999990,-0.0706974107,2948101.8799000001,1447205.2302245281
2026-02-11,1250113.9239999990,0.0000000000,1250113.9239999990,False,0.0000000000,0.0000000000,0.0000000000,0.0000000000,0.0000000000,1345217.3042999990,-0.0706974107,2952608.8799000001,1448470.7202075261
2026-02-12,1250113.9239999990,0.0000000000,1250113.9239999990,False,0.0000000000,0.0000000000,0.0000000000,0.0000000000,0.0000000000,1345217.3042999990,-0.0706974107,2915774.8799000001,1449185.8447408550
2026-02-13,1250113.9239999990,0.0000000000,1250113.9239999990,False,0.0000000000,0.0000000000,0.0000000000,0.0000000000,0.0000000000,1345217.3042999990,-0.0706974107,2894036.8799000001,1430974.7077279021
2026-02-24,1192.3598999990,1240019.0000000000,1241211.3598999991,True,58700.0000000000,43800.0000000000,35700.0000000000,47900.0000000000,-0.0071214022,1345217.3042999990,-0.0773153483,2885660.8799000001,1443363.1886140956
2026-02-25,1241411.3902999989,0.0000000000,1241411.3902999989,False,0.0000000000,0.0000000000,0.0000000000,0.0000000000,0.0001611574,1345217.3042999990,-0.0771666508,2886274.8799000001,1453816.6266453997
2026-02-26,1241411.3902999989,0.0000000000,1241411.3902999989,False,0.0000000000,0.0000000000,0.0000000000,0.0000000000,0.0000000000,1345217.3042999990,-0.0771666508,2869370.8799000001,1453606.2959003032
2026-02-27,1241411.3902999989,0.0000000000,1241411.3902999989,False,0.0000000000,0.0000000000,0.0000000000,0.0000000000,0.0000000000,1345217.3042999990,-0.0771666508,2864291.8799000001,1459302.7535800044
2026-03-02,1241411.3902999989,0.0000000000,1241411.3902999989,False,0.0000000000,0.0000000000,0.0000000000,0.0000000000,0.0000000000,1345217.3042999990,-0.0771666508,2882922.8799000001,1466212.1185564299
2026-03-03,1241411.3902999989,0.0000000000,1241411.3902999989,False,0.0000000000,0.0000000000,0.0000000000,0.0000000000,0.0000000000,1345217.3042999990,-0.0771666508,2934502.8799000001,1445210.5936585281
2026-03-04,1241411.3902999989,0.0000000000,1241411.3902999989,False,0.0000000000,0.0000000000,0.0000000000,0.0000000000,0.0000000000,1345217.3042999990,-0.0771666508,2922068.8799000001,1431114.9282246332
2026-03-05,603.2594999988,1260212.0000000000,1260815.2594999988,True,58400.0000000000,44000.0000000000,35100.0000000000,47300.0000000000,0.0156304907,1345217.3042999990,-0.0627423127,2934697.8799000001,1440264.3156363380
2026-03-06,603.2594999988,1259373.0000000000,1259976.2594999988,True,58400.0000000000,44000.0000000000,35100.0000000000,47300.0000000000,-0.0006654425,1345217.3042999990,-0.0633660038,2932555.8799000001,1445739.9260336878
2026-03-09,1255186.7890999988,0.0000000000,1255186.7890999988,False,0.0000000000,0.0000000000,0.0000000000,0.0000000000,-0.0038012386,1345217.3042999990,-0.0669263731,2930745.8799000001,1436068.2172716598
2026-03-10,608.5284999987,1247872.0000000000,1248480.5284999986,True,58600.0000000000,44300.0000000000,34800.0000000000,47500.0000000000,-0.0053428387,1345217.3042999990,-0.0719116350,2910936.8799000001,1445371.8472297690
2026-03-11,1246532.9908999987,0.0000000000,1246532.9908999987,False,0.0000000000,0.0000000000,0.0000000000,0.0000000000,-0.0015599263,1345217.3042999990,-0.0733593845,2928568.8799000001,1448979.0195081767
2026-03-12,1246532.9908999987,0.0000000000,1246532.9908999987,False,0.0000000000,0.0000000000,0.0000000000,0.0000000000,0.0000000000,1345217.3042999990,-0.0733593845,2935322.8799000001,1447461.1326310625
2026-03-13,1246532.9908999987,0.0000000000,1246532.9908999987,False,0.0000000000,0.0000000000,0.0000000000,0.0000000000,0.0000000000,1345217.3042999990,-0.0733593845,2940028.8799000001,1435665.0833435578
2026-03-16,957.4302999988,1251320.0000000000,1252277.4302999987,True,57800.0000000000,43200.0000000000,34000.0000000000,47200.0000000000,0.0046083332,1345217.3042999990,-0.0690891157,2948173.8799000001,1431928.2071056736
2026-03-17,957.4302999988,1271060.0000000000,1272017.4302999987,True,57800.0000000000,43200.0000000000,34000.0000000000,47200.0000000000,0.0157632802,1345217.3042999990,-0.0544149066,2978742.8799000001,1419700.9797907209
2026-03-18,957.4302999988,1269096.0000000000,1270053.4302999987,True,57800.0000000000,43200.0000000000,34000.0000000000,47200.0000000000,-0.0015440040,1345217.3042999990,-0.0558748938,2975250.8799000001,1424282.6845214099
2026-03-19,957.4302999988,1284866.0000000000,1285823.4302999987,True,57800.0000000000,43200.0000000000,34000.0000000000,47200.0000000000,0.0124168004,1345217.3042999990,-0.0441518807,3000172.8799000001,1404501.0779450685
2026-03-20,957.4302999988,1280470.0000000000,1281427.4302999987,True,57800.0000000000,43200.0000000000,34000.0000000000,47200.0000000000,-0.0034188209,1345217.3042999990,-0.0474197543,2992446.8799000001,1387148.7914745938
2026-03-23,957.4302999988,1241566.0000000000,1242523.4302999987,True,57800.0000000000,43200.0000000000,34000.0000000000,47200.0000000000,-0.0303598933,1345217.3042999990,-0.0763399888,2929426.8799000001,1336750.0394370146
2026-03-24,957.4302999988,1256070.0000000000,1257027.4302999987,True,57800.0000000000,43200.0000000000,34000.0000000000,47200.0000000000,0.0116730193,1345217.3042999990,-0.0655580877,2951126.8799000001,1360587.5238813034
2026-03-25,957.4302999988,1266298.0000000000,1267255.4302999987,True,57800.0000000000,43200.0000000000,34000.0000000000,47200.0000000000,0.0081366562,1345217.3042999990,-0.0579548551,2966917.8799000001,1378311.3946681155
2026-03-26,957.4302999988,1271300.0000000000,1272257.4302999987,True,57800.0000000000,43200.0000000000,34000.0000000000,47200.0000000000,0.0039471127,1345217.3042999990,-0.0542364968,2972870.8799000001,1363321.8235675599
2026-03-27,957.4302999988,1267762.0000000000,1268719.4302999987,True,57800.0000000000,43200.0000000000,34000.0000000000,47200.0000000000,-0.0027808837,1345217.3042999990,-0.0568665551,2967030.8799000001,1371959.4061661963
2026-03-30,957.4302999988,1284418.0000000000,1285375.4302999987,True,57800.0000000000,43200.0000000000,34000.0000000000,47200.0000000000,0.0131281981,1345217.3042999990,-0.0444849124,2990514.8799000001,1375314.1815504881
2026-03-31,957.4302999988,1313674.0000000000,1314631.4302999987,True,57800.0000000000,43200.0000000000,34000.0000000000,47200.0000000000,0.0227606653,1345217.3042999990,-0.0227367533,3037268.8799000001,1364296.3560198410
2026-04-01,957.4302999988,1303810.0000000000,1304767.4302999987,True,57800.0000000000,43200.0000000000,34000.0000000000,47200.0000000000,-0.0075032437,1345217.3042999990,-0.0300693976,3022035.8799000001,1384169.1059190577
2026-04-02,957.4302999988,1325292.0000000000,1326249.4302999987,True,57800.0000000000,43200.0000000000,34000.0000000000,47200.0000000000,0.0164642368,1345217.3042999990,-0.0141002305,3058954.8799000001,1373911.9765831770
2026-04-03,957.4302999988,1302844.0000000000,1303801.4302999987,True,57800.0000000000,43200.0000000000,34000.0000000000,47200.0000000000,-0.0169259262,1345217.3042999990,-0.0307874972,3024873.8799000001,1360173.8734159465
2026-04-07,957.4302999988,1283828.0000000000,1284785.4302999987,True,57800.0000000000,43200.0000000000,34000.0000000000,47200.0000000000,-0.0145850431,1345217.3042999990,-0.0449235033,2993138.8799000001,1363700.4189087339
2026-04-08,957.4302999988,1277132.0000000000,1278089.4302999987,True,57800.0000000000,43200.0000000000,34000.0000000000,47200.0000000000,-0.0052117652,1345217.3042999990,-0.0499011377,2983020.8799000001,1400452.2111019578
2026-04-09,1276727.9966999989,0.0000000000,1276727.9966999989,False,0.0000000000,0.0000000000,0.0000000000,0.0000000000,-0.0010652100,1345217.3042999990,-0.0509131925,2975333.8799000001,1390345.8188000631
2026-04-10,1276727.9966999989,0.0000000000,1276727.9966999989,False,0.0000000000,0.0000000000,0.0000000000,0.0000000000,0.0000000000,1345217.3042999990,-0.0509131925,2968526.8799000001,1397374.3711987098
2026-04-13,1276727.9966999989,0.0000000000,1276727.9966999989,False,0.0000000000,0.0000000000,0.0000000000,0.0000000000,0.0000000000,1345217.3042999990,-0.0509131925,2984135.8799000001,1398194.6611045869
2026-04-14,1276727.9966999989,0.0000000000,1276727.9966999989,False,0.0000000000,0.0000000000,0.0000000000,0.0000000000,0.0000000000,1345217.3042999990,-0.0509131925,3005932.8799000001,1411540.1468809703
2026-04-15,1276727.9966999989,0.0000000000,1276727.9966999989,False,0.0000000000,0.0000000000,0.0000000000,0.0000000000,0.0000000000,1345217.3042999990,-0.0509131925,3036123.8799000001,1411743.4666012304
2026-04-16,1276727.9966999989,0.0000000000,1276727.9966999989,False,0.0000000000,0.0000000000,0.0000000000,0.0000000000,0.0000000000,1345217.3042999990,-0.0509131925,3037924.8799000001,1421678.0887946296
2026-04-17,1276727.9966999989,0.0000000000,1276727.9966999989,False,0.0000000000,0.0000000000,0.0000000000,0.0000000000,0.0000000000,1345217.3042999990,-0.0509131925,3038690.8799000001,1420233.8176782990
2026-04-20,1276727.9966999989,0.0000000000,1276727.9966999989,False,0.0000000000,0.0000000000,0.0000000000,0.0000000000,0.0000000000,1345217.3042999990,-0.0509131925,3085767.8799000001,1430995.7408024117
2026-04-21,1276727.9966999989,0.0000000000,1276727.9966999989,False,0.0000000000,0.0000000000,0.0000000000,0.0000000000,0.0000000000,1345217.3042999990,-0.0509131925,3096536.8799000001,1432029.8669658038
2026-04-22,1276727.9966999989,0.0000000000,1276727.9966999989,False,0.0000000000,0.0000000000,0.0000000000,0.0000000000,0.0000000000,1345217.3042999990,-0.0509131925,3070168.8799000001,1439454.5422677160
2026-04-23,1276727.9966999989,0.0000000000,1276727.9966999989,False,0.0000000000,0.0000000000,0.0000000000,0.0000000000,0.0000000000,1345217.3042999990,-0.0509131925,3065180.8799000001,1434893.8706115365
2026-04-24,1276727.9966999989,0.0000000000,1276727.9966999989,False,0.0000000000,0.0000000000,0.0000000000,0.0000000000,0.0000000000,1345217.3042999990,-0.0509131925,3065888.8799000001,1430214.0115331358
2026-04-27,1276727.9966999989,0.0000000000,1276727.9966999989,False,0.0000000000,0.0000000000,0.0000000000,0.0000000000,0.0000000000,1345217.3042999990,-0.0509131925,3043424.8799000001,1432471.5615305067
2026-04-28,1276727.9966999989,0.0000000000,1276727.9966999989,False,0.0000000000,0.0000000000,0.0000000000,0.0000000000,0.0000000000,1345217.3042999990,-0.0509131925,3060537.8799000001,1429772.3169684329
2026-04-29,1276727.9966999989,0.0000000000,1276727.9966999989,False,0.0000000000,0.0000000000,0.0000000000,0.0000000000,0.0000000000,1345217.3042999990,-0.0509131925,3052247.8799000001,1439892.7313200007
2026-04-30,1276727.9966999989,0.0000000000,1276727.9966999989,False,0.0000000000,0.0000000000,0.0000000000,0.0000000000,0.0000000000,1345217.3042999990,-0.0509131925,3053647.8799000001,1441522.7945944997
2026-05-06,1276727.9966999989,0.0000000000,1276727.9966999989,False,0.0000000000,0.0000000000,0.0000000000,0.0000000000,0.0000000000,1345217.3042999990,-0.0509131925,3031566.8799000001,1458352.7597146512
2026-05-07,1276727.9966999989,0.0000000000,1276727.9966999989,False,0.0000000000,0.0000000000,0.0000000000,0.0000000000,0.0000000000,1345217.3042999990,-0.0509131925,3027892.8799000001,1465335.7404518605
2026-05-08,1276727.9966999989,0.0000000000,1276727.9966999989,False,0.0000000000,0.0000000000,0.0000000000,0.0000000000,0.0000000000,1345217.3042999990,-0.0509131925,3032987.8799000001,1465286.6632780046
2026-05-11,1276727.9966999989,0.0000000000,1276727.9966999989,False,0.0000000000,0.0000000000,0.0000000000,0.0000000000,0.0000000000,1345217.3042999990,-0.0509131925,3020283.8799000001,1481086.0077471826
2026-05-12,1276727.9966999989,0.0000000000,1276727.9966999989,False,0.0000000000,0.0000000000,0.0000000000,0.0000000000,0.0000000000,1345217.3042999990,-0.0509131925,3024283.8799000001,1477394.7031707359
2026-05-13,1276727.9966999989,0.0000000000,1276727.9966999989,False,0.0000000000,0.0000000000,0.0000000000,0.0000000000,0.0000000000,1345217.3042999990,-0.0509131925,3017832.0899000000,1487238.1820412597
2026-05-14,1276727.9966999989,0.0000000000,1276727.9966999989,False,0.0000000000,0.0000000000,0.0000000000,0.0000000000,0.0000000000,1345217.3042999990,-0.0509131925,3041415.0899000000,1464575.0442570942
2026-05-15,1276727.9966999989,0.0000000000,1276727.9966999989,False,0.0000000000,0.0000000000,0.0000000000,0.0000000000,0.0000000000,1345217.3042999990,-0.0509131925,3036041.0899000000,1449666.0999421591
2026-05-18,1276727.9966999989,0.0000000000,1276727.9966999989,False,0.0000000000,0.0000000000,0.0000000000,0.0000000000,0.0000000000,1345217.3042999990,-0.0509131925,3023295.0899000000,1448312.9721487036
2026-05-19,1276727.9966999989,0.0000000000,1276727.9966999989,False,0.0000000000,0.0000000000,0.0000000000,0.0000000000,0.0000000000,1345217.3042999990,-0.0509131925,3041518.0899000000,1461637.4248505775
2026-05-20,1276727.9966999989,0.0000000000,1276727.9966999989,False,0.0000000000,0.0000000000,0.0000000000,0.0000000000,0.0000000000,1345217.3042999990,-0.0509131925,3004536.0899000000,1459057.3677107252
2026-05-21,1276727.9966999989,0.0000000000,1276727.9966999989,False,0.0000000000,0.0000000000,0.0000000000,0.0000000000,0.0000000000,1345217.3042999990,-0.0509131925,3028859.0899000000,1429295.5672795470
2026-05-22,1204.4543999987,1281834.0000000000,1283038.4543999988,True,55100.0000000000,44700.0000000000,31700.0000000000,49200.0000000000,0.0049426798,1345217.3042999990,-0.0462221603,3033235.0899000000,1441782.2025134522
2026-05-25,1204.4543999987,1283875.0000000000,1285079.4543999988,True,55100.0000000000,44700.0000000000,31700.0000000000,49200.0000000000,0.0015907551,1345217.3042999990,-0.0447049333,3035996.0899000000,1455688.5702767600
2026-05-26,1282000.9967999987,0.0000000000,1282000.9967999987,False,0.0000000000,0.0000000000,0.0000000000,0.0000000000,-0.0023955387,1345217.3042999990,-0.0469933797,3044622.0899000000,1453164.6013356003
2026-05-27,319.6076999987,1270593.0000000000,1270912.6076999987,True,54300.0000000000,44600.0000000000,31300.0000000000,50000.0000000000,-0.0086492827,1345217.3042999990,-0.0552362034,3021303.0899000000,1435062.1352076139
2026-05-28,319.6076999987,1255784.0000000000,1256103.6076999987,True,54300.0000000000,44600.0000000000,31300.0000000000,50000.0000000000,-0.0116522567,1345217.3042999990,-0.0662448337,2997131.0899000000,1436783.3418049884
2026-05-29,319.6076999987,1267958.0000000000,1268277.6076999987,True,54300.0000000000,44600.0000000000,31300.0000000000,50000.0000000000,0.0096918757,1345217.3042999990,-0.0571949947,3014913.0899000000,1426242.2659632270
2026-06-01,319.6076999987,1287583.0000000000,1287902.6076999987,True,54300.0000000000,44600.0000000000,31300.0000000000,50000.0000000000,0.0154737416,1345217.3042999990,-0.0426062737,3047427.0899000000,1422445.7960142323
2026-06-02,319.6076999987,1292669.0000000000,1292988.6076999987,True,54300.0000000000,44600.0000000000,31300.0000000000,50000.0000000000,0.0039490564,1345217.3042999990,-0.0388254719,3054483.0899000000,1428531.3655723624
2026-06-03,319.6076999987,1280651.0000000000,1280970.6076999987,True,54300.0000000000,44600.0000000000,31300.0000000000,50000.0000000000,-0.0092947455,1345217.3042999990,-0.0477593445,3034504.0899000000,1431640.7550873749
2026-06-04,319.6076999987,1271767.0000000000,1272086.6076999987,True,54300.0000000000,44600.0000000000,31300.0000000000,50000.0000000000,-0.0069353660,1345217.3042999990,-0.0543634819,3020466.0899000000,1422459.8180639055
2026-06-05,319.6076999987,1293765.0000000000,1294084.6076999987,True,54300.0000000000,44600.0000000000,31300.0000000000,50000.0000000000,0.0172928477,1345217.3042999990,-0.0380107336,3054336.0899000000,1411929.2587593992
2026-06-08,319.6076999987,1319731.0000000000,1320050.6076999987,True,54300.0000000000,44600.0000000000,31300.0000000000,50000.0000000000,0.0200651486,1345217.3042999990,-0.0187082760,3096318.0899000000,1387951.5538183793
2026-06-09,319.6076999987,1323411.0000000000,1323730.6076999987,True,54300.0000000000,44600.0000000000,31300.0000000000,50000.0000000000,0.0027877719,1345217.3042999990,-0.0159726585,3102336.0899000000,1405720.9962666293
2026-06-10,319.6076999987,1344557.0000000000,1344876.6076999987,True,54300.0000000000,44600.0000000000,31300.0000000000,50000.0000000000,0.0159745494,1345217.3042999990,-0.0002532651,3135415.0899000000,1399831.7354039226
2026-06-11,319.6076999987,1344076.0000000000,1344395.6076999987,True,54300.0000000000,44600.0000000000,31300.0000000000,50000.0000000000,-0.0003576536,1345217.3042999990,-0.0006108282,3135211.0899000000,1397651.3066797538
2026-06-12,319.6076999987,1363445.0000000000,1363764.6076999987,True,54300.0000000000,44600.0000000000,31300.0000000000,50000.0000000000,0.0144072176,1363764.6076999987,0.0000000000,3165848.0899000000,1413250.8369410897
2026-06-15,319.6076999987,1329688.0000000000,1330007.6076999987,True,54300.0000000000,44600.0000000000,31300.0000000000,50000.0000000000,-0.0247528054,1363764.6076999987,-0.0247528054,3113229.0899000000,1436022.6456102221
2026-06-16,1320907.2916999985,0.0000000000,1320907.2916999985,False,0.0000000000,0.0000000000,0.0000000000,0.0000000000,-0.0068423037,1363764.6076999987,-0.0314257429,3079064.0899000000,1434417.1209226509
2026-06-17,1320907.2916999985,0.0000000000,1320907.2916999985,False,0.0000000000,0.0000000000,0.0000000000,0.0000000000,0.0000000000,1363764.6076999987,-0.0314257429,3058176.0899000000,1440092.5455278426
2026-06-18,1320907.2916999985,0.0000000000,1320907.2916999985,False,0.0000000000,0.0000000000,0.0000000000,0.0000000000,0.0000000000,1363764.6076999987,-0.0314257429,3007770.0899000000,1433922.8436716737
2026-06-22,1320907.2916999985,0.0000000000,1320907.2916999985,False,0.0000000000,0.0000000000,0.0000000000,0.0000000000,0.0000000000,1363764.6076999987,-0.0314257429,3026323.0899000000,1459379.8748532068
2026-06-23,1320907.2916999985,0.0000000000,1320907.2916999985,False,0.0000000000,0.0000000000,0.0000000000,0.0000000000,0.0000000000,1363764.6076999987,-0.0314257429,3075262.0899000000,1439451.0367552976
2026-06-24,1320907.2916999985,0.0000000000,1320907.2916999985,False,0.0000000000,0.0000000000,0.0000000000,0.0000000000,0.0000000000,1363764.6076999987,-0.0314257429,3026943.0899000000,1441049.5504180326
2026-06-25,1320907.2916999985,0.0000000000,1320907.2916999985,False,0.0000000000,0.0000000000,0.0000000000,0.0000000000,0.0000000000,1363764.6076999987,-0.0314257429,2993120.0899000000,1444369.2706781412
2026-06-26,1320907.2916999985,0.0000000000,1320907.2916999985,False,0.0000000000,0.0000000000,0.0000000000,0.0000000000,0.0000000000,1363764.6076999987,-0.0314257429,2981209.0899000000,1411760.9941633218
2026-06-29,489.2850999985,1335890.0000000000,1336379.2850999986,True,57400.0000000000,46300.0000000000,34000.0000000000,53600.0000000000,0.0117131562,1363764.6076999987,-0.0200806814,2995793.0899000000,1428110.7040821691
2026-06-30,1326985.2386999987,0.0000000000,1326985.2386999987,False,0.0000000000,0.0000000000,0.0000000000,0.0000000000,-0.0070294762,1363764.6076999987,-0.0269690009,2954083.0899000000,1435297.0045396385
2026-07-01,1326985.2386999987,0.0000000000,1326985.2386999987,False,0.0000000000,0.0000000000,0.0000000000,0.0000000000,0.0000000000,1363764.6076999987,-0.0269690009,2943005.0899000000,1441624.4544546299
2026-07-02,1326985.2386999987,0.0000000000,1326985.2386999987,False,0.0000000000,0.0000000000,0.0000000000,0.0000000000,0.0000000000,1363764.6076999987,-0.0269690009,2932074.0899000000,1412335.8981999194
2026-07-03,875.5250999987,1319781.0000000000,1320656.5250999988,True,59400.0000000000,47100.0000000000,34700.0000000000,55700.0000000000,-0.0047692419,1363764.6076999987,-0.0316096212,2916517.0899000000,1417503.0235044607
2026-07-06,875.5250999987,1338446.0000000000,1339321.5250999988,True,59400.0000000000,47100.0000000000,34700.0000000000,55700.0000000000,0.0141331222,1363764.6076999987,-0.0179232416,2943638.0899000000,1416661.7005240740
2026-07-07,875.5250999987,1366487.0000000000,1367362.5250999988,True,59400.0000000000,47100.0000000000,34700.0000000000,55700.0000000000,0.0209367202,1367362.5250999988,0.0000000000,2983612.0899000000,1398783.5871908576
2026-07-08,875.5250999987,1391316.0000000000,1392191.5250999988,True,59400.0000000000,47100.0000000000,34700.0000000000,55700.0000000000,0.0181583154,1392191.5250999988,0.0000000000,3019256.0899000000,1391996.9151490720
2026-07-09,875.5250999987,1372229.0000000000,1373104.5250999988,True,59400.0000000000,47100.0000000000,34700.0000000000,55700.0000000000,-0.0137100389,1392191.5250999988,-0.0137100389,2992066.0899000000,1415031.6372495750
2026-07-10,7819.3850999987,1384221.0000000000,1392040.3850999987,True,59400.0000000000,47100.0000000000,34700.0000000000,55700.0000000000,0.0137905452,1392191.5250999988,-0.0001085626,3020313.6999000004,1400858.8505424780
2026-07-13,14860.0150999987,1414366.0000000000,1429226.0150999988,True,59400.0000000000,47100.0000000000,34700.0000000000,55700.0000000000,0.0267130396,1429226.0150999988,0.0000000000,3074222.7198999999,1371983.9447531241
2026-07-14,14860.0150999987,1405125.0000000000,1419985.0150999988,True,59400.0000000000,47100.0000000000,34700.0000000000,55700.0000000000,-0.0064657373,1429226.0150999988,-0.0064657373,3061078.7198999999,1390682.3479922176
2026-07-15,14860.0150999987,1404802.0000000000,1419662.0150999988,True,59400.0000000000,47100.0000000000,34700.0000000000,55700.0000000000,-0.0002274672,1429226.0150999988,-0.0066917338,3060284.7198999999,1386633.4811491070
2026-07-16,14860.0150999987,1383559.0000000000,1398419.0150999988,True,59400.0000000000,47100.0000000000,34700.0000000000,55700.0000000000,-0.0149634207,1429226.0150999988,-0.0215550233,3029731.7198999999,1360983.6467845687
2026-07-17,14860.0150999987,1419046.0000000000,1433906.0150999988,True,59400.0000000000,47100.0000000000,34700.0000000000,55700.0000000000,0.0253765142,1433906.0150999988,0.0000000000,3080456.7198999999,1319527.4569260161
2026-07-20,14860.0150999987,1456151.0000000000,1471011.0150999988,True,59400.0000000000,47100.0000000000,34700.0000000000,55700.0000000000,0.0258768703,1471011.0150999988,0.0000000000,3135419.7198999999,1330790.6683259425
2026-07-21,14860.0150999987,1417092.0000000000,1431952.0150999988,True,59400.0000000000,47100.0000000000,34700.0000000000,55700.0000000000,-0.0265524864,1471011.0150999988,-0.0265524864,3079085.7198999999,1354659.7023819957
2026-07-22,14860.0150999987,1428594.0000000000,1443454.0150999988,True,59400.0000000000,47100.0000000000,34700.0000000000,55700.0000000000,0.0080323921,1471011.0150999988,-0.0187333743,3096120.7198999999,1355592.1686852574
2026-07-23,14860.0150999987,1438737.0000000000,1453597.0150999988,True,59400.0000000000,47100.0000000000,34700.0000000000,55700.0000000000,0.0070268951,1471011.0150999988,-0.0118381167,3110788.7198999999,1359010.0432930784
2026-07-24,14860.0150999987,1449003.0000000000,1463863.0150999988,True,59400.0000000000,47100.0000000000,34700.0000000000,55700.0000000000,0.0070624801,1471011.0150999988,-0.0048592430,3125636.7198999999,1337072.5465794962
2026-07-27,14860.0150999987,1454279.0000000000,1469139.0150999988,True,59400.0000000000,47100.0000000000,34700.0000000000,55700.0000000000,0.0036041624,1471011.0150999988,-0.0012725941,3134703.7198999999,1352514.3287820097
2026-07-28,14860.0150999987,1494607.0000000000,1509467.0150999988,True,59400.0000000000,47100.0000000000,34700.0000000000,55700.0000000000,0.0274500912,1509467.0150999988,0.0000000000,3194129.7198999999,1336760.5559742695
2026-07-29,14860.0150999987,1486301.0000000000,1501161.0150999988,True,59400.0000000000,47100.0000000000,34700.0000000000,55700.0000000000,-0.0055026045,1509467.0150999988,-0.0055026045,3182675.7198999999,1342074.9128003786
2026-07-30,14860.0150999987,1525267.0000000000,1540127.0150999988,True,59400.0000000000,47100.0000000000,34700.0000000000,55700.0000000000,0.0259572422,1540127.0150999988,0.0000000000,3239646.7198999999,1333738.8042697140
2026-07-31,14860.0150999987,1497118.0000000000,1511978.0150999988,True,59400.0000000000,47100.0000000000,34700.0000000000,55700.0000000000,-0.0182770640,1540127.0150999988,-0.0182770640,3197895.7198999999,1343403.5020069059
