date,signal_date,side,code,name,quantity,raw_open,execution_price,notional,commission,stamp_duty,slippage_bps,reason
2011-03-16,2011-03-15,buy,sh.601988,中国银行,76600.0,3.26,3.26,249715.99999999997,74.91479999999999,0.0,0.0,entry_signal
2011-03-16,2011-03-15,buy,sh.601398,工商银行,58600.0,4.26,4.26,249636.0,74.8908,0.0,0.0,entry_signal
2011-03-16,2011-03-15,buy,sh.601939,建设银行,51500.0,4.85,4.85,249774.99999999997,74.93249999999999,0.0,0.0,entry_signal
2011-03-16,2011-03-15,buy,sh.601288,农业银行,95400.0,2.62,2.62,249948.0,74.9844,0.0,0.0,entry_signal
2011-03-17,2011-03-16,sell,sh.601988,中国银行,76600.0,3.26,3.26,249715.99999999997,74.91479999999999,249.71599999999998,0.0,exit_signal
2011-03-17,2011-03-16,sell,sh.601398,工商银行,58600.0,4.29,4.29,251394.0,75.4182,251.394,0.0,exit_signal
2011-03-17,2011-03-16,sell,sh.601939,建设银行,51500.0,4.85,4.85,249774.99999999997,74.93249999999999,249.77499999999998,0.0,exit_signal
2011-03-17,2011-03-16,sell,sh.601288,农业银行,95400.0,2.63,2.63,250902.0,75.27059999999999,250.90200000000002,0.0,exit_signal
2011-03-18,2011-03-17,buy,sh.601988,中国银行,76700.0,3.26,3.26,250041.99999999997,75.01259999999998,0.0,0.0,entry_signal
2011-03-18,2011-03-17,buy,sh.601398,工商银行,58400.0,4.28,4.28,249952.0,74.98559999999999,0.0,0.0,entry_signal
2011-03-18,2011-03-17,buy,sh.601939,建设银行,51000.0,4.9,4.9,249900.00000000003,74.97,0.0,0.0,entry_signal
2011-03-18,2011-03-17,buy,sh.601288,农业银行,95100.0,2.63,2.63,250113.0,75.03389999999999,0.0,0.0,entry_signal
2011-03-24,2011-03-23,sell,sh.601988,中国银行,76700.0,3.28,3.28,251575.99999999997,75.47279999999998,251.57599999999996,0.0,exit_signal
2011-03-24,2011-03-23,sell,sh.601398,工商银行,58400.0,4.4,4.4,256960.00000000003,77.08800000000001,256.96000000000004,0.0,exit_signal
2011-03-24,2011-03-23,sell,sh.601939,建设银行,51000.0,4.97,4.97,253470.0,76.041,253.47,0.0,exit_signal
2011-03-24,2011-03-23,sell,sh.601288,农业银行,95100.0,2.67,2.67,253917.0,76.17509999999999,253.917,0.0,exit_signal
2011-04-01,2011-03-31,buy,sh.601988,中国银行,76000.0,3.34,3.34,253840.0,76.15199999999999,0.0,0.0,entry_signal
2011-04-01,2011-03-31,buy,sh.601398,工商银行,56500.0,4.49,4.49,253685.0,76.10549999999999,0.0,0.0,entry_signal
2011-04-01,2011-03-31,buy,sh.601939,建设银行,51000.0,4.97,4.97,253470.0,76.041,0.0,0.0,entry_signal
2011-04-01,2011-03-31,buy,sh.601288,农业银行,91900.0,2.76,2.76,253643.99999999997,76.09319999999998,0.0,0.0,entry_signal
2011-04-06,2011-04-01,sell,sh.601988,中国银行,76000.0,3.36,3.36,255360.0,76.60799999999999,255.36,0.0,exit_signal
2011-04-06,2011-04-01,sell,sh.601398,工商银行,56500.0,4.51,4.51,254815.0,76.44449999999999,254.815,0.0,exit_signal
2011-04-06,2011-04-01,sell,sh.601939,建设银行,51000.0,5.03,5.03,256530.0,76.95899999999999,256.53000000000003,0.0,exit_signal
2011-04-06,2011-04-01,sell,sh.601288,农业银行,91900.0,2.79,2.79,256401.0,76.9203,256.401,0.0,exit_signal
2011-04-26,2011-04-25,buy,sh.601988,中国银行,76000.0,3.36,3.36,255360.0,76.60799999999999,0.0,0.0,entry_signal
2011-04-26,2011-04-25,buy,sh.601398,工商银行,56900.0,4.49,4.49,255481.0,76.64429999999999,0.0,0.0,entry_signal
2011-04-26,2011-04-25,buy,sh.601939,建设银行,49800.0,5.13,5.13,255474.0,76.64219999999999,0.0,0.0,entry_signal
2011-04-26,2011-04-25,buy,sh.601288,农业银行,89000.0,2.87,2.87,255430.0,76.62899999999999,0.0,0.0,entry_signal
2011-06-27,2011-06-24,sell,sh.601988,中国银行,76000.0,3.25,3.25,247000.0,74.1,247.0,0.0,exit_signal
2011-06-27,2011-06-24,sell,sh.601398,工商银行,56900.0,4.47,4.47,254343.0,76.3029,254.34300000000002,0.0,exit_signal
2011-06-27,2011-06-24,sell,sh.601939,建设银行,49800.0,4.94,4.94,246012.00000000003,73.8036,246.01200000000003,0.0,exit_signal
2011-06-27,2011-06-24,sell,sh.601288,农业银行,89000.0,2.79,2.79,248310.0,74.493,248.31,0.0,exit_signal
2011-07-22,2011-07-21,buy,sh.601988,中国银行,83400.0,3.09,3.09,257706.0,77.31179999999999,0.0,0.0,entry_signal
2011-07-22,2011-07-21,buy,sh.601398,工商银行,59100.0,4.36,4.36,257676.00000000003,77.3028,0.0,0.0,entry_signal
2011-07-22,2011-07-21,buy,sh.601939,建设银行,53000.0,4.86,4.86,257580.00000000003,77.274,0.0,0.0,entry_signal
2011-07-22,2011-07-21,buy,sh.601288,农业银行,95500.0,2.7,2.7,257850.00000000003,77.355,0.0,0.0,entry_signal
2011-08-26,2011-08-25,sell,sh.601988,中国银行,83400.0,3.0,3.0,250200.0,75.05999999999999,250.20000000000002,0.0,exit_signal
2011-08-26,2011-08-25,sell,sh.601398,工商银行,59100.0,4.16,4.16,245856.0,73.7568,245.856,0.0,exit_signal
2011-08-26,2011-08-25,sell,sh.601939,建设银行,53000.0,4.6,4.6,243799.99999999997,73.13999999999999,243.79999999999998,0.0,exit_signal
2011-08-26,2011-08-25,sell,sh.601288,农业银行,95500.0,2.64,2.64,252120.0,75.636,252.12,0.0,exit_signal
2011-08-30,2011-08-29,buy,sh.601988,中国银行,82800.0,2.99,2.99,247572.00000000003,74.2716,0.0,0.0,entry_signal
2011-08-30,2011-08-29,buy,sh.601398,工商银行,60200.0,4.11,4.11,247422.00000000003,74.2266,0.0,0.0,entry_signal
2011-08-30,2011-08-29,buy,sh.601939,建设银行,54500.0,4.54,4.54,247430.0,74.229,0.0,0.0,entry_signal
2011-08-30,2011-08-29,buy,sh.601288,农业银行,94900.0,2.61,2.61,247689.0,74.30669999999999,0.0,0.0,entry_signal
2011-10-14,2011-10-13,sell,sh.601988,中国银行,82800.0,2.96,2.96,245088.0,73.5264,245.088,0.0,exit_signal
2011-10-14,2011-10-13,sell,sh.601398,工商银行,60200.0,4.1,4.1,246819.99999999997,74.04599999999998,246.81999999999996,0.0,exit_signal
2011-10-14,2011-10-13,sell,sh.601939,建设银行,54500.0,4.58,4.58,249610.0,74.883,249.61,0.0,exit_signal
2011-10-14,2011-10-13,sell,sh.601288,农业银行,94900.0,2.57,2.57,243892.99999999997,73.16789999999999,243.89299999999997,0.0,exit_signal
2011-10-19,2011-10-18,buy,sh.601988,中国银行,82000.0,3.0,3.0,246000.0,73.8,0.0,0.0,entry_signal
2011-10-19,2011-10-18,buy,sh.601398,工商银行,59000.0,4.17,4.17,246030.0,73.809,0.0,0.0,entry_signal
2011-10-19,2011-10-18,buy,sh.601939,建设银行,53100.0,4.63,4.63,245853.0,73.7559,0.0,0.0,entry_signal
2011-10-19,2011-10-18,buy,sh.601288,农业银行,94600.0,2.6,2.6,245960.0,73.788,0.0,0.0,entry_signal
2011-10-26,2011-10-25,sell,sh.601988,中国银行,82000.0,3.01,3.01,246819.99999999997,74.04599999999998,246.81999999999996,0.0,exit_signal
2011-10-26,2011-10-25,sell,sh.601398,工商银行,59000.0,4.23,4.23,249570.00000000003,74.871,249.57000000000002,0.0,exit_signal
2011-10-26,2011-10-25,sell,sh.601939,建设银行,53100.0,4.73,4.73,251163.00000000003,75.3489,251.16300000000004,0.0,exit_signal
2011-10-26,2011-10-25,sell,sh.601288,农业银行,94600.0,2.65,2.65,250690.0,75.207,250.69,0.0,exit_signal
2011-11-18,2011-11-17,buy,sh.601988,中国银行,84500.0,2.95,2.95,249275.00000000003,74.7825,0.0,0.0,entry_signal
2011-11-18,2011-11-17,buy,sh.601398,工商银行,58200.0,4.28,4.28,249096.0,74.72879999999999,0.0,0.0,entry_signal
2011-11-18,2011-11-17,buy,sh.601939,建设银行,52600.0,4.74,4.74,249324.0,74.79719999999999,0.0,0.0,entry_signal
2011-11-18,2011-11-17,buy,sh.601288,农业银行,96600.0,2.58,2.58,249228.0,74.7684,0.0,0.0,entry_signal
2012-01-10,2012-01-09,sell,sh.601988,中国银行,84500.0,2.96,2.96,250120.0,75.03599999999999,250.12,0.0,exit_signal
2012-01-10,2012-01-09,sell,sh.601398,工商银行,58200.0,4.29,4.29,249678.0,74.90339999999999,249.678,0.0,exit_signal
2012-01-10,2012-01-09,sell,sh.601939,建设银行,52600.0,4.74,4.74,249324.0,74.79719999999999,249.324,0.0,exit_signal
2012-01-10,2012-01-09,sell,sh.601288,农业银行,96600.0,2.67,2.67,257922.0,77.3766,257.922,0.0,exit_signal
2012-01-17,2012-01-16,buy,sh.601988,中国银行,84600.0,2.97,2.97,251262.00000000003,75.3786,0.0,0.0,entry_signal
2012-01-17,2012-01-16,buy,sh.601398,工商银行,58400.0,4.3,4.3,251120.0,75.336,0.0,0.0,entry_signal
2012-01-17,2012-01-16,buy,sh.601939,建设银行,52800.0,4.76,4.76,251328.0,75.3984,0.0,0.0,entry_signal
2012-01-17,2012-01-16,buy,sh.601288,农业银行,94900.0,2.65,2.65,251485.0,75.4455,0.0,0.0,entry_signal
2012-01-18,2012-01-17,sell,sh.601988,中国银行,84600.0,3.0,3.0,253800.0,76.13999999999999,253.8,0.0,exit_signal
2012-01-18,2012-01-17,sell,sh.601398,工商银行,58400.0,4.35,4.35,254039.99999999997,76.21199999999999,254.03999999999996,0.0,exit_signal
2012-01-18,2012-01-17,sell,sh.601939,建设银行,52800.0,4.82,4.82,254496.00000000003,76.3488,254.49600000000004,0.0,exit_signal
2012-01-18,2012-01-17,sell,sh.601288,农业银行,94900.0,2.69,2.69,255281.0,76.5843,255.281,0.0,exit_signal
2012-03-08,2012-03-07,buy,sh.601988,中国银行,84400.0,3.01,3.01,254043.99999999997,76.21319999999999,0.0,0.0,entry_signal
2012-03-08,2012-03-07,buy,sh.601398,工商银行,58700.0,4.33,4.33,254171.0,76.25129999999999,0.0,0.0,entry_signal
2012-03-08,2012-03-07,buy,sh.601939,建设银行,53000.0,4.79,4.79,253870.0,76.16099999999999,0.0,0.0,entry_signal
2012-03-08,2012-03-07,buy,sh.601288,农业银行,94500.0,2.69,2.69,254205.0,76.2615,0.0,0.0,entry_signal
2012-03-09,2012-03-08,sell,sh.601988,中国银行,84400.0,3.02,3.02,254888.0,76.4664,254.888,0.0,exit_signal
2012-03-09,2012-03-08,sell,sh.601398,工商银行,58700.0,4.34,4.34,254758.0,76.42739999999999,254.758,0.0,exit_signal
2012-03-09,2012-03-08,sell,sh.601939,建设银行,53000.0,4.79,4.79,253870.0,76.16099999999999,253.87,0.0,exit_signal
2012-03-09,2012-03-08,sell,sh.601288,农业银行,94500.0,2.71,2.71,256095.0,76.82849999999999,256.095,0.0,exit_signal
2012-03-15,2012-03-14,buy,sh.601988,中国银行,83700.0,3.04,3.04,254448.0,76.33439999999999,0.0,0.0,entry_signal
2012-03-15,2012-03-14,buy,sh.601398,工商银行,59000.0,4.31,4.31,254289.99999999997,76.28699999999998,0.0,0.0,entry_signal
2012-03-15,2012-03-14,buy,sh.601939,建设银行,53400.0,4.76,4.76,254184.0,76.25519999999999,0.0,0.0,entry_signal
2012-03-15,2012-03-14,buy,sh.601288,农业银行,94300.0,2.7,2.7,254610.00000000003,76.383,0.0,0.0,entry_signal
2012-04-13,2012-04-12,sell,sh.601988,中国银行,83700.0,3.05,3.05,255284.99999999997,76.58549999999998,255.28499999999997,0.0,exit_signal
2012-04-13,2012-04-12,sell,sh.601398,工商银行,59000.0,4.34,4.34,256060.0,76.818,256.06,0.0,exit_signal
2012-04-13,2012-04-12,sell,sh.601939,建设银行,53400.0,4.75,4.75,253650.0,76.095,253.65,0.0,exit_signal
2012-04-13,2012-04-12,sell,sh.601288,农业银行,94300.0,2.67,2.67,251781.0,75.53429999999999,251.781,0.0,exit_signal
2012-04-18,2012-04-17,buy,sh.601988,中国银行,83200.0,3.05,3.05,253759.99999999997,76.12799999999999,0.0,0.0,entry_signal
2012-04-18,2012-04-17,buy,sh.601398,工商银行,58200.0,4.36,4.36,253752.00000000003,76.1256,0.0,0.0,entry_signal
2012-04-18,2012-04-17,buy,sh.601939,建设银行,54000.0,4.7,4.7,253800.0,76.13999999999999,0.0,0.0,entry_signal
2012-04-18,2012-04-17,buy,sh.601288,农业银行,94700.0,2.68,2.68,253796.00000000003,76.1388,0.0,0.0,entry_signal
2012-04-19,2012-04-18,sell,sh.601988,中国银行,83200.0,3.07,3.07,255424.0,76.62719999999999,255.424,0.0,exit_signal
2012-04-19,2012-04-18,sell,sh.601398,工商银行,58200.0,4.38,4.38,254916.0,76.47479999999999,254.916,0.0,exit_signal
2012-04-19,2012-04-18,sell,sh.601939,建设银行,54000.0,4.73,4.73,255420.00000000003,76.626,255.42000000000004,0.0,exit_signal
2012-04-19,2012-04-18,sell,sh.601288,农业银行,94700.0,2.7,2.7,255690.00000000003,76.70700000000001,255.69000000000003,0.0,exit_signal
2012-05-14,2012-05-11,buy,sh.601988,中国银行,83400.0,3.06,3.06,255204.0,76.5612,0.0,0.0,entry_signal
2012-05-14,2012-05-11,buy,sh.601398,工商银行,58400.0,4.37,4.37,255208.0,76.5624,0.0,0.0,entry_signal
2012-05-14,2012-05-11,buy,sh.601939,建设银行,54300.0,4.7,4.7,255210.0,76.56299999999999,0.0,0.0,entry_signal
2012-05-14,2012-05-11,buy,sh.601288,农业银行,93400.0,2.73,2.73,254982.0,76.49459999999999,0.0,0.0,entry_signal
2012-06-01,2012-05-29,sell,sh.601988,中国银行,83400.0,3.03,3.03,252701.99999999997,75.81059999999998,252.70199999999997,0.0,exit_signal
2012-06-01,2012-05-29,sell,sh.601398,工商银行,58400.0,4.21,4.21,245864.0,73.75919999999999,245.864,0.0,exit_signal
2012-06-01,2012-05-29,sell,sh.601939,建设银行,54300.0,4.5,4.5,244350.0,73.30499999999999,244.35,0.0,exit_signal
2012-06-01,2012-05-29,sell,sh.601288,农业银行,93400.0,2.65,2.65,247510.0,74.253,247.51000000000002,0.0,exit_signal
2012-08-14,2012-08-13,buy,sh.601988,中国银行,89200.0,2.77,2.77,247084.0,74.12519999999999,0.0,0.0,entry_signal
2012-08-14,2012-08-13,buy,sh.601398,工商银行,64500.0,3.83,3.83,247035.0,74.11049999999999,0.0,0.0,entry_signal
2012-08-14,2012-08-13,buy,sh.601939,建设银行,60700.0,4.07,4.07,247049.00000000003,74.1147,0.0,0.0,entry_signal
2012-08-14,2012-08-13,buy,sh.601288,农业银行,97700.0,2.53,2.53,247180.99999999997,74.15429999999998,0.0,0.0,entry_signal
2012-09-10,2012-09-07,sell,sh.601988,中国银行,89200.0,2.74,2.74,244408.00000000003,73.3224,244.40800000000004,0.0,exit_signal
2012-09-10,2012-09-07,sell,sh.601398,工商银行,64500.0,3.78,3.78,243810.0,73.143,243.81,0.0,exit_signal
2012-09-10,2012-09-07,sell,sh.601939,建设银行,60700.0,4.0,4.0,242800.0,72.83999999999999,242.8,0.0,exit_signal
2012-09-10,2012-09-07,sell,sh.601288,农业银行,97700.0,2.48,2.48,242296.0,72.6888,242.296,0.0,exit_signal
2012-09-18,2012-09-17,buy,sh.601988,中国银行,91000.0,2.67,2.67,242970.0,72.89099999999999,0.0,0.0,entry_signal
2012-09-18,2012-09-17,buy,sh.601398,工商银行,64800.0,3.75,3.75,243000.0,72.89999999999999,0.0,0.0,entry_signal
2012-09-18,2012-09-17,buy,sh.601939,建设银行,61500.0,3.95,3.95,242925.0,72.8775,0.0,0.0,entry_signal
2012-09-18,2012-09-17,buy,sh.601288,农业银行,98800.0,2.46,2.46,243048.0,72.9144,0.0,0.0,entry_signal
2012-10-08,2012-09-28,sell,sh.601988,中国银行,91000.0,2.7,2.7,245700.00000000003,73.71000000000001,245.70000000000005,0.0,exit_signal
2012-10-08,2012-09-28,sell,sh.601398,工商银行,64800.0,3.75,3.75,243000.0,72.89999999999999,243.0,0.0,exit_signal
2012-10-08,2012-09-28,sell,sh.601939,建设银行,61500.0,3.97,3.97,244155.0,73.2465,244.155,0.0,exit_signal
2012-10-08,2012-09-28,sell,sh.601288,农业银行,98800.0,2.45,2.45,242060.00000000003,72.61800000000001,242.06000000000003,0.0,exit_signal
2012-10-29,2012-10-26,buy,sh.601988,中国银行,89800.0,2.71,2.71,243358.0,73.00739999999999,0.0,0.0,entry_signal
2012-10-29,2012-10-26,buy,sh.601398,工商银行,63700.0,3.82,3.82,243334.0,73.00019999999999,0.0,0.0,entry_signal
2012-10-29,2012-10-26,buy,sh.601939,建设银行,59200.0,4.11,4.11,243312.00000000003,72.9936,0.0,0.0,entry_signal
2012-10-29,2012-10-26,buy,sh.601288,农业银行,98100.0,2.48,2.48,243288.0,72.98639999999999,0.0,0.0,entry_signal
2012-11-02,2012-11-01,sell,sh.601988,中国银行,89800.0,2.77,2.77,248746.0,74.62379999999999,248.746,0.0,exit_signal
2012-11-02,2012-11-01,sell,sh.601398,工商银行,63700.0,3.87,3.87,246519.0,73.9557,246.519,0.0,exit_signal
2012-11-02,2012-11-01,sell,sh.601939,建设银行,59200.0,4.2,4.2,248640.0,74.592,248.64000000000001,0.0,exit_signal
2012-11-02,2012-11-01,sell,sh.601288,农业银行,98100.0,2.53,2.53,248192.99999999997,74.45789999999998,248.19299999999998,0.0,exit_signal
2012-11-09,2012-11-08,buy,sh.601988,中国银行,88400.0,2.8,2.8,247519.99999999997,74.25599999999999,0.0,0.0,entry_signal
2012-11-09,2012-11-08,buy,sh.601398,工商银行,64100.0,3.86,3.86,247426.0,74.22779999999999,0.0,0.0,entry_signal
2012-11-09,2012-11-08,buy,sh.601939,建设银行,58100.0,4.26,4.26,247506.0,74.25179999999999,0.0,0.0,entry_signal
2012-11-09,2012-11-08,buy,sh.601288,农业银行,96700.0,2.56,2.56,247552.0,74.26559999999999,0.0,0.0,entry_signal
2012-12-06,2012-12-05,sell,sh.601988,中国银行,88400.0,2.77,2.77,244868.0,73.46039999999999,244.868,0.0,exit_signal
2012-12-06,2012-12-05,sell,sh.601398,工商银行,64100.0,3.9,3.9,249990.0,74.997,249.99,0.0,exit_signal
2012-12-06,2012-12-05,sell,sh.601939,建设银行,58100.0,4.24,4.24,246344.0,73.9032,246.344,0.0,exit_signal
2012-12-06,2012-12-05,sell,sh.601288,农业银行,96700.0,2.62,2.62,253354.0,76.00619999999999,253.354,0.0,exit_signal
2013-02-22,2013-02-21,buy,sh.601988,中国银行,83600.0,2.97,2.97,248292.00000000003,74.4876,0.0,0.0,entry_signal
2013-02-22,2013-02-21,buy,sh.601398,工商银行,59700.0,4.16,4.16,248352.0,74.50559999999999,0.0,0.0,entry_signal
2013-02-22,2013-02-21,buy,sh.601939,建设银行,53300.0,4.66,4.66,248378.0,74.51339999999999,0.0,0.0,entry_signal
2013-02-22,2013-02-21,buy,sh.601288,农业银行,84500.0,2.94,2.94,248430.0,74.529,0.0,0.0,entry_signal
2013-03-21,2013-03-20,sell,sh.601988,中国银行,83600.0,2.98,2.98,249128.0,74.7384,249.12800000000001,0.0,exit_signal
2013-03-21,2013-03-20,sell,sh.601398,工商银行,59700.0,4.16,4.16,248352.0,74.50559999999999,248.352,0.0,exit_signal
2013-03-21,2013-03-20,sell,sh.601939,建设银行,53300.0,4.7,4.7,250510.0,75.15299999999999,250.51000000000002,0.0,exit_signal
2013-03-21,2013-03-20,sell,sh.601288,农业银行,84500.0,2.89,2.89,244205.0,73.2615,244.205,0.0,exit_signal
2013-03-27,2013-03-26,buy,sh.601988,中国银行,82600.0,3.0,3.0,247800.0,74.33999999999999,0.0,0.0,entry_signal
2013-03-27,2013-03-26,buy,sh.601398,工商银行,59800.0,4.14,4.14,247571.99999999997,74.27159999999998,0.0,0.0,entry_signal
2013-03-27,2013-03-26,buy,sh.601939,建设银行,52700.0,4.7,4.7,247690.0,74.30699999999999,0.0,0.0,entry_signal
2013-03-27,2013-03-26,buy,sh.601288,农业银行,86300.0,2.87,2.87,247681.0,74.3043,0.0,0.0,entry_signal
2013-04-22,2013-04-19,sell,sh.601988,中国银行,82600.0,2.91,2.91,240366.0,72.10979999999999,240.366,0.0,exit_signal
2013-04-22,2013-04-19,sell,sh.601398,工商银行,59800.0,4.1,4.1,245179.99999999997,73.55399999999999,245.17999999999998,0.0,exit_signal
2013-04-22,2013-04-19,sell,sh.601939,建设银行,52700.0,4.67,4.67,246109.0,73.83269999999999,246.109,0.0,exit_signal
2013-04-22,2013-04-19,sell,sh.601288,农业银行,86300.0,2.74,2.74,236462.00000000003,70.93860000000001,236.46200000000005,0.0,exit_signal
2013-04-24,2013-04-23,buy,sh.601988,中国银行,84200.0,2.87,2.87,241654.0,72.49619999999999,0.0,0.0,entry_signal
2013-04-24,2013-04-23,buy,sh.601398,工商银行,59400.0,4.07,4.07,241758.00000000003,72.5274,0.0,0.0,entry_signal
2013-04-24,2013-04-23,buy,sh.601939,建设银行,51800.0,4.66,4.66,241388.0,72.4164,0.0,0.0,entry_signal
2013-04-24,2013-04-23,buy,sh.601288,农业银行,89800.0,2.69,2.69,241562.0,72.4686,0.0,0.0,entry_signal
2013-05-07,2013-05-06,sell,sh.601988,中国银行,84200.0,2.9,2.9,244180.0,73.25399999999999,244.18,0.0,exit_signal
2013-05-07,2013-05-06,sell,sh.601398,工商银行,59400.0,4.09,4.09,242946.0,72.8838,242.946,0.0,exit_signal
2013-05-07,2013-05-06,sell,sh.601939,建设银行,51800.0,4.79,4.79,248122.0,74.4366,248.122,0.0,exit_signal
2013-05-07,2013-05-06,sell,sh.601288,农业银行,89800.0,2.72,2.72,244256.00000000003,73.27680000000001,244.25600000000003,0.0,exit_signal
2013-06-05,2013-06-04,buy,sh.601988,中国银行,82900.0,2.95,2.95,244555.00000000003,73.3665,0.0,0.0,entry_signal
2013-06-05,2013-06-04,buy,sh.601398,工商银行,58100.0,4.21,4.21,244601.0,73.38029999999999,0.0,0.0,entry_signal
2013-06-05,2013-06-04,buy,sh.601939,建设银行,51000.0,4.79,4.79,244290.0,73.28699999999999,0.0,0.0,entry_signal
2013-06-05,2013-06-04,buy,sh.601288,农业银行,89600.0,2.73,2.73,244608.0,73.38239999999999,0.0,0.0,entry_signal
2013-07-12,2013-07-11,sell,sh.601988,中国银行,82900.0,2.72,2.72,225488.00000000003,67.6464,225.48800000000003,0.0,exit_signal
2013-07-12,2013-07-11,sell,sh.601398,工商银行,58100.0,3.97,3.97,230657.0,69.19709999999999,230.657,0.0,exit_signal
2013-07-12,2013-07-11,sell,sh.601939,建设银行,51000.0,4.5,4.5,229500.0,68.85,229.5,0.0,exit_signal
2013-07-12,2013-07-11,sell,sh.601288,农业银行,89600.0,2.56,2.56,229376.0,68.8128,229.376,0.0,exit_signal
2013-07-22,2013-07-19,buy,sh.601988,中国银行,92200.0,2.63,2.63,242486.0,72.74579999999999,0.0,0.0,entry_signal
2013-07-22,2013-07-19,buy,sh.601398,工商银行,61800.0,3.92,3.92,242256.0,72.6768,0.0,0.0,entry_signal
2013-07-22,2013-07-19,buy,sh.601939,建设银行,56200.0,4.31,4.31,242221.99999999997,72.66659999999999,0.0,0.0,entry_signal
2013-07-22,2013-07-19,buy,sh.601288,农业银行,97000.0,2.5,2.5,242500.0,72.75,0.0,0.0,entry_signal
2013-07-23,2013-07-22,sell,sh.601988,中国银行,92200.0,2.65,2.65,244330.0,73.29899999999999,244.33,0.0,exit_signal
2013-07-23,2013-07-22,sell,sh.601398,工商银行,61800.0,3.91,3.91,241638.0,72.4914,241.638,0.0,exit_signal
2013-07-23,2013-07-22,sell,sh.601939,建设银行,56200.0,4.35,4.35,244469.99999999997,73.34099999999998,244.46999999999997,0.0,exit_signal
2013-07-23,2013-07-22,sell,sh.601288,农业银行,97000.0,2.53,2.53,245409.99999999997,73.62299999999999,245.40999999999997,0.0,exit_signal
2013-07-29,2013-07-26,buy,sh.601988,中国银行,91900.0,2.65,2.65,243535.0,73.06049999999999,0.0,0.0,entry_signal
2013-07-29,2013-07-26,buy,sh.601398,工商银行,62500.0,3.9,3.9,243750.0,73.125,0.0,0.0,entry_signal
2013-07-29,2013-07-26,buy,sh.601939,建设银行,57300.0,4.25,4.25,243525.0,73.05749999999999,0.0,0.0,entry_signal
2013-07-29,2013-07-26,buy,sh.601288,农业银行,98200.0,2.48,2.48,243536.0,73.0608,0.0,0.0,entry_signal
2013-08-02,2013-08-01,sell,sh.601988,中国银行,91900.0,2.69,2.69,247211.0,74.16329999999999,247.211,0.0,exit_signal
2013-08-02,2013-08-01,sell,sh.601398,工商银行,62500.0,3.93,3.93,245625.0,73.6875,245.625,0.0,exit_signal
2013-08-02,2013-08-01,sell,sh.601939,建设银行,57300.0,4.34,4.34,248682.0,74.60459999999999,248.68200000000002,0.0,exit_signal
2013-08-02,2013-08-01,sell,sh.601288,农业银行,98200.0,2.49,2.49,244518.00000000003,73.3554,244.51800000000003,0.0,exit_signal
2013-09-27,2013-09-26,buy,sh.601988,中国银行,89200.0,2.76,2.76,246191.99999999997,73.85759999999999,0.0,0.0,entry_signal
2013-09-27,2013-09-26,buy,sh.601398,工商银行,63900.0,3.85,3.85,246015.0,73.80449999999999,0.0,0.0,entry_signal
2013-09-27,2013-09-26,buy,sh.601939,建设银行,57600.0,4.27,4.27,245951.99999999997,73.78559999999999,0.0,0.0,entry_signal
2013-09-27,2013-09-26,buy,sh.601288,农业银行,98900.0,2.49,2.49,246261.00000000003,73.8783,0.0,0.0,entry_signal
2013-10-09,2013-10-08,sell,sh.601988,中国银行,89200.0,2.79,2.79,248868.0,74.6604,248.868,0.0,exit_signal
2013-10-09,2013-10-08,sell,sh.601398,工商银行,63900.0,3.85,3.85,246015.0,73.80449999999999,246.01500000000001,0.0,exit_signal
2013-10-09,2013-10-08,sell,sh.601939,建设银行,57600.0,4.28,4.28,246528.0,73.9584,246.528,0.0,exit_signal
2013-10-09,2013-10-08,sell,sh.601288,农业银行,98900.0,2.5,2.5,247250.0,74.175,247.25,0.0,exit_signal
2013-10-11,2013-10-10,buy,sh.601988,中国银行,87800.0,2.81,2.81,246718.0,74.0154,0.0,0.0,entry_signal
2013-10-11,2013-10-10,buy,sh.601398,工商银行,63800.0,3.87,3.87,246906.0,74.0718,0.0,0.0,entry_signal
2013-10-11,2013-10-10,buy,sh.601939,建设银行,57500.0,4.29,4.29,246675.0,74.0025,0.0,0.0,entry_signal
2013-10-11,2013-10-10,buy,sh.601288,农业银行,98700.0,2.5,2.5,246750.0,74.02499999999999,0.0,0.0,entry_signal
2013-10-14,2013-10-11,sell,sh.601988,中国银行,87800.0,2.84,2.84,249352.0,74.8056,249.352,0.0,exit_signal
2013-10-14,2013-10-11,sell,sh.601398,工商银行,63800.0,3.9,3.9,248820.0,74.64599999999999,248.82,0.0,exit_signal
2013-10-14,2013-10-11,sell,sh.601939,建设银行,57500.0,4.35,4.35,250124.99999999997,75.03749999999998,250.12499999999997,0.0,exit_signal
2013-10-14,2013-10-11,sell,sh.601288,农业银行,98700.0,2.51,2.51,247736.99999999997,74.32109999999999,247.73699999999997,0.0,exit_signal
2013-10-17,2013-10-16,buy,sh.601988,中国银行,88500.0,2.81,2.81,248685.0,74.60549999999999,0.0,0.0,entry_signal
2013-10-17,2013-10-16,buy,sh.601398,工商银行,64400.0,3.86,3.86,248584.0,74.5752,0.0,0.0,entry_signal
2013-10-17,2013-10-16,buy,sh.601939,建设银行,58100.0,4.28,4.28,248668.0,74.6004,0.0,0.0,entry_signal
2013-10-17,2013-10-16,buy,sh.601288,农业银行,99500.0,2.5,2.5,248750.0,74.625,0.0,0.0,entry_signal
2013-10-22,2013-10-21,sell,sh.601988,中国银行,88500.0,2.85,2.85,252225.0,75.66749999999999,252.225,0.0,exit_signal
2013-10-22,2013-10-21,sell,sh.601398,工商银行,64400.0,3.86,3.86,248584.0,74.5752,248.584,0.0,exit_signal
2013-10-22,2013-10-21,sell,sh.601939,建设银行,58100.0,4.3,4.3,249830.0,74.949,249.83,0.0,exit_signal
2013-10-22,2013-10-21,sell,sh.601288,农业银行,99500.0,2.51,2.51,249744.99999999997,74.92349999999999,249.74499999999998,0.0,exit_signal
2013-10-24,2013-10-23,buy,sh.601988,中国银行,88900.0,2.81,2.81,249809.0,74.94269999999999,0.0,0.0,entry_signal
2013-10-24,2013-10-23,buy,sh.601398,工商银行,64800.0,3.85,3.85,249480.0,74.844,0.0,0.0,entry_signal
2013-10-24,2013-10-23,buy,sh.601939,建设银行,58600.0,4.26,4.26,249636.0,74.8908,0.0,0.0,entry_signal
2013-10-24,2013-10-23,buy,sh.601288,农业银行,99900.0,2.5,2.5,249750.0,74.925,0.0,0.0,entry_signal
2013-11-19,2013-11-18,sell,sh.601988,中国银行,88900.0,2.84,2.84,252476.0,75.74279999999999,252.476,0.0,exit_signal
2013-11-19,2013-11-18,sell,sh.601398,工商银行,64800.0,3.83,3.83,248184.0,74.45519999999999,248.184,0.0,exit_signal
2013-11-19,2013-11-18,sell,sh.601939,建设银行,58600.0,4.37,4.37,256082.0,76.82459999999999,256.082,0.0,exit_signal
2013-11-19,2013-11-18,sell,sh.601288,农业银行,99900.0,2.59,2.59,258741.0,77.6223,258.741,0.0,exit_signal
2013-12-12,2013-12-11,buy,sh.601988,中国银行,90900.0,2.79,2.79,253611.0,76.0833,0.0,0.0,entry_signal
2013-12-12,2013-12-11,buy,sh.601398,工商银行,67000.0,3.78,3.78,253260.0,75.978,0.0,0.0,entry_signal
2013-12-12,2013-12-11,buy,sh.601939,建设银行,58000.0,4.37,4.37,253460.0,76.038,0.0,0.0,entry_signal
2013-12-12,2013-12-11,buy,sh.601288,农业银行,99000.0,2.56,2.56,253440.0,76.032,0.0,0.0,entry_signal
2014-01-23,2014-01-22,sell,sh.601988,中国银行,90900.0,2.5,2.5,227250.0,68.175,227.25,0.0,exit_signal
2014-01-23,2014-01-22,sell,sh.601398,工商银行,67000.0,3.41,3.41,228470.0,68.541,228.47,0.0,exit_signal
2014-01-23,2014-01-22,sell,sh.601939,建设银行,58000.0,3.94,3.94,228520.0,68.556,228.52,0.0,exit_signal
2014-01-23,2014-01-22,sell,sh.601288,农业银行,99000.0,2.38,2.38,235620.0,70.68599999999999,235.62,0.0,exit_signal
2014-01-24,2014-01-23,buy,sh.601988,中国银行,92600.0,2.48,2.48,229648.0,68.89439999999999,0.0,0.0,entry_signal
2014-01-24,2014-01-23,buy,sh.601398,工商银行,67500.0,3.4,3.4,229500.0,68.85,0.0,0.0,entry_signal
2014-01-24,2014-01-23,buy,sh.601939,建设银行,58600.0,3.92,3.92,229712.0,68.91359999999999,0.0,0.0,entry_signal
2014-01-24,2014-01-23,buy,sh.601288,农业银行,97300.0,2.36,2.36,229628.0,68.88839999999999,0.0,0.0,entry_signal
2014-01-27,2014-01-24,sell,sh.601988,中国银行,92600.0,2.48,2.48,229648.0,68.89439999999999,229.648,0.0,exit_signal
2014-01-27,2014-01-24,sell,sh.601398,工商银行,67500.0,3.39,3.39,228825.0,68.6475,228.82500000000002,0.0,exit_signal
2014-01-27,2014-01-24,sell,sh.601939,建设银行,58600.0,3.91,3.91,229126.0,68.7378,229.126,0.0,exit_signal
2014-01-27,2014-01-24,sell,sh.601288,农业银行,97300.0,2.36,2.36,229628.0,68.88839999999999,229.62800000000001,0.0,exit_signal
2014-01-28,2014-01-27,buy,sh.601988,中国银行,92300.0,2.48,2.48,228904.0,68.6712,0.0,0.0,entry_signal
2014-01-28,2014-01-27,buy,sh.601398,工商银行,68100.0,3.36,3.36,228816.0,68.64479999999999,0.0,0.0,entry_signal
2014-01-28,2014-01-27,buy,sh.601939,建设银行,58500.0,3.91,3.91,228735.0,68.62049999999999,0.0,0.0,entry_signal
2014-01-28,2014-01-27,buy,sh.601288,农业银行,96600.0,2.37,2.37,228942.0,68.6826,0.0,0.0,entry_signal
2014-01-30,2014-01-29,sell,sh.601988,中国银行,92300.0,2.52,2.52,232596.0,69.77879999999999,232.596,0.0,exit_signal
2014-01-30,2014-01-29,sell,sh.601398,工商银行,68100.0,3.43,3.43,233583.0,70.0749,233.583,0.0,exit_signal
2014-01-30,2014-01-29,sell,sh.601939,建设银行,58500.0,3.95,3.95,231075.0,69.32249999999999,231.07500000000002,0.0,exit_signal
2014-01-30,2014-01-29,sell,sh.601288,农业银行,96600.0,2.39,2.39,230874.0,69.26219999999999,230.874,0.0,exit_signal
2014-02-25,2014-02-24,buy,sh.601988,中国银行,91600.0,2.53,2.53,231747.99999999997,69.52439999999999,0.0,0.0,entry_signal
2014-02-25,2014-02-24,buy,sh.601398,工商银行,68800.0,3.37,3.37,231856.0,69.5568,0.0,0.0,entry_signal
2014-02-25,2014-02-24,buy,sh.601939,建设银行,59600.0,3.89,3.89,231844.0,69.55319999999999,0.0,0.0,entry_signal
2014-02-25,2014-02-24,buy,sh.601288,农业银行,98600.0,2.35,2.35,231710.0,69.51299999999999,0.0,0.0,entry_signal
2014-03-24,2014-03-21,sell,sh.601988,中国银行,91600.0,2.54,2.54,232664.0,69.7992,232.66400000000002,0.0,exit_signal
2014-03-24,2014-03-21,sell,sh.601398,工商银行,68800.0,3.35,3.35,230480.0,69.14399999999999,230.48000000000002,0.0,exit_signal
2014-03-24,2014-03-21,sell,sh.601939,建设银行,59600.0,3.88,3.88,231248.0,69.3744,231.24800000000002,0.0,exit_signal
2014-03-24,2014-03-21,sell,sh.601288,农业银行,98600.0,2.41,2.41,237626.0,71.28779999999999,237.626,0.0,exit_signal
2014-04-01,2014-03-31,buy,sh.601988,中国银行,90200.0,2.58,2.58,232716.0,69.81479999999999,0.0,0.0,entry_signal
2014-04-01,2014-03-31,buy,sh.601398,工商银行,67400.0,3.45,3.45,232530.0,69.759,0.0,0.0,entry_signal
2014-04-01,2014-03-31,buy,sh.601939,建设银行,58100.0,4.0,4.0,232400.0,69.72,0.0,0.0,entry_signal
2014-04-01,2014-03-31,buy,sh.601288,农业银行,96100.0,2.42,2.42,232562.0,69.76859999999999,0.0,0.0,entry_signal
2014-04-02,2014-04-01,sell,sh.601988,中国银行,90200.0,2.59,2.59,233618.0,70.08539999999999,233.618,0.0,exit_signal
2014-04-02,2014-04-01,sell,sh.601398,工商银行,67400.0,3.45,3.45,232530.0,69.759,232.53,0.0,exit_signal
2014-04-02,2014-04-01,sell,sh.601939,建设银行,58100.0,4.03,4.03,234143.0,70.24289999999999,234.143,0.0,exit_signal
2014-04-02,2014-04-01,sell,sh.601288,农业银行,96100.0,2.43,2.43,233523.00000000003,70.0569,233.52300000000002,0.0,exit_signal
2014-04-22,2014-04-21,buy,sh.601988,中国银行,89700.0,2.6,2.6,233220.0,69.966,0.0,0.0,entry_signal
2014-04-22,2014-04-21,buy,sh.601398,工商银行,68000.0,3.43,3.43,233240.0,69.972,0.0,0.0,entry_signal
2014-04-22,2014-04-21,buy,sh.601939,建设银行,59000.0,3.95,3.95,233050.0,69.91499999999999,0.0,0.0,entry_signal
2014-04-22,2014-04-21,buy,sh.601288,农业银行,97200.0,2.4,2.4,233280.0,69.984,0.0,0.0,entry_signal
2014-05-26,2014-05-23,sell,sh.601988,中国银行,89700.0,2.68,2.68,240396.0,72.1188,240.39600000000002,0.0,exit_signal
2014-05-26,2014-05-23,sell,sh.601398,工商银行,68000.0,3.53,3.53,240040.0,72.012,240.04,0.0,exit_signal
2014-05-26,2014-05-23,sell,sh.601939,建设银行,59000.0,4.03,4.03,237770.00000000003,71.331,237.77000000000004,0.0,exit_signal
2014-05-26,2014-05-23,sell,sh.601288,农业银行,97200.0,2.47,2.47,240084.00000000003,72.0252,240.08400000000003,0.0,exit_signal
2014-06-05,2014-06-04,buy,sh.601988,中国银行,88200.0,2.71,2.71,239022.0,71.7066,0.0,0.0,entry_signal
2014-06-05,2014-06-04,buy,sh.601398,工商银行,67000.0,3.57,3.57,239190.0,71.75699999999999,0.0,0.0,entry_signal
2014-06-05,2014-06-04,buy,sh.601939,建设银行,59300.0,4.03,4.03,238979.00000000003,71.6937,0.0,0.0,entry_signal
2014-06-05,2014-06-04,buy,sh.601288,农业银行,96400.0,2.48,2.48,239072.0,71.7216,0.0,0.0,entry_signal
2014-06-06,2014-06-05,sell,sh.601988,中国银行,88200.0,2.73,2.73,240786.0,72.2358,240.786,0.0,exit_signal
2014-06-06,2014-06-05,sell,sh.601398,工商银行,67000.0,3.63,3.63,243210.0,72.963,243.21,0.0,exit_signal
2014-06-06,2014-06-05,sell,sh.601939,建设银行,59300.0,4.07,4.07,241351.00000000003,72.4053,241.35100000000003,0.0,exit_signal
2014-06-06,2014-06-05,sell,sh.601288,农业银行,96400.0,2.52,2.52,242928.0,72.8784,242.928,0.0,exit_signal
2014-06-09,2014-06-06,buy,sh.601988,中国银行,89500.0,2.7,2.7,241650.00000000003,72.495,0.0,0.0,entry_signal
2014-06-09,2014-06-06,buy,sh.601398,工商银行,67000.0,3.61,3.61,241870.0,72.56099999999999,0.0,0.0,entry_signal
2014-06-09,2014-06-06,buy,sh.601939,建设银行,59700.0,4.05,4.05,241785.0,72.5355,0.0,0.0,entry_signal
2014-06-09,2014-06-06,buy,sh.601288,农业银行,96700.0,2.5,2.5,241750.0,72.52499999999999,0.0,0.0,entry_signal
2014-06-11,2014-06-10,sell,sh.601988,中国银行,89500.0,2.74,2.74,245230.00000000003,73.569,245.23000000000005,0.0,exit_signal
2014-06-11,2014-06-10,sell,sh.601398,工商银行,67000.0,3.72,3.72,249240.0,74.77199999999999,249.24,0.0,exit_signal
2014-06-11,2014-06-10,sell,sh.601939,建设银行,59700.0,4.13,4.13,246561.0,73.9683,246.561,0.0,exit_signal
2014-06-11,2014-06-10,sell,sh.601288,农业银行,96700.0,2.54,2.54,245618.0,73.68539999999999,245.618,0.0,exit_signal
2014-06-20,2014-06-19,buy,sh.601988,中国银行,90500.0,2.72,2.72,246160.00000000003,73.848,0.0,0.0,entry_signal
2014-06-20,2014-06-19,buy,sh.601398,工商银行,71400.0,3.45,3.45,246330.0,73.89899999999999,0.0,0.0,entry_signal
2014-06-20,2014-06-19,buy,sh.601939,建设银行,59900.0,4.11,4.11,246189.00000000003,73.8567,0.0,0.0,entry_signal
2014-06-20,2014-06-19,buy,sh.601288,农业银行,98900.0,2.49,2.49,246261.00000000003,73.8783,0.0,0.0,entry_signal
2014-07-01,2014-06-30,sell,sh.601988,中国银行,90500.0,2.56,2.56,231680.0,69.50399999999999,231.68,0.0,exit_signal
2014-07-01,2014-06-30,sell,sh.601398,工商银行,71400.0,3.4,3.4,242760.0,72.82799999999999,242.76,0.0,exit_signal
2014-07-01,2014-06-30,sell,sh.601939,建设银行,59900.0,4.14,4.14,247985.99999999997,74.39579999999998,247.986,0.0,exit_signal
2014-07-01,2014-06-30,sell,sh.601288,农业银行,98900.0,2.53,2.53,250216.99999999997,75.06509999999999,250.21699999999998,0.0,exit_signal
2014-07-10,2014-07-09,buy,sh.601988,中国银行,97300.0,2.54,2.54,247142.0,74.14259999999999,0.0,0.0,entry_signal
2014-07-10,2014-07-09,buy,sh.601398,工商银行,72300.0,3.42,3.42,247266.0,74.1798,0.0,0.0,entry_signal
2014-07-10,2014-07-09,buy,sh.601939,建设银行,63500.0,3.89,3.89,247015.0,74.10449999999999,0.0,0.0,entry_signal
2014-07-10,2014-07-09,buy,sh.601288,农业银行,105200.0,2.35,2.35,247220.0,74.166,0.0,0.0,entry_signal
2014-07-15,2014-07-14,sell,sh.601988,中国银行,97300.0,2.57,2.57,250060.99999999997,75.01829999999998,250.06099999999998,0.0,exit_signal
2014-07-15,2014-07-14,sell,sh.601398,工商银行,72300.0,3.46,3.46,250158.0,75.0474,250.15800000000002,0.0,exit_signal
2014-07-15,2014-07-14,sell,sh.601939,建设银行,63500.0,3.91,3.91,248285.0,74.48549999999999,248.285,0.0,exit_signal
2014-07-15,2014-07-14,sell,sh.601288,农业银行,105200.0,2.36,2.36,248272.0,74.4816,248.272,0.0,exit_signal
2014-08-27,2014-08-26,buy,sh.601988,中国银行,92900.0,2.68,2.68,248972.00000000003,74.69160000000001,0.0,0.0,entry_signal
2014-08-27,2014-08-26,buy,sh.601398,工商银行,71300.0,3.49,3.49,248837.00000000003,74.6511,0.0,0.0,entry_signal
2014-08-27,2014-08-26,buy,sh.601939,建设银行,61300.0,4.06,4.06,248877.99999999997,74.66339999999998,0.0,0.0,entry_signal
2014-08-27,2014-08-26,buy,sh.601288,农业银行,101600.0,2.45,2.45,248920.00000000003,74.676,0.0,0.0,entry_signal
2014-09-02,2014-09-01,sell,sh.601988,中国银行,92900.0,2.67,2.67,248043.0,74.4129,248.043,0.0,exit_signal
2014-09-02,2014-09-01,sell,sh.601398,工商银行,71300.0,3.48,3.48,248124.0,74.43719999999999,248.124,0.0,exit_signal
2014-09-02,2014-09-01,sell,sh.601939,建设银行,61300.0,4.02,4.02,246425.99999999997,73.92779999999999,246.426,0.0,exit_signal
2014-09-02,2014-09-01,sell,sh.601288,农业银行,101600.0,2.44,2.44,247904.0,74.37119999999999,247.904,0.0,exit_signal
2014-10-20,2014-10-17,buy,sh.601988,中国银行,92200.0,2.68,2.68,247096.00000000003,74.1288,0.0,0.0,entry_signal
2014-10-20,2014-10-17,buy,sh.601398,工商银行,70200.0,3.52,3.52,247104.0,74.13119999999999,0.0,0.0,entry_signal
2014-10-20,2014-10-17,buy,sh.601939,建设银行,60300.0,4.1,4.1,247229.99999999997,74.16899999999998,0.0,0.0,entry_signal
2014-10-20,2014-10-17,buy,sh.601288,农业银行,100100.0,2.47,2.47,247247.00000000003,74.1741,0.0,0.0,entry_signal
2014-10-21,2014-10-20,sell,sh.601988,中国银行,92200.0,2.67,2.67,246174.0,73.8522,246.174,0.0,exit_signal
2014-10-21,2014-10-20,sell,sh.601398,工商银行,70200.0,3.52,3.52,247104.0,74.13119999999999,247.104,0.0,exit_signal
2014-10-21,2014-10-20,sell,sh.601939,建设银行,60300.0,4.08,4.08,246024.0,73.8072,246.024,0.0,exit_signal
2014-10-21,2014-10-20,sell,sh.601288,农业银行,100100.0,2.47,2.47,247247.00000000003,74.1741,247.24700000000004,0.0,exit_signal
2014-10-22,2014-10-21,buy,sh.601988,中国银行,92600.0,2.66,2.66,246316.0,73.89479999999999,0.0,0.0,entry_signal
2014-10-22,2014-10-21,buy,sh.601398,工商银行,70400.0,3.5,3.5,246400.0,73.91999999999999,0.0,0.0,entry_signal
2014-10-22,2014-10-21,buy,sh.601939,建设银行,60600.0,4.06,4.06,246035.99999999997,73.81079999999999,0.0,0.0,entry_signal
2014-10-22,2014-10-21,buy,sh.601288,农业银行,100100.0,2.46,2.46,246246.0,73.87379999999999,0.0,0.0,entry_signal
2014-10-30,2014-10-29,sell,sh.601988,中国银行,92600.0,2.69,2.69,249094.0,74.72819999999999,249.094,0.0,exit_signal
2014-10-30,2014-10-29,sell,sh.601398,工商银行,70400.0,3.55,3.55,249920.0,74.976,249.92000000000002,0.0,exit_signal
2014-10-30,2014-10-29,sell,sh.601939,建设银行,60600.0,4.06,4.06,246035.99999999997,73.81079999999999,246.03599999999997,0.0,exit_signal
2014-10-30,2014-10-29,sell,sh.601288,农业银行,100100.0,2.47,2.47,247247.00000000003,74.1741,247.24700000000004,0.0,exit_signal
2015-01-20,2015-01-19,buy,sh.601988,中国银行,55300.0,4.48,4.48,247744.00000000003,74.3232,0.0,0.0,entry_signal
2015-01-20,2015-01-19,buy,sh.601398,工商银行,53100.0,4.66,4.66,247446.0,74.23379999999999,0.0,0.0,entry_signal
2015-01-20,2015-01-19,buy,sh.601939,建设银行,41600.0,5.95,5.95,247520.0,74.256,0.0,0.0,entry_signal
2015-01-20,2015-01-19,buy,sh.601288,农业银行,70200.0,3.53,3.53,247806.0,74.34179999999999,0.0,0.0,entry_signal
2015-01-22,2015-01-21,sell,sh.601988,中国银行,55300.0,4.88,4.88,269864.0,80.9592,269.86400000000003,0.0,exit_signal
2015-01-22,2015-01-21,sell,sh.601398,工商银行,53100.0,4.92,4.92,261252.0,78.37559999999999,261.252,0.0,exit_signal
2015-01-22,2015-01-21,sell,sh.601939,建设银行,41600.0,6.25,6.25,260000.0,78.0,260.0,0.0,exit_signal
2015-01-22,2015-01-21,sell,sh.601288,农业银行,70200.0,3.76,3.76,263952.0,79.1856,263.952,0.0,exit_signal
2015-01-30,2015-01-29,buy,sh.601988,中国银行,59200.0,4.45,4.45,263440.0,79.032,0.0,0.0,entry_signal
2015-01-30,2015-01-29,buy,sh.601398,工商银行,57400.0,4.59,4.59,263466.0,79.0398,0.0,0.0,entry_signal
2015-01-30,2015-01-29,buy,sh.601939,建设银行,44600.0,5.9,5.9,263140.0,78.942,0.0,0.0,entry_signal
2015-01-30,2015-01-29,buy,sh.601288,农业银行,74800.0,3.52,3.52,263296.0,78.9888,0.0,0.0,entry_signal
2015-02-17,2015-02-16,sell,sh.601988,中国银行,59200.0,4.09,4.09,242128.0,72.63839999999999,242.12800000000001,0.0,exit_signal
2015-02-17,2015-02-16,sell,sh.601398,工商银行,57400.0,4.43,4.43,254281.99999999997,76.28459999999998,254.28199999999998,0.0,exit_signal
2015-02-17,2015-02-16,sell,sh.601939,建设银行,44600.0,5.58,5.58,248868.0,74.6604,248.868,0.0,exit_signal
2015-02-17,2015-02-16,sell,sh.601288,农业银行,74800.0,3.3,3.3,246840.0,74.05199999999999,246.84,0.0,exit_signal
2015-05-07,2015-05-06,buy,sh.601988,中国银行,55100.0,4.49,4.49,247399.0,74.21969999999999,0.0,0.0,entry_signal
2015-05-07,2015-05-06,buy,sh.601398,工商银行,48300.0,5.13,5.13,247779.0,74.3337,0.0,0.0,entry_signal
2015-05-07,2015-05-06,buy,sh.601939,建设银行,38100.0,6.49,6.49,247269.0,74.18069999999999,0.0,0.0,entry_signal
2015-05-07,2015-05-06,buy,sh.601288,农业银行,66600.0,3.72,3.72,247752.0,74.3256,0.0,0.0,entry_signal
2015-05-12,2015-05-11,sell,sh.601988,中国银行,55100.0,4.55,4.55,250705.0,75.21149999999999,250.705,0.0,exit_signal
2015-05-12,2015-05-11,sell,sh.601398,工商银行,48300.0,5.22,5.22,252126.0,75.6378,252.126,0.0,exit_signal
2015-05-12,2015-05-11,sell,sh.601939,建设银行,38100.0,6.57,6.57,250317.0,75.09509999999999,250.317,0.0,exit_signal
2015-05-12,2015-05-11,sell,sh.601288,农业银行,66600.0,3.75,3.75,249750.0,74.925,249.75,0.0,exit_signal
2015-05-18,2015-05-15,buy,sh.601988,中国银行,56900.0,4.4,4.4,250360.00000000003,75.108,0.0,0.0,entry_signal
2015-05-18,2015-05-15,buy,sh.601398,工商银行,49800.0,5.03,5.03,250494.0,75.14819999999999,0.0,0.0,entry_signal
2015-05-18,2015-05-15,buy,sh.601939,建设银行,39300.0,6.37,6.37,250341.0,75.1023,0.0,0.0,entry_signal
2015-05-18,2015-05-15,buy,sh.601288,农业银行,69000.0,3.63,3.63,250470.0,75.14099999999999,0.0,0.0,entry_signal
2015-05-20,2015-05-19,sell,sh.601988,中国银行,56900.0,4.46,4.46,253774.0,76.1322,253.774,0.0,exit_signal
2015-05-20,2015-05-19,sell,sh.601398,工商银行,49800.0,5.14,5.14,255971.99999999997,76.79159999999999,255.97199999999998,0.0,exit_signal
2015-05-20,2015-05-19,sell,sh.601939,建设银行,39300.0,6.52,6.52,256235.99999999997,76.87079999999999,256.236,0.0,exit_signal
2015-05-20,2015-05-19,sell,sh.601288,农业银行,69000.0,3.7,3.7,255300.0,76.58999999999999,255.3,0.0,exit_signal
2015-06-19,2015-06-18,buy,sh.601988,中国银行,54500.0,4.68,4.68,255059.99999999997,76.51799999999999,0.0,0.0,entry_signal
2015-06-19,2015-06-18,buy,sh.601398,工商银行,50200.0,5.08,5.08,255016.0,76.50479999999999,0.0,0.0,entry_signal
2015-06-19,2015-06-18,buy,sh.601939,建设银行,38400.0,6.64,6.64,254976.0,76.49279999999999,0.0,0.0,entry_signal
2015-06-19,2015-06-18,buy,sh.601288,农业银行,68900.0,3.7,3.7,254930.0,76.479,0.0,0.0,entry_signal
2015-07-22,2015-07-21,sell,sh.601988,中国银行,54500.0,5.05,5.05,275225.0,82.5675,275.225,0.0,exit_signal
2015-07-22,2015-07-21,sell,sh.601398,工商银行,50200.0,5.13,5.13,257526.0,77.25779999999999,257.526,0.0,exit_signal
2015-07-22,2015-07-21,sell,sh.601939,建设银行,38400.0,6.48,6.48,248832.00000000003,74.6496,248.83200000000002,0.0,exit_signal
2015-07-22,2015-07-21,sell,sh.601288,农业银行,68900.0,3.68,3.68,253552.0,76.06559999999999,253.552,0.0,exit_signal
2015-07-28,2015-07-27,buy,sh.601988,中国银行,60000.0,4.5,4.5,270000.0,81.0,0.0,0.0,entry_signal
2015-07-28,2015-07-27,buy,sh.601398,工商银行,56700.0,4.76,4.76,269892.0,80.96759999999999,0.0,0.0,entry_signal
2015-07-28,2015-07-27,buy,sh.601939,建设银行,46100.0,5.86,5.86,270146.0,81.04379999999999,0.0,0.0,entry_signal
2015-07-28,2015-07-27,buy,sh.601288,农业银行,79900.0,3.38,3.38,270062.0,81.01859999999999,0.0,0.0,entry_signal
2015-08-11,2015-08-10,sell,sh.601988,中国银行,60000.0,4.47,4.47,268200.0,80.46,268.2,0.0,exit_signal
2015-08-11,2015-08-10,sell,sh.601398,工商银行,56700.0,4.89,4.89,277263.0,83.1789,277.26300000000003,0.0,exit_signal
2015-08-11,2015-08-10,sell,sh.601939,建设银行,46100.0,6.15,6.15,283515.0,85.05449999999999,283.515,0.0,exit_signal
2015-08-11,2015-08-10,sell,sh.601288,农业银行,79900.0,3.49,3.49,278851.0,83.6553,278.851,0.0,exit_signal
2015-08-19,2015-08-18,buy,sh.601988,中国银行,65700.0,4.21,4.21,276597.0,82.97909999999999,0.0,0.0,entry_signal
2015-08-19,2015-08-18,buy,sh.601398,工商银行,60000.0,4.61,4.61,276600.0,82.97999999999999,0.0,0.0,entry_signal
2015-08-19,2015-08-18,buy,sh.601939,建设银行,48400.0,5.71,5.71,276364.0,82.9092,0.0,0.0,entry_signal
2015-08-19,2015-08-18,buy,sh.601288,农业银行,83100.0,3.33,3.33,276723.0,83.01689999999999,0.0,0.0,entry_signal
2015-09-22,2015-09-21,sell,sh.601988,中国银行,65700.0,3.85,3.85,252945.0,75.8835,252.945,0.0,exit_signal
2015-09-22,2015-09-21,sell,sh.601398,工商银行,60000.0,4.42,4.42,265200.0,79.55999999999999,265.2,0.0,exit_signal
2015-09-22,2015-09-21,sell,sh.601939,建设银行,48400.0,5.37,5.37,259908.0,77.9724,259.908,0.0,exit_signal
2015-09-22,2015-09-21,sell,sh.601288,农业银行,83100.0,3.12,3.12,259272.0,77.7816,259.272,0.0,exit_signal
2015-09-24,2015-09-23,buy,sh.601988,中国银行,68100.0,3.8,3.8,258780.0,77.63399999999999,0.0,0.0,entry_signal
2015-09-24,2015-09-23,buy,sh.601398,工商银行,59100.0,4.38,4.38,258858.0,77.6574,0.0,0.0,entry_signal
2015-09-24,2015-09-23,buy,sh.601939,建设银行,48700.0,5.32,5.32,259084.0,77.72519999999999,0.0,0.0,entry_signal
2015-09-24,2015-09-23,buy,sh.601288,农业银行,83500.0,3.1,3.1,258850.0,77.65499999999999,0.0,0.0,entry_signal
2015-09-25,2015-09-24,sell,sh.601988,中国银行,68100.0,3.79,3.79,258099.0,77.4297,258.099,0.0,exit_signal
2015-09-25,2015-09-24,sell,sh.601398,工商银行,59100.0,4.36,4.36,257676.00000000003,77.3028,257.67600000000004,0.0,exit_signal
2015-09-25,2015-09-24,sell,sh.601939,建设银行,48700.0,5.25,5.25,255675.0,76.70249999999999,255.675,0.0,exit_signal
2015-09-25,2015-09-24,sell,sh.601288,农业银行,83500.0,3.08,3.08,257180.0,77.154,257.18,0.0,exit_signal
2015-09-28,2015-09-25,buy,sh.601988,中国银行,67600.0,3.8,3.8,256880.0,77.064,0.0,0.0,entry_signal
2015-09-28,2015-09-25,buy,sh.601398,工商银行,58200.0,4.41,4.41,256662.0,76.9986,0.0,0.0,entry_signal
2015-09-28,2015-09-25,buy,sh.601939,建设银行,48400.0,5.3,5.3,256520.0,76.95599999999999,0.0,0.0,entry_signal
2015-09-28,2015-09-25,buy,sh.601288,农业银行,83100.0,3.09,3.09,256779.0,77.0337,0.0,0.0,entry_signal
2015-10-09,2015-10-08,sell,sh.601988,中国银行,67600.0,3.79,3.79,256204.0,76.8612,256.204,0.0,exit_signal
2015-10-09,2015-10-08,sell,sh.601398,工商银行,58200.0,4.4,4.4,256080.00000000003,76.824,256.08000000000004,0.0,exit_signal
2015-10-09,2015-10-08,sell,sh.601939,建设银行,48400.0,5.3,5.3,256520.0,76.95599999999999,256.52,0.0,exit_signal
2015-10-09,2015-10-08,sell,sh.601288,农业银行,83100.0,3.08,3.08,255948.0,76.78439999999999,255.948,0.0,exit_signal
2015-11-04,2015-11-03,buy,sh.601988,中国银行,67200.0,3.81,3.81,256032.0,76.80959999999999,0.0,0.0,entry_signal
2015-11-04,2015-11-03,buy,sh.601398,工商银行,57600.0,4.44,4.44,255744.00000000003,76.7232,0.0,0.0,entry_signal
2015-11-04,2015-11-03,buy,sh.601939,建设银行,47800.0,5.35,5.35,255729.99999999997,76.71899999999998,0.0,0.0,entry_signal
2015-11-04,2015-11-03,buy,sh.601288,农业银行,83400.0,3.07,3.07,256038.0,76.81139999999999,0.0,0.0,entry_signal
2015-11-05,2015-11-04,sell,sh.601988,中国银行,67200.0,3.9,3.9,262080.0,78.624,262.08,0.0,exit_signal
2015-11-05,2015-11-04,sell,sh.601398,工商银行,57600.0,4.53,4.53,260928.0,78.27839999999999,260.928,0.0,exit_signal
2015-11-05,2015-11-04,sell,sh.601939,建设银行,47800.0,5.49,5.49,262422.0,78.72659999999999,262.422,0.0,exit_signal
2015-11-05,2015-11-04,sell,sh.601288,农业银行,83400.0,3.14,3.14,261876.0,78.5628,261.87600000000003,0.0,exit_signal
2015-11-30,2015-11-27,buy,sh.601988,中国银行,66000.0,3.96,3.96,261360.0,78.40799999999999,0.0,0.0,entry_signal
2015-11-30,2015-11-27,buy,sh.601398,工商银行,57200.0,4.57,4.57,261404.00000000003,78.4212,0.0,0.0,entry_signal
2015-11-30,2015-11-27,buy,sh.601939,建设银行,46100.0,5.67,5.67,261387.0,78.4161,0.0,0.0,entry_signal
2015-11-30,2015-11-27,buy,sh.601288,农业银行,83500.0,3.13,3.13,261355.0,78.4065,0.0,0.0,entry_signal
2015-12-18,2015-12-17,sell,sh.601988,中国银行,66000.0,4.06,4.06,267960.0,80.38799999999999,267.96,0.0,exit_signal
2015-12-18,2015-12-17,sell,sh.601398,工商银行,57200.0,4.61,4.61,263692.0,79.10759999999999,263.692,0.0,exit_signal
2015-12-18,2015-12-17,sell,sh.601939,建设银行,46100.0,5.76,5.76,265536.0,79.6608,265.536,0.0,exit_signal
2015-12-18,2015-12-17,sell,sh.601288,农业银行,83500.0,3.25,3.25,271375.0,81.4125,271.375,0.0,exit_signal
2015-12-29,2015-12-28,buy,sh.601988,中国银行,66500.0,4.01,4.01,266665.0,79.9995,0.0,0.0,entry_signal
2015-12-29,2015-12-28,buy,sh.601398,工商银行,58100.0,4.59,4.59,266679.0,80.0037,0.0,0.0,entry_signal
2015-12-29,2015-12-28,buy,sh.601939,建设银行,46200.0,5.77,5.77,266574.0,79.97219999999999,0.0,0.0,entry_signal
2015-12-29,2015-12-28,buy,sh.601288,农业银行,83100.0,3.21,3.21,266751.0,80.02529999999999,0.0,0.0,entry_signal
2015-12-30,2015-12-29,sell,sh.601988,中国银行,66500.0,4.04,4.04,268660.0,80.598,268.66,0.0,exit_signal
2015-12-30,2015-12-29,sell,sh.601398,工商银行,58100.0,4.6,4.6,267260.0,80.178,267.26,0.0,exit_signal
2015-12-30,2015-12-29,sell,sh.601939,建设银行,46200.0,5.8,5.8,267960.0,80.38799999999999,267.96,0.0,exit_signal
2015-12-30,2015-12-29,sell,sh.601288,农业银行,83100.0,3.23,3.23,268413.0,80.5239,268.413,0.0,exit_signal
2016-01-04,2015-12-31,buy,sh.601988,中国银行,66800.0,4.01,4.01,267868.0,80.3604,0.0,0.0,entry_signal
2016-01-04,2015-12-31,buy,sh.601398,工商银行,58400.0,4.58,4.58,267472.0,80.24159999999999,0.0,0.0,entry_signal
2016-01-04,2015-12-31,buy,sh.601939,建设银行,46400.0,5.77,5.77,267728.0,80.3184,0.0,0.0,entry_signal
2016-01-04,2015-12-31,buy,sh.601288,农业银行,82600.0,3.24,3.24,267624.0,80.2872,0.0,0.0,entry_signal
2016-02-17,2016-02-16,sell,sh.601988,中国银行,66800.0,3.21,3.21,214428.0,64.32839999999999,214.428,0.0,exit_signal
2016-02-17,2016-02-16,sell,sh.601398,工商银行,58400.0,4.04,4.04,235936.0,70.7808,235.936,0.0,exit_signal
2016-02-17,2016-02-16,sell,sh.601939,建设银行,46400.0,4.72,4.72,219008.0,65.7024,219.008,0.0,exit_signal
2016-02-17,2016-02-16,sell,sh.601288,农业银行,82600.0,2.94,2.94,242844.0,72.85319999999999,242.844,0.0,exit_signal
2016-02-26,2016-02-25,buy,sh.601988,中国银行,72500.0,3.14,3.14,227650.0,68.29499999999999,0.0,0.0,entry_signal
2016-02-26,2016-02-25,buy,sh.601398,工商银行,56800.0,4.01,4.01,227768.0,68.3304,0.0,0.0,entry_signal
2016-02-26,2016-02-25,buy,sh.601939,建设银行,49600.0,4.59,4.59,227664.0,68.2992,0.0,0.0,entry_signal
2016-02-26,2016-02-25,buy,sh.601288,农业银行,77700.0,2.93,2.93,227661.0,68.2983,0.0,0.0,entry_signal
2016-03-03,2016-03-02,sell,sh.601988,中国银行,72500.0,3.25,3.25,235625.0,70.6875,235.625,0.0,exit_signal
2016-03-03,2016-03-02,sell,sh.601398,工商银行,56800.0,4.1,4.1,232879.99999999997,69.86399999999999,232.87999999999997,0.0,exit_signal
2016-03-03,2016-03-02,sell,sh.601939,建设银行,49600.0,4.7,4.7,233120.0,69.93599999999999,233.12,0.0,exit_signal
2016-03-03,2016-03-02,sell,sh.601288,农业银行,77700.0,3.04,3.04,236208.0,70.8624,236.208,0.0,exit_signal
2016-03-11,2016-03-10,buy,sh.601988,中国银行,70300.0,3.33,3.33,234099.0,70.2297,0.0,0.0,entry_signal
2016-03-11,2016-03-10,buy,sh.601398,工商银行,54400.0,4.3,4.3,233920.0,70.17599999999999,0.0,0.0,entry_signal
2016-03-11,2016-03-10,buy,sh.601939,建设银行,49300.0,4.75,4.75,234175.0,70.2525,0.0,0.0,entry_signal
2016-03-11,2016-03-10,buy,sh.601288,农业银行,74600.0,3.14,3.14,234244.0,70.27319999999999,0.0,0.0,entry_signal
2016-03-15,2016-03-14,sell,sh.601988,中国银行,70300.0,3.4,3.4,239020.0,71.70599999999999,239.02,0.0,exit_signal
2016-03-15,2016-03-14,sell,sh.601398,工商银行,54400.0,4.29,4.29,233376.0,70.0128,233.376,0.0,exit_signal
2016-03-15,2016-03-14,sell,sh.601939,建设银行,49300.0,4.79,4.79,236147.0,70.8441,236.147,0.0,exit_signal
2016-03-15,2016-03-14,sell,sh.601288,农业银行,74600.0,3.19,3.19,237974.0,71.39219999999999,237.97400000000002,0.0,exit_signal
2016-04-21,2016-04-20,buy,sh.601988,中国银行,70700.0,3.34,3.34,236138.0,70.8414,0.0,0.0,entry_signal
2016-04-21,2016-04-20,buy,sh.601398,工商银行,55500.0,4.26,4.26,236430.0,70.92899999999999,0.0,0.0,entry_signal
2016-04-21,2016-04-20,buy,sh.601939,建设银行,50400.0,4.69,4.69,236376.00000000003,70.9128,0.0,0.0,entry_signal
2016-04-21,2016-04-20,buy,sh.601288,农业银行,75500.0,3.13,3.13,236315.0,70.8945,0.0,0.0,entry_signal
2016-06-01,2016-05-31,sell,sh.601988,中国银行,70700.0,3.36,3.36,237552.0,71.26559999999999,237.552,0.0,exit_signal
2016-06-01,2016-05-31,sell,sh.601398,工商银行,55500.0,4.36,4.36,241980.00000000003,72.59400000000001,241.98000000000005,0.0,exit_signal
2016-06-01,2016-05-31,sell,sh.601939,建设银行,50400.0,4.87,4.87,245448.0,73.6344,245.448,0.0,exit_signal
2016-06-01,2016-05-31,sell,sh.601288,农业银行,75500.0,3.19,3.19,240845.0,72.25349999999999,240.845,0.0,exit_signal
2016-06-14,2016-06-13,buy,sh.601988,中国银行,73000.0,3.3,3.3,240900.0,72.27,0.0,0.0,entry_signal
2016-06-14,2016-06-13,buy,sh.601398,工商银行,55400.0,4.35,4.35,240989.99999999997,72.29699999999998,0.0,0.0,entry_signal
2016-06-14,2016-06-13,buy,sh.601939,建设银行,49500.0,4.87,4.87,241065.0,72.31949999999999,0.0,0.0,entry_signal
2016-06-14,2016-06-13,buy,sh.601288,农业银行,76800.0,3.14,3.14,241152.0,72.34559999999999,0.0,0.0,entry_signal
2016-06-16,2016-06-15,sell,sh.601988,中国银行,73000.0,3.31,3.31,241630.0,72.48899999999999,241.63,0.0,exit_signal
2016-06-16,2016-06-15,sell,sh.601398,工商银行,55400.0,4.37,4.37,242098.0,72.62939999999999,242.098,0.0,exit_signal
2016-06-16,2016-06-15,sell,sh.601939,建设银行,49500.0,4.89,4.89,242054.99999999997,72.61649999999999,242.05499999999998,0.0,exit_signal
2016-06-16,2016-06-15,sell,sh.601288,农业银行,76800.0,3.16,3.16,242688.0,72.8064,242.68800000000002,0.0,exit_signal
2016-06-27,2016-06-24,buy,sh.601988,中国银行,76700.0,3.15,3.15,241605.0,72.4815,0.0,0.0,entry_signal
2016-06-27,2016-06-24,buy,sh.601398,工商银行,55100.0,4.39,4.39,241888.99999999997,72.56669999999998,0.0,0.0,entry_signal
2016-06-27,2016-06-24,buy,sh.601939,建设银行,48700.0,4.96,4.96,241552.0,72.4656,0.0,0.0,entry_signal
2016-06-27,2016-06-24,buy,sh.601288,农业银行,76500.0,3.16,3.16,241740.0,72.52199999999999,0.0,0.0,entry_signal
2016-06-28,2016-06-27,sell,sh.601988,中国银行,76700.0,3.16,3.16,242372.0,72.71159999999999,242.372,0.0,exit_signal
2016-06-28,2016-06-27,sell,sh.601398,工商银行,55100.0,4.41,4.41,242991.0,72.89729999999999,242.991,0.0,exit_signal
2016-06-28,2016-06-27,sell,sh.601939,建设银行,48700.0,4.98,4.98,242526.00000000003,72.7578,242.52600000000004,0.0,exit_signal
2016-06-28,2016-06-27,sell,sh.601288,农业银行,76500.0,3.16,3.16,241740.0,72.52199999999999,241.74,0.0,exit_signal
2016-07-28,2016-07-27,buy,sh.601988,中国银行,72700.0,3.33,3.33,242091.0,72.62729999999999,0.0,0.0,entry_signal
2016-07-28,2016-07-27,buy,sh.601398,工商银行,56300.0,4.3,4.3,242090.0,72.627,0.0,0.0,entry_signal
2016-07-28,2016-07-27,buy,sh.601939,建设银行,48100.0,5.03,5.03,241943.0,72.5829,0.0,0.0,entry_signal
2016-07-28,2016-07-27,buy,sh.601288,农业银行,77800.0,3.11,3.11,241958.0,72.58739999999999,0.0,0.0,entry_signal
2016-08-10,2016-08-09,sell,sh.601988,中国银行,72700.0,3.35,3.35,243545.0,73.06349999999999,243.54500000000002,0.0,exit_signal
2016-08-10,2016-08-09,sell,sh.601398,工商银行,56300.0,4.37,4.37,246031.0,73.8093,246.031,0.0,exit_signal
2016-08-10,2016-08-09,sell,sh.601939,建设银行,48100.0,5.11,5.11,245791.00000000003,73.7373,245.79100000000003,0.0,exit_signal
2016-08-10,2016-08-09,sell,sh.601288,农业银行,77800.0,3.13,3.13,243514.0,73.0542,243.514,0.0,exit_signal
2016-08-12,2016-08-11,buy,sh.601988,中国银行,72100.0,3.39,3.39,244419.0,73.3257,0.0,0.0,entry_signal
2016-08-12,2016-08-11,buy,sh.601398,工商银行,55300.0,4.42,4.42,244426.0,73.3278,0.0,0.0,entry_signal
2016-08-12,2016-08-11,buy,sh.601939,建设银行,47000.0,5.2,5.2,244400.0,73.32,0.0,0.0,entry_signal
2016-08-12,2016-08-11,buy,sh.601288,农业银行,77300.0,3.16,3.16,244268.0,73.2804,0.0,0.0,entry_signal
2016-08-15,2016-08-12,sell,sh.601988,中国银行,72100.0,3.5,3.5,252350.0,75.705,252.35,0.0,exit_signal
2016-08-15,2016-08-12,sell,sh.601398,工商银行,55300.0,4.51,4.51,249403.0,74.8209,249.403,0.0,exit_signal
2016-08-15,2016-08-12,sell,sh.601939,建设银行,47000.0,5.38,5.38,252860.0,75.85799999999999,252.86,0.0,exit_signal
2016-08-15,2016-08-12,sell,sh.601288,农业银行,77300.0,3.22,3.22,248906.00000000003,74.6718,248.90600000000003,0.0,exit_signal
2016-09-02,2016-09-01,buy,sh.601988,中国银行,72200.0,3.47,3.47,250534.0,75.16019999999999,0.0,0.0,entry_signal
2016-09-02,2016-09-01,buy,sh.601398,工商银行,55500.0,4.51,4.51,250305.0,75.0915,0.0,0.0,entry_signal
2016-09-02,2016-09-01,buy,sh.601939,建设银行,47400.0,5.28,5.28,250272.0,75.0816,0.0,0.0,entry_signal
2016-09-02,2016-09-01,buy,sh.601288,农业银行,78800.0,3.18,3.18,250584.0,75.17519999999999,0.0,0.0,entry_signal
2016-09-07,2016-09-06,sell,sh.601988,中国银行,72200.0,3.45,3.45,249090.0,74.72699999999999,249.09,0.0,exit_signal
2016-09-07,2016-09-06,sell,sh.601398,工商银行,55500.0,4.47,4.47,248085.0,74.4255,248.085,0.0,exit_signal
2016-09-07,2016-09-06,sell,sh.601939,建设银行,47400.0,5.3,5.3,251220.0,75.366,251.22,0.0,exit_signal
2016-09-07,2016-09-06,sell,sh.601288,农业银行,78800.0,3.2,3.2,252160.0,75.648,252.16,0.0,exit_signal
2016-09-12,2016-09-09,buy,sh.601988,中国银行,72800.0,3.43,3.43,249704.0,74.9112,0.0,0.0,entry_signal
2016-09-12,2016-09-09,buy,sh.601398,工商银行,56100.0,4.45,4.45,249645.0,74.89349999999999,0.0,0.0,entry_signal
2016-09-12,2016-09-09,buy,sh.601939,建设银行,47700.0,5.23,5.23,249471.00000000003,74.8413,0.0,0.0,entry_signal
2016-09-12,2016-09-09,buy,sh.601288,农业银行,78600.0,3.18,3.18,249948.0,74.9844,0.0,0.0,entry_signal
2016-10-11,2016-10-10,sell,sh.601988,中国银行,72800.0,3.4,3.4,247520.0,74.256,247.52,0.0,exit_signal
2016-10-11,2016-10-10,sell,sh.601398,工商银行,56100.0,4.46,4.46,250206.0,75.06179999999999,250.20600000000002,0.0,exit_signal
2016-10-11,2016-10-10,sell,sh.601939,建设银行,47700.0,5.22,5.22,248994.0,74.6982,248.994,0.0,exit_signal
2016-10-11,2016-10-10,sell,sh.601288,农业银行,78600.0,3.15,3.15,247590.0,74.27699999999999,247.59,0.0,exit_signal
2016-12-06,2016-12-05,buy,sh.601988,中国银行,70700.0,3.51,3.51,248156.99999999997,74.44709999999999,0.0,0.0,entry_signal
2016-12-06,2016-12-05,buy,sh.601398,工商银行,54600.0,4.55,4.55,248430.0,74.529,0.0,0.0,entry_signal
2016-12-06,2016-12-05,buy,sh.601939,建设银行,44000.0,5.64,5.64,248160.0,74.448,0.0,0.0,entry_signal
2016-12-06,2016-12-05,buy,sh.601288,农业银行,76600.0,3.24,3.24,248184.00000000003,74.4552,0.0,0.0,entry_signal
2016-12-12,2016-12-09,sell,sh.601988,中国银行,70700.0,3.6,3.6,254520.0,76.356,254.52,0.0,exit_signal
2016-12-12,2016-12-09,sell,sh.601398,工商银行,54600.0,4.59,4.59,250614.0,75.18419999999999,250.614,0.0,exit_signal
2016-12-12,2016-12-09,sell,sh.601939,建设银行,44000.0,5.71,5.71,251240.0,75.372,251.24,0.0,exit_signal
2016-12-12,2016-12-09,sell,sh.601288,农业银行,76600.0,3.26,3.26,249715.99999999997,74.91479999999999,249.71599999999998,0.0,exit_signal
2016-12-13,2016-12-12,buy,sh.601988,中国银行,69400.0,3.62,3.62,251228.0,75.3684,0.0,0.0,entry_signal
2016-12-13,2016-12-12,buy,sh.601398,工商银行,54600.0,4.6,4.6,251159.99999999997,75.34799999999998,0.0,0.0,entry_signal
2016-12-13,2016-12-12,buy,sh.601939,建设银行,44200.0,5.68,5.68,251056.0,75.31679999999999,0.0,0.0,entry_signal
2016-12-13,2016-12-12,buy,sh.601288,农业银行,77500.0,3.24,3.24,251100.00000000003,75.33,0.0,0.0,entry_signal
2017-01-05,2017-01-04,sell,sh.601988,中国银行,69400.0,3.48,3.48,241512.0,72.4536,241.512,0.0,exit_signal
2017-01-05,2017-01-04,sell,sh.601398,工商银行,54600.0,4.43,4.43,241877.99999999997,72.56339999999999,241.878,0.0,exit_signal
2017-01-05,2017-01-04,sell,sh.601939,建设银行,44200.0,5.49,5.49,242658.0,72.7974,242.65800000000002,0.0,exit_signal
2017-01-05,2017-01-04,sell,sh.601288,农业银行,77500.0,3.13,3.13,242575.0,72.7725,242.57500000000002,0.0,exit_signal
2017-01-13,2017-01-12,buy,sh.601988,中国银行,70700.0,3.42,3.42,241794.0,72.53819999999999,0.0,0.0,entry_signal
2017-01-13,2017-01-12,buy,sh.601398,工商银行,54300.0,4.45,4.45,241635.0,72.4905,0.0,0.0,entry_signal
2017-01-13,2017-01-12,buy,sh.601939,建设银行,44200.0,5.47,5.47,241774.0,72.53219999999999,0.0,0.0,entry_signal
2017-01-13,2017-01-12,buy,sh.601288,农业银行,77800.0,3.11,3.11,241958.0,72.58739999999999,0.0,0.0,entry_signal
2017-01-24,2017-01-23,sell,sh.601988,中国银行,70700.0,3.51,3.51,248156.99999999997,74.44709999999999,248.15699999999998,0.0,exit_signal
2017-01-24,2017-01-23,sell,sh.601398,工商银行,54300.0,4.52,4.52,245435.99999999997,73.63079999999998,245.43599999999998,0.0,exit_signal
2017-01-24,2017-01-23,sell,sh.601939,建设银行,44200.0,5.58,5.58,246636.0,73.9908,246.636,0.0,exit_signal
2017-01-24,2017-01-23,sell,sh.601288,农业银行,77800.0,3.16,3.16,245848.0,73.75439999999999,245.848,0.0,exit_signal
2017-03-10,2017-03-09,buy,sh.601988,中国银行,67800.0,3.63,3.63,246114.0,73.8342,0.0,0.0,entry_signal
2017-03-10,2017-03-09,buy,sh.601398,工商银行,52400.0,4.7,4.7,246280.0,73.884,0.0,0.0,entry_signal
2017-03-10,2017-03-09,buy,sh.601939,建设银行,41900.0,5.87,5.87,245953.0,73.7859,0.0,0.0,entry_signal
2017-03-10,2017-03-09,buy,sh.601288,农业银行,76200.0,3.23,3.23,246126.0,73.83779999999999,0.0,0.0,entry_signal
2017-03-14,2017-03-13,sell,sh.601988,中国银行,67800.0,3.67,3.67,248826.0,74.64779999999999,248.826,0.0,exit_signal
2017-03-14,2017-03-13,sell,sh.601398,工商银行,52400.0,4.72,4.72,247328.0,74.19839999999999,247.328,0.0,exit_signal
2017-03-14,2017-03-13,sell,sh.601939,建设银行,41900.0,5.92,5.92,248048.0,74.4144,248.048,0.0,exit_signal
2017-03-14,2017-03-13,sell,sh.601288,农业银行,76200.0,3.25,3.25,247650.0,74.29499999999999,247.65,0.0,exit_signal
2017-03-20,2017-03-17,buy,sh.601988,中国银行,68000.0,3.64,3.64,247520.0,74.256,0.0,0.0,entry_signal
2017-03-20,2017-03-17,buy,sh.601398,工商银行,52700.0,4.7,4.7,247690.0,74.30699999999999,0.0,0.0,entry_signal
2017-03-20,2017-03-17,buy,sh.601939,建设银行,41900.0,5.9,5.9,247210.00000000003,74.163,0.0,0.0,entry_signal
2017-03-20,2017-03-17,buy,sh.601288,农业银行,75900.0,3.26,3.26,247433.99999999997,74.23019999999998,0.0,0.0,entry_signal
2017-03-21,2017-03-20,sell,sh.601988,中国银行,68000.0,3.66,3.66,248880.0,74.66399999999999,248.88,0.0,exit_signal
2017-03-21,2017-03-20,sell,sh.601398,工商银行,52700.0,4.7,4.7,247690.0,74.30699999999999,247.69,0.0,exit_signal
2017-03-21,2017-03-20,sell,sh.601939,建设银行,41900.0,5.88,5.88,246372.0,73.91159999999999,246.372,0.0,exit_signal
2017-03-21,2017-03-20,sell,sh.601288,农业银行,75900.0,3.26,3.26,247433.99999999997,74.23019999999998,247.43399999999997,0.0,exit_signal
2017-03-30,2017-03-29,buy,sh.601988,中国银行,67900.0,3.64,3.64,247156.0,74.1468,0.0,0.0,entry_signal
2017-03-30,2017-03-29,buy,sh.601398,工商银行,51800.0,4.77,4.77,247085.99999999997,74.12579999999998,0.0,0.0,entry_signal
2017-03-30,2017-03-29,buy,sh.601939,建设银行,41800.0,5.91,5.91,247038.0,74.11139999999999,0.0,0.0,entry_signal
2017-03-30,2017-03-29,buy,sh.601288,农业银行,75200.0,3.29,3.29,247408.0,74.2224,0.0,0.0,entry_signal
2017-04-06,2017-04-05,sell,sh.601988,中国银行,67900.0,3.67,3.67,249193.0,74.75789999999999,249.193,0.0,exit_signal
2017-04-06,2017-04-05,sell,sh.601398,工商银行,51800.0,4.85,4.85,251229.99999999997,75.36899999999999,251.23,0.0,exit_signal
2017-04-06,2017-04-05,sell,sh.601939,建设银行,41800.0,6.01,6.01,251218.0,75.3654,251.21800000000002,0.0,exit_signal
2017-04-06,2017-04-05,sell,sh.601288,农业银行,75200.0,3.35,3.35,251920.0,75.576,251.92000000000002,0.0,exit_signal
2017-04-17,2017-04-14,buy,sh.601988,中国银行,69600.0,3.6,3.6,250560.0,75.16799999999999,0.0,0.0,entry_signal
2017-04-17,2017-04-14,buy,sh.601398,工商银行,52300.0,4.79,4.79,250517.0,75.15509999999999,0.0,0.0,entry_signal
2017-04-17,2017-04-14,buy,sh.601939,建设银行,42700.0,5.87,5.87,250649.0,75.1947,0.0,0.0,entry_signal
2017-04-17,2017-04-14,buy,sh.601288,农业银行,76200.0,3.29,3.29,250698.0,75.20939999999999,0.0,0.0,entry_signal
2017-05-26,2017-05-25,sell,sh.601988,中国银行,69600.0,3.68,3.68,256128.0,76.8384,256.128,0.0,exit_signal
2017-05-26,2017-05-25,sell,sh.601398,工商银行,52300.0,5.13,5.13,268299.0,80.4897,268.299,0.0,exit_signal
2017-05-26,2017-05-25,sell,sh.601939,建设银行,42700.0,6.29,6.29,268583.0,80.5749,268.583,0.0,exit_signal
2017-05-26,2017-05-25,sell,sh.601288,农业银行,76200.0,3.49,3.49,265938.0,79.78139999999999,265.938,0.0,exit_signal
2017-07-18,2017-07-17,buy,sh.601988,中国银行,70300.0,3.76,3.76,264328.0,79.29839999999999,0.0,0.0,entry_signal
2017-07-18,2017-07-17,buy,sh.601398,工商银行,50000.0,5.29,5.29,264500.0,79.35,0.0,0.0,entry_signal
2017-07-18,2017-07-17,buy,sh.601939,建设银行,40900.0,6.46,6.46,264214.0,79.26419999999999,0.0,0.0,entry_signal
2017-07-18,2017-07-17,buy,sh.601288,农业银行,73600.0,3.59,3.59,264224.0,79.26719999999999,0.0,0.0,entry_signal
2017-07-20,2017-07-19,sell,sh.601988,中国银行,70300.0,3.77,3.77,265031.0,79.5093,265.031,0.0,exit_signal
2017-07-20,2017-07-19,sell,sh.601398,工商银行,50000.0,5.27,5.27,263500.0,79.05,263.5,0.0,exit_signal
2017-07-20,2017-07-19,sell,sh.601939,建设银行,40900.0,6.42,6.42,262578.0,78.7734,262.57800000000003,0.0,exit_signal
2017-07-20,2017-07-19,sell,sh.601288,农业银行,73600.0,3.58,3.58,263488.0,79.04639999999999,263.488,0.0,exit_signal
2017-08-14,2017-08-11,buy,sh.601988,中国银行,67100.0,3.92,3.92,263032.0,78.9096,0.0,0.0,entry_signal
2017-08-14,2017-08-11,buy,sh.601398,工商银行,47800.0,5.5,5.5,262900.0,78.86999999999999,0.0,0.0,entry_signal
2017-08-14,2017-08-11,buy,sh.601939,建设银行,40000.0,6.58,6.58,263200.0,78.96,0.0,0.0,entry_signal
2017-08-14,2017-08-11,buy,sh.601288,农业银行,72700.0,3.62,3.62,263174.0,78.95219999999999,0.0,0.0,entry_signal
2017-08-18,2017-08-17,sell,sh.601988,中国银行,67100.0,4.0,4.0,268400.0,80.52,268.4,0.0,exit_signal
2017-08-18,2017-08-17,sell,sh.601398,工商银行,47800.0,5.59,5.59,267202.0,80.16059999999999,267.202,0.0,exit_signal
2017-08-18,2017-08-17,sell,sh.601939,建设银行,40000.0,6.71,6.71,268400.0,80.52,268.4,0.0,exit_signal
2017-08-18,2017-08-17,sell,sh.601288,农业银行,72700.0,3.63,3.63,263901.0,79.1703,263.901,0.0,exit_signal
2017-09-20,2017-09-19,buy,sh.601988,中国银行,65500.0,4.07,4.07,266585.0,79.9755,0.0,0.0,entry_signal
2017-09-20,2017-09-19,buy,sh.601398,工商银行,46400.0,5.75,5.75,266800.0,80.03999999999999,0.0,0.0,entry_signal
2017-09-20,2017-09-19,buy,sh.601939,建设银行,39300.0,6.78,6.78,266454.0,79.9362,0.0,0.0,entry_signal
2017-09-20,2017-09-19,buy,sh.601288,农业银行,71900.0,3.71,3.71,266749.0,80.0247,0.0,0.0,entry_signal
2017-09-21,2017-09-20,sell,sh.601988,中国银行,65500.0,4.12,4.12,269860.0,80.958,269.86,0.0,exit_signal
2017-09-21,2017-09-20,sell,sh.601398,工商银行,46400.0,5.78,5.78,268192.0,80.4576,268.192,0.0,exit_signal
2017-09-21,2017-09-20,sell,sh.601939,建设银行,39300.0,6.78,6.78,266454.0,79.9362,266.454,0.0,exit_signal
2017-09-21,2017-09-20,sell,sh.601288,农业银行,71900.0,3.72,3.72,267468.0,80.2404,267.468,0.0,exit_signal
2017-09-22,2017-09-21,buy,sh.601988,中国银行,64600.0,4.14,4.14,267444.0,80.2332,0.0,0.0,entry_signal
2017-09-22,2017-09-21,buy,sh.601398,工商银行,45000.0,5.94,5.94,267300.0,80.19,0.0,0.0,entry_signal
2017-09-22,2017-09-21,buy,sh.601939,建设银行,38500.0,6.95,6.95,267575.0,80.2725,0.0,0.0,entry_signal
2017-09-22,2017-09-21,buy,sh.601288,农业银行,71200.0,3.76,3.76,267712.0,80.3136,0.0,0.0,entry_signal
2017-10-10,2017-10-09,sell,sh.601988,中国银行,64600.0,4.13,4.13,266798.0,80.03939999999999,266.798,0.0,exit_signal
2017-10-10,2017-10-09,sell,sh.601398,工商银行,45000.0,6.09,6.09,274050.0,82.21499999999999,274.05,0.0,exit_signal
2017-10-10,2017-10-09,sell,sh.601939,建设银行,38500.0,7.0,7.0,269500.0,80.85,269.5,0.0,exit_signal
2017-10-10,2017-10-09,sell,sh.601288,农业银行,71200.0,3.78,3.78,269136.0,80.7408,269.136,0.0,exit_signal
2017-11-03,2017-11-02,buy,sh.601988,中国银行,69500.0,3.88,3.88,269660.0,80.898,0.0,0.0,entry_signal
2017-11-03,2017-11-02,buy,sh.601398,工商银行,44400.0,6.07,6.07,269508.0,80.85239999999999,0.0,0.0,entry_signal
2017-11-03,2017-11-02,buy,sh.601939,建设银行,38300.0,7.04,7.04,269632.0,80.88959999999999,0.0,0.0,entry_signal
2017-11-03,2017-11-02,buy,sh.601288,农业银行,72500.0,3.72,3.72,269700.0,80.91,0.0,0.0,entry_signal
2017-11-07,2017-11-06,sell,sh.601988,中国银行,69500.0,3.87,3.87,268965.0,80.6895,268.96500000000003,0.0,exit_signal
2017-11-07,2017-11-06,sell,sh.601398,工商银行,44400.0,6.03,6.03,267732.0,80.3196,267.732,0.0,exit_signal
2017-11-07,2017-11-06,sell,sh.601939,建设银行,38300.0,6.95,6.95,266185.0,79.85549999999999,266.185,0.0,exit_signal
2017-11-07,2017-11-06,sell,sh.601288,农业银行,72500.0,3.68,3.68,266800.0,80.03999999999999,266.8,0.0,exit_signal
2017-11-17,2017-11-16,buy,sh.601988,中国银行,69300.0,3.85,3.85,266805.0,80.0415,0.0,0.0,entry_signal
2017-11-17,2017-11-16,buy,sh.601398,工商银行,45500.0,5.86,5.86,266630.0,79.98899999999999,0.0,0.0,entry_signal
2017-11-17,2017-11-16,buy,sh.601939,建设银行,39300.0,6.79,6.79,266847.0,80.05409999999999,0.0,0.0,entry_signal
2017-11-17,2017-11-16,buy,sh.601288,农业银行,74800.0,3.57,3.57,267036.0,80.1108,0.0,0.0,entry_signal
2017-11-22,2017-11-21,sell,sh.601988,中国银行,69300.0,3.94,3.94,273042.0,81.9126,273.04200000000003,0.0,exit_signal
2017-11-22,2017-11-21,sell,sh.601398,工商银行,45500.0,6.14,6.14,279370.0,83.81099999999999,279.37,0.0,exit_signal
2017-11-22,2017-11-21,sell,sh.601939,建设银行,39300.0,7.2,7.2,282960.0,84.88799999999999,282.96,0.0,exit_signal
2017-11-22,2017-11-21,sell,sh.601288,农业银行,74800.0,3.68,3.68,275264.0,82.57919999999999,275.264,0.0,exit_signal
2017-11-24,2017-11-23,buy,sh.601988,中国银行,69500.0,3.99,3.99,277305.0,83.19149999999999,0.0,0.0,entry_signal
2017-11-24,2017-11-23,buy,sh.601398,工商银行,45400.0,6.11,6.11,277394.0,83.2182,0.0,0.0,entry_signal
2017-11-24,2017-11-23,buy,sh.601939,建设银行,37800.0,7.33,7.33,277074.0,83.12219999999999,0.0,0.0,entry_signal
2017-11-24,2017-11-23,buy,sh.601288,农业银行,73600.0,3.77,3.77,277472.0,83.24159999999999,0.0,0.0,entry_signal
2017-12-27,2017-12-26,sell,sh.601988,中国银行,69500.0,3.95,3.95,274525.0,82.35749999999999,274.52500000000003,0.0,exit_signal
2017-12-27,2017-12-26,sell,sh.601398,工商银行,45400.0,6.09,6.09,276486.0,82.94579999999999,276.486,0.0,exit_signal
2017-12-27,2017-12-26,sell,sh.601939,建设银行,37800.0,7.49,7.49,283122.0,84.9366,283.122,0.0,exit_signal
2017-12-27,2017-12-26,sell,sh.601288,农业银行,73600.0,3.76,3.76,276736.0,83.0208,276.736,0.0,exit_signal
2017-12-28,2017-12-27,buy,sh.601988,中国银行,71100.0,3.9,3.9,277290.0,83.187,0.0,0.0,entry_signal
2017-12-28,2017-12-27,buy,sh.601398,工商银行,46000.0,6.03,6.03,277380.0,83.214,0.0,0.0,entry_signal
2017-12-28,2017-12-27,buy,sh.601939,建设银行,36900.0,7.5,7.5,276750.0,83.02499999999999,0.0,0.0,entry_signal
2017-12-28,2017-12-27,buy,sh.601288,农业银行,74100.0,3.74,3.74,277134.0,83.1402,0.0,0.0,entry_signal
2017-12-29,2017-12-28,sell,sh.601988,中国银行,71100.0,3.94,3.94,280134.0,84.0402,280.134,0.0,exit_signal
2017-12-29,2017-12-28,sell,sh.601398,工商银行,46000.0,6.13,6.13,281980.0,84.594,281.98,0.0,exit_signal
2017-12-29,2017-12-28,sell,sh.601939,建设银行,36900.0,7.55,7.55,278595.0,83.57849999999999,278.595,0.0,exit_signal
2017-12-29,2017-12-28,sell,sh.601288,农业银行,74100.0,3.79,3.79,280839.0,84.2517,280.839,0.0,exit_signal
2018-02-02,2018-02-01,buy,sh.601988,中国银行,61100.0,4.58,4.58,279838.0,83.95139999999999,0.0,0.0,entry_signal
2018-02-02,2018-02-01,buy,sh.601398,工商银行,36800.0,7.6,7.6,279680.0,83.904,0.0,0.0,entry_signal
2018-02-02,2018-02-01,buy,sh.601939,建设银行,29600.0,9.45,9.45,279720.0,83.916,0.0,0.0,entry_signal
2018-02-02,2018-02-01,buy,sh.601288,农业银行,62500.0,4.48,4.48,280000.0,83.99999999999999,0.0,0.0,entry_signal
2018-02-06,2018-02-05,sell,sh.601988,中国银行,61100.0,4.69,4.69,286559.0,85.9677,286.559,0.0,exit_signal
2018-02-06,2018-02-05,sell,sh.601398,工商银行,36800.0,7.59,7.59,279312.0,83.7936,279.312,0.0,exit_signal
2018-02-06,2018-02-05,sell,sh.601939,建设银行,29600.0,9.61,9.61,284456.0,85.3368,284.456,0.0,exit_signal
2018-02-06,2018-02-05,sell,sh.601288,农业银行,62500.0,4.65,4.65,290625.0,87.18749999999999,290.625,0.0,exit_signal
2018-02-07,2018-02-06,buy,sh.601988,中国银行,59100.0,4.82,4.82,284862.0,85.45859999999999,0.0,0.0,entry_signal
2018-02-07,2018-02-06,buy,sh.601398,工商银行,37600.0,7.57,7.57,284632.0,85.38959999999999,0.0,0.0,entry_signal
2018-02-07,2018-02-06,buy,sh.601939,建设银行,29900.0,9.51,9.51,284349.0,85.3047,0.0,0.0,entry_signal
2018-02-07,2018-02-06,buy,sh.601288,农业银行,60600.0,4.7,4.7,284820.0,85.446,0.0,0.0,entry_signal
2018-03-09,2018-03-08,sell,sh.601988,中国银行,59100.0,4.2,4.2,248220.0,74.466,248.22,0.0,exit_signal
2018-03-09,2018-03-08,sell,sh.601398,工商银行,37600.0,6.58,6.58,247408.0,74.2224,247.40800000000002,0.0,exit_signal
2018-03-09,2018-03-08,sell,sh.601939,建设银行,29900.0,8.22,8.22,245778.00000000003,73.7334,245.77800000000005,0.0,exit_signal
2018-03-09,2018-03-08,sell,sh.601288,农业银行,60600.0,4.03,4.03,244218.00000000003,73.2654,244.21800000000005,0.0,exit_signal
2018-03-19,2018-03-16,buy,sh.601988,中国银行,59700.0,4.13,4.13,246561.0,73.9683,0.0,0.0,entry_signal
2018-03-19,2018-03-16,buy,sh.601398,工商银行,38800.0,6.34,6.34,245992.0,73.79759999999999,0.0,0.0,entry_signal
2018-03-19,2018-03-16,buy,sh.601939,建设银行,31100.0,7.91,7.91,246001.0,73.8003,0.0,0.0,entry_signal
2018-03-19,2018-03-16,buy,sh.601288,农业银行,60700.0,4.06,4.06,246441.99999999997,73.93259999999998,0.0,0.0,entry_signal
2018-03-20,2018-03-19,sell,sh.601988,中国银行,59700.0,4.12,4.12,245964.0,73.7892,245.964,0.0,exit_signal
2018-03-20,2018-03-19,sell,sh.601398,工商银行,38800.0,6.35,6.35,246380.0,73.91399999999999,246.38,0.0,exit_signal
2018-03-20,2018-03-19,sell,sh.601939,建设银行,31100.0,7.97,7.97,247867.0,74.36009999999999,247.86700000000002,0.0,exit_signal
2018-03-20,2018-03-19,sell,sh.601288,农业银行,60700.0,4.05,4.05,245835.0,73.75049999999999,245.835,0.0,exit_signal
2018-03-22,2018-03-21,buy,sh.601988,中国银行,59200.0,4.16,4.16,246272.0,73.88159999999999,0.0,0.0,entry_signal
2018-03-22,2018-03-21,buy,sh.601398,工商银行,37900.0,6.49,6.49,245971.0,73.79129999999999,0.0,0.0,entry_signal
2018-03-22,2018-03-21,buy,sh.601939,建设银行,30300.0,8.11,8.11,245732.99999999997,73.71989999999998,0.0,0.0,entry_signal
2018-03-22,2018-03-21,buy,sh.601288,农业银行,59900.0,4.11,4.11,246189.00000000003,73.8567,0.0,0.0,entry_signal
2018-04-12,2018-04-11,sell,sh.601988,中国银行,59200.0,3.95,3.95,233840.0,70.15199999999999,233.84,0.0,exit_signal
2018-04-12,2018-04-11,sell,sh.601398,工商银行,37900.0,6.22,6.22,235738.0,70.72139999999999,235.738,0.0,exit_signal
2018-04-12,2018-04-11,sell,sh.601939,建设银行,30300.0,7.89,7.89,239067.0,71.72009999999999,239.067,0.0,exit_signal
2018-04-12,2018-04-11,sell,sh.601288,农业银行,59900.0,3.98,3.98,238402.0,71.52059999999999,238.40200000000002,0.0,exit_signal
2018-04-13,2018-04-12,buy,sh.601988,中国银行,59900.0,3.95,3.95,236605.0,70.9815,0.0,0.0,entry_signal
2018-04-13,2018-04-12,buy,sh.601398,工商银行,38600.0,6.13,6.13,236618.0,70.9854,0.0,0.0,entry_signal
2018-04-13,2018-04-12,buy,sh.601939,建设银行,30300.0,7.8,7.8,236340.0,70.90199999999999,0.0,0.0,entry_signal
2018-04-13,2018-04-12,buy,sh.601288,农业银行,60200.0,3.93,3.93,236586.0,70.97579999999999,0.0,0.0,entry_signal
2018-05-08,2018-05-07,sell,sh.601988,中国银行,59900.0,3.83,3.83,229417.0,68.82509999999999,229.417,0.0,exit_signal
2018-05-08,2018-05-07,sell,sh.601398,工商银行,38600.0,5.95,5.95,229670.0,68.901,229.67000000000002,0.0,exit_signal
2018-05-08,2018-05-07,sell,sh.601939,建设银行,30300.0,7.41,7.41,224523.0,67.3569,224.523,0.0,exit_signal
2018-05-08,2018-05-07,sell,sh.601288,农业银行,60200.0,3.85,3.85,231770.0,69.53099999999999,231.77,0.0,exit_signal
2018-05-28,2018-05-25,buy,sh.601988,中国银行,60000.0,3.81,3.81,228600.0,68.58,0.0,0.0,entry_signal
2018-05-28,2018-05-25,buy,sh.601398,工商银行,39700.0,5.76,5.76,228672.0,68.60159999999999,0.0,0.0,entry_signal
2018-05-28,2018-05-25,buy,sh.601939,建设银行,31400.0,7.28,7.28,228592.0,68.57759999999999,0.0,0.0,entry_signal
2018-05-28,2018-05-25,buy,sh.601288,农业银行,63000.0,3.63,3.63,228690.0,68.607,0.0,0.0,entry_signal
2018-07-23,2018-07-20,sell,sh.601988,中国银行,60000.0,3.53,3.53,211800.0,63.53999999999999,211.8,0.0,exit_signal
2018-07-23,2018-07-20,sell,sh.601398,工商银行,39700.0,5.48,5.48,217556.00000000003,65.2668,217.55600000000004,0.0,exit_signal
2018-07-23,2018-07-20,sell,sh.601939,建设银行,31400.0,6.77,6.77,212578.0,63.773399999999995,212.578,0.0,exit_signal
2018-07-23,2018-07-20,sell,sh.601288,农业银行,63000.0,3.51,3.51,221130.0,66.339,221.13,0.0,exit_signal
2018-08-02,2018-08-01,buy,sh.601988,中国银行,62700.0,3.55,3.55,222585.0,66.7755,0.0,0.0,entry_signal
2018-08-02,2018-08-01,buy,sh.601398,工商银行,40300.0,5.52,5.52,222455.99999999997,66.73679999999999,0.0,0.0,entry_signal
2018-08-02,2018-08-01,buy,sh.601939,建设银行,32700.0,6.8,6.8,222360.0,66.708,0.0,0.0,entry_signal
2018-08-02,2018-08-01,buy,sh.601288,农业银行,62000.0,3.59,3.59,222580.0,66.774,0.0,0.0,entry_signal
2018-08-28,2018-08-27,sell,sh.601988,中国银行,62700.0,3.55,3.55,222585.0,66.7755,222.585,0.0,exit_signal
2018-08-28,2018-08-27,sell,sh.601398,工商银行,40300.0,5.53,5.53,222859.0,66.8577,222.859,0.0,exit_signal
2018-08-28,2018-08-27,sell,sh.601939,建设银行,32700.0,6.92,6.92,226284.0,67.8852,226.284,0.0,exit_signal
2018-08-28,2018-08-27,sell,sh.601288,农业银行,62000.0,3.64,3.64,225680.0,67.704,225.68,0.0,exit_signal
2018-08-31,2018-08-30,buy,sh.601988,中国银行,63300.0,3.54,3.54,224082.0,67.2246,0.0,0.0,entry_signal
2018-08-31,2018-08-30,buy,sh.601398,工商银行,41800.0,5.36,5.36,224048.0,67.2144,0.0,0.0,entry_signal
2018-08-31,2018-08-30,buy,sh.601939,建设银行,32800.0,6.83,6.83,224024.0,67.2072,0.0,0.0,entry_signal
2018-08-31,2018-08-30,buy,sh.601288,农业银行,62300.0,3.6,3.6,224280.0,67.28399999999999,0.0,0.0,entry_signal
2018-09-05,2018-09-04,sell,sh.601988,中国银行,63300.0,3.57,3.57,225981.0,67.79429999999999,225.981,0.0,exit_signal
2018-09-05,2018-09-04,sell,sh.601398,工商银行,41800.0,5.41,5.41,226138.0,67.8414,226.138,0.0,exit_signal
2018-09-05,2018-09-04,sell,sh.601939,建设银行,32800.0,6.89,6.89,225992.0,67.79759999999999,225.99200000000002,0.0,exit_signal
2018-09-05,2018-09-04,sell,sh.601288,农业银行,62300.0,3.64,3.64,226772.0,68.0316,226.772,0.0,exit_signal
2018-09-06,2018-09-05,buy,sh.601988,中国银行,64000.0,3.53,3.53,225920.0,67.776,0.0,0.0,entry_signal
2018-09-06,2018-09-05,buy,sh.601398,工商银行,42400.0,5.33,5.33,225992.0,67.79759999999999,0.0,0.0,entry_signal
2018-09-06,2018-09-05,buy,sh.601939,建设银行,33800.0,6.68,6.68,225784.0,67.73519999999999,0.0,0.0,entry_signal
2018-09-06,2018-09-05,buy,sh.601288,农业银行,62700.0,3.6,3.6,225720.0,67.716,0.0,0.0,entry_signal
2018-09-20,2018-09-19,sell,sh.601988,中国银行,64000.0,3.58,3.58,229120.0,68.73599999999999,229.12,0.0,exit_signal
2018-09-20,2018-09-19,sell,sh.601398,工商银行,42400.0,5.44,5.44,230656.00000000003,69.1968,230.65600000000003,0.0,exit_signal
2018-09-20,2018-09-19,sell,sh.601939,建设银行,33800.0,6.8,6.8,229840.0,68.952,229.84,0.0,exit_signal
2018-09-20,2018-09-19,sell,sh.601288,农业银行,62700.0,3.65,3.65,228855.0,68.6565,228.85500000000002,0.0,exit_signal
2018-10-09,2018-10-08,buy,sh.601988,中国银行,63500.0,3.61,3.61,229235.0,68.7705,0.0,0.0,entry_signal
2018-10-09,2018-10-08,buy,sh.601398,工商银行,41500.0,5.52,5.52,229079.99999999997,68.72399999999999,0.0,0.0,entry_signal
2018-10-09,2018-10-08,buy,sh.601939,建设银行,33200.0,6.91,6.91,229412.0,68.8236,0.0,0.0,entry_signal
2018-10-09,2018-10-08,buy,sh.601288,农业银行,60800.0,3.77,3.77,229216.0,68.7648,0.0,0.0,entry_signal
2018-10-11,2018-10-10,sell,sh.601988,中国银行,63500.0,3.54,3.54,224790.0,67.437,224.79,0.0,exit_signal
2018-10-11,2018-10-10,sell,sh.601398,工商银行,41500.0,5.42,5.42,224930.0,67.479,224.93,0.0,exit_signal
2018-10-11,2018-10-10,sell,sh.601939,建设银行,33200.0,6.69,6.69,222108.0,66.63239999999999,222.108,0.0,exit_signal
2018-10-11,2018-10-10,sell,sh.601288,农业银行,60800.0,3.66,3.66,222528.0,66.7584,222.528,0.0,exit_signal
2018-10-12,2018-10-11,buy,sh.601988,中国银行,64000.0,3.49,3.49,223360.0,67.008,0.0,0.0,entry_signal
2018-10-12,2018-10-11,buy,sh.601398,工商银行,41300.0,5.4,5.4,223020.00000000003,66.906,0.0,0.0,entry_signal
2018-10-12,2018-10-11,buy,sh.601939,建设银行,33100.0,6.74,6.74,223094.0,66.92819999999999,0.0,0.0,entry_signal
2018-10-12,2018-10-11,buy,sh.601288,农业银行,61000.0,3.66,3.66,223260.0,66.978,0.0,0.0,entry_signal
2018-11-05,2018-11-02,sell,sh.601988,中国银行,64000.0,3.69,3.69,236160.0,70.848,236.16,0.0,exit_signal
2018-11-05,2018-11-02,sell,sh.601398,工商银行,41300.0,5.61,5.61,231693.0,69.50789999999999,231.693,0.0,exit_signal
2018-11-05,2018-11-02,sell,sh.601939,建设银行,33100.0,7.11,7.11,235341.0,70.6023,235.341,0.0,exit_signal
2018-11-05,2018-11-02,sell,sh.601288,农业银行,61000.0,3.85,3.85,234850.0,70.455,234.85,0.0,exit_signal
2018-11-26,2018-11-23,buy,sh.601988,中国银行,65200.0,3.59,3.59,234068.0,70.2204,0.0,0.0,entry_signal
2018-11-26,2018-11-23,buy,sh.601398,工商银行,43800.0,5.35,5.35,234329.99999999997,70.29899999999998,0.0,0.0,entry_signal
2018-11-26,2018-11-23,buy,sh.601939,建设银行,35100.0,6.66,6.66,233766.0,70.12979999999999,0.0,0.0,entry_signal
2018-11-26,2018-11-23,buy,sh.601288,农业银行,65400.0,3.58,3.58,234132.0,70.2396,0.0,0.0,entry_signal
2018-12-04,2018-12-03,sell,sh.601988,中国银行,65200.0,3.65,3.65,237980.0,71.39399999999999,237.98000000000002,0.0,exit_signal
2018-12-04,2018-12-03,sell,sh.601398,工商银行,43800.0,5.41,5.41,236958.0,71.08739999999999,236.958,0.0,exit_signal
2018-12-04,2018-12-03,sell,sh.601939,建设银行,35100.0,6.75,6.75,236925.0,71.0775,236.925,0.0,exit_signal
2018-12-04,2018-12-03,sell,sh.601288,农业银行,65400.0,3.61,3.61,236094.0,70.8282,236.094,0.0,exit_signal
2018-12-07,2018-12-06,buy,sh.601988,中国银行,65600.0,3.61,3.61,236816.0,71.0448,0.0,0.0,entry_signal
2018-12-07,2018-12-06,buy,sh.601398,工商银行,44200.0,5.35,5.35,236469.99999999997,70.94099999999999,0.0,0.0,entry_signal
2018-12-07,2018-12-06,buy,sh.601939,建设银行,35500.0,6.66,6.66,236430.0,70.92899999999999,0.0,0.0,entry_signal
2018-12-07,2018-12-06,buy,sh.601288,农业银行,66100.0,3.58,3.58,236638.0,70.9914,0.0,0.0,entry_signal
2018-12-14,2018-12-13,sell,sh.601988,中国银行,65600.0,3.6,3.6,236160.0,70.848,236.16,0.0,exit_signal
2018-12-14,2018-12-13,sell,sh.601398,工商银行,44200.0,5.36,5.36,236912.0,71.0736,236.912,0.0,exit_signal
2018-12-14,2018-12-13,sell,sh.601939,建设银行,35500.0,6.7,6.7,237850.0,71.35499999999999,237.85,0.0,exit_signal
2018-12-14,2018-12-13,sell,sh.601288,农业银行,66100.0,3.58,3.58,236638.0,70.9914,236.638,0.0,exit_signal
2018-12-17,2018-12-14,buy,sh.601988,中国银行,66100.0,3.58,3.58,236638.0,70.9914,0.0,0.0,entry_signal
2018-12-17,2018-12-14,buy,sh.601398,工商银行,44400.0,5.33,5.33,236652.0,70.9956,0.0,0.0,entry_signal
2018-12-17,2018-12-14,buy,sh.601939,建设银行,35700.0,6.63,6.63,236691.0,71.0073,0.0,0.0,entry_signal
2018-12-17,2018-12-14,buy,sh.601288,农业银行,66500.0,3.56,3.56,236740.0,71.02199999999999,0.0,0.0,entry_signal
2019-01-10,2019-01-09,sell,sh.601988,中国银行,66100.0,3.54,3.54,233994.0,70.1982,233.994,0.0,exit_signal
2019-01-10,2019-01-09,sell,sh.601398,工商银行,44400.0,5.24,5.24,232656.0,69.79679999999999,232.656,0.0,exit_signal
2019-01-10,2019-01-09,sell,sh.601939,建设银行,35700.0,6.39,6.39,228123.0,68.4369,228.12300000000002,0.0,exit_signal
2019-01-10,2019-01-09,sell,sh.601288,农业银行,66500.0,3.55,3.55,236075.0,70.82249999999999,236.07500000000002,0.0,exit_signal
2019-03-27,2019-03-26,buy,sh.601988,中国银行,62300.0,3.73,3.73,232379.0,69.71369999999999,0.0,0.0,entry_signal
2019-03-27,2019-03-26,buy,sh.601398,工商银行,42500.0,5.46,5.46,232050.0,69.615,0.0,0.0,entry_signal
2019-03-27,2019-03-26,buy,sh.601939,建设银行,33900.0,6.84,6.84,231876.0,69.5628,0.0,0.0,entry_signal
2019-03-27,2019-03-26,buy,sh.601288,农业银行,63300.0,3.67,3.67,232311.0,69.6933,0.0,0.0,entry_signal
2019-04-01,2019-03-29,sell,sh.601988,中国银行,62300.0,3.79,3.79,236117.0,70.8351,236.11700000000002,0.0,exit_signal
2019-04-01,2019-03-29,sell,sh.601398,工商银行,42500.0,5.59,5.59,237575.0,71.2725,237.57500000000002,0.0,exit_signal
2019-04-01,2019-03-29,sell,sh.601939,建设银行,33900.0,6.97,6.97,236283.0,70.88489999999999,236.28300000000002,0.0,exit_signal
2019-04-01,2019-03-29,sell,sh.601288,农业银行,63300.0,3.73,3.73,236109.0,70.83269999999999,236.109,0.0,exit_signal
2019-04-26,2019-04-25,buy,sh.601988,中国银行,61100.0,3.87,3.87,236457.0,70.93709999999999,0.0,0.0,entry_signal
2019-04-26,2019-04-25,buy,sh.601398,工商银行,41400.0,5.71,5.71,236394.0,70.9182,0.0,0.0,entry_signal
2019-04-26,2019-04-25,buy,sh.601939,建设银行,32300.0,7.3,7.3,235790.0,70.737,0.0,0.0,entry_signal
2019-04-26,2019-04-25,buy,sh.601288,农业银行,63400.0,3.73,3.73,236482.0,70.9446,0.0,0.0,entry_signal
2019-06-12,2019-06-11,sell,sh.601988,中国银行,61100.0,3.75,3.75,229125.0,68.7375,229.125,0.0,exit_signal
2019-06-12,2019-06-11,sell,sh.601398,工商银行,41400.0,5.78,5.78,239292.0,71.7876,239.292,0.0,exit_signal
2019-06-12,2019-06-11,sell,sh.601939,建设银行,32300.0,7.27,7.27,234821.0,70.4463,234.821,0.0,exit_signal
2019-06-12,2019-06-11,sell,sh.601288,农业银行,63400.0,3.8,3.8,240920.0,72.276,240.92000000000002,0.0,exit_signal
2019-06-17,2019-06-14,buy,sh.601988,中国银行,63800.0,3.74,3.74,238612.0,71.58359999999999,0.0,0.0,entry_signal
2019-06-17,2019-06-14,buy,sh.601398,工商银行,41600.0,5.73,5.73,238368.00000000003,71.5104,0.0,0.0,entry_signal
2019-06-17,2019-06-14,buy,sh.601939,建设银行,33000.0,7.23,7.23,238590.0,71.577,0.0,0.0,entry_signal
2019-06-17,2019-06-14,buy,sh.601288,农业银行,63400.0,3.76,3.76,238384.0,71.5152,0.0,0.0,entry_signal
2019-06-18,2019-06-17,sell,sh.601988,中国银行,63800.0,3.75,3.75,239250.0,71.77499999999999,239.25,0.0,exit_signal
2019-06-18,2019-06-17,sell,sh.601398,工商银行,41600.0,5.74,5.74,238784.0,71.6352,238.784,0.0,exit_signal
2019-06-18,2019-06-17,sell,sh.601939,建设银行,33000.0,7.25,7.25,239250.0,71.77499999999999,239.25,0.0,exit_signal
2019-06-18,2019-06-17,sell,sh.601288,农业银行,63400.0,3.8,3.8,240920.0,72.276,240.92000000000002,0.0,exit_signal
2019-07-09,2019-07-08,buy,sh.601988,中国银行,64500.0,3.71,3.71,239295.0,71.7885,0.0,0.0,entry_signal
2019-07-09,2019-07-08,buy,sh.601398,工商银行,42900.0,5.57,5.57,238953.0,71.68589999999999,0.0,0.0,entry_signal
2019-07-09,2019-07-08,buy,sh.601939,建设银行,32100.0,7.45,7.45,239145.0,71.7435,0.0,0.0,entry_signal
2019-07-09,2019-07-08,buy,sh.601288,农业银行,66400.0,3.6,3.6,239040.0,71.71199999999999,0.0,0.0,entry_signal
2019-07-31,2019-07-30,sell,sh.601988,中国银行,64500.0,3.71,3.71,239295.0,71.7885,239.29500000000002,0.0,exit_signal
2019-07-31,2019-07-30,sell,sh.601398,工商银行,42900.0,5.65,5.65,242385.00000000003,72.7155,242.38500000000005,0.0,exit_signal
2019-07-31,2019-07-30,sell,sh.601939,建设银行,32100.0,7.38,7.38,236898.0,71.06939999999999,236.898,0.0,exit_signal
2019-07-31,2019-07-30,sell,sh.601288,农业银行,66400.0,3.61,3.61,239704.0,71.9112,239.704,0.0,exit_signal
2019-08-01,2019-07-31,buy,sh.601988,中国银行,65300.0,3.7,3.7,241610.0,72.48299999999999,0.0,0.0,entry_signal
2019-08-01,2019-07-31,buy,sh.601398,工商银行,43000.0,5.62,5.62,241660.0,72.49799999999999,0.0,0.0,entry_signal
2019-08-01,2019-07-31,buy,sh.601939,建设银行,32900.0,7.35,7.35,241815.0,72.5445,0.0,0.0,entry_signal
2019-08-01,2019-07-31,buy,sh.601288,农业银行,67300.0,3.59,3.59,241607.0,72.48209999999999,0.0,0.0,entry_signal
2019-08-20,2019-08-19,sell,sh.601988,中国银行,65300.0,3.57,3.57,233121.0,69.93629999999999,233.121,0.0,exit_signal
2019-08-20,2019-08-19,sell,sh.601398,工商银行,43000.0,5.46,5.46,234780.0,70.434,234.78,0.0,exit_signal
2019-08-20,2019-08-19,sell,sh.601939,建设银行,32900.0,7.03,7.03,231287.0,69.3861,231.287,0.0,exit_signal
2019-08-20,2019-08-19,sell,sh.601288,农业银行,67300.0,3.42,3.42,230166.0,69.04979999999999,230.166,0.0,exit_signal
2019-09-26,2019-09-25,buy,sh.601988,中国银行,64500.0,3.6,3.6,232200.0,69.66,0.0,0.0,entry_signal
2019-09-26,2019-09-25,buy,sh.601398,工商银行,42100.0,5.51,5.51,231971.0,69.59129999999999,0.0,0.0,entry_signal
2019-09-26,2019-09-25,buy,sh.601939,建设银行,33100.0,7.0,7.0,231700.0,69.50999999999999,0.0,0.0,entry_signal
2019-09-26,2019-09-25,buy,sh.601288,农业银行,66900.0,3.47,3.47,232143.0,69.6429,0.0,0.0,entry_signal
2019-10-15,2019-10-14,sell,sh.601988,中国银行,64500.0,3.68,3.68,237360.0,71.208,237.36,0.0,exit_signal
2019-10-15,2019-10-14,sell,sh.601398,工商银行,42100.0,5.71,5.71,240391.0,72.1173,240.391,0.0,exit_signal
2019-10-15,2019-10-14,sell,sh.601939,建设银行,33100.0,7.3,7.3,241630.0,72.48899999999999,241.63,0.0,exit_signal
2019-10-15,2019-10-14,sell,sh.601288,农业银行,66900.0,3.57,3.57,238833.0,71.64989999999999,238.833,0.0,exit_signal
2019-10-21,2019-10-18,buy,sh.601988,中国银行,65500.0,3.65,3.65,239075.0,71.7225,0.0,0.0,entry_signal
2019-10-21,2019-10-18,buy,sh.601398,工商银行,42100.0,5.68,5.68,239128.0,71.7384,0.0,0.0,entry_signal
2019-10-21,2019-10-18,buy,sh.601939,建设银行,33000.0,7.25,7.25,239250.0,71.77499999999999,0.0,0.0,entry_signal
2019-10-21,2019-10-18,buy,sh.601288,农业银行,67200.0,3.56,3.56,239232.0,71.7696,0.0,0.0,entry_signal
2019-10-28,2019-10-25,sell,sh.601988,中国银行,65500.0,3.73,3.73,244315.0,73.2945,244.315,0.0,exit_signal
2019-10-28,2019-10-25,sell,sh.601398,工商银行,42100.0,6.0,6.0,252600.0,75.77999999999999,252.6,0.0,exit_signal
2019-10-28,2019-10-25,sell,sh.601939,建设银行,33000.0,7.45,7.45,245850.0,73.755,245.85,0.0,exit_signal
2019-10-28,2019-10-25,sell,sh.601288,农业银行,67200.0,3.66,3.66,245952.0,73.78559999999999,245.952,0.0,exit_signal
2019-10-31,2019-10-30,buy,sh.601988,中国银行,66900.0,3.69,3.69,246861.0,74.05829999999999,0.0,0.0,entry_signal
2019-10-31,2019-10-30,buy,sh.601398,工商银行,41300.0,5.97,5.97,246561.0,73.9683,0.0,0.0,entry_signal
2019-10-31,2019-10-30,buy,sh.601939,建设银行,33600.0,7.34,7.34,246624.0,73.98719999999999,0.0,0.0,entry_signal
2019-10-31,2019-10-30,buy,sh.601288,农业银行,68000.0,3.63,3.63,246840.0,74.05199999999999,0.0,0.0,entry_signal
2019-11-04,2019-11-01,sell,sh.601988,中国银行,66900.0,3.7,3.7,247530.0,74.259,247.53,0.0,exit_signal
2019-11-04,2019-11-01,sell,sh.601398,工商银行,41300.0,5.94,5.94,245322.00000000003,73.59660000000001,245.32200000000003,0.0,exit_signal
2019-11-04,2019-11-01,sell,sh.601939,建设银行,33600.0,7.27,7.27,244272.0,73.2816,244.272,0.0,exit_signal
2019-11-04,2019-11-01,sell,sh.601288,农业银行,68000.0,3.66,3.66,248880.0,74.66399999999999,248.88,0.0,exit_signal
2019-11-12,2019-11-11,buy,sh.601988,中国银行,67500.0,3.65,3.65,246375.0,73.9125,0.0,0.0,entry_signal
2019-11-12,2019-11-11,buy,sh.601398,工商银行,42700.0,5.77,5.77,246378.99999999997,73.91369999999999,0.0,0.0,entry_signal
2019-11-12,2019-11-11,buy,sh.601939,建设银行,33900.0,7.25,7.25,245775.0,73.73249999999999,0.0,0.0,entry_signal
2019-11-12,2019-11-11,buy,sh.601288,农业银行,69000.0,3.57,3.57,246330.0,73.89899999999999,0.0,0.0,entry_signal
2019-12-09,2019-12-06,sell,sh.601988,中国银行,67500.0,3.63,3.63,245025.0,73.5075,245.025,0.0,exit_signal
2019-12-09,2019-12-06,sell,sh.601398,工商银行,42700.0,5.74,5.74,245098.0,73.5294,245.098,0.0,exit_signal
2019-12-09,2019-12-06,sell,sh.601939,建设银行,33900.0,7.13,7.13,241707.0,72.51209999999999,241.707,0.0,exit_signal
2019-12-09,2019-12-06,sell,sh.601288,农业银行,69000.0,3.61,3.61,249090.0,74.72699999999999,249.09,0.0,exit_signal
2020-01-22,2020-01-21,buy,sh.601988,中国银行,67300.0,3.64,3.64,244972.0,73.49159999999999,0.0,0.0,entry_signal
2020-01-22,2020-01-21,buy,sh.601398,工商银行,42500.0,5.76,5.76,244800.0,73.44,0.0,0.0,entry_signal
2020-01-22,2020-01-21,buy,sh.601939,建设银行,34900.0,7.02,7.02,244997.99999999997,73.49939999999998,0.0,0.0,entry_signal
2020-01-22,2020-01-21,buy,sh.601288,农业银行,68600.0,3.57,3.57,244902.0,73.47059999999999,0.0,0.0,entry_signal
2020-02-18,2020-02-17,sell,sh.601988,中国银行,67300.0,3.59,3.59,241607.0,72.48209999999999,241.607,0.0,exit_signal
2020-02-18,2020-02-17,sell,sh.601398,工商银行,42500.0,5.47,5.47,232475.0,69.74249999999999,232.475,0.0,exit_signal
2020-02-18,2020-02-17,sell,sh.601939,建设银行,34900.0,6.73,6.73,234877.00000000003,70.4631,234.87700000000004,0.0,exit_signal
2020-02-18,2020-02-17,sell,sh.601288,农业银行,68600.0,3.46,3.46,237356.0,71.20679999999999,237.356,0.0,exit_signal
2020-03-02,2020-02-28,buy,sh.601988,中国银行,66300.0,3.56,3.56,236028.0,70.80839999999999,0.0,0.0,entry_signal
2020-03-02,2020-02-28,buy,sh.601398,工商银行,44500.0,5.3,5.3,235850.0,70.755,0.0,0.0,entry_signal
2020-03-02,2020-02-28,buy,sh.601939,建设银行,36200.0,6.51,6.51,235662.0,70.6986,0.0,0.0,entry_signal
2020-03-02,2020-02-28,buy,sh.601288,农业银行,69000.0,3.42,3.42,235980.0,70.794,0.0,0.0,entry_signal
2020-03-03,2020-03-02,sell,sh.601988,中国银行,66300.0,3.61,3.61,239343.0,71.8029,239.34300000000002,0.0,exit_signal
2020-03-03,2020-03-02,sell,sh.601398,工商银行,44500.0,5.37,5.37,238965.0,71.6895,238.965,0.0,exit_signal
2020-03-03,2020-03-02,sell,sh.601939,建设银行,36200.0,6.63,6.63,240006.0,72.00179999999999,240.006,0.0,exit_signal
2020-03-03,2020-03-02,sell,sh.601288,农业银行,69000.0,3.47,3.47,239430.0,71.829,239.43,0.0,exit_signal
2020-03-10,2020-03-09,buy,sh.601988,中国银行,67200.0,3.56,3.56,239232.0,71.7696,0.0,0.0,entry_signal
2020-03-10,2020-03-09,buy,sh.601398,工商银行,45200.0,5.29,5.29,239108.0,71.7324,0.0,0.0,entry_signal
2020-03-10,2020-03-09,buy,sh.601939,建设银行,37100.0,6.45,6.45,239295.0,71.7885,0.0,0.0,entry_signal
2020-03-10,2020-03-09,buy,sh.601288,农业银行,70200.0,3.41,3.41,239382.0,71.8146,0.0,0.0,entry_signal
2020-03-11,2020-03-10,sell,sh.601988,中国银行,67200.0,3.6,3.6,241920.0,72.576,241.92000000000002,0.0,exit_signal
2020-03-11,2020-03-10,sell,sh.601398,工商银行,45200.0,5.35,5.35,241819.99999999997,72.54599999999998,241.81999999999996,0.0,exit_signal
2020-03-11,2020-03-10,sell,sh.601939,建设银行,37100.0,6.54,6.54,242634.0,72.7902,242.63400000000001,0.0,exit_signal
2020-03-11,2020-03-10,sell,sh.601288,农业银行,70200.0,3.47,3.47,243594.0,73.0782,243.594,0.0,exit_signal
2020-03-12,2020-03-11,buy,sh.601988,中国银行,67600.0,3.58,3.58,242008.0,72.60239999999999,0.0,0.0,entry_signal
2020-03-12,2020-03-11,buy,sh.601398,工商银行,45700.0,5.3,5.3,242210.0,72.663,0.0,0.0,entry_signal
2020-03-12,2020-03-11,buy,sh.601939,建设银行,37300.0,6.49,6.49,242077.0,72.6231,0.0,0.0,entry_signal
2020-03-12,2020-03-11,buy,sh.601288,农业银行,70800.0,3.42,3.42,242136.0,72.6408,0.0,0.0,entry_signal
2020-04-08,2020-04-07,sell,sh.601988,中国银行,67600.0,3.5,3.5,236600.0,70.97999999999999,236.6,0.0,exit_signal
2020-04-08,2020-04-07,sell,sh.601398,工商银行,45700.0,5.14,5.14,234897.99999999997,70.46939999999998,234.89799999999997,0.0,exit_signal
2020-04-08,2020-04-07,sell,sh.601939,建设银行,37300.0,6.4,6.4,238720.0,71.616,238.72,0.0,exit_signal
2020-04-08,2020-04-07,sell,sh.601288,农业银行,70800.0,3.41,3.41,241428.0,72.4284,241.428,0.0,exit_signal
2020-05-25,2020-05-22,buy,sh.601988,中国银行,69300.0,3.43,3.43,237699.0,71.30969999999999,0.0,0.0,entry_signal
2020-05-25,2020-05-22,buy,sh.601398,工商银行,46900.0,5.06,5.06,237313.99999999997,71.19419999999998,0.0,0.0,entry_signal
2020-05-25,2020-05-22,buy,sh.601939,建设银行,37600.0,6.32,6.32,237632.0,71.2896,0.0,0.0,entry_signal
2020-05-25,2020-05-22,buy,sh.601288,农业银行,70300.0,3.38,3.38,237614.0,71.2842,0.0,0.0,entry_signal
2020-06-02,2020-06-01,sell,sh.601988,中国银行,69300.0,3.47,3.47,240471.0,72.14129999999999,240.471,0.0,exit_signal
2020-06-02,2020-06-01,sell,sh.601398,工商银行,46900.0,5.15,5.15,241535.00000000003,72.4605,241.53500000000003,0.0,exit_signal
2020-06-02,2020-06-01,sell,sh.601939,建设银行,37600.0,6.39,6.39,240264.0,72.0792,240.264,0.0,exit_signal
2020-06-02,2020-06-01,sell,sh.601288,农业银行,70300.0,3.42,3.42,240426.0,72.1278,240.42600000000002,0.0,exit_signal
2020-06-16,2020-06-15,buy,sh.601988,中国银行,69400.0,3.46,3.46,240124.0,72.0372,0.0,0.0,entry_signal
2020-06-16,2020-06-15,buy,sh.601398,工商银行,45600.0,5.27,5.27,240311.99999999997,72.09359999999998,0.0,0.0,entry_signal
2020-06-16,2020-06-15,buy,sh.601939,建设银行,38100.0,6.31,6.31,240410.99999999997,72.12329999999999,0.0,0.0,entry_signal
2020-06-16,2020-06-15,buy,sh.601288,农业银行,71700.0,3.35,3.35,240195.0,72.0585,0.0,0.0,entry_signal
2020-06-17,2020-06-16,sell,sh.601988,中国银行,69400.0,3.46,3.46,240124.0,72.0372,240.124,0.0,exit_signal
2020-06-17,2020-06-16,sell,sh.601398,工商银行,45600.0,5.28,5.28,240768.0,72.23039999999999,240.768,0.0,exit_signal
2020-06-17,2020-06-16,sell,sh.601939,建设银行,38100.0,6.3,6.3,240030.0,72.009,240.03,0.0,exit_signal
2020-06-17,2020-06-16,sell,sh.601288,农业银行,71700.0,3.35,3.35,240195.0,72.0585,240.195,0.0,exit_signal
2020-07-27,2020-07-24,buy,sh.601988,中国银行,71400.0,3.36,3.36,239904.0,71.9712,0.0,0.0,entry_signal
2020-07-27,2020-07-24,buy,sh.601398,工商银行,48200.0,4.98,4.98,240036.00000000003,72.0108,0.0,0.0,entry_signal
2020-07-27,2020-07-24,buy,sh.601939,建设银行,39100.0,6.14,6.14,240074.0,72.0222,0.0,0.0,entry_signal
2020-07-27,2020-07-24,buy,sh.601288,农业银行,74000.0,3.24,3.24,239760.00000000003,71.928,0.0,0.0,entry_signal
2020-08-04,2020-08-03,sell,sh.601988,中国银行,71400.0,3.35,3.35,239190.0,71.75699999999999,239.19,0.0,exit_signal
2020-08-04,2020-08-03,sell,sh.601398,工商银行,48200.0,4.99,4.99,240518.0,72.1554,240.518,0.0,exit_signal
2020-08-04,2020-08-03,sell,sh.601939,建设银行,39100.0,6.16,6.16,240856.0,72.2568,240.856,0.0,exit_signal
2020-08-04,2020-08-03,sell,sh.601288,农业银行,74000.0,3.23,3.23,239020.0,71.70599999999999,239.02,0.0,exit_signal
2020-08-27,2020-08-26,buy,sh.601988,中国银行,72800.0,3.29,3.29,239512.0,71.8536,0.0,0.0,entry_signal
2020-08-27,2020-08-26,buy,sh.601398,工商银行,48100.0,4.98,4.98,239538.00000000003,71.8614,0.0,0.0,entry_signal
2020-08-27,2020-08-26,buy,sh.601939,建设银行,38800.0,6.17,6.17,239396.0,71.8188,0.0,0.0,entry_signal
2020-08-27,2020-08-26,buy,sh.601288,农业银行,74100.0,3.23,3.23,239343.0,71.8029,0.0,0.0,entry_signal
2020-08-31,2020-08-28,sell,sh.601988,中国银行,72800.0,3.3,3.3,240240.0,72.07199999999999,240.24,0.0,exit_signal
2020-08-31,2020-08-28,sell,sh.601398,工商银行,48100.0,4.99,4.99,240019.0,72.00569999999999,240.019,0.0,exit_signal
2020-08-31,2020-08-28,sell,sh.601939,建设银行,38800.0,6.22,6.22,241336.0,72.40079999999999,241.336,0.0,exit_signal
2020-08-31,2020-08-28,sell,sh.601288,农业银行,74100.0,3.23,3.23,239343.0,71.8029,239.34300000000002,0.0,exit_signal
2020-09-07,2020-09-04,buy,sh.601988,中国银行,75000.0,3.2,3.2,240000.0,72.0,0.0,0.0,entry_signal
2020-09-07,2020-09-04,buy,sh.601398,工商银行,49000.0,4.89,4.89,239609.99999999997,71.88299999999998,0.0,0.0,entry_signal
2020-09-07,2020-09-04,buy,sh.601939,建设银行,39200.0,6.11,6.11,239512.0,71.8536,0.0,0.0,entry_signal
2020-09-07,2020-09-04,buy,sh.601288,农业银行,76200.0,3.15,3.15,240030.0,72.009,0.0,0.0,entry_signal
2020-09-21,2020-09-18,sell,sh.601988,中国银行,75000.0,3.23,3.23,242250.0,72.675,242.25,0.0,exit_signal
2020-09-21,2020-09-18,sell,sh.601398,工商银行,49000.0,4.97,4.97,243530.0,73.059,243.53,0.0,exit_signal
2020-09-21,2020-09-18,sell,sh.601939,建设银行,39200.0,6.24,6.24,244608.0,73.38239999999999,244.608,0.0,exit_signal
2020-09-21,2020-09-18,sell,sh.601288,农业银行,76200.0,3.2,3.2,243840.0,73.15199999999999,243.84,0.0,exit_signal
2020-09-22,2020-09-21,buy,sh.601988,中国银行,75600.0,3.22,3.22,243432.00000000003,73.0296,0.0,0.0,entry_signal
2020-09-22,2020-09-21,buy,sh.601398,工商银行,49100.0,4.95,4.95,243045.0,72.9135,0.0,0.0,entry_signal
2020-09-22,2020-09-21,buy,sh.601939,建设银行,39300.0,6.18,6.18,242874.0,72.86219999999999,0.0,0.0,entry_signal
2020-09-22,2020-09-21,buy,sh.601288,农业银行,76500.0,3.18,3.18,243270.0,72.981,0.0,0.0,entry_signal
2020-10-12,2020-10-09,sell,sh.601988,中国银行,75600.0,3.21,3.21,242676.0,72.80279999999999,242.67600000000002,0.0,exit_signal
2020-10-12,2020-10-09,sell,sh.601398,工商银行,49100.0,4.92,4.92,241572.0,72.4716,241.572,0.0,exit_signal
2020-10-12,2020-10-09,sell,sh.601939,建设银行,39300.0,6.13,6.13,240909.0,72.2727,240.909,0.0,exit_signal
2020-10-12,2020-10-09,sell,sh.601288,农业银行,76500.0,3.17,3.17,242505.0,72.7515,242.505,0.0,exit_signal
2020-10-26,2020-10-23,buy,sh.601988,中国银行,74600.0,3.24,3.24,241704.00000000003,72.5112,0.0,0.0,entry_signal
2020-10-26,2020-10-23,buy,sh.601398,工商银行,47700.0,5.06,5.06,241361.99999999997,72.40859999999998,0.0,0.0,entry_signal
2020-10-26,2020-10-23,buy,sh.601939,建设银行,37300.0,6.48,6.48,241704.00000000003,72.5112,0.0,0.0,entry_signal
2020-10-26,2020-10-23,buy,sh.601288,农业银行,74800.0,3.23,3.23,241604.0,72.48119999999999,0.0,0.0,entry_signal
2020-11-06,2020-11-05,sell,sh.601988,中国银行,74600.0,3.21,3.21,239466.0,71.8398,239.466,0.0,exit_signal
2020-11-06,2020-11-05,sell,sh.601398,工商银行,47700.0,4.95,4.95,236115.0,70.83449999999999,236.115,0.0,exit_signal
2020-11-06,2020-11-05,sell,sh.601939,建设银行,37300.0,6.36,6.36,237228.0,71.16839999999999,237.228,0.0,exit_signal
2020-11-06,2020-11-05,sell,sh.601288,农业银行,74800.0,3.19,3.19,238612.0,71.58359999999999,238.612,0.0,exit_signal
2020-12-10,2020-12-09,buy,sh.601988,中国银行,73500.0,3.23,3.23,237405.0,71.22149999999999,0.0,0.0,entry_signal
2020-12-10,2020-12-09,buy,sh.601398,工商银行,46600.0,5.1,5.1,237659.99999999997,71.29799999999999,0.0,0.0,entry_signal
2020-12-10,2020-12-09,buy,sh.601939,建设银行,35600.0,6.66,6.66,237096.0,71.1288,0.0,0.0,entry_signal
2020-12-10,2020-12-09,buy,sh.601288,农业银行,73500.0,3.23,3.23,237405.0,71.22149999999999,0.0,0.0,entry_signal
2020-12-18,2020-12-17,sell,sh.601988,中国银行,73500.0,3.19,3.19,234465.0,70.33949999999999,234.465,0.0,exit_signal
2020-12-18,2020-12-17,sell,sh.601398,工商银行,46600.0,5.01,5.01,233466.0,70.0398,233.466,0.0,exit_signal
2020-12-18,2020-12-17,sell,sh.601939,建设银行,35600.0,6.41,6.41,228196.0,68.4588,228.196,0.0,exit_signal
2020-12-18,2020-12-17,sell,sh.601288,农业银行,73500.0,3.18,3.18,233730.0,70.119,233.73000000000002,0.0,exit_signal
2020-12-21,2020-12-18,buy,sh.601988,中国银行,73000.0,3.18,3.18,232140.0,69.642,0.0,0.0,entry_signal
2020-12-21,2020-12-18,buy,sh.601398,工商银行,46300.0,5.01,5.01,231963.0,69.5889,0.0,0.0,entry_signal
2020-12-21,2020-12-18,buy,sh.601939,建设银行,36300.0,6.4,6.4,232320.0,69.696,0.0,0.0,entry_signal
2020-12-21,2020-12-18,buy,sh.601288,农业银行,73300.0,3.17,3.17,232361.0,69.7083,0.0,0.0,entry_signal
2020-12-22,2020-12-21,sell,sh.601988,中国银行,73000.0,3.18,3.18,232140.0,69.642,232.14000000000001,0.0,exit_signal
2020-12-22,2020-12-21,sell,sh.601398,工商银行,46300.0,4.99,4.99,231037.0,69.3111,231.037,0.0,exit_signal
2020-12-22,2020-12-21,sell,sh.601939,建设银行,36300.0,6.34,6.34,230142.0,69.0426,230.142,0.0,exit_signal
2020-12-22,2020-12-21,sell,sh.601288,农业银行,73300.0,3.16,3.16,231628.0,69.4884,231.62800000000001,0.0,exit_signal
2020-12-23,2020-12-22,buy,sh.601988,中国银行,72800.0,3.17,3.17,230776.0,69.2328,0.0,0.0,entry_signal
2020-12-23,2020-12-22,buy,sh.601398,工商银行,46700.0,4.94,4.94,230698.00000000003,69.2094,0.0,0.0,entry_signal
2020-12-23,2020-12-22,buy,sh.601939,建设银行,37100.0,6.22,6.22,230762.0,69.2286,0.0,0.0,entry_signal
2020-12-23,2020-12-22,buy,sh.601288,农业银行,73300.0,3.15,3.15,230895.0,69.26849999999999,0.0,0.0,entry_signal
2020-12-28,2020-12-25,sell,sh.601988,中国银行,72800.0,3.17,3.17,230776.0,69.2328,230.776,0.0,exit_signal
2020-12-28,2020-12-25,sell,sh.601398,工商银行,46700.0,4.96,4.96,231632.0,69.4896,231.632,0.0,exit_signal
2020-12-28,2020-12-25,sell,sh.601939,建设银行,37100.0,6.27,6.27,232616.99999999997,69.78509999999999,232.61699999999996,0.0,exit_signal
2020-12-28,2020-12-25,sell,sh.601288,农业银行,73300.0,3.14,3.14,230162.0,69.0486,230.162,0.0,exit_signal
2020-12-30,2020-12-29,buy,sh.601988,中国银行,72900.0,3.17,3.17,231093.0,69.3279,0.0,0.0,entry_signal
2020-12-30,2020-12-29,buy,sh.601398,工商银行,46500.0,4.97,4.97,231105.0,69.33149999999999,0.0,0.0,entry_signal
2020-12-30,2020-12-29,buy,sh.601939,建设银行,36900.0,6.26,6.26,230994.0,69.2982,0.0,0.0,entry_signal
2020-12-30,2020-12-29,buy,sh.601288,农业银行,73600.0,3.14,3.14,231104.0,69.3312,0.0,0.0,entry_signal
2020-12-31,2020-12-30,sell,sh.601988,中国银行,72900.0,3.16,3.16,230364.0,69.10919999999999,230.364,0.0,exit_signal
2020-12-31,2020-12-30,sell,sh.601398,工商银行,46500.0,4.95,4.95,230175.0,69.0525,230.175,0.0,exit_signal
2020-12-31,2020-12-30,sell,sh.601939,建设银行,36900.0,6.23,6.23,229887.00000000003,68.9661,229.88700000000003,0.0,exit_signal
2020-12-31,2020-12-30,sell,sh.601288,农业银行,73600.0,3.13,3.13,230368.0,69.1104,230.368,0.0,exit_signal
2021-01-29,2021-01-28,buy,sh.601988,中国银行,72700.0,3.16,3.16,229732.0,68.91959999999999,0.0,0.0,entry_signal
2021-01-29,2021-01-28,buy,sh.601398,工商银行,45700.0,5.03,5.03,229871.0,68.9613,0.0,0.0,entry_signal
2021-01-29,2021-01-28,buy,sh.601939,建设银行,34300.0,6.69,6.69,229467.0,68.84009999999999,0.0,0.0,entry_signal
2021-01-29,2021-01-28,buy,sh.601288,农业银行,73200.0,3.14,3.14,229848.0,68.95439999999999,0.0,0.0,entry_signal
2021-02-10,2021-02-09,sell,sh.601988,中国银行,72700.0,3.19,3.19,231913.0,69.5739,231.913,0.0,exit_signal
2021-02-10,2021-02-09,sell,sh.601398,工商银行,45700.0,5.24,5.24,239468.0,71.84039999999999,239.46800000000002,0.0,exit_signal
2021-02-10,2021-02-09,sell,sh.601939,建设银行,34300.0,7.13,7.13,244559.0,73.3677,244.559,0.0,exit_signal
2021-02-10,2021-02-09,sell,sh.601288,农业银行,73200.0,3.17,3.17,232044.0,69.61319999999999,232.044,0.0,exit_signal
2021-02-25,2021-02-24,buy,sh.601988,中国银行,73500.0,3.22,3.22,236670.0,71.00099999999999,0.0,0.0,entry_signal
2021-02-25,2021-02-24,buy,sh.601398,工商银行,44700.0,5.29,5.29,236463.0,70.93889999999999,0.0,0.0,entry_signal
2021-02-25,2021-02-24,buy,sh.601939,建设银行,32900.0,7.18,7.18,236222.0,70.86659999999999,0.0,0.0,entry_signal
2021-02-25,2021-02-24,buy,sh.601288,农业银行,73300.0,3.23,3.23,236759.0,71.0277,0.0,0.0,entry_signal
2021-02-26,2021-02-25,sell,sh.601988,中国银行,73500.0,3.23,3.23,237405.0,71.22149999999999,237.405,0.0,exit_signal
2021-02-26,2021-02-25,sell,sh.601398,工商银行,44700.0,5.39,5.39,240933.0,72.2799,240.933,0.0,exit_signal
2021-02-26,2021-02-25,sell,sh.601939,建设银行,32900.0,7.27,7.27,239183.0,71.75489999999999,239.183,0.0,exit_signal
2021-02-26,2021-02-25,sell,sh.601288,农业银行,73300.0,3.25,3.25,238225.0,71.46749999999999,238.225,0.0,exit_signal
2021-03-01,2021-02-26,buy,sh.601988,中国银行,73700.0,3.24,3.24,238788.00000000003,71.63640000000001,0.0,0.0,entry_signal
2021-03-01,2021-02-26,buy,sh.601398,工商银行,44500.0,5.36,5.36,238520.0,71.556,0.0,0.0,entry_signal
2021-03-01,2021-02-26,buy,sh.601939,建设银行,32900.0,7.25,7.25,238525.0,71.55749999999999,0.0,0.0,entry_signal
2021-03-01,2021-02-26,buy,sh.601288,农业银行,73200.0,3.26,3.26,238631.99999999997,71.58959999999999,0.0,0.0,entry_signal
2021-03-04,2021-03-03,sell,sh.601988,中国银行,73700.0,3.25,3.25,239525.0,71.85749999999999,239.525,0.0,exit_signal
2021-03-04,2021-03-03,sell,sh.601398,工商银行,44500.0,5.43,5.43,241635.0,72.4905,241.635,0.0,exit_signal
2021-03-04,2021-03-03,sell,sh.601939,建设银行,32900.0,7.43,7.43,244447.0,73.33409999999999,244.447,0.0,exit_signal
2021-03-04,2021-03-03,sell,sh.601288,农业银行,73200.0,3.27,3.27,239364.0,71.80919999999999,239.364,0.0,exit_signal
2021-03-05,2021-03-04,buy,sh.601988,中国银行,73900.0,3.26,3.26,240913.99999999997,72.27419999999998,0.0,0.0,entry_signal
2021-03-05,2021-03-04,buy,sh.601398,工商银行,44400.0,5.43,5.43,241092.0,72.32759999999999,0.0,0.0,entry_signal
2021-03-05,2021-03-04,buy,sh.601939,建设银行,32500.0,7.4,7.4,240500.0,72.14999999999999,0.0,0.0,entry_signal
2021-03-05,2021-03-04,buy,sh.601288,农业银行,73000.0,3.3,3.3,240900.0,72.27,0.0,0.0,entry_signal
2021-03-31,2021-03-30,sell,sh.601988,中国银行,73900.0,3.32,3.32,245348.0,73.6044,245.348,0.0,exit_signal
2021-03-31,2021-03-30,sell,sh.601398,工商银行,44400.0,5.47,5.47,242868.0,72.8604,242.868,0.0,exit_signal
2021-03-31,2021-03-30,sell,sh.601939,建设银行,32500.0,7.21,7.21,234325.0,70.2975,234.32500000000002,0.0,exit_signal
2021-03-31,2021-03-30,sell,sh.601288,农业银行,73000.0,3.37,3.37,246010.0,73.803,246.01000000000002,0.0,exit_signal
2021-04-13,2021-04-12,buy,sh.601988,中国银行,72600.0,3.33,3.33,241758.0,72.5274,0.0,0.0,entry_signal
2021-04-13,2021-04-12,buy,sh.601398,工商银行,44100.0,5.48,5.48,241668.00000000003,72.5004,0.0,0.0,entry_signal
2021-04-13,2021-04-12,buy,sh.601939,建设银行,33100.0,7.31,7.31,241961.0,72.58829999999999,0.0,0.0,entry_signal
2021-04-13,2021-04-12,buy,sh.601288,农业银行,71100.0,3.4,3.4,241740.0,72.52199999999999,0.0,0.0,entry_signal
2021-04-20,2021-04-19,sell,sh.601988,中国银行,72600.0,3.32,3.32,241032.0,72.30959999999999,241.032,0.0,exit_signal
2021-04-20,2021-04-19,sell,sh.601398,工商银行,44100.0,5.43,5.43,239463.0,71.8389,239.463,0.0,exit_signal
2021-04-20,2021-04-19,sell,sh.601939,建设银行,33100.0,7.23,7.23,239313.0,71.7939,239.31300000000002,0.0,exit_signal
2021-04-20,2021-04-19,sell,sh.601288,农业银行,71100.0,3.35,3.35,238185.0,71.4555,238.185,0.0,exit_signal
2021-04-27,2021-04-26,buy,sh.601988,中国银行,73600.0,3.25,3.25,239200.0,71.75999999999999,0.0,0.0,entry_signal
2021-04-27,2021-04-26,buy,sh.601398,工商银行,45500.0,5.26,5.26,239330.0,71.79899999999999,0.0,0.0,entry_signal
2021-04-27,2021-04-26,buy,sh.601939,建设银行,34000.0,7.03,7.03,239020.0,71.70599999999999,0.0,0.0,entry_signal
2021-04-27,2021-04-26,buy,sh.601288,农业银行,73800.0,3.24,3.24,239112.00000000003,71.7336,0.0,0.0,entry_signal
2021-04-29,2021-04-28,sell,sh.601988,中国银行,73600.0,3.25,3.25,239200.0,71.75999999999999,239.20000000000002,0.0,exit_signal
2021-04-29,2021-04-28,sell,sh.601398,工商银行,45500.0,5.2,5.2,236600.0,70.97999999999999,236.6,0.0,exit_signal
2021-04-29,2021-04-28,sell,sh.601939,建设银行,34000.0,6.94,6.94,235960.0,70.788,235.96,0.0,exit_signal
2021-04-29,2021-04-28,sell,sh.601288,农业银行,73800.0,3.22,3.22,237636.0,71.29079999999999,237.636,0.0,exit_signal
2021-05-06,2021-04-30,buy,sh.601988,中国银行,72700.0,3.26,3.26,237001.99999999997,71.10059999999999,0.0,0.0,entry_signal
2021-05-06,2021-04-30,buy,sh.601398,工商银行,46400.0,5.11,5.11,237104.00000000003,71.1312,0.0,0.0,entry_signal
2021-05-06,2021-04-30,buy,sh.601939,建设银行,35100.0,6.74,6.74,236574.0,70.9722,0.0,0.0,entry_signal
2021-05-06,2021-04-30,buy,sh.601288,农业银行,74100.0,3.2,3.2,237120.0,71.136,0.0,0.0,entry_signal
2021-05-13,2021-05-12,sell,sh.601988,中国银行,72700.0,3.27,3.27,237729.0,71.31869999999999,237.729,0.0,exit_signal
2021-05-13,2021-05-12,sell,sh.601398,工商银行,46400.0,5.25,5.25,243600.0,73.08,243.6,0.0,exit_signal
2021-05-13,2021-05-12,sell,sh.601939,建设银行,35100.0,6.97,6.97,244647.0,73.3941,244.647,0.0,exit_signal
2021-05-13,2021-05-12,sell,sh.601288,农业银行,74100.0,3.26,3.26,241565.99999999997,72.46979999999998,241.56599999999997,0.0,exit_signal
2021-05-14,2021-05-13,buy,sh.601988,中国银行,73600.0,3.28,3.28,241408.0,72.4224,0.0,0.0,entry_signal
2021-05-14,2021-05-13,buy,sh.601398,工商银行,46100.0,5.24,5.24,241564.0,72.4692,0.0,0.0,entry_signal
2021-05-14,2021-05-13,buy,sh.601939,建设银行,34700.0,6.95,6.95,241165.0,72.34949999999999,0.0,0.0,entry_signal
2021-05-14,2021-05-13,buy,sh.601288,农业银行,73900.0,3.27,3.27,241653.0,72.49589999999999,0.0,0.0,entry_signal
2021-05-17,2021-05-14,sell,sh.601988,中国银行,73600.0,3.28,3.28,241408.0,72.4224,241.40800000000002,0.0,exit_signal
2021-05-17,2021-05-14,sell,sh.601398,工商银行,46100.0,5.26,5.26,242486.0,72.74579999999999,242.48600000000002,0.0,exit_signal
2021-05-17,2021-05-14,sell,sh.601939,建设银行,34700.0,6.96,6.96,241512.0,72.4536,241.512,0.0,exit_signal
2021-05-17,2021-05-14,sell,sh.601288,农业银行,73900.0,3.28,3.28,242392.0,72.71759999999999,242.392,0.0,exit_signal
2021-06-16,2021-06-15,buy,sh.601988,中国银行,78700.0,3.07,3.07,241609.0,72.4827,0.0,0.0,entry_signal
2021-06-16,2021-06-15,buy,sh.601398,工商银行,46800.0,5.16,5.16,241488.0,72.4464,0.0,0.0,entry_signal
2021-06-16,2021-06-15,buy,sh.601939,建设银行,36000.0,6.7,6.7,241200.0,72.36,0.0,0.0,entry_signal
2021-06-16,2021-06-15,buy,sh.601288,农业银行,73700.0,3.28,3.28,241736.0,72.5208,0.0,0.0,entry_signal
2021-06-28,2021-06-25,sell,sh.601988,中国银行,78700.0,3.09,3.09,243183.0,72.9549,243.183,0.0,exit_signal
2021-06-28,2021-06-25,sell,sh.601398,工商银行,46800.0,5.23,5.23,244764.00000000003,73.42920000000001,244.76400000000004,0.0,exit_signal
2021-06-28,2021-06-25,sell,sh.601939,建设银行,36000.0,6.74,6.74,242640.0,72.79199999999999,242.64000000000001,0.0,exit_signal
2021-06-28,2021-06-25,sell,sh.601288,农业银行,73700.0,3.07,3.07,226259.0,67.87769999999999,226.25900000000001,0.0,exit_signal
2021-06-30,2021-06-29,buy,sh.601988,中国银行,78700.0,3.08,3.08,242396.0,72.71879999999999,0.0,0.0,entry_signal
2021-06-30,2021-06-29,buy,sh.601398,工商银行,46800.0,5.18,5.18,242424.0,72.7272,0.0,0.0,entry_signal
2021-06-30,2021-06-29,buy,sh.601939,建设银行,36600.0,6.61,6.61,241926.0,72.5778,0.0,0.0,entry_signal
2021-06-30,2021-06-29,buy,sh.601288,农业银行,80000.0,3.03,3.03,242399.99999999997,72.71999999999998,0.0,0.0,entry_signal
2021-07-01,2021-06-30,sell,sh.601988,中国银行,78700.0,3.08,3.08,242396.0,72.71879999999999,242.39600000000002,0.0,exit_signal
2021-07-01,2021-06-30,sell,sh.601398,工商银行,46800.0,5.17,5.17,241956.0,72.5868,241.95600000000002,0.0,exit_signal
2021-07-01,2021-06-30,sell,sh.601939,建设银行,36600.0,6.65,6.65,243390.0,73.017,243.39000000000001,0.0,exit_signal
2021-07-01,2021-06-30,sell,sh.601288,农业银行,80000.0,3.04,3.04,243200.0,72.96,243.20000000000002,0.0,exit_signal
2021-07-05,2021-07-02,buy,sh.601988,中国银行,79000.0,3.07,3.07,242530.0,72.759,0.0,0.0,entry_signal
2021-07-05,2021-07-02,buy,sh.601398,工商银行,46300.0,5.23,5.23,242149.00000000003,72.6447,0.0,0.0,entry_signal
2021-07-05,2021-07-02,buy,sh.601939,建设银行,36400.0,6.66,6.66,242424.0,72.7272,0.0,0.0,entry_signal
2021-07-05,2021-07-02,buy,sh.601288,农业银行,80000.0,3.03,3.03,242399.99999999997,72.71999999999998,0.0,0.0,entry_signal
2021-07-14,2021-07-13,sell,sh.601988,中国银行,79000.0,3.06,3.06,241740.0,72.52199999999999,241.74,0.0,exit_signal
2021-07-14,2021-07-13,sell,sh.601398,工商银行,46300.0,4.75,4.75,219925.0,65.97749999999999,219.925,0.0,exit_signal
2021-07-14,2021-07-13,sell,sh.601939,建设银行,36400.0,6.39,6.39,232596.0,69.77879999999999,232.596,0.0,exit_signal
2021-07-14,2021-07-13,sell,sh.601288,农业银行,80000.0,3.03,3.03,242399.99999999997,72.71999999999998,242.39999999999998,0.0,exit_signal
2021-07-15,2021-07-14,buy,sh.601988,中国银行,78200.0,3.03,3.03,236945.99999999997,71.08379999999998,0.0,0.0,entry_signal
2021-07-15,2021-07-14,buy,sh.601398,工商银行,50300.0,4.71,4.71,236913.0,71.0739,0.0,0.0,entry_signal
2021-07-15,2021-07-14,buy,sh.601939,建设银行,39500.0,5.99,5.99,236605.0,70.9815,0.0,0.0,entry_signal
2021-07-15,2021-07-14,buy,sh.601288,农业银行,79200.0,2.99,2.99,236808.00000000003,71.0424,0.0,0.0,entry_signal
2021-07-16,2021-07-15,sell,sh.601988,中国银行,78200.0,3.04,3.04,237728.0,71.3184,237.728,0.0,exit_signal
2021-07-16,2021-07-15,sell,sh.601398,工商银行,50300.0,4.75,4.75,238925.0,71.6775,238.925,0.0,exit_signal
2021-07-16,2021-07-15,sell,sh.601939,建设银行,39500.0,6.05,6.05,238975.0,71.6925,238.975,0.0,exit_signal
2021-07-16,2021-07-15,sell,sh.601288,农业银行,79200.0,3.0,3.0,237600.0,71.27999999999999,237.6,0.0,exit_signal
2021-07-19,2021-07-16,buy,sh.601988,中国银行,78300.0,3.04,3.04,238032.0,71.4096,0.0,0.0,entry_signal
2021-07-19,2021-07-16,buy,sh.601398,工商银行,50300.0,4.73,4.73,237919.00000000003,71.37570000000001,0.0,0.0,entry_signal
2021-07-19,2021-07-16,buy,sh.601939,建设银行,39300.0,6.05,6.05,237765.0,71.3295,0.0,0.0,entry_signal
2021-07-19,2021-07-16,buy,sh.601288,农业银行,79600.0,2.99,2.99,238004.00000000003,71.4012,0.0,0.0,entry_signal
2021-07-22,2021-07-21,sell,sh.601988,中国银行,78300.0,3.04,3.04,238032.0,71.4096,238.032,0.0,exit_signal
2021-07-22,2021-07-21,sell,sh.601398,工商银行,50300.0,4.7,4.7,236410.0,70.92299999999999,236.41,0.0,exit_signal
2021-07-22,2021-07-21,sell,sh.601939,建设银行,39300.0,5.93,5.93,233049.0,69.9147,233.049,0.0,exit_signal
2021-07-22,2021-07-21,sell,sh.601288,农业银行,79600.0,2.99,2.99,238004.00000000003,71.4012,238.00400000000005,0.0,exit_signal
2021-07-26,2021-07-23,buy,sh.601988,中国银行,77700.0,3.04,3.04,236208.0,70.8624,0.0,0.0,entry_signal
2021-07-26,2021-07-23,buy,sh.601398,工商银行,50300.0,4.69,4.69,235907.00000000003,70.77210000000001,0.0,0.0,entry_signal
2021-07-26,2021-07-23,buy,sh.601939,建设银行,39900.0,5.91,5.91,235809.0,70.7427,0.0,0.0,entry_signal
2021-07-26,2021-07-23,buy,sh.601288,农业银行,79000.0,2.99,2.99,236210.00000000003,70.863,0.0,0.0,entry_signal
2021-08-10,2021-08-09,sell,sh.601988,中国银行,77700.0,3.01,3.01,233876.99999999997,70.16309999999999,233.87699999999998,0.0,exit_signal
2021-08-10,2021-08-09,sell,sh.601398,工商银行,50300.0,4.55,4.55,228865.0,68.6595,228.865,0.0,exit_signal
2021-08-10,2021-08-09,sell,sh.601939,建设银行,39900.0,5.75,5.75,229425.0,68.8275,229.425,0.0,exit_signal
2021-08-10,2021-08-09,sell,sh.601288,农业银行,79000.0,2.92,2.92,230680.0,69.204,230.68,0.0,exit_signal
2021-08-18,2021-08-17,buy,sh.601988,中国银行,76800.0,3.0,3.0,230400.0,69.11999999999999,0.0,0.0,entry_signal
2021-08-18,2021-08-17,buy,sh.601398,工商银行,50000.0,4.61,4.61,230500.00000000003,69.15,0.0,0.0,entry_signal
2021-08-18,2021-08-17,buy,sh.601939,建设银行,39100.0,5.89,5.89,230299.0,69.0897,0.0,0.0,entry_signal
2021-08-18,2021-08-17,buy,sh.601288,农业银行,78900.0,2.92,2.92,230388.0,69.1164,0.0,0.0,entry_signal
2021-08-19,2021-08-18,sell,sh.601988,中国银行,76800.0,3.04,3.04,233472.0,70.04159999999999,233.472,0.0,exit_signal
2021-08-19,2021-08-18,sell,sh.601398,工商银行,50000.0,4.66,4.66,233000.0,69.89999999999999,233.0,0.0,exit_signal
2021-08-19,2021-08-18,sell,sh.601939,建设银行,39100.0,5.97,5.97,233427.0,70.0281,233.427,0.0,exit_signal
2021-08-19,2021-08-18,sell,sh.601288,农业银行,78900.0,2.96,2.96,233544.0,70.0632,233.544,0.0,exit_signal
2021-08-20,2021-08-19,buy,sh.601988,中国银行,77200.0,3.02,3.02,233144.0,69.94319999999999,0.0,0.0,entry_signal
2021-08-20,2021-08-19,buy,sh.601398,工商银行,50200.0,4.64,4.64,232927.99999999997,69.87839999999998,0.0,0.0,entry_signal
2021-08-20,2021-08-19,buy,sh.601939,建设银行,39300.0,5.93,5.93,233049.0,69.9147,0.0,0.0,entry_signal
2021-08-20,2021-08-19,buy,sh.601288,农业银行,79300.0,2.94,2.94,233142.0,69.9426,0.0,0.0,entry_signal
2021-08-24,2021-08-23,sell,sh.601988,中国银行,77200.0,3.03,3.03,233915.99999999997,70.17479999999999,233.91599999999997,0.0,exit_signal
2021-08-24,2021-08-23,sell,sh.601398,工商银行,50200.0,4.63,4.63,232426.0,69.72779999999999,232.42600000000002,0.0,exit_signal
2021-08-24,2021-08-23,sell,sh.601939,建设银行,39300.0,5.92,5.92,232656.0,69.79679999999999,232.656,0.0,exit_signal
2021-08-24,2021-08-23,sell,sh.601288,农业银行,79300.0,2.95,2.95,233935.0,70.1805,233.935,0.0,exit_signal
2021-09-27,2021-09-24,buy,sh.601988,中国银行,76300.0,3.05,3.05,232715.0,69.8145,0.0,0.0,entry_signal
2021-09-27,2021-09-24,buy,sh.601398,工商银行,50300.0,4.63,4.63,232889.0,69.8667,0.0,0.0,entry_signal
2021-09-27,2021-09-24,buy,sh.601939,建设银行,39200.0,5.94,5.94,232848.00000000003,69.8544,0.0,0.0,entry_signal
2021-09-27,2021-09-24,buy,sh.601288,农业银行,79200.0,2.94,2.94,232848.0,69.8544,0.0,0.0,entry_signal
2021-10-22,2021-10-21,sell,sh.601988,中国银行,76300.0,3.07,3.07,234241.0,70.27229999999999,234.241,0.0,exit_signal
2021-10-22,2021-10-21,sell,sh.601398,工商银行,50300.0,4.74,4.74,238422.0,71.52659999999999,238.422,0.0,exit_signal
2021-10-22,2021-10-21,sell,sh.601939,建设银行,39200.0,6.07,6.07,237944.0,71.38319999999999,237.94400000000002,0.0,exit_signal
2021-10-22,2021-10-21,sell,sh.601288,农业银行,79200.0,2.97,2.97,235224.00000000003,70.5672,235.22400000000005,0.0,exit_signal
2021-10-25,2021-10-22,buy,sh.601988,中国银行,77100.0,3.06,3.06,235926.0,70.7778,0.0,0.0,entry_signal
2021-10-25,2021-10-22,buy,sh.601398,工商银行,50100.0,4.71,4.71,235971.0,70.79129999999999,0.0,0.0,entry_signal
2021-10-25,2021-10-22,buy,sh.601939,建设银行,39100.0,6.03,6.03,235773.0,70.7319,0.0,0.0,entry_signal
2021-10-25,2021-10-22,buy,sh.601288,农业银行,79800.0,2.96,2.96,236208.0,70.8624,0.0,0.0,entry_signal
2021-10-26,2021-10-25,sell,sh.601988,中国银行,77100.0,3.08,3.08,237468.0,71.2404,237.46800000000002,0.0,exit_signal
2021-10-26,2021-10-25,sell,sh.601398,工商银行,50100.0,4.72,4.72,236472.0,70.9416,236.472,0.0,exit_signal
2021-10-26,2021-10-25,sell,sh.601939,建设银行,39100.0,6.05,6.05,236555.0,70.9665,236.555,0.0,exit_signal
2021-10-26,2021-10-25,sell,sh.601288,农业银行,79800.0,2.96,2.96,236208.0,70.8624,236.208,0.0,exit_signal
2021-10-28,2021-10-27,buy,sh.601988,中国银行,77300.0,3.06,3.06,236538.0,70.9614,0.0,0.0,entry_signal
2021-10-28,2021-10-27,buy,sh.601398,工商银行,50500.0,4.68,4.68,236340.0,70.90199999999999,0.0,0.0,entry_signal
2021-10-28,2021-10-27,buy,sh.601939,建设银行,39400.0,5.99,5.99,236006.0,70.8018,0.0,0.0,entry_signal
2021-10-28,2021-10-27,buy,sh.601288,农业银行,80400.0,2.94,2.94,236376.0,70.91279999999999,0.0,0.0,entry_signal
2021-11-18,2021-11-17,sell,sh.601988,中国银行,77300.0,3.06,3.06,236538.0,70.9614,236.538,0.0,exit_signal
2021-11-18,2021-11-17,sell,sh.601398,工商银行,50500.0,4.64,4.64,234319.99999999997,70.29599999999998,234.31999999999996,0.0,exit_signal
2021-11-18,2021-11-17,sell,sh.601939,建设银行,39400.0,5.82,5.82,229308.0,68.7924,229.308,0.0,exit_signal
2021-11-18,2021-11-17,sell,sh.601288,农业银行,80400.0,2.93,2.93,235572.0,70.6716,235.572,0.0,exit_signal
2021-11-19,2021-11-18,buy,sh.601988,中国银行,76400.0,3.06,3.06,233784.0,70.1352,0.0,0.0,entry_signal
2021-11-19,2021-11-18,buy,sh.601398,工商银行,50300.0,4.64,4.64,233391.99999999997,70.01759999999999,0.0,0.0,entry_signal
2021-11-19,2021-11-18,buy,sh.601939,建设银行,40100.0,5.82,5.82,233382.0,70.01459999999999,0.0,0.0,entry_signal
2021-11-19,2021-11-18,buy,sh.601288,农业银行,79700.0,2.93,2.93,233521.0,70.0563,0.0,0.0,entry_signal
2021-11-22,2021-11-19,sell,sh.601988,中国银行,76400.0,3.06,3.06,233784.0,70.1352,233.784,0.0,exit_signal
2021-11-22,2021-11-19,sell,sh.601398,工商银行,50300.0,4.65,4.65,233895.00000000003,70.16850000000001,233.89500000000004,0.0,exit_signal
2021-11-22,2021-11-19,sell,sh.601939,建设银行,40100.0,5.84,5.84,234184.0,70.25519999999999,234.184,0.0,exit_signal
2021-11-22,2021-11-19,sell,sh.601288,农业银行,79700.0,2.94,2.94,234318.0,70.2954,234.318,0.0,exit_signal
2021-12-21,2021-12-20,buy,sh.601988,中国银行,76900.0,3.04,3.04,233776.0,70.13279999999999,0.0,0.0,entry_signal
2021-12-21,2021-12-20,buy,sh.601398,工商银行,50700.0,4.61,4.61,233727.00000000003,70.1181,0.0,0.0,entry_signal
2021-12-21,2021-12-20,buy,sh.601939,建设银行,40200.0,5.81,5.81,233561.99999999997,70.06859999999999,0.0,0.0,entry_signal
2021-12-21,2021-12-20,buy,sh.601288,农业银行,79500.0,2.94,2.94,233730.0,70.119,0.0,0.0,entry_signal
2021-12-22,2021-12-21,sell,sh.601988,中国银行,76900.0,3.06,3.06,235314.0,70.5942,235.314,0.0,exit_signal
2021-12-22,2021-12-21,sell,sh.601398,工商银行,50700.0,4.65,4.65,235755.00000000003,70.7265,235.75500000000002,0.0,exit_signal
2021-12-22,2021-12-21,sell,sh.601939,建设银行,40200.0,5.88,5.88,236376.0,70.91279999999999,236.376,0.0,exit_signal
2021-12-22,2021-12-21,sell,sh.601288,农业银行,79500.0,2.95,2.95,234525.0,70.35749999999999,234.525,0.0,exit_signal
2021-12-27,2021-12-24,buy,sh.601988,中国银行,77100.0,3.05,3.05,235155.0,70.5465,0.0,0.0,entry_signal
2021-12-27,2021-12-24,buy,sh.601398,工商银行,50700.0,4.64,4.64,235247.99999999997,70.57439999999998,0.0,0.0,entry_signal
2021-12-27,2021-12-24,buy,sh.601939,建设银行,39900.0,5.89,5.89,235011.0,70.5033,0.0,0.0,entry_signal
2021-12-27,2021-12-24,buy,sh.601288,农业银行,80000.0,2.94,2.94,235200.0,70.55999999999999,0.0,0.0,entry_signal
2021-12-29,2021-12-28,sell,sh.601988,中国银行,77100.0,3.06,3.06,235926.0,70.7778,235.92600000000002,0.0,exit_signal
2021-12-29,2021-12-28,sell,sh.601398,工商银行,50700.0,4.66,4.66,236262.0,70.87859999999999,236.262,0.0,exit_signal
2021-12-29,2021-12-28,sell,sh.601939,建设银行,39900.0,5.89,5.89,235011.0,70.5033,235.011,0.0,exit_signal
2021-12-29,2021-12-28,sell,sh.601288,农业银行,80000.0,2.94,2.94,235200.0,70.55999999999999,235.20000000000002,0.0,exit_signal
2021-12-30,2021-12-29,buy,sh.601988,中国银行,76900.0,3.06,3.06,235314.0,70.5942,0.0,0.0,entry_signal
2021-12-30,2021-12-29,buy,sh.601398,工商银行,50600.0,4.65,4.65,235290.00000000003,70.587,0.0,0.0,entry_signal
2021-12-30,2021-12-29,buy,sh.601939,建设银行,40100.0,5.87,5.87,235387.0,70.61609999999999,0.0,0.0,entry_signal
2021-12-30,2021-12-29,buy,sh.601288,农业银行,80000.0,2.94,2.94,235200.0,70.55999999999999,0.0,0.0,entry_signal
2022-01-04,2021-12-31,sell,sh.601988,中国银行,76900.0,3.06,3.06,235314.0,70.5942,235.314,0.0,exit_signal
2022-01-04,2021-12-31,sell,sh.601398,工商银行,50600.0,4.64,4.64,234783.99999999997,70.43519999999998,234.78399999999996,0.0,exit_signal
2022-01-04,2021-12-31,sell,sh.601939,建设银行,40100.0,5.85,5.85,234585.0,70.37549999999999,234.585,0.0,exit_signal
2022-01-04,2021-12-31,sell,sh.601288,农业银行,80000.0,2.94,2.94,235200.0,70.55999999999999,235.20000000000002,0.0,exit_signal
2022-01-05,2022-01-04,buy,sh.601988,中国银行,76400.0,3.07,3.07,234548.0,70.36439999999999,0.0,0.0,entry_signal
2022-01-05,2022-01-04,buy,sh.601398,工商银行,50300.0,4.66,4.66,234398.0,70.31939999999999,0.0,0.0,entry_signal
2022-01-05,2022-01-04,buy,sh.601939,建设银行,39700.0,5.91,5.91,234627.0,70.3881,0.0,0.0,entry_signal
2022-01-05,2022-01-04,buy,sh.601288,农业银行,79800.0,2.94,2.94,234612.0,70.38359999999999,0.0,0.0,entry_signal
2022-02-21,2022-02-18,sell,sh.601988,中国银行,76400.0,3.19,3.19,243716.0,73.11479999999999,243.716,0.0,exit_signal
2022-02-21,2022-02-18,sell,sh.601398,工商银行,50300.0,4.8,4.8,241440.0,72.43199999999999,241.44,0.0,exit_signal
2022-02-21,2022-02-18,sell,sh.601939,建设银行,39700.0,6.28,6.28,249316.0,74.7948,249.316,0.0,exit_signal
2022-02-21,2022-02-18,sell,sh.601288,农业银行,79800.0,3.05,3.05,243390.0,73.017,243.39000000000001,0.0,exit_signal
2022-02-23,2022-02-22,buy,sh.601988,中国银行,77000.0,3.17,3.17,244090.0,73.22699999999999,0.0,0.0,entry_signal
2022-02-23,2022-02-22,buy,sh.601398,工商银行,51100.0,4.78,4.78,244258.0,73.2774,0.0,0.0,entry_signal
2022-02-23,2022-02-22,buy,sh.601939,建设银行,39200.0,6.23,6.23,244216.00000000003,73.26480000000001,0.0,0.0,entry_signal
2022-02-23,2022-02-22,buy,sh.601288,农业银行,80800.0,3.02,3.02,244016.0,73.20479999999999,0.0,0.0,entry_signal
2022-02-24,2022-02-23,sell,sh.601988,中国银行,77000.0,3.15,3.15,242550.0,72.765,242.55,0.0,exit_signal
2022-02-24,2022-02-23,sell,sh.601398,工商银行,51100.0,4.75,4.75,242725.0,72.8175,242.725,0.0,exit_signal
2022-02-24,2022-02-23,sell,sh.601939,建设银行,39200.0,6.13,6.13,240296.0,72.08879999999999,240.296,0.0,exit_signal
2022-02-24,2022-02-23,sell,sh.601288,农业银行,80800.0,3.0,3.0,242400.0,72.72,242.4,0.0,exit_signal
2022-02-25,2022-02-24,buy,sh.601988,中国银行,77400.0,3.12,3.12,241488.0,72.4464,0.0,0.0,entry_signal
2022-02-25,2022-02-24,buy,sh.601398,工商银行,51400.0,4.7,4.7,241580.0,72.47399999999999,0.0,0.0,entry_signal
2022-02-25,2022-02-24,buy,sh.601939,建设银行,39800.0,6.06,6.06,241187.99999999997,72.35639999999998,0.0,0.0,entry_signal
2022-02-25,2022-02-24,buy,sh.601288,农业银行,81100.0,2.98,2.98,241678.0,72.5034,0.0,0.0,entry_signal
2022-03-01,2022-02-28,sell,sh.601988,中国银行,77400.0,3.11,3.11,240714.0,72.21419999999999,240.714,0.0,exit_signal
2022-03-01,2022-02-28,sell,sh.601398,工商银行,51400.0,4.67,4.67,240038.0,72.0114,240.038,0.0,exit_signal
2022-03-01,2022-02-28,sell,sh.601939,建设银行,39800.0,6.05,6.05,240790.0,72.237,240.79,0.0,exit_signal
2022-03-01,2022-02-28,sell,sh.601288,农业银行,81100.0,2.97,2.97,240867.00000000003,72.26010000000001,240.86700000000005,0.0,exit_signal
2022-03-07,2022-03-04,buy,sh.601988,中国银行,76500.0,3.14,3.14,240210.0,72.06299999999999,0.0,0.0,entry_signal
2022-03-07,2022-03-04,buy,sh.601398,工商银行,51100.0,4.7,4.7,240170.0,72.05099999999999,0.0,0.0,entry_signal
2022-03-07,2022-03-04,buy,sh.601939,建设银行,39400.0,6.09,6.09,239946.0,71.98379999999999,0.0,0.0,entry_signal
2022-03-07,2022-03-04,buy,sh.601288,农业银行,80400.0,2.99,2.99,240396.00000000003,72.11880000000001,0.0,0.0,entry_signal
2022-03-31,2022-03-30,sell,sh.601988,中国银行,76500.0,3.22,3.22,246330.00000000003,73.899,246.33000000000004,0.0,exit_signal
2022-03-31,2022-03-30,sell,sh.601398,工商银行,51100.0,4.7,4.7,240170.0,72.05099999999999,240.17000000000002,0.0,exit_signal
2022-03-31,2022-03-30,sell,sh.601939,建设银行,39400.0,6.17,6.17,243098.0,72.92939999999999,243.098,0.0,exit_signal
2022-03-31,2022-03-30,sell,sh.601288,农业银行,80400.0,3.05,3.05,245220.0,73.56599999999999,245.22,0.0,exit_signal
2022-04-01,2022-03-31,buy,sh.601988,中国银行,74700.0,3.26,3.26,243521.99999999997,73.05659999999999,0.0,0.0,entry_signal
2022-04-01,2022-03-31,buy,sh.601398,工商银行,51200.0,4.75,4.75,243200.0,72.96,0.0,0.0,entry_signal
2022-04-01,2022-03-31,buy,sh.601939,建设银行,39000.0,6.24,6.24,243360.0,73.008,0.0,0.0,entry_signal
2022-04-01,2022-03-31,buy,sh.601288,农业银行,79300.0,3.07,3.07,243451.0,73.03529999999999,0.0,0.0,entry_signal
2022-04-06,2022-04-01,sell,sh.601988,中国银行,74700.0,3.28,3.28,245015.99999999997,73.50479999999999,245.01599999999996,0.0,exit_signal
2022-04-06,2022-04-01,sell,sh.601398,工商银行,51200.0,4.78,4.78,244736.0,73.4208,244.73600000000002,0.0,exit_signal
2022-04-06,2022-04-01,sell,sh.601939,建设银行,39000.0,6.28,6.28,244920.0,73.476,244.92000000000002,0.0,exit_signal
2022-04-06,2022-04-01,sell,sh.601288,农业银行,79300.0,3.07,3.07,243451.0,73.03529999999999,243.451,0.0,exit_signal
2022-04-08,2022-04-07,buy,sh.601988,中国银行,74400.0,3.28,3.28,244032.0,73.2096,0.0,0.0,entry_signal
2022-04-08,2022-04-07,buy,sh.601398,工商银行,50600.0,4.82,4.82,243892.0,73.1676,0.0,0.0,entry_signal
2022-04-08,2022-04-07,buy,sh.601939,建设银行,39000.0,6.26,6.26,244140.0,73.24199999999999,0.0,0.0,entry_signal
2022-04-08,2022-04-07,buy,sh.601288,农业银行,79000.0,3.09,3.09,244110.0,73.23299999999999,0.0,0.0,entry_signal
2022-04-11,2022-04-08,sell,sh.601988,中国银行,74400.0,3.3,3.3,245520.0,73.65599999999999,245.52,0.0,exit_signal
2022-04-11,2022-04-08,sell,sh.601398,工商银行,50600.0,4.8,4.8,242880.0,72.86399999999999,242.88,0.0,exit_signal
2022-04-11,2022-04-08,sell,sh.601939,建设银行,39000.0,6.28,6.28,244920.0,73.476,244.92000000000002,0.0,exit_signal
2022-04-11,2022-04-08,sell,sh.601288,农业银行,79000.0,3.1,3.1,244900.0,73.47,244.9,0.0,exit_signal
2022-04-12,2022-04-11,buy,sh.601988,中国银行,74500.0,3.28,3.28,244359.99999999997,73.30799999999998,0.0,0.0,entry_signal
2022-04-12,2022-04-11,buy,sh.601398,工商银行,51100.0,4.78,4.78,244258.0,73.2774,0.0,0.0,entry_signal
2022-04-12,2022-04-11,buy,sh.601939,建设银行,39100.0,6.24,6.24,243984.0,73.1952,0.0,0.0,entry_signal
2022-04-12,2022-04-11,buy,sh.601288,农业银行,79600.0,3.07,3.07,244372.0,73.3116,0.0,0.0,entry_signal
2022-05-16,2022-05-13,sell,sh.601988,中国银行,74500.0,3.21,3.21,239145.0,71.7435,239.145,0.0,exit_signal
2022-05-16,2022-05-13,sell,sh.601398,工商银行,51100.0,4.7,4.7,240170.0,72.05099999999999,240.17000000000002,0.0,exit_signal
2022-05-16,2022-05-13,sell,sh.601939,建设银行,39100.0,6.0,6.0,234600.0,70.38,234.6,0.0,exit_signal
2022-05-16,2022-05-13,sell,sh.601288,农业银行,79600.0,3.05,3.05,242780.0,72.83399999999999,242.78,0.0,exit_signal
2022-07-12,2022-07-11,buy,sh.601988,中国银行,71700.0,3.33,3.33,238761.0,71.6283,0.0,0.0,entry_signal
2022-07-12,2022-07-11,buy,sh.601398,工商银行,52800.0,4.52,4.52,238655.99999999997,71.59679999999999,0.0,0.0,entry_signal
2022-07-12,2022-07-11,buy,sh.601939,建设银行,41300.0,5.78,5.78,238714.0,71.6142,0.0,0.0,entry_signal
2022-07-12,2022-07-11,buy,sh.601288,农业银行,78600.0,3.04,3.04,238944.0,71.6832,0.0,0.0,entry_signal
2022-08-12,2022-08-11,sell,sh.601988,中国银行,71700.0,3.05,3.05,218685.0,65.60549999999999,218.685,0.0,exit_signal
2022-08-12,2022-08-11,sell,sh.601398,工商银行,52800.0,4.36,4.36,230208.00000000003,69.0624,230.20800000000003,0.0,exit_signal
2022-08-12,2022-08-11,sell,sh.601939,建设银行,41300.0,5.5,5.5,227150.0,68.145,227.15,0.0,exit_signal
2022-08-12,2022-08-11,sell,sh.601288,农业银行,78600.0,2.84,2.84,223224.0,66.96719999999999,223.22400000000002,0.0,exit_signal
2022-08-25,2022-08-24,buy,sh.601988,中国银行,77000.0,3.02,3.02,232540.0,69.762,0.0,0.0,entry_signal
2022-08-25,2022-08-24,buy,sh.601398,工商银行,53700.0,4.33,4.33,232521.0,69.7563,0.0,0.0,entry_signal
2022-08-25,2022-08-24,buy,sh.601939,建设银行,42700.0,5.44,5.44,232288.00000000003,69.6864,0.0,0.0,entry_signal
2022-08-25,2022-08-24,buy,sh.601288,农业银行,82500.0,2.82,2.82,232650.0,69.79499999999999,0.0,0.0,entry_signal
2022-09-08,2022-09-07,sell,sh.601988,中国银行,77000.0,3.07,3.07,236390.0,70.91699999999999,236.39000000000001,0.0,exit_signal
2022-09-08,2022-09-07,sell,sh.601398,工商银行,53700.0,4.36,4.36,234132.00000000003,70.2396,234.13200000000003,0.0,exit_signal
2022-09-08,2022-09-07,sell,sh.601939,建设银行,42700.0,5.49,5.49,234423.0,70.3269,234.423,0.0,exit_signal
2022-09-08,2022-09-07,sell,sh.601288,农业银行,82500.0,2.83,2.83,233475.0,70.04249999999999,233.475,0.0,exit_signal
2022-09-09,2022-09-08,buy,sh.601988,中国银行,76300.0,3.07,3.07,234241.0,70.27229999999999,0.0,0.0,entry_signal
2022-09-09,2022-09-08,buy,sh.601398,工商银行,53700.0,4.36,4.36,234132.00000000003,70.2396,0.0,0.0,entry_signal
2022-09-09,2022-09-08,buy,sh.601939,建设银行,42500.0,5.51,5.51,234175.0,70.2525,0.0,0.0,entry_signal
2022-09-09,2022-09-08,buy,sh.601288,农业银行,82500.0,2.84,2.84,234300.0,70.28999999999999,0.0,0.0,entry_signal
2022-09-13,2022-09-09,sell,sh.601988,中国银行,76300.0,3.09,3.09,235767.0,70.7301,235.767,0.0,exit_signal
2022-09-13,2022-09-09,sell,sh.601398,工商银行,53700.0,4.37,4.37,234669.0,70.4007,234.669,0.0,exit_signal
2022-09-13,2022-09-09,sell,sh.601939,建设银行,42500.0,5.54,5.54,235450.0,70.63499999999999,235.45000000000002,0.0,exit_signal
2022-09-13,2022-09-09,sell,sh.601288,农业银行,82500.0,2.85,2.85,235125.0,70.5375,235.125,0.0,exit_signal
2022-09-15,2022-09-14,buy,sh.601988,中国银行,76500.0,3.07,3.07,234855.0,70.45649999999999,0.0,0.0,entry_signal
2022-09-15,2022-09-14,buy,sh.601398,工商银行,53800.0,4.37,4.37,235106.0,70.53179999999999,0.0,0.0,entry_signal
2022-09-15,2022-09-14,buy,sh.601939,建设银行,42300.0,5.55,5.55,234765.0,70.42949999999999,0.0,0.0,entry_signal
2022-09-15,2022-09-14,buy,sh.601288,农业银行,82200.0,2.86,2.86,235092.0,70.52759999999999,0.0,0.0,entry_signal
2022-10-19,2022-10-18,sell,sh.601988,中国银行,76500.0,3.05,3.05,233325.0,69.99749999999999,233.32500000000002,0.0,exit_signal
2022-10-19,2022-10-18,sell,sh.601398,工商银行,53800.0,4.34,4.34,233492.0,70.04759999999999,233.49200000000002,0.0,exit_signal
2022-10-19,2022-10-18,sell,sh.601939,建设银行,42300.0,5.49,5.49,232227.0,69.6681,232.227,0.0,exit_signal
2022-10-19,2022-10-18,sell,sh.601288,农业银行,82200.0,2.84,2.84,233448.0,70.03439999999999,233.448,0.0,exit_signal
2022-10-20,2022-10-19,buy,sh.601988,中国银行,76300.0,3.05,3.05,232715.0,69.8145,0.0,0.0,entry_signal
2022-10-20,2022-10-19,buy,sh.601398,工商银行,53500.0,4.35,4.35,232724.99999999997,69.81749999999998,0.0,0.0,entry_signal
2022-10-20,2022-10-19,buy,sh.601939,建设银行,42500.0,5.48,5.48,232900.00000000003,69.87,0.0,0.0,entry_signal
2022-10-20,2022-10-19,buy,sh.601288,农业银行,82000.0,2.84,2.84,232880.0,69.86399999999999,0.0,0.0,entry_signal
2022-11-07,2022-11-04,sell,sh.601988,中国银行,76300.0,3.04,3.04,231952.0,69.5856,231.952,0.0,exit_signal
2022-11-07,2022-11-04,sell,sh.601398,工商银行,53500.0,4.09,4.09,218815.0,65.6445,218.815,0.0,exit_signal
2022-11-07,2022-11-04,sell,sh.601939,建设银行,42500.0,5.28,5.28,224400.0,67.32,224.4,0.0,exit_signal
2022-11-07,2022-11-04,sell,sh.601288,农业银行,82000.0,2.74,2.74,224680.00000000003,67.404,224.68000000000004,0.0,exit_signal
2022-12-20,2022-12-19,buy,sh.601988,中国银行,71300.0,3.15,3.15,224595.0,67.37849999999999,0.0,0.0,entry_signal
2022-12-20,2022-12-19,buy,sh.601398,工商银行,52800.0,4.25,4.25,224400.0,67.32,0.0,0.0,entry_signal
2022-12-20,2022-12-19,buy,sh.601939,建设银行,40300.0,5.57,5.57,224471.0,67.34129999999999,0.0,0.0,entry_signal
2022-12-20,2022-12-19,buy,sh.601288,农业银行,78200.0,2.87,2.87,224434.0,67.33019999999999,0.0,0.0,entry_signal
2023-01-06,2023-01-05,sell,sh.601988,中国银行,71300.0,3.21,3.21,228873.0,68.66189999999999,228.87300000000002,0.0,exit_signal
2023-01-06,2023-01-05,sell,sh.601398,工商银行,52800.0,4.33,4.33,228624.0,68.5872,228.624,0.0,exit_signal
2023-01-06,2023-01-05,sell,sh.601939,建设银行,40300.0,5.67,5.67,228501.0,68.5503,228.501,0.0,exit_signal
2023-01-06,2023-01-05,sell,sh.601288,农业银行,78200.0,2.93,2.93,229126.0,68.7378,229.126,0.0,exit_signal
2023-02-17,2023-02-16,buy,sh.601988,中国银行,71000.0,3.22,3.22,228620.0,68.586,0.0,0.0,entry_signal
2023-02-17,2023-02-16,buy,sh.601398,工商银行,53400.0,4.28,4.28,228552.0,68.56559999999999,0.0,0.0,entry_signal
2023-02-17,2023-02-16,buy,sh.601939,建设银行,41000.0,5.57,5.57,228370.0,68.511,0.0,0.0,entry_signal
2023-02-17,2023-02-16,buy,sh.601288,农业银行,78500.0,2.91,2.91,228435.0,68.53049999999999,0.0,0.0,entry_signal
2023-02-21,2023-02-20,sell,sh.601988,中国银行,71000.0,3.24,3.24,230040.00000000003,69.012,230.04000000000002,0.0,exit_signal
2023-02-21,2023-02-20,sell,sh.601398,工商银行,53400.0,4.3,4.3,229620.0,68.886,229.62,0.0,exit_signal
2023-02-21,2023-02-20,sell,sh.601939,建设银行,41000.0,5.62,5.62,230420.0,69.12599999999999,230.42000000000002,0.0,exit_signal
2023-02-21,2023-02-20,sell,sh.601288,农业银行,78500.0,2.94,2.94,230790.0,69.237,230.79,0.0,exit_signal
2023-02-27,2023-02-24,buy,sh.601988,中国银行,71400.0,3.22,3.22,229908.0,68.9724,0.0,0.0,entry_signal
2023-02-27,2023-02-24,buy,sh.601398,工商银行,53600.0,4.29,4.29,229944.0,68.9832,0.0,0.0,entry_signal
2023-02-27,2023-02-24,buy,sh.601939,建设银行,41000.0,5.6,5.6,229599.99999999997,68.87999999999998,0.0,0.0,entry_signal
2023-02-27,2023-02-24,buy,sh.601288,农业银行,78500.0,2.93,2.93,230005.0,69.0015,0.0,0.0,entry_signal
2023-03-01,2023-02-28,sell,sh.601988,中国银行,71400.0,3.23,3.23,230622.0,69.1866,230.622,0.0,exit_signal
2023-03-01,2023-02-28,sell,sh.601398,工商银行,53600.0,4.3,4.3,230480.0,69.14399999999999,230.48000000000002,0.0,exit_signal
2023-03-01,2023-02-28,sell,sh.601939,建设银行,41000.0,5.64,5.64,231240.0,69.372,231.24,0.0,exit_signal
2023-03-01,2023-02-28,sell,sh.601288,农业银行,78500.0,2.93,2.93,230005.0,69.0015,230.005,0.0,exit_signal
2023-03-09,2023-03-08,buy,sh.601988,中国银行,68900.0,3.34,3.34,230126.0,69.03779999999999,0.0,0.0,entry_signal
2023-03-09,2023-03-08,buy,sh.601398,工商银行,52300.0,4.4,4.4,230120.00000000003,69.036,0.0,0.0,entry_signal
2023-03-09,2023-03-08,buy,sh.601939,建设银行,39300.0,5.86,5.86,230298.0,69.0894,0.0,0.0,entry_signal
2023-03-09,2023-03-08,buy,sh.601288,农业银行,76500.0,3.01,3.01,230264.99999999997,69.07949999999998,0.0,0.0,entry_signal
2023-03-24,2023-03-23,sell,sh.601988,中国银行,68900.0,3.48,3.48,239772.0,71.93159999999999,239.772,0.0,exit_signal
2023-03-24,2023-03-23,sell,sh.601398,工商银行,52300.0,4.51,4.51,235873.0,70.7619,235.87300000000002,0.0,exit_signal
2023-03-24,2023-03-23,sell,sh.601939,建设银行,39300.0,6.06,6.06,238157.99999999997,71.44739999999999,238.158,0.0,exit_signal
2023-03-24,2023-03-23,sell,sh.601288,农业银行,76500.0,3.09,3.09,236385.0,70.9155,236.385,0.0,exit_signal
2023-03-27,2023-03-24,buy,sh.601988,中国银行,69800.0,3.4,3.4,237320.0,71.196,0.0,0.0,entry_signal
2023-03-27,2023-03-24,buy,sh.601398,工商银行,53000.0,4.47,4.47,236910.0,71.073,0.0,0.0,entry_signal
2023-03-27,2023-03-24,buy,sh.601939,建设银行,39700.0,5.97,5.97,237009.0,71.1027,0.0,0.0,entry_signal
2023-03-27,2023-03-24,buy,sh.601288,农业银行,77800.0,3.05,3.05,237290.0,71.187,0.0,0.0,entry_signal
2023-04-03,2023-03-31,sell,sh.601988,中国银行,69800.0,3.38,3.38,235924.0,70.7772,235.924,0.0,exit_signal
2023-04-03,2023-03-31,sell,sh.601398,工商银行,53000.0,4.46,4.46,236380.0,70.91399999999999,236.38,0.0,exit_signal
2023-04-03,2023-03-31,sell,sh.601939,建设银行,39700.0,5.93,5.93,235421.0,70.6263,235.421,0.0,exit_signal
2023-04-03,2023-03-31,sell,sh.601288,农业银行,77800.0,3.11,3.11,241958.0,72.58739999999999,241.958,0.0,exit_signal
2023-04-24,2023-04-21,buy,sh.601988,中国银行,66200.0,3.58,3.58,236996.0,71.0988,0.0,0.0,entry_signal
2023-04-24,2023-04-21,buy,sh.601398,工商银行,50400.0,4.7,4.7,236880.0,71.064,0.0,0.0,entry_signal
2023-04-24,2023-04-21,buy,sh.601939,建设银行,37800.0,6.26,6.26,236628.0,70.9884,0.0,0.0,entry_signal
2023-04-24,2023-04-21,buy,sh.601288,农业银行,71000.0,3.34,3.34,237140.0,71.142,0.0,0.0,entry_signal
2023-05-04,2023-04-28,sell,sh.601988,中国银行,66200.0,3.65,3.65,241630.0,72.48899999999999,241.63,0.0,exit_signal
2023-05-04,2023-04-28,sell,sh.601398,工商银行,50400.0,4.7,4.7,236880.0,71.064,236.88,0.0,exit_signal
2023-05-04,2023-04-28,sell,sh.601939,建设银行,37800.0,6.27,6.27,237005.99999999997,71.10179999999998,237.00599999999997,0.0,exit_signal
2023-05-04,2023-04-28,sell,sh.601288,农业银行,71000.0,3.41,3.41,242110.0,72.633,242.11,0.0,exit_signal
2023-05-11,2023-05-10,buy,sh.601988,中国银行,56100.0,4.26,4.26,238986.0,71.69579999999999,0.0,0.0,entry_signal
2023-05-11,2023-05-10,buy,sh.601398,工商银行,47500.0,5.03,5.03,238925.0,71.6775,0.0,0.0,entry_signal
2023-05-11,2023-05-10,buy,sh.601939,建设银行,36000.0,6.64,6.64,239040.0,71.71199999999999,0.0,0.0,entry_signal
2023-05-11,2023-05-10,buy,sh.601288,农业银行,66400.0,3.6,3.6,239040.0,71.71199999999999,0.0,0.0,entry_signal
2023-06-14,2023-06-13,sell,sh.601988,中国银行,56100.0,4.06,4.06,227765.99999999997,68.32979999999999,227.76599999999996,0.0,exit_signal
2023-06-14,2023-06-13,sell,sh.601398,工商银行,47500.0,4.99,4.99,237025.0,71.10749999999999,237.025,0.0,exit_signal
2023-06-14,2023-06-13,sell,sh.601939,建设银行,36000.0,6.51,6.51,234360.0,70.30799999999999,234.36,0.0,exit_signal
2023-06-14,2023-06-13,sell,sh.601288,农业银行,66400.0,3.67,3.67,243688.0,73.1064,243.68800000000002,0.0,exit_signal
2023-06-15,2023-06-14,buy,sh.601988,中国银行,58700.0,4.01,4.01,235387.0,70.61609999999999,0.0,0.0,entry_signal
2023-06-15,2023-06-14,buy,sh.601398,工商银行,48000.0,4.9,4.9,235200.00000000003,70.56,0.0,0.0,entry_signal
2023-06-15,2023-06-14,buy,sh.601939,建设银行,37100.0,6.35,6.35,235585.0,70.6755,0.0,0.0,entry_signal
2023-06-15,2023-06-14,buy,sh.601288,农业银行,66200.0,3.56,3.56,235672.0,70.7016,0.0,0.0,entry_signal
2023-06-16,2023-06-15,sell,sh.601988,中国银行,58700.0,4.01,4.01,235387.0,70.61609999999999,235.387,0.0,exit_signal
2023-06-16,2023-06-15,sell,sh.601398,工商银行,48000.0,4.91,4.91,235680.0,70.704,235.68,0.0,exit_signal
2023-06-16,2023-06-15,sell,sh.601939,建设银行,37100.0,6.37,6.37,236327.0,70.8981,236.327,0.0,exit_signal
2023-06-16,2023-06-15,sell,sh.601288,农业银行,66200.0,3.62,3.62,239644.0,71.8932,239.644,0.0,exit_signal
2023-06-26,2023-06-21,buy,sh.601988,中国银行,61100.0,3.87,3.87,236457.0,70.93709999999999,0.0,0.0,entry_signal
2023-06-26,2023-06-21,buy,sh.601398,工商银行,48700.0,4.85,4.85,236194.99999999997,70.85849999999998,0.0,0.0,entry_signal
2023-06-26,2023-06-21,buy,sh.601939,建设银行,38000.0,6.22,6.22,236360.0,70.90799999999999,0.0,0.0,entry_signal
2023-06-26,2023-06-21,buy,sh.601288,农业银行,67200.0,3.52,3.52,236544.0,70.9632,0.0,0.0,entry_signal
2023-07-04,2023-07-03,sell,sh.601988,中国银行,61100.0,3.98,3.98,243178.0,72.95339999999999,243.178,0.0,exit_signal
2023-07-04,2023-07-03,sell,sh.601398,工商银行,48700.0,4.87,4.87,237169.0,71.1507,237.169,0.0,exit_signal
2023-07-04,2023-07-03,sell,sh.601939,建设银行,38000.0,6.32,6.32,240160.0,72.04799999999999,240.16,0.0,exit_signal
2023-07-04,2023-07-03,sell,sh.601288,农业银行,67200.0,3.62,3.62,243264.0,72.97919999999999,243.264,0.0,exit_signal
2023-07-07,2023-07-06,buy,sh.601988,中国银行,62200.0,3.87,3.87,240714.0,72.21419999999999,0.0,0.0,entry_signal
2023-07-07,2023-07-06,buy,sh.601398,工商银行,50500.0,4.76,4.76,240380.0,72.11399999999999,0.0,0.0,entry_signal
2023-07-07,2023-07-06,buy,sh.601939,建设银行,38800.0,6.19,6.19,240172.00000000003,72.05160000000001,0.0,0.0,entry_signal
2023-07-07,2023-07-06,buy,sh.601288,农业银行,68700.0,3.5,3.5,240450.0,72.13499999999999,0.0,0.0,entry_signal
2023-07-12,2023-07-11,sell,sh.601988,中国银行,62200.0,3.94,3.94,245068.0,73.5204,245.068,0.0,exit_signal
2023-07-12,2023-07-11,sell,sh.601398,工商银行,50500.0,4.83,4.83,243915.0,73.1745,243.915,0.0,exit_signal
2023-07-12,2023-07-11,sell,sh.601939,建设银行,38800.0,6.29,6.29,244052.0,73.2156,244.052,0.0,exit_signal
2023-07-12,2023-07-11,sell,sh.601288,农业银行,68700.0,3.53,3.53,242511.0,72.7533,242.511,0.0,exit_signal
2023-07-13,2023-07-12,buy,sh.601988,中国银行,61800.0,3.94,3.94,243492.0,73.04759999999999,0.0,0.0,entry_signal
2023-07-13,2023-07-12,buy,sh.601398,工商银行,50500.0,4.82,4.82,243410.0,73.023,0.0,0.0,entry_signal
2023-07-13,2023-07-12,buy,sh.601939,建设银行,38800.0,6.28,6.28,243664.0,73.0992,0.0,0.0,entry_signal
2023-07-13,2023-07-12,buy,sh.601288,农业银行,68600.0,3.55,3.55,243530.0,73.059,0.0,0.0,entry_signal
2023-07-14,2023-07-13,sell,sh.601988,中国银行,61800.0,3.99,3.99,246582.0,73.9746,246.582,0.0,exit_signal
2023-07-14,2023-07-13,sell,sh.601398,工商银行,50500.0,4.88,4.88,246440.0,73.93199999999999,246.44,0.0,exit_signal
2023-07-14,2023-07-13,sell,sh.601939,建设银行,38800.0,6.03,6.03,233964.0,70.1892,233.964,0.0,exit_signal
2023-07-14,2023-07-13,sell,sh.601288,农业银行,68600.0,3.61,3.61,247646.0,74.29379999999999,247.64600000000002,0.0,exit_signal
2023-07-18,2023-07-17,buy,sh.601988,中国银行,65400.0,3.78,3.78,247212.0,74.16359999999999,0.0,0.0,entry_signal
2023-07-18,2023-07-17,buy,sh.601398,工商银行,54100.0,4.57,4.57,247237.00000000003,74.1711,0.0,0.0,entry_signal
2023-07-18,2023-07-17,buy,sh.601939,建设银行,41700.0,5.93,5.93,247281.0,74.1843,0.0,0.0,entry_signal
2023-07-18,2023-07-17,buy,sh.601288,农业银行,72300.0,3.42,3.42,247266.0,74.1798,0.0,0.0,entry_signal
2023-07-26,2023-07-25,sell,sh.601988,中国银行,65400.0,3.81,3.81,249174.0,74.75219999999999,249.174,0.0,exit_signal
2023-07-26,2023-07-25,sell,sh.601398,工商银行,54100.0,4.62,4.62,249942.0,74.98259999999999,249.942,0.0,exit_signal
2023-07-26,2023-07-25,sell,sh.601939,建设银行,41700.0,5.98,5.98,249366.00000000003,74.8098,249.36600000000004,0.0,exit_signal
2023-07-26,2023-07-25,sell,sh.601288,农业银行,72300.0,3.48,3.48,251604.0,75.48119999999999,251.604,0.0,exit_signal
2023-08-14,2023-08-11,buy,sh.601988,中国银行,66500.0,3.75,3.75,249375.0,74.8125,0.0,0.0,entry_signal
2023-08-14,2023-08-11,buy,sh.601398,工商银行,54400.0,4.59,4.59,249696.0,74.9088,0.0,0.0,entry_signal
2023-08-14,2023-08-11,buy,sh.601939,建设银行,42300.0,5.9,5.9,249570.00000000003,74.871,0.0,0.0,entry_signal
2023-08-14,2023-08-11,buy,sh.601288,农业银行,72800.0,3.43,3.43,249704.0,74.9112,0.0,0.0,entry_signal
2023-09-05,2023-09-04,sell,sh.601988,中国银行,66500.0,3.73,3.73,248045.0,74.4135,124.02250000000001,0.0,exit_signal
2023-09-05,2023-09-04,sell,sh.601398,工商银行,54400.0,4.59,4.59,249696.0,74.9088,124.848,0.0,exit_signal
2023-09-05,2023-09-04,sell,sh.601939,建设银行,42300.0,6.06,6.06,256337.99999999997,76.90139999999998,128.16899999999998,0.0,exit_signal
2023-09-05,2023-09-04,sell,sh.601288,农业银行,72800.0,3.47,3.47,252616.0,75.78479999999999,126.308,0.0,exit_signal
2023-09-08,2023-09-07,buy,sh.601988,中国银行,67800.0,3.71,3.71,251538.0,75.4614,0.0,0.0,entry_signal
2023-09-08,2023-09-07,buy,sh.601398,工商银行,54400.0,4.62,4.62,251328.0,75.3984,0.0,0.0,entry_signal
2023-09-08,2023-09-07,buy,sh.601939,建设银行,41600.0,6.04,6.04,251264.0,75.3792,0.0,0.0,entry_signal
2023-09-08,2023-09-07,buy,sh.601288,农业银行,72900.0,3.45,3.45,251505.0,75.4515,0.0,0.0,entry_signal
2023-09-12,2023-09-11,sell,sh.601988,中国银行,67800.0,3.68,3.68,249504.0,74.85119999999999,124.75200000000001,0.0,exit_signal
2023-09-12,2023-09-11,sell,sh.601398,工商银行,54400.0,4.59,4.59,249696.0,74.9088,124.848,0.0,exit_signal
2023-09-12,2023-09-11,sell,sh.601939,建设银行,41600.0,6.04,6.04,251264.0,75.3792,125.632,0.0,exit_signal
2023-09-12,2023-09-11,sell,sh.601288,农业银行,72900.0,3.44,3.44,250776.0,75.2328,125.388,0.0,exit_signal
2023-09-14,2023-09-13,buy,sh.601988,中国银行,67700.0,3.69,3.69,249813.0,74.9439,0.0,0.0,entry_signal
2023-09-14,2023-09-13,buy,sh.601398,工商银行,54000.0,4.63,4.63,250020.0,75.006,0.0,0.0,entry_signal
2023-09-14,2023-09-13,buy,sh.601939,建设银行,41000.0,6.09,6.09,249690.0,74.907,0.0,0.0,entry_signal
2023-09-14,2023-09-13,buy,sh.601288,农业银行,72500.0,3.45,3.45,250125.0,75.0375,0.0,0.0,entry_signal
2023-09-15,2023-09-14,sell,sh.601988,中国银行,67700.0,3.73,3.73,252521.0,75.7563,126.26050000000001,0.0,exit_signal
2023-09-15,2023-09-14,sell,sh.601398,工商银行,54000.0,4.68,4.68,252719.99999999997,75.81599999999999,126.35999999999999,0.0,exit_signal
2023-09-15,2023-09-14,sell,sh.601939,建设银行,41000.0,6.16,6.16,252560.0,75.76799999999999,126.28,0.0,exit_signal
2023-09-15,2023-09-14,sell,sh.601288,农业银行,72500.0,3.51,3.51,254474.99999999997,76.34249999999999,127.23749999999998,0.0,exit_signal
2023-09-18,2023-09-15,buy,sh.601988,中国银行,68300.0,3.7,3.7,252710.0,75.81299999999999,0.0,0.0,entry_signal
2023-09-18,2023-09-15,buy,sh.601398,工商银行,54500.0,4.64,4.64,252879.99999999997,75.86399999999999,0.0,0.0,entry_signal
2023-09-18,2023-09-15,buy,sh.601939,建设银行,41300.0,6.12,6.12,252756.0,75.82679999999999,0.0,0.0,entry_signal
2023-09-18,2023-09-15,buy,sh.601288,农业银行,72700.0,3.48,3.48,252996.0,75.8988,0.0,0.0,entry_signal
2023-09-19,2023-09-18,sell,sh.601988,中国银行,68300.0,3.7,3.7,252710.0,75.81299999999999,126.355,0.0,exit_signal
2023-09-19,2023-09-18,sell,sh.601398,工商银行,54500.0,4.64,4.64,252879.99999999997,75.86399999999999,126.43999999999998,0.0,exit_signal
2023-09-19,2023-09-18,sell,sh.601939,建设银行,41300.0,6.13,6.13,253169.0,75.9507,126.5845,0.0,exit_signal
2023-09-19,2023-09-18,sell,sh.601288,农业银行,72700.0,3.47,3.47,252269.0,75.68069999999999,126.1345,0.0,exit_signal
2023-09-21,2023-09-20,buy,sh.601988,中国银行,66800.0,3.78,3.78,252504.0,75.7512,0.0,0.0,entry_signal
2023-09-21,2023-09-20,buy,sh.601398,工商银行,53800.0,4.69,4.69,252322.00000000003,75.6966,0.0,0.0,entry_signal
2023-09-21,2023-09-20,buy,sh.601939,建设银行,40400.0,6.25,6.25,252500.0,75.75,0.0,0.0,entry_signal
2023-09-21,2023-09-20,buy,sh.601288,农业银行,70300.0,3.59,3.59,252377.0,75.7131,0.0,0.0,entry_signal
2023-09-25,2023-09-22,sell,sh.601988,中国银行,66800.0,3.79,3.79,253172.0,75.9516,126.586,0.0,exit_signal
2023-09-25,2023-09-22,sell,sh.601398,工商银行,53800.0,4.74,4.74,255012.0,76.50359999999999,127.506,0.0,exit_signal
2023-09-25,2023-09-22,sell,sh.601939,建设银行,40400.0,6.28,6.28,253712.0,76.11359999999999,126.85600000000001,0.0,exit_signal
2023-09-25,2023-09-22,sell,sh.601288,农业银行,70300.0,3.59,3.59,252377.0,75.7131,126.1885,0.0,exit_signal
2023-09-26,2023-09-25,buy,sh.601988,中国银行,66500.0,3.81,3.81,253365.0,76.00949999999999,0.0,0.0,entry_signal
2023-09-26,2023-09-25,buy,sh.601398,工商银行,53400.0,4.74,4.74,253116.0,75.9348,0.0,0.0,entry_signal
2023-09-26,2023-09-25,buy,sh.601939,建设银行,40100.0,6.31,6.31,253030.99999999997,75.90929999999999,0.0,0.0,entry_signal
2023-09-26,2023-09-25,buy,sh.601288,农业银行,70000.0,3.62,3.62,253400.0,76.02,0.0,0.0,entry_signal
2023-11-07,2023-11-06,sell,sh.601988,中国银行,66500.0,3.84,3.84,255360.0,76.60799999999999,127.68,0.0,exit_signal
2023-11-07,2023-11-06,sell,sh.601398,工商银行,53400.0,4.71,4.71,251514.0,75.4542,125.757,0.0,exit_signal
2023-11-07,2023-11-06,sell,sh.601939,建设银行,40100.0,6.2,6.2,248620.0,74.586,124.31,0.0,exit_signal
2023-11-07,2023-11-06,sell,sh.601288,农业银行,70000.0,3.57,3.57,249900.0,74.97,124.95,0.0,exit_signal
2023-11-27,2023-11-24,buy,sh.601988,中国银行,63100.0,3.98,3.98,251138.0,75.3414,0.0,0.0,entry_signal
2023-11-27,2023-11-24,buy,sh.601398,工商银行,52400.0,4.79,4.79,250996.0,75.2988,0.0,0.0,entry_signal
2023-11-27,2023-11-24,buy,sh.601939,建设银行,39300.0,6.39,6.39,251127.0,75.3381,0.0,0.0,entry_signal
2023-11-27,2023-11-24,buy,sh.601288,农业银行,68600.0,3.66,3.66,251076.0,75.32279999999999,0.0,0.0,entry_signal
2023-12-29,2023-12-28,sell,sh.601988,中国银行,63100.0,3.99,3.99,251769.0,75.5307,125.8845,0.0,exit_signal
2023-12-29,2023-12-28,sell,sh.601398,工商银行,52400.0,4.78,4.78,250472.0,75.1416,125.236,0.0,exit_signal
2023-12-29,2023-12-28,sell,sh.601939,建设银行,39300.0,6.46,6.46,253878.0,76.1634,126.93900000000001,0.0,exit_signal
2023-12-29,2023-12-28,sell,sh.601288,农业银行,68600.0,3.63,3.63,249018.0,74.7054,124.509,0.0,exit_signal
2024-01-08,2024-01-05,buy,sh.601988,中国银行,61000.0,4.12,4.12,251320.0,75.39599999999999,0.0,0.0,entry_signal
2024-01-08,2024-01-05,buy,sh.601398,工商银行,51600.0,4.87,4.87,251292.0,75.38759999999999,0.0,0.0,entry_signal
2024-01-08,2024-01-05,buy,sh.601939,建设银行,37700.0,6.65,6.65,250705.0,75.21149999999999,0.0,0.0,entry_signal
2024-01-08,2024-01-05,buy,sh.601288,农业银行,67300.0,3.73,3.73,251029.0,75.30869999999999,0.0,0.0,entry_signal
2024-01-26,2024-01-25,sell,sh.601988,中国银行,61000.0,4.14,4.14,252539.99999999997,75.76199999999999,126.26999999999998,0.0,exit_signal
2024-01-26,2024-01-25,sell,sh.601398,工商银行,51600.0,5.01,5.01,258516.0,77.5548,129.258,0.0,exit_signal
2024-01-26,2024-01-25,sell,sh.601939,建设银行,37700.0,6.69,6.69,252213.00000000003,75.6639,126.10650000000001,0.0,exit_signal
2024-01-26,2024-01-25,sell,sh.601288,农业银行,67300.0,3.8,3.8,255740.0,76.722,127.87,0.0,exit_signal
2024-01-31,2024-01-30,buy,sh.601988,中国银行,59900.0,4.25,4.25,254575.0,76.37249999999999,0.0,0.0,entry_signal
2024-01-31,2024-01-30,buy,sh.601398,工商银行,49700.0,5.12,5.12,254464.0,76.33919999999999,0.0,0.0,entry_signal
2024-01-31,2024-01-30,buy,sh.601939,建设银行,37300.0,6.82,6.82,254386.0,76.3158,0.0,0.0,entry_signal
2024-01-31,2024-01-30,buy,sh.601288,农业银行,65800.0,3.87,3.87,254646.0,76.3938,0.0,0.0,entry_signal
2024-02-08,2024-02-07,sell,sh.601988,中国银行,59900.0,4.32,4.32,258768.00000000003,77.63040000000001,129.38400000000001,0.0,exit_signal
2024-02-08,2024-02-07,sell,sh.601398,工商银行,49700.0,5.16,5.16,256452.0,76.9356,128.226,0.0,exit_signal
2024-02-08,2024-02-07,sell,sh.601939,建设银行,37300.0,6.85,6.85,255505.0,76.6515,127.7525,0.0,exit_signal
2024-02-08,2024-02-07,sell,sh.601288,农业银行,65800.0,3.99,3.99,262542.0,78.76259999999999,131.27100000000002,0.0,exit_signal
2024-03-26,2024-03-25,buy,sh.601988,中国银行,58500.0,4.41,4.41,257985.0,77.3955,0.0,0.0,entry_signal
2024-03-26,2024-03-25,buy,sh.601398,工商银行,48800.0,5.29,5.29,258152.0,77.4456,0.0,0.0,entry_signal
2024-03-26,2024-03-25,buy,sh.601939,建设银行,37500.0,6.87,6.87,257625.0,77.2875,0.0,0.0,entry_signal
2024-03-26,2024-03-25,buy,sh.601288,农业银行,61000.0,4.23,4.23,258030.00000000003,77.409,0.0,0.0,entry_signal
2024-04-02,2024-04-01,sell,sh.601988,中国银行,58500.0,4.47,4.47,261495.0,78.4485,130.7475,0.0,exit_signal
2024-04-02,2024-04-01,sell,sh.601398,工商银行,48800.0,5.29,5.29,258152.0,77.4456,129.076,0.0,exit_signal
2024-04-02,2024-04-01,sell,sh.601939,建设银行,37500.0,6.91,6.91,259125.0,77.7375,129.5625,0.0,exit_signal
2024-04-02,2024-04-01,sell,sh.601288,农业银行,61000.0,4.23,4.23,258030.00000000003,77.409,129.01500000000001,0.0,exit_signal
2024-04-09,2024-04-08,buy,sh.601988,中国银行,57200.0,4.53,4.53,259116.0,77.73479999999999,0.0,0.0,entry_signal
2024-04-09,2024-04-08,buy,sh.601398,工商银行,47900.0,5.4,5.4,258660.00000000003,77.598,0.0,0.0,entry_signal
2024-04-09,2024-04-08,buy,sh.601939,建设银行,36800.0,7.04,7.04,259072.0,77.7216,0.0,0.0,entry_signal
2024-04-09,2024-04-08,buy,sh.601288,农业银行,59500.0,4.35,4.35,258824.99999999997,77.64749999999998,0.0,0.0,entry_signal
2024-04-16,2024-04-15,sell,sh.601988,中国银行,57200.0,4.58,4.58,261976.0,78.5928,130.988,0.0,exit_signal
2024-04-16,2024-04-15,sell,sh.601398,工商银行,47900.0,5.42,5.42,259618.0,77.88539999999999,129.809,0.0,exit_signal
2024-04-16,2024-04-15,sell,sh.601939,建设银行,36800.0,7.12,7.12,262016.0,78.6048,131.008,0.0,exit_signal
2024-04-16,2024-04-15,sell,sh.601288,农业银行,59500.0,4.37,4.37,260015.0,78.0045,130.0075,0.0,exit_signal
2024-04-17,2024-04-16,buy,sh.601988,中国银行,56400.0,4.62,4.62,260568.0,78.17039999999999,0.0,0.0,entry_signal
2024-04-17,2024-04-16,buy,sh.601398,工商银行,47800.0,5.45,5.45,260510.0,78.15299999999999,0.0,0.0,entry_signal
2024-04-17,2024-04-16,buy,sh.601939,建设银行,36500.0,7.14,7.14,260610.0,78.18299999999999,0.0,0.0,entry_signal
2024-04-17,2024-04-16,buy,sh.601288,农业银行,59100.0,4.41,4.41,260631.0,78.18929999999999,0.0,0.0,entry_signal
2024-04-18,2024-04-17,sell,sh.601988,中国银行,56400.0,4.65,4.65,262260.0,78.678,131.13,0.0,exit_signal
2024-04-18,2024-04-17,sell,sh.601398,工商银行,47800.0,5.49,5.49,262422.0,78.72659999999999,131.211,0.0,exit_signal
2024-04-18,2024-04-17,sell,sh.601939,建设银行,36500.0,7.25,7.25,264625.0,79.38749999999999,132.3125,0.0,exit_signal
2024-04-18,2024-04-17,sell,sh.601288,农业银行,59100.0,4.44,4.44,262404.0,78.7212,131.202,0.0,exit_signal
2024-04-24,2024-04-23,buy,sh.601988,中国银行,56400.0,4.66,4.66,262824.0,78.84719999999999,0.0,0.0,entry_signal
2024-04-24,2024-04-23,buy,sh.601398,工商银行,47800.0,5.5,5.5,262900.0,78.86999999999999,0.0,0.0,entry_signal
2024-04-24,2024-04-23,buy,sh.601939,建设银行,35900.0,7.31,7.31,262429.0,78.72869999999999,0.0,0.0,entry_signal
2024-04-24,2024-04-23,buy,sh.601288,农业银行,58400.0,4.5,4.5,262800.0,78.83999999999999,0.0,0.0,entry_signal
2024-04-25,2024-04-24,sell,sh.601988,中国银行,56400.0,4.63,4.63,261132.0,78.33959999999999,130.566,0.0,exit_signal
2024-04-25,2024-04-24,sell,sh.601398,工商银行,47800.0,5.48,5.48,261944.00000000003,78.5832,130.972,0.0,exit_signal
2024-04-25,2024-04-24,sell,sh.601939,建设银行,35900.0,7.23,7.23,259557.00000000003,77.86710000000001,129.7785,0.0,exit_signal
2024-04-25,2024-04-24,sell,sh.601288,农业银行,58400.0,4.49,4.49,262216.0,78.6648,131.108,0.0,exit_signal
2024-05-24,2024-05-23,buy,sh.601988,中国银行,57900.0,4.51,4.51,261129.0,78.33869999999999,0.0,0.0,entry_signal
2024-05-24,2024-05-23,buy,sh.601398,工商银行,47500.0,5.49,5.49,260775.0,78.23249999999999,0.0,0.0,entry_signal
2024-05-24,2024-05-23,buy,sh.601939,建设银行,36700.0,7.11,7.11,260937.0,78.2811,0.0,0.0,entry_signal
2024-05-24,2024-05-23,buy,sh.601288,农业银行,59300.0,4.4,4.4,260920.00000000003,78.276,0.0,0.0,entry_signal
2024-07-16,2024-07-15,sell,sh.601988,中国银行,57900.0,4.87,4.87,281973.0,84.5919,140.9865,0.0,exit_signal
2024-07-16,2024-07-15,sell,sh.601398,工商银行,47500.0,5.92,5.92,281200.0,84.36,140.6,0.0,exit_signal
2024-07-16,2024-07-15,sell,sh.601939,建设银行,36700.0,7.59,7.59,278553.0,83.5659,139.2765,0.0,exit_signal
2024-07-16,2024-07-15,sell,sh.601288,农业银行,59300.0,4.73,4.73,280489.0,84.1467,140.24450000000002,0.0,exit_signal
2024-07-18,2024-07-17,buy,sh.601988,中国银行,62400.0,4.66,4.66,290784.0,87.23519999999999,0.0,0.0,entry_signal
2024-07-18,2024-07-17,buy,sh.601398,工商银行,49300.0,5.9,5.9,290870.0,87.261,0.0,0.0,entry_signal
2024-07-18,2024-07-17,buy,sh.601939,建设银行,38500.0,7.55,7.55,290675.0,87.20249999999999,0.0,0.0,entry_signal
2024-07-18,2024-07-17,buy,sh.601288,农业银行,61500.0,4.73,4.73,290895.0,87.26849999999999,0.0,0.0,entry_signal
2024-07-19,2024-07-18,sell,sh.601988,中国银行,62400.0,4.66,4.66,290784.0,87.23519999999999,145.392,0.0,exit_signal
2024-07-19,2024-07-18,sell,sh.601398,工商银行,49300.0,5.9,5.9,290870.0,87.261,145.435,0.0,exit_signal
2024-07-19,2024-07-18,sell,sh.601939,建设银行,38500.0,7.58,7.58,291830.0,87.54899999999999,145.915,0.0,exit_signal
2024-07-19,2024-07-18,sell,sh.601288,农业银行,61500.0,4.71,4.71,289665.0,86.89949999999999,144.8325,0.0,exit_signal
2024-07-23,2024-07-22,buy,sh.601988,中国银行,62600.0,4.64,4.64,290464.0,87.13919999999999,0.0,0.0,entry_signal
2024-07-23,2024-07-22,buy,sh.601398,工商银行,49900.0,5.82,5.82,290418.0,87.1254,0.0,0.0,entry_signal
2024-07-23,2024-07-22,buy,sh.601939,建设银行,39300.0,7.4,7.4,290820.0,87.246,0.0,0.0,entry_signal
2024-07-23,2024-07-22,buy,sh.601288,农业银行,62800.0,4.63,4.63,290764.0,87.22919999999999,0.0,0.0,entry_signal
2024-08-20,2024-08-19,sell,sh.601988,中国银行,62600.0,4.93,4.93,308618.0,92.58539999999999,154.309,0.0,exit_signal
2024-08-20,2024-08-19,sell,sh.601398,工商银行,49900.0,6.26,6.26,312374.0,93.7122,156.187,0.0,exit_signal
2024-08-20,2024-08-19,sell,sh.601939,建设银行,39300.0,8.06,8.06,316758.0,95.02739999999999,158.379,0.0,exit_signal
2024-08-20,2024-08-19,sell,sh.601288,农业银行,62800.0,4.89,4.89,307092.0,92.12759999999999,153.546,0.0,exit_signal
2024-08-21,2024-08-20,buy,sh.601988,中国银行,62800.0,4.95,4.95,310860.0,93.258,0.0,0.0,entry_signal
2024-08-21,2024-08-20,buy,sh.601398,工商银行,48900.0,6.35,6.35,310515.0,93.1545,0.0,0.0,entry_signal
2024-08-21,2024-08-20,buy,sh.601939,建设银行,38200.0,8.13,8.13,310566.00000000006,93.16980000000001,0.0,0.0,entry_signal
2024-08-21,2024-08-20,buy,sh.601288,农业银行,63400.0,4.9,4.9,310660.0,93.198,0.0,0.0,entry_signal
2024-09-25,2024-09-24,sell,sh.601988,中国银行,62800.0,4.98,4.98,312744.0,93.82319999999999,156.372,0.0,exit_signal
2024-09-25,2024-09-24,sell,sh.601398,工商银行,48900.0,6.09,6.09,297801.0,89.3403,148.9005,0.0,exit_signal
2024-09-25,2024-09-24,sell,sh.601939,建设银行,38200.0,7.8,7.8,297960.0,89.38799999999999,148.98,0.0,exit_signal
2024-09-25,2024-09-24,sell,sh.601288,农业银行,63400.0,4.87,4.87,308758.0,92.6274,154.379,0.0,exit_signal
2024-11-04,2024-11-01,buy,sh.601988,中国银行,62200.0,4.89,4.89,304158.0,91.2474,0.0,0.0,entry_signal
2024-11-04,2024-11-01,buy,sh.601398,工商银行,49500.0,6.15,6.15,304425.0,91.32749999999999,0.0,0.0,entry_signal
2024-11-04,2024-11-01,buy,sh.601939,建设银行,37700.0,8.07,8.07,304239.0,91.2717,0.0,0.0,entry_signal
2024-11-04,2024-11-01,buy,sh.601288,农业银行,63800.0,4.77,4.77,304326.0,91.2978,0.0,0.0,entry_signal
2024-11-05,2024-11-04,sell,sh.601988,中国银行,62200.0,4.88,4.88,303536.0,91.06079999999999,151.768,0.0,exit_signal
2024-11-05,2024-11-04,sell,sh.601398,工商银行,49500.0,6.1,6.1,301950.0,90.585,150.975,0.0,exit_signal
2024-11-05,2024-11-04,sell,sh.601939,建设银行,37700.0,8.06,8.06,303862.0,91.15859999999999,151.931,0.0,exit_signal
2024-11-05,2024-11-04,sell,sh.601288,农业银行,63800.0,4.76,4.76,303688.0,91.1064,151.844,0.0,exit_signal
2024-11-18,2024-11-15,buy,sh.601988,中国银行,62100.0,4.88,4.88,303048.0,90.91439999999999,0.0,0.0,entry_signal
2024-11-18,2024-11-15,buy,sh.601398,工商银行,49800.0,6.08,6.08,302784.0,90.83519999999999,0.0,0.0,entry_signal
2024-11-18,2024-11-15,buy,sh.601939,建设银行,38000.0,7.96,7.96,302480.0,90.74399999999999,0.0,0.0,entry_signal
2024-11-18,2024-11-15,buy,sh.601288,农业银行,64200.0,4.72,4.72,303024.0,90.90719999999999,0.0,0.0,entry_signal
2024-11-21,2024-11-20,sell,sh.601988,中国银行,62100.0,4.95,4.95,307395.0,92.21849999999999,153.6975,0.0,exit_signal
2024-11-21,2024-11-20,sell,sh.601398,工商银行,49800.0,6.13,6.13,305274.0,91.58219999999999,152.637,0.0,exit_signal
2024-11-21,2024-11-20,sell,sh.601939,建设银行,38000.0,7.95,7.95,302100.0,90.63,151.05,0.0,exit_signal
2024-11-21,2024-11-20,sell,sh.601288,农业银行,64200.0,4.76,4.76,305592.0,91.6776,152.796,0.0,exit_signal
2024-11-25,2024-11-22,buy,sh.601988,中国银行,61900.0,4.92,4.92,304548.0,91.36439999999999,0.0,0.0,entry_signal
2024-11-25,2024-11-22,buy,sh.601398,工商银行,50300.0,6.06,6.06,304818.0,91.44539999999999,0.0,0.0,entry_signal
2024-11-25,2024-11-22,buy,sh.601939,建设银行,38900.0,7.84,7.84,304976.0,91.49279999999999,0.0,0.0,entry_signal
2024-11-25,2024-11-22,buy,sh.601288,农业银行,64600.0,4.72,4.72,304912.0,91.47359999999999,0.0,0.0,entry_signal
2024-12-03,2024-12-02,sell,sh.601988,中国银行,61900.0,5.01,5.01,310119.0,93.03569999999999,155.0595,0.0,exit_signal
2024-12-03,2024-12-02,sell,sh.601398,工商银行,50300.0,6.13,6.13,308339.0,92.50169999999999,154.1695,0.0,exit_signal
2024-12-03,2024-12-02,sell,sh.601939,建设银行,38900.0,7.94,7.94,308866.0,92.65979999999999,154.433,0.0,exit_signal
2024-12-03,2024-12-02,sell,sh.601288,农业银行,64600.0,4.81,4.81,310726.0,93.2178,155.363,0.0,exit_signal
2024-12-24,2024-12-23,buy,sh.601988,中国银行,57500.0,5.38,5.38,309350.0,92.80499999999999,0.0,0.0,entry_signal
2024-12-24,2024-12-23,buy,sh.601398,工商银行,46100.0,6.71,6.71,309331.0,92.79929999999999,0.0,0.0,entry_signal
2024-12-24,2024-12-23,buy,sh.601939,建设银行,35900.0,8.6,8.6,308740.0,92.62199999999999,0.0,0.0,entry_signal
2024-12-24,2024-12-23,buy,sh.601288,农业银行,59700.0,5.18,5.18,309246.0,92.7738,0.0,0.0,entry_signal
2024-12-25,2024-12-24,sell,sh.601988,中国银行,57500.0,5.43,5.43,312225.0,93.66749999999999,156.1125,0.0,exit_signal
2024-12-25,2024-12-24,sell,sh.601398,工商银行,46100.0,6.77,6.77,312097.0,93.6291,156.0485,0.0,exit_signal
2024-12-25,2024-12-24,sell,sh.601939,建设银行,35900.0,8.78,8.78,315202.0,94.5606,157.601,0.0,exit_signal
2024-12-25,2024-12-24,sell,sh.601288,农业银行,59700.0,5.26,5.26,314022.0,94.2066,157.011,0.0,exit_signal
2025-01-02,2024-12-31,buy,sh.601988,中国银行,56800.0,5.51,5.51,312968.0,93.89039999999999,0.0,0.0,entry_signal
2025-01-02,2024-12-31,buy,sh.601398,工商银行,45300.0,6.91,6.91,313023.0,93.9069,0.0,0.0,entry_signal
2025-01-02,2024-12-31,buy,sh.601939,建设银行,35600.0,8.78,8.78,312568.0,93.7704,0.0,0.0,entry_signal
2025-01-02,2024-12-31,buy,sh.601288,农业银行,58600.0,5.34,5.34,312924.0,93.87719999999999,0.0,0.0,entry_signal
2025-01-27,2025-01-24,sell,sh.601988,中国银行,56800.0,5.32,5.32,302176.0,90.6528,151.088,0.0,exit_signal
2025-01-27,2025-01-24,sell,sh.601398,工商银行,45300.0,6.68,6.68,302604.0,90.7812,151.302,0.0,exit_signal
2025-01-27,2025-01-24,sell,sh.601939,建设银行,35600.0,8.44,8.44,300464.0,90.13919999999999,150.232,0.0,exit_signal
2025-01-27,2025-01-24,sell,sh.601288,农业银行,58600.0,5.04,5.04,295344.0,88.60319999999999,147.672,0.0,exit_signal
2025-02-06,2025-02-05,buy,sh.601988,中国银行,57500.0,5.33,5.33,306475.0,91.9425,0.0,0.0,entry_signal
2025-02-06,2025-02-05,buy,sh.601398,工商银行,45800.0,6.7,6.7,306860.0,92.05799999999999,0.0,0.0,entry_signal
2025-02-06,2025-02-05,buy,sh.601939,建设银行,36400.0,8.42,8.42,306488.0,91.9464,0.0,0.0,entry_signal
2025-02-06,2025-02-05,buy,sh.601288,农业银行,60700.0,5.05,5.05,306535.0,91.9605,0.0,0.0,entry_signal
2025-02-07,2025-02-06,sell,sh.601988,中国银行,57500.0,5.3,5.3,304750.0,91.425,152.375,0.0,exit_signal
2025-02-07,2025-02-06,sell,sh.601398,工商银行,45800.0,6.67,6.67,305486.0,91.6458,152.743,0.0,exit_signal
2025-02-07,2025-02-06,sell,sh.601939,建设银行,36400.0,8.35,8.35,303940.0,91.18199999999999,151.97,0.0,exit_signal
2025-02-07,2025-02-06,sell,sh.601288,农业银行,60700.0,5.03,5.03,305321.0,91.59629999999999,152.6605,0.0,exit_signal
2025-03-03,2025-02-28,buy,sh.601988,中国银行,56300.0,5.41,5.41,304583.0,91.3749,0.0,0.0,entry_signal
2025-03-03,2025-02-28,buy,sh.601398,工商银行,44300.0,6.87,6.87,304341.0,91.30229999999999,0.0,0.0,entry_signal
2025-03-03,2025-02-28,buy,sh.601939,建设银行,35800.0,8.51,8.51,304658.0,91.39739999999999,0.0,0.0,entry_signal
2025-03-03,2025-02-28,buy,sh.601288,农业银行,59300.0,5.14,5.14,304802.0,91.44059999999999,0.0,0.0,entry_signal
2025-03-06,2025-03-05,sell,sh.601988,中国银行,56300.0,5.46,5.46,307398.0,92.2194,153.699,0.0,exit_signal
2025-03-06,2025-03-05,sell,sh.601398,工商银行,44300.0,6.85,6.85,303455.0,91.03649999999999,151.7275,0.0,exit_signal
2025-03-06,2025-03-05,sell,sh.601939,建设银行,35800.0,8.62,8.62,308596.0,92.57879999999999,154.298,0.0,exit_signal
2025-03-06,2025-03-05,sell,sh.601288,农业银行,59300.0,5.15,5.15,305395.0,91.6185,152.6975,0.0,exit_signal
2025-03-24,2025-03-21,buy,sh.601988,中国银行,57100.0,5.36,5.36,306056.0,91.81679999999999,0.0,0.0,entry_signal
2025-03-24,2025-03-21,buy,sh.601398,工商银行,45200.0,6.76,6.76,305552.0,91.6656,0.0,0.0,entry_signal
2025-03-24,2025-03-21,buy,sh.601939,建设银行,36000.0,8.49,8.49,305640.0,91.692,0.0,0.0,entry_signal
2025-03-24,2025-03-21,buy,sh.601288,农业银行,60100.0,5.09,5.09,305909.0,91.77269999999999,0.0,0.0,entry_signal
2025-04-22,2025-04-21,sell,sh.601988,中国银行,57100.0,5.65,5.65,322615.0,96.7845,161.3075,0.0,exit_signal
2025-04-22,2025-04-21,sell,sh.601398,工商银行,45200.0,7.05,7.05,318660.0,95.59799999999998,159.33,0.0,exit_signal
2025-04-22,2025-04-21,sell,sh.601939,建设银行,36000.0,9.05,9.05,325800.0,97.74,162.9,0.0,exit_signal
2025-04-22,2025-04-21,sell,sh.601288,农业银行,60100.0,5.37,5.37,322737.0,96.82109999999999,161.3685,0.0,exit_signal
2025-05-28,2025-05-27,buy,sh.601988,中国银行,57900.0,5.57,5.57,322503.0,96.75089999999999,0.0,0.0,entry_signal
2025-05-28,2025-05-27,buy,sh.601398,工商银行,45600.0,7.06,7.06,321936.0,96.5808,0.0,0.0,entry_signal
2025-05-28,2025-05-27,buy,sh.601939,建设银行,35500.0,9.07,9.07,321985.0,96.59549999999999,0.0,0.0,entry_signal
2025-05-28,2025-05-27,buy,sh.601288,农业银行,58300.0,5.53,5.53,322399.0,96.71969999999999,0.0,0.0,entry_signal
2025-05-30,2025-05-29,sell,sh.601988,中国银行,57900.0,5.51,5.51,319029.0,95.7087,159.5145,0.0,exit_signal
2025-05-30,2025-05-29,sell,sh.601398,工商银行,45600.0,7.05,7.05,321480.0,96.44399999999999,160.74,0.0,exit_signal
2025-05-30,2025-05-29,sell,sh.601939,建设银行,35500.0,9.01,9.01,319855.0,95.95649999999999,159.9275,0.0,exit_signal
2025-05-30,2025-05-29,sell,sh.601288,农业银行,58300.0,5.51,5.51,321233.0,96.36989999999999,160.6165,0.0,exit_signal
2025-06-03,2025-05-30,buy,sh.601988,中国银行,58300.0,5.49,5.49,320067.0,96.02009999999999,0.0,0.0,entry_signal
2025-06-03,2025-05-30,buy,sh.601398,工商银行,45400.0,7.05,7.05,320070.0,96.02099999999999,0.0,0.0,entry_signal
2025-06-03,2025-05-30,buy,sh.601939,建设银行,35400.0,9.03,9.03,319662.0,95.89859999999999,0.0,0.0,entry_signal
2025-06-03,2025-05-30,buy,sh.601288,农业银行,58000.0,5.52,5.52,320160.0,96.04799999999999,0.0,0.0,entry_signal
2025-06-04,2025-06-03,sell,sh.601988,中国银行,58300.0,5.51,5.51,321233.0,96.36989999999999,160.6165,0.0,exit_signal
2025-06-04,2025-06-03,sell,sh.601398,工商银行,45400.0,7.11,7.11,322794.0,96.83819999999999,161.397,0.0,exit_signal
2025-06-04,2025-06-03,sell,sh.601939,建设银行,35400.0,9.07,9.07,321078.0,96.32339999999999,160.53900000000002,0.0,exit_signal
2025-06-04,2025-06-03,sell,sh.601288,农业银行,58000.0,5.58,5.58,323640.0,97.09199999999998,161.82,0.0,exit_signal
2025-06-20,2025-06-19,buy,sh.601988,中国银行,58100.0,5.54,5.54,321874.0,96.56219999999999,0.0,0.0,entry_signal
2025-06-20,2025-06-19,buy,sh.601398,工商银行,44100.0,7.29,7.29,321489.0,96.44669999999999,0.0,0.0,entry_signal
2025-06-20,2025-06-19,buy,sh.601939,建设银行,34900.0,9.22,9.22,321778.0,96.53339999999999,0.0,0.0,entry_signal
2025-06-20,2025-06-19,buy,sh.601288,农业银行,56100.0,5.74,5.74,322014.0,96.60419999999999,0.0,0.0,entry_signal
2025-06-24,2025-06-23,sell,sh.601988,中国银行,58100.0,5.65,5.65,328265.0,98.47949999999999,164.1325,0.0,exit_signal
2025-06-24,2025-06-23,sell,sh.601398,工商银行,44100.0,7.51,7.51,331191.0,99.3573,165.59550000000002,0.0,exit_signal
2025-06-24,2025-06-23,sell,sh.601939,建设银行,34900.0,9.4,9.4,328060.0,98.41799999999999,164.03,0.0,exit_signal
2025-06-24,2025-06-23,sell,sh.601288,农业银行,56100.0,5.89,5.89,330429.0,99.1287,165.21450000000002,0.0,exit_signal
2025-09-05,2025-09-04,buy,sh.601988,中国银行,58900.0,5.59,5.59,329251.0,98.77529999999999,0.0,0.0,entry_signal
2025-09-05,2025-09-04,buy,sh.601398,工商银行,43800.0,7.52,7.52,329376.0,98.8128,0.0,0.0,entry_signal
2025-09-05,2025-09-04,buy,sh.601939,建设银行,35900.0,9.17,9.17,329203.0,98.76089999999999,0.0,0.0,entry_signal
2025-09-05,2025-09-04,buy,sh.601288,农业银行,44200.0,7.45,7.45,329290.0,98.78699999999999,0.0,0.0,entry_signal
2025-09-08,2025-09-05,sell,sh.601988,中国银行,58900.0,5.5,5.5,323950.0,97.18499999999999,161.975,0.0,exit_signal
2025-09-08,2025-09-05,sell,sh.601398,工商银行,43800.0,7.41,7.41,324558.0,97.36739999999999,162.279,0.0,exit_signal
2025-09-08,2025-09-05,sell,sh.601939,建设银行,35900.0,9.02,9.02,323818.0,97.1454,161.909,0.0,exit_signal
2025-09-08,2025-09-05,sell,sh.601288,农业银行,44200.0,7.23,7.23,319566.0,95.8698,159.78300000000002,0.0,exit_signal
2025-09-19,2025-09-18,buy,sh.601988,中国银行,61000.0,5.29,5.29,322690.0,96.80699999999999,0.0,0.0,entry_signal
2025-09-19,2025-09-18,buy,sh.601398,工商银行,44300.0,7.28,7.28,322504.0,96.7512,0.0,0.0,entry_signal
2025-09-19,2025-09-18,buy,sh.601939,建设银行,36900.0,8.74,8.74,322506.0,96.75179999999999,0.0,0.0,entry_signal
2025-09-19,2025-09-18,buy,sh.601288,农业银行,48000.0,6.72,6.72,322560.0,96.76799999999999,0.0,0.0,entry_signal
2025-09-25,2025-09-24,sell,sh.601988,中国银行,61000.0,5.27,5.27,321470.0,96.44099999999999,160.735,0.0,exit_signal
2025-09-25,2025-09-24,sell,sh.601398,工商银行,44300.0,7.44,7.44,329592.0,98.87759999999999,164.796,0.0,exit_signal
2025-09-25,2025-09-24,sell,sh.601939,建设银行,36900.0,8.74,8.74,322506.0,96.75179999999999,161.25300000000001,0.0,exit_signal
2025-09-25,2025-09-24,sell,sh.601288,农业银行,48000.0,6.55,6.55,314400.0,94.32,157.20000000000002,0.0,exit_signal
2025-09-29,2025-09-26,buy,sh.601988,中国银行,61400.0,5.24,5.24,321736.0,96.5208,0.0,0.0,entry_signal
2025-09-29,2025-09-26,buy,sh.601398,工商银行,43600.0,7.38,7.38,321768.0,96.53039999999999,0.0,0.0,entry_signal
2025-09-29,2025-09-26,buy,sh.601939,建设银行,37200.0,8.64,8.64,321408.0,96.4224,0.0,0.0,entry_signal
2025-09-29,2025-09-26,buy,sh.601288,农业银行,48800.0,6.59,6.59,321592.0,96.4776,0.0,0.0,entry_signal
2025-09-30,2025-09-29,sell,sh.601988,中国银行,61400.0,5.19,5.19,318666.0,95.59979999999999,159.333,0.0,exit_signal
2025-09-30,2025-09-29,sell,sh.601398,工商银行,43600.0,7.31,7.31,318716.0,95.61479999999999,159.358,0.0,exit_signal
2025-09-30,2025-09-29,sell,sh.601939,建设银行,37200.0,8.61,8.61,320292.0,96.0876,160.14600000000002,0.0,exit_signal
2025-09-30,2025-09-29,sell,sh.601288,农业银行,48800.0,6.61,6.61,322568.0,96.7704,161.284,0.0,exit_signal
2025-10-20,2025-10-17,buy,sh.601988,中国银行,60100.0,5.32,5.32,319732.0,95.91959999999999,0.0,0.0,entry_signal
2025-10-20,2025-10-17,buy,sh.601398,工商银行,42100.0,7.59,7.59,319539.0,95.86169999999998,0.0,0.0,entry_signal
2025-10-20,2025-10-17,buy,sh.601939,建设银行,35000.0,9.13,9.13,319550.0,95.865,0.0,0.0,entry_signal
2025-10-20,2025-10-17,buy,sh.601288,农业银行,42400.0,7.54,7.54,319696.0,95.90879999999999,0.0,0.0,entry_signal
2025-10-22,2025-10-21,sell,sh.601988,中国银行,60100.0,5.39,5.39,323939.0,97.18169999999999,161.9695,0.0,exit_signal
2025-10-22,2025-10-21,sell,sh.601398,工商银行,42100.0,7.63,7.63,321223.0,96.36689999999999,160.6115,0.0,exit_signal
2025-10-22,2025-10-21,sell,sh.601939,建设银行,35000.0,9.26,9.26,324100.0,97.22999999999999,162.05,0.0,exit_signal
2025-10-22,2025-10-21,sell,sh.601288,农业银行,42400.0,7.87,7.87,333688.0,100.1064,166.844,0.0,exit_signal
2025-11-18,2025-11-17,buy,sh.601988,中国银行,56700.0,5.74,5.74,325458.0,97.63739999999999,0.0,0.0,entry_signal
2025-11-18,2025-11-17,buy,sh.601398,工商银行,40000.0,8.14,8.14,325600.0,97.67999999999999,0.0,0.0,entry_signal
2025-11-18,2025-11-17,buy,sh.601939,建设银行,34500.0,9.43,9.43,325335.0,97.6005,0.0,0.0,entry_signal
2025-11-18,2025-11-17,buy,sh.601288,农业银行,39300.0,8.28,8.28,325404.0,97.62119999999999,0.0,0.0,entry_signal
2025-12-09,2025-12-08,sell,sh.601988,中国银行,56700.0,5.81,5.81,329427.0,98.82809999999999,164.7135,0.0,exit_signal
2025-12-09,2025-12-08,sell,sh.601398,工商银行,40000.0,8.01,8.01,320400.0,96.11999999999999,160.20000000000002,0.0,exit_signal
2025-12-09,2025-12-08,sell,sh.601939,建设银行,34500.0,9.29,9.29,320504.99999999994,96.15149999999997,160.25249999999997,0.0,exit_signal
2025-12-09,2025-12-08,sell,sh.601288,农业银行,39300.0,7.86,7.86,308898.0,92.6694,154.449,0.0,exit_signal
2025-12-10,2025-12-09,buy,sh.601988,中国银行,54800.0,5.83,5.83,319484.0,95.84519999999999,0.0,0.0,entry_signal
2025-12-10,2025-12-09,buy,sh.601398,工商银行,39500.0,8.09,8.09,319555.0,95.86649999999999,0.0,0.0,entry_signal
2025-12-10,2025-12-09,buy,sh.601939,建设银行,34200.0,9.34,9.34,319428.0,95.82839999999999,0.0,0.0,entry_signal
2025-12-10,2025-12-09,buy,sh.601288,农业银行,39700.0,8.05,8.05,319585.0,95.87549999999999,0.0,0.0,entry_signal
2025-12-22,2025-12-19,sell,sh.601988,中国银行,54800.0,5.65,5.65,309620.0,92.886,154.81,0.0,exit_signal
2025-12-22,2025-12-19,sell,sh.601398,工商银行,39500.0,7.86,7.86,310470.0,93.14099999999999,155.235,0.0,exit_signal
2025-12-22,2025-12-19,sell,sh.601939,建设银行,34200.0,9.12,9.12,311904.0,93.57119999999999,155.952,0.0,exit_signal
2025-12-22,2025-12-19,sell,sh.601288,农业银行,39700.0,7.51,7.51,298147.0,89.44409999999999,149.0735,0.0,exit_signal
2026-02-03,2026-02-02,buy,sh.601988,中国银行,57900.0,5.4,5.4,312660.0,93.79799999999999,0.0,0.0,entry_signal
2026-02-03,2026-02-02,buy,sh.601398,工商银行,42800.0,7.3,7.3,312440.0,93.73199999999999,0.0,0.0,entry_signal
2026-02-03,2026-02-02,buy,sh.601939,建设银行,35600.0,8.78,8.78,312568.0,93.7704,0.0,0.0,entry_signal
2026-02-03,2026-02-02,buy,sh.601288,农业银行,46300.0,6.75,6.75,312525.0,93.7575,0.0,0.0,entry_signal
2026-02-10,2026-02-09,sell,sh.601988,中国银行,57900.0,5.38,5.38,311502.0,93.4506,155.751,0.0,exit_signal
2026-02-10,2026-02-09,sell,sh.601398,工商银行,42800.0,7.28,7.28,311584.0,93.47519999999999,155.792,0.0,exit_signal
2026-02-10,2026-02-09,sell,sh.601939,建设银行,35600.0,8.86,8.86,315416.0,94.6248,157.708,0.0,exit_signal
2026-02-10,2026-02-09,sell,sh.601288,农业银行,46300.0,6.71,6.71,310673.0,93.2019,155.3365,0.0,exit_signal
2026-02-24,2026-02-13,buy,sh.601988,中国银行,58700.0,5.32,5.32,312284.0,93.6852,0.0,0.0,entry_signal
2026-02-24,2026-02-13,buy,sh.601398,工商银行,43800.0,7.13,7.13,312294.0,93.6882,0.0,0.0,entry_signal
2026-02-24,2026-02-13,buy,sh.601939,建设银行,35700.0,8.73,8.73,311661.0,93.49829999999999,0.0,0.0,entry_signal
2026-02-24,2026-02-13,buy,sh.601288,农业银行,47900.0,6.52,6.52,312308.0,93.69239999999999,0.0,0.0,entry_signal
2026-02-25,2026-02-24,sell,sh.601988,中国银行,58700.0,5.29,5.29,310523.0,93.1569,155.2615,0.0,exit_signal
2026-02-25,2026-02-24,sell,sh.601398,工商银行,43800.0,7.06,7.06,309228.0,92.76839999999999,154.614,0.0,exit_signal
2026-02-25,2026-02-24,sell,sh.601939,建设银行,35700.0,8.7,8.7,310590.0,93.17699999999999,155.29500000000002,0.0,exit_signal
2026-02-25,2026-02-24,sell,sh.601288,农业银行,47900.0,6.49,6.49,310871.0,93.26129999999999,155.4355,0.0,exit_signal
2026-03-05,2026-03-04,buy,sh.601988,中国银行,58400.0,5.31,5.31,310104.0,93.0312,0.0,0.0,entry_signal
2026-03-05,2026-03-04,buy,sh.601398,工商银行,44000.0,7.04,7.04,309760.0,92.928,0.0,0.0,entry_signal
2026-03-05,2026-03-04,buy,sh.601939,建设银行,35100.0,8.84,8.84,310284.0,93.08519999999999,0.0,0.0,entry_signal
2026-03-05,2026-03-04,buy,sh.601288,农业银行,47300.0,6.56,6.56,310288.0,93.0864,0.0,0.0,entry_signal
2026-03-09,2026-03-06,sell,sh.601988,中国银行,58400.0,5.37,5.37,313608.0,94.08239999999999,156.804,0.0,exit_signal
2026-03-09,2026-03-06,sell,sh.601398,工商银行,44000.0,7.08,7.08,311520.0,93.45599999999999,155.76,0.0,exit_signal
2026-03-09,2026-03-06,sell,sh.601939,建设银行,35100.0,8.96,8.96,314496.00000000006,94.34880000000001,157.24800000000002,0.0,exit_signal
2026-03-09,2026-03-06,sell,sh.601288,农业银行,47300.0,6.68,6.68,315964.0,94.7892,157.982,0.0,exit_signal
2026-03-10,2026-03-09,buy,sh.601988,中国银行,58600.0,5.35,5.35,313510.0,94.053,0.0,0.0,entry_signal
2026-03-10,2026-03-09,buy,sh.601398,工商银行,44300.0,7.08,7.08,313644.0,94.0932,0.0,0.0,entry_signal
2026-03-10,2026-03-09,buy,sh.601939,建设银行,34800.0,9.01,9.01,313548.0,94.06439999999999,0.0,0.0,entry_signal
2026-03-10,2026-03-09,buy,sh.601288,农业银行,47500.0,6.6,6.6,313500.0,94.05,0.0,0.0,entry_signal
2026-03-11,2026-03-10,sell,sh.601988,中国银行,58600.0,5.33,5.33,312338.0,93.70139999999999,156.169,0.0,exit_signal
2026-03-11,2026-03-10,sell,sh.601398,工商银行,44300.0,7.04,7.04,311872.0,93.5616,155.936,0.0,exit_signal
2026-03-11,2026-03-10,sell,sh.601939,建设银行,34800.0,8.94,8.94,311112.0,93.33359999999999,155.556,0.0,exit_signal
2026-03-11,2026-03-10,sell,sh.601288,农业银行,47500.0,6.56,6.56,311600.0,93.47999999999999,155.8,0.0,exit_signal
2026-03-16,2026-03-13,buy,sh.601988,中国银行,57800.0,5.39,5.39,311542.0,93.4626,0.0,0.0,entry_signal
2026-03-16,2026-03-13,buy,sh.601398,工商银行,43200.0,7.2,7.2,311040.0,93.312,0.0,0.0,entry_signal
2026-03-16,2026-03-13,buy,sh.601939,建设银行,34000.0,9.15,9.15,311100.0,93.33,0.0,0.0,entry_signal
2026-03-16,2026-03-13,buy,sh.601288,农业银行,47200.0,6.6,6.6,311520.0,93.45599999999999,0.0,0.0,entry_signal
2026-04-09,2026-04-08,sell,sh.601988,中国银行,57800.0,5.74,5.74,331772.0,99.5316,165.886,0.0,exit_signal
2026-04-09,2026-04-08,sell,sh.601398,工商银行,43200.0,7.32,7.32,316224.0,94.8672,158.112,0.0,exit_signal
2026-04-09,2026-04-08,sell,sh.601939,建设银行,34000.0,9.29,9.29,315860.0,94.758,157.93,0.0,exit_signal
2026-04-09,2026-04-08,sell,sh.601288,农业银行,47200.0,6.63,6.63,312936.0,93.8808,156.468,0.0,exit_signal
2026-05-22,2026-05-21,buy,sh.601988,中国银行,55100.0,5.79,5.79,319029.0,95.7087,0.0,0.0,entry_signal
2026-05-22,2026-05-21,buy,sh.601398,工商银行,44700.0,7.13,7.13,318711.0,95.6133,0.0,0.0,entry_signal
2026-05-22,2026-05-21,buy,sh.601939,建设银行,31700.0,10.05,10.05,318585.0,95.57549999999999,0.0,0.0,entry_signal
2026-05-22,2026-05-21,buy,sh.601288,农业银行,49200.0,6.48,6.48,318816.0,95.64479999999999,0.0,0.0,entry_signal
2026-05-26,2026-05-25,sell,sh.601988,中国银行,55100.0,5.88,5.88,323988.0,97.1964,161.994,0.0,exit_signal
2026-05-26,2026-05-25,sell,sh.601398,工商银行,44700.0,7.17,7.17,320499.0,96.1497,160.2495,0.0,exit_signal
2026-05-26,2026-05-25,sell,sh.601939,建设银行,31700.0,10.11,10.11,320487.0,96.14609999999999,160.2435,0.0,exit_signal
2026-05-26,2026-05-25,sell,sh.601288,农业银行,49200.0,6.44,6.44,316848.0,95.05439999999999,158.424,0.0,exit_signal
2026-05-27,2026-05-26,buy,sh.601988,中国银行,54300.0,5.9,5.9,320370.0,96.11099999999999,0.0,0.0,entry_signal
2026-05-27,2026-05-26,buy,sh.601398,工商银行,44600.0,7.18,7.18,320228.0,96.0684,0.0,0.0,entry_signal
2026-05-27,2026-05-26,buy,sh.601939,建设银行,31300.0,10.23,10.23,320199.0,96.05969999999999,0.0,0.0,entry_signal
2026-05-27,2026-05-26,buy,sh.601288,农业银行,50000.0,6.41,6.41,320500.0,96.14999999999999,0.0,0.0,entry_signal
2026-06-16,2026-06-15,sell,sh.601988,中国银行,54300.0,6.1,6.1,331230.0,99.36899999999999,165.615,0.0,exit_signal
2026-06-16,2026-06-15,sell,sh.601398,工商银行,44600.0,7.53,7.53,335838.0,100.75139999999999,167.919,0.0,exit_signal
2026-06-16,2026-06-15,sell,sh.601939,建设银行,31300.0,10.29,10.29,322077.0,96.6231,161.0385,0.0,exit_signal
2026-06-16,2026-06-15,sell,sh.601288,农业银行,50000.0,6.65,6.65,332500.0,99.74999999999999,166.25,0.0,exit_signal
2026-06-29,2026-06-26,buy,sh.601988,中国银行,57400.0,5.75,5.75,330050.0,99.01499999999999,0.0,0.0,entry_signal
2026-06-29,2026-06-26,buy,sh.601398,工商银行,46300.0,7.12,7.12,329656.0,98.89679999999998,0.0,0.0,entry_signal
2026-06-29,2026-06-26,buy,sh.601939,建设银行,34000.0,9.71,9.71,330140.0,99.04199999999999,0.0,0.0,entry_signal
2026-06-29,2026-06-26,buy,sh.601288,农业银行,53600.0,6.16,6.16,330176.0,99.05279999999999,0.0,0.0,entry_signal
2026-06-30,2026-06-29,sell,sh.601988,中国银行,57400.0,5.76,5.76,330624.0,99.18719999999999,165.312,0.0,exit_signal
2026-06-30,2026-06-29,sell,sh.601398,工商银行,46300.0,7.18,7.18,332434.0,99.7302,166.217,0.0,exit_signal
2026-06-30,2026-06-29,sell,sh.601939,建设银行,34000.0,9.77,9.77,332180.0,99.654,166.09,0.0,exit_signal
2026-06-30,2026-06-29,sell,sh.601288,农业银行,53600.0,6.2,6.2,332320.0,99.696,166.16,0.0,exit_signal
2026-07-03,2026-07-02,buy,sh.601988,中国银行,59400.0,5.58,5.58,331452.0,99.4356,0.0,0.0,entry_signal
2026-07-03,2026-07-02,buy,sh.601398,工商银行,47100.0,7.03,7.03,331113.0,99.33389999999999,0.0,0.0,entry_signal
2026-07-03,2026-07-02,buy,sh.601939,建设银行,34700.0,9.56,9.56,331732.0,99.5196,0.0,0.0,entry_signal
2026-07-03,2026-07-02,buy,sh.601288,农业银行,55700.0,5.95,5.95,331415.0,99.4245,0.0,0.0,entry_signal
