date,index_close,ma,cross_below,cross_above,signal
2011-01-04,2852.65,,False,False,
2011-01-05,2838.59,,False,False,
2011-01-06,2824.2,,False,False,
2011-01-07,2838.8,,False,False,
2011-01-10,2791.81,,False,False,
2011-01-11,2804.05,,False,False,
2011-01-12,2821.3,,False,False,
2011-01-13,2827.71,,False,False,
2011-01-14,2791.34,,False,False,
2011-01-17,2706.66,,False,False,
2011-01-18,2708.98,,False,False,
2011-01-19,2758.1,,False,False,
2011-01-20,2677.65,,False,False,
2011-01-21,2715.29,,False,False,
2011-01-24,2695.72,,False,False,
2011-01-25,2677.43,,False,False,
2011-01-26,2708.81,,False,False,
2011-01-27,2749.15,,False,False,
2011-01-28,2752.75,,False,False,
2011-01-31,2790.69,2766.584,False,False,
2011-02-01,2798.96,2763.8995,False,False,
2011-02-09,2774.06,2760.673,False,False,
2011-02-10,2818.16,2760.371,False,False,
2011-02-11,2827.33,2759.7975,False,False,
2011-02-14,2899.13,2765.1634999999997,False,False,
2011-02-15,2899.24,2769.923,False,False,
2011-02-16,2923.9,2775.053,False,False,
2011-02-17,2926.96,2780.0155,False,False,
2011-02-18,2899.79,2785.438,False,False,
2011-02-21,2932.25,2796.7174999999997,False,False,
2011-02-22,2855.52,2804.0445,False,False,
2011-02-23,2862.63,2809.2709999999997,False,False,
2011-02-24,2878.6,2819.3185,False,False,
2011-02-25,2878.56,2827.482,False,False,
2011-02-28,2905.05,2837.9485,False,False,
2011-03-01,2918.92,2850.023,False,False,
2011-03-02,2913.81,2860.273,False,False,
2011-03-03,2902.98,2867.9645,False,False,
2011-03-04,2942.31,2877.4425,False,False,
2011-03-07,2996.21,2887.7185,False,False,
2011-03-08,2999.94,2897.7675,False,False,
2011-03-09,3002.15,2909.172,False,False,
2011-03-10,2957.14,2916.121,False,False,
2011-03-11,2933.8,2921.4445,False,False,
2011-03-14,2937.63,2923.3695,False,False,
2011-03-15,2896.26,2923.2205000000004,True,False,entry
2011-03-16,2930.8,2923.5655,False,True,exit
2011-03-17,2897.3,2922.0825,True,False,entry
2011-03-18,2906.89,2922.4375,False,False,
2011-03-21,2909.14,2921.282,False,False,
2011-03-22,2919.14,2924.4629999999997,False,False,
2011-03-23,2948.48,2928.7555,False,True,exit
2011-03-24,2946.71,2932.161,False,False,
2011-03-25,2977.81,2937.1235,False,False,
2011-03-28,2984.0,2941.071,False,False,
2011-03-29,2958.08,2943.029,False,False,
2011-03-30,2955.77,2945.127,False,False,
2011-03-31,2928.11,2946.3835,True,False,entry
2011-04-01,2967.41,2947.6385,False,True,exit
2011-04-06,3001.36,2947.8959999999997,False,False,
2011-04-07,3007.91,2948.2945,False,False,
2011-04-08,3030.02,2949.688,False,False,
2011-04-11,3022.75,2952.9685,False,False,
2011-04-12,3021.37,2957.347,False,False,
2011-04-13,3050.4,2962.9855,False,False,
2011-04-14,3042.64,2970.3044999999997,False,False,
2011-04-15,3050.53,2976.291,False,False,
2011-04-18,3057.33,2984.2925,False,False,
2011-04-19,2999.04,2988.9,False,False,
2011-04-20,3007.04,2993.795,False,False,
2011-04-21,3026.67,2999.1715,False,False,
2011-04-22,3010.52,3002.2735000000002,False,False,
2011-04-25,2964.95,3003.1855,True,False,entry
2011-04-26,2938.98,3001.244,False,False,
2011-04-27,2925.41,2998.3145,False,False,
2011-04-28,2887.04,2994.7625,False,False,
2011-04-29,2911.51,2992.5495,False,False,
2011-05-03,2932.19,2992.7535000000003,False,False,
2011-05-04,2866.02,2987.684,False,False,
2011-05-05,2872.4,2981.236,False,False,
2011-05-06,2863.89,2974.0350000000003,False,False,
2011-05-09,2872.46,2966.157,False,False,
2011-05-10,2890.63,2959.551,False,False,
2011-05-11,2883.42,2952.6535,False,False,
2011-05-12,2844.08,2942.3375,False,False,
2011-05-13,2871.03,2933.757,False,False,
2011-05-16,2849.07,2923.684,False,False,
2011-05-17,2852.77,2913.456,False,False,
2011-05-18,2872.77,2907.1425,False,False,
2011-05-19,2859.57,2899.7690000000002,False,False,
2011-05-20,2858.46,2891.3585000000003,False,False,
2011-05-23,2774.57,2879.561,False,False,
2011-05-24,2767.06,2869.6665000000003,False,False,
2011-05-25,2741.74,2859.8044999999997,False,False,
2011-05-26,2736.53,2850.3605,False,False,
2011-05-27,2709.95,2841.5060000000003,False,False,
2011-05-30,2706.36,2831.2485,False,False,
2011-05-31,2743.47,2821.8125,False,False,
2011-06-01,2743.57,2815.69,False,False,
2011-06-02,2705.18,2807.329,False,False,
2011-06-03,2728.02,2800.5355,False,False,
2011-06-07,2744.3,2794.1275,False,False,
2011-06-08,2750.29,2787.1105000000002,False,False,
2011-06-09,2703.34,2778.1065,False,False,
2011-06-10,2705.14,2771.1595,False,False,
2011-06-13,2700.38,2762.627,False,False,
2011-06-14,2730.04,2756.6755,False,False,
2011-06-15,2705.43,2749.3085,False,False,
2011-06-16,2664.28,2738.884,False,False,
2011-06-17,2642.82,2728.0465000000004,False,False,
2011-06-20,2621.25,2716.186,False,False,
2011-06-21,2646.48,2709.7815,False,False,
2011-06-22,2649.32,2703.8945,False,False,
2011-06-23,2688.25,2701.2200000000003,False,False,
2011-06-24,2746.21,2701.704,False,True,exit
2011-06-27,2758.23,2704.118,False,False,
2011-06-28,2759.2,2706.7599999999998,False,False,
2011-06-29,2728.48,2706.0105,False,False,
2011-06-30,2762.08,2706.936,False,False,
2011-07-01,2759.36,2709.6449999999995,False,False,
2011-07-04,2812.82,2713.8849999999998,False,False,
2011-07-05,2816.35,2717.4875,False,False,
2011-07-06,2810.48,2720.4970000000003,False,False,
2011-07-07,2794.27,2725.0435,False,False,
2011-07-08,2797.77,2729.675,False,False,
2011-07-11,2802.69,2734.7905,False,False,
2011-07-12,2754.58,2736.0175000000004,False,False,
2011-07-13,2795.48,2740.52,False,False,
2011-07-14,2810.44,2747.8280000000004,False,False,
2011-07-15,2820.17,2756.6955000000003,False,False,
2011-07-18,2816.69,2766.4675,False,False,
2011-07-19,2796.98,2773.9925,False,False,
2011-07-20,2794.21,2781.237,False,False,
2011-07-21,2765.89,2785.119,True,False,entry
2011-07-22,2770.79,2786.348,False,False,
2011-07-25,2688.75,2782.874,False,False,
2011-07-26,2703.03,2780.0655,False,False,
2011-07-27,2723.49,2779.816,False,False,
2011-07-28,2708.78,2777.1510000000003,False,False,
2011-07-29,2701.73,2774.2695000000003,False,False,
2011-08-01,2703.78,2768.8175,False,False,
2011-08-02,2679.26,2761.9629999999997,False,False,
2011-08-03,2678.49,2755.3635000000004,False,False,
2011-08-04,2684.04,2749.852,False,False,
2011-08-05,2626.42,2741.2845,False,False,
2011-08-08,2526.82,2727.491,False,False,
2011-08-09,2526.07,2716.0654999999997,False,False,
2011-08-10,2549.18,2703.7505,False,False,
2011-08-11,2581.51,2692.304,False,False,
2011-08-12,2593.17,2680.954,False,False,
2011-08-15,2626.77,2671.4579999999996,False,False,
2011-08-16,2608.17,2662.0175000000004,False,False,
2011-08-17,2601.26,2652.37,False,False,
2011-08-18,2559.47,2642.049,False,False,
2011-08-19,2534.36,2630.2275,False,False,
2011-08-22,2515.86,2621.583,False,False,
2011-08-23,2554.02,2614.1324999999997,False,False,
2011-08-24,2541.09,2605.0125,False,False,
2011-08-25,2615.26,2600.3365000000003,False,True,exit
2011-08-26,2612.19,2595.8594999999996,False,False,
2011-08-29,2576.41,2589.491,True,False,entry
2011-08-30,2566.59,2583.8574999999996,False,False,
2011-08-31,2567.34,2578.3,False,False,
2011-09-01,2556.04,2571.9,False,False,
2011-09-02,2528.28,2566.993,False,False,
2011-09-05,2478.74,2564.589,False,False,
2011-09-06,2470.52,2561.8115000000003,False,False,
2011-09-07,2516.09,2560.157,False,False,
2011-09-08,2498.94,2556.0285,False,False,
2011-09-09,2497.75,2551.2575,False,False,
2011-09-13,2471.3,2543.4840000000004,False,False,
2011-09-14,2484.83,2537.317,False,False,
2011-09-15,2479.05,2531.2065000000002,False,False,
2011-09-16,2482.34,2527.35,False,False,
2011-09-19,2437.79,2522.5215,False,False,
2011-09-20,2447.75,2519.116,False,False,
2011-09-21,2512.96,2517.063,False,False,
2011-09-22,2443.06,2512.1615,False,False,
2011-09-23,2433.16,2503.0564999999997,False,False,
2011-09-26,2393.18,2492.106,False,False,
2011-09-27,2415.05,2484.038,False,False,
2011-09-28,2392.06,2475.3115000000003,False,False,
2011-09-29,2365.34,2465.2115000000003,False,False,
2011-09-30,2359.22,2455.3705,False,False,
2011-10-10,2344.79,2446.196,False,False,
2011-10-11,2348.52,2439.6850000000004,False,False,
2011-10-12,2420.0,2437.159,False,False,
2011-10-13,2438.79,2433.2940000000003,False,True,exit
2011-10-14,2431.38,2429.916,False,False,
2011-10-17,2440.4,2427.0485,False,False,
2011-10-18,2383.49,2422.658,True,False,entry
2011-10-19,2377.51,2417.2920000000004,False,False,
2011-10-20,2331.37,2409.908,False,False,
2011-10-21,2317.27,2401.6545,False,False,
2011-10-24,2370.33,2398.2815,False,False,
2011-10-25,2409.67,2396.3775,False,True,exit
2011-10-26,2427.48,2392.1035,False,False,
2011-10-27,2435.61,2391.7309999999998,False,False,
2011-10-28,2473.41,2393.7435,False,False,
2011-10-31,2468.25,2397.4970000000003,False,False,
2011-11-01,2470.02,2400.2455,False,False,
2011-11-02,2504.11,2405.848,False,False,
2011-11-03,2508.09,2412.9855,False,False,
2011-11-04,2528.29,2421.4390000000003,False,False,
2011-11-07,2509.8,2429.6895,False,False,
2011-11-08,2503.84,2437.4555,False,False,
2011-11-09,2524.92,2442.7015,False,False,
2011-11-10,2479.54,2444.739,False,False,
2011-11-11,2481.08,2447.224,False,False,
2011-11-14,2528.71,2451.6395,False,False,
2011-11-15,2529.76,2458.953,False,False,
2011-11-16,2466.96,2463.4255000000003,False,False,
2011-11-17,2463.05,2470.0095,True,False,entry
2011-11-18,2416.56,2474.9739999999997,False,False,
2011-11-21,2415.13,2477.214,False,False,
2011-11-22,2412.62,2477.3615,False,False,
2011-11-23,2395.06,2475.7405000000003,False,False,
2011-11-24,2397.55,2473.8375,False,False,
2011-11-25,2380.22,2469.178,False,False,
2011-11-28,2383.03,2464.917,False,False,
2011-11-29,2412.39,2462.0355000000004,False,False,
2011-11-30,2333.41,2453.5005,False,False,
2011-12-01,2386.86,2447.439,False,False,
2011-12-02,2359.35,2438.9919999999997,False,False,
2011-12-05,2332.05,2430.1045000000004,False,False,
2011-12-06,2325.91,2421.2079999999996,False,False,
2011-12-07,2332.73,2411.5985,False,False,
2011-12-08,2329.82,2404.1125,False,False,
2011-12-09,2315.27,2395.8219999999997,False,False,
2011-12-12,2291.54,2383.9635,False,False,
2011-12-13,2260.48,2370.4995000000004,False,False,
2011-12-14,2231.82,2358.7425,False,False,
2011-12-15,2192.37,2345.2084999999997,False,False,
2011-12-16,2224.84,2335.6225000000004,False,False,
2011-12-19,2218.24,2325.778,False,False,
2011-12-20,2215.93,2315.9435000000003,False,False,
2011-12-21,2191.15,2305.748,False,False,
2011-12-22,2186.3,2295.1855000000005,False,False,
2011-12-23,2204.78,2286.4135,False,False,
2011-12-26,2190.11,2276.7675000000004,False,False,
2011-12-27,2166.21,2264.4585,False,False,
2011-12-28,2170.01,2256.2885,False,False,
2011-12-29,2173.56,2245.6235,False,False,
2011-12-30,2199.42,2237.627,False,False,
2012-01-04,2169.39,2229.4939999999997,False,False,
2012-01-05,2148.45,2220.621,False,False,
2012-01-06,2163.4,2212.1544999999996,False,False,
2012-01-09,2225.89,2206.9579999999996,False,True,exit
2012-01-10,2285.74,2205.4815000000003,False,False,
2012-01-11,2276.05,2204.707,False,False,
2012-01-12,2275.01,2205.4335,False,False,
2012-01-13,2244.58,2206.0715,False,False,
2012-01-16,2206.19,2206.7625,True,False,entry
2012-01-17,2298.38,2210.4395,False,True,exit
2012-01-18,2266.38,2212.8465,False,False,
2012-01-19,2296.07,2216.8535,False,False,
2012-01-20,2319.12,2223.252,False,False,
2012-01-30,2285.04,2228.189,False,False,
2012-01-31,2292.61,2232.5805,False,False,
2012-02-01,2268.08,2236.4790000000003,False,False,
2012-02-02,2312.56,2243.7965,False,False,
2012-02-03,2330.41,2251.8165,False,False,
2012-02-06,2331.14,2259.6955,False,False,
2012-02-07,2291.9,2264.3195,False,False,
2012-02-08,2347.53,2273.2264999999998,False,False,
2012-02-09,2349.59,2283.2835,False,False,
2012-02-10,2351.98,2292.7125,False,False,
2012-02-13,2351.85,2299.0105000000003,False,False,
2012-02-14,2344.77,2301.962,False,False,
2012-02-15,2366.7,2306.4945,False,False,
2012-02-16,2356.86,2310.587,False,False,
2012-02-17,2357.18,2316.2169999999996,False,False,
2012-02-20,2363.6,2324.0875,False,False,
2012-02-21,2381.43,2328.24,False,False,
2012-02-22,2403.59,2335.1005,False,False,
2012-02-23,2409.55,2340.7745000000004,False,False,
2012-02-24,2439.63,2346.8,False,False,
2012-02-27,2447.06,2354.901,False,False,
2012-02-28,2451.86,2362.8635,False,False,
2012-02-29,2428.49,2370.884,False,False,
2012-03-01,2426.11,2376.5615,False,False,
2012-03-02,2460.69,2383.0755,False,False,
2012-03-05,2445.0,2388.7685,False,False,
2012-03-06,2410.45,2394.696,False,False,
2012-03-07,2394.79,2397.059,True,False,entry
2012-03-08,2420.28,2400.5935,False,True,exit
2012-03-09,2439.46,2404.9675,False,False,
2012-03-12,2434.86,2409.118,False,False,
2012-03-13,2455.79,2414.669,False,False,
2012-03-14,2391.23,2415.8955,True,False,entry
2012-03-15,2373.77,2416.741,False,False,
2012-03-16,2404.74,2419.119,False,False,
2012-03-19,2410.18,2421.448,False,False,
2012-03-20,2376.84,2421.2185,False,False,
2012-03-21,2378.2,2419.9489999999996,False,False,
2012-03-22,2375.77,2418.2599999999998,False,False,
2012-03-23,2349.54,2413.7555,False,False,
2012-03-26,2350.6,2408.9325,False,False,
2012-03-27,2347.18,2403.6985,False,False,
2012-03-28,2284.88,2396.518,False,False,
2012-03-29,2252.16,2387.8205000000003,False,False,
2012-03-30,2262.79,2377.9255000000003,False,False,
2012-04-05,2302.24,2370.7875,False,False,
2012-04-06,2306.55,2365.5925,False,False,
2012-04-09,2285.78,2360.1420000000003,False,False,
2012-04-10,2305.86,2354.421,False,False,
2012-04-11,2308.93,2347.8945,False,False,
2012-04-12,2350.86,2343.6945,False,True,exit
2012-04-13,2359.16,2338.8630000000003,False,False,
2012-04-16,2357.03,2337.153,False,False,
2012-04-17,2334.99,2335.214,True,False,entry
2012-04-18,2380.85,2334.0195,False,True,exit
2012-04-19,2378.63,2332.442,False,False,
2012-04-20,2406.86,2333.943,False,False,
2012-04-23,2388.59,2334.4625,False,False,
2012-04-24,2388.83,2335.1155,False,False,
2012-04-25,2406.81,2337.9790000000003,False,False,
2012-04-26,2404.7,2340.684,False,False,
2012-04-27,2396.32,2343.141,False,False,
2012-05-02,2438.44,2350.8190000000004,False,False,
2012-05-03,2440.08,2360.2149999999997,False,False,
2012-05-04,2452.01,2369.676,False,False,
2012-05-07,2451.95,2377.1615,False,False,
2012-05-08,2448.88,2384.278,False,False,
2012-05-09,2408.59,2390.4184999999998,False,False,
2012-05-10,2410.23,2395.6369999999997,False,False,
2012-05-11,2394.98,2399.9395,True,False,entry
2012-05-14,2380.73,2401.433,False,False,
2012-05-15,2374.84,2402.217,False,False,
2012-05-16,2346.19,2401.675,False,False,
2012-05-17,2378.89,2403.87,False,False,
2012-05-18,2344.52,2402.0535,False,False,
2012-05-21,2348.3,2400.537,False,False,
2012-05-22,2373.31,2398.8595,False,False,
2012-05-23,2363.44,2397.602,False,False,
2012-05-24,2350.97,2395.709,False,False,
2012-05-25,2333.55,2392.046,False,False,
2012-05-28,2361.37,2389.8795,False,False,
2012-05-29,2389.64,2389.5455,False,True,exit
2012-05-30,2384.67,2386.857,True,False,entry
2012-05-31,2372.23,2383.4645,False,False,
2012-06-01,2373.44,2379.536,False,False,
2012-06-04,2308.55,2372.366,False,False,
2012-06-05,2311.92,2365.518,False,False,
2012-06-06,2309.55,2360.5660000000003,False,False,
2012-06-07,2293.13,2354.7110000000002,False,False,
2012-06-08,2281.45,2349.0344999999998,False,False,
2012-06-11,2305.86,2345.291,False,False,
2012-06-12,2289.79,2341.0384999999997,False,False,
2012-06-13,2318.92,2339.675,False,False,
2012-06-14,2295.95,2335.5280000000002,False,False,
2012-06-15,2306.85,2333.6445,False,False,
2012-06-18,2316.05,2332.032,False,False,
2012-06-19,2300.79,2328.406,False,False,
2012-06-20,2292.88,2324.878,False,False,
2012-06-21,2260.88,2320.3735,False,False,
2012-06-25,2224.11,2314.9015,False,False,
2012-06-26,2222.07,2307.9365000000003,False,False,
2012-06-27,2216.93,2299.301,False,False,
2012-06-28,2195.84,2289.8595,False,False,
2012-06-29,2225.43,2282.5195000000003,False,False,
2012-07-02,2226.11,2275.153,False,False,
2012-07-03,2229.19,2271.185,False,False,
2012-07-04,2227.31,2266.9545,False,False,
2012-07-05,2201.35,2261.5445,False,False,
2012-07-06,2223.58,2258.067,False,False,
2012-07-09,2170.81,2252.5350000000003,False,False,
2012-07-10,2164.44,2245.464,False,False,
2012-07-11,2175.38,2239.7435,False,False,
2012-07-12,2185.49,2233.072,False,False,
2012-07-13,2185.9,2227.5695,False,False,
2012-07-16,2147.96,2219.625,False,False,
2012-07-17,2161.19,2211.882,False,False,
2012-07-18,2169.1,2205.2975,False,False,
2012-07-19,2184.84,2199.8954999999996,False,False,
2012-07-20,2168.64,2195.2835,False,False,
2012-07-23,2141.4,2191.148,False,False,
2012-07-24,2146.59,2187.3740000000003,False,False,
2012-07-25,2136.15,2183.335,False,False,
2012-07-26,2126.0,2179.843,False,False,
2012-07-27,2128.76,2175.0094999999997,False,False,
2012-07-30,2109.91,2169.1995,False,False,
2012-07-31,2103.63,2162.9215,False,False,
2012-08-01,2123.36,2157.7239999999997,False,False,
2012-08-02,2111.18,2153.2155,False,False,
2012-08-03,2132.8,2148.6765000000005,False,False,
2012-08-06,2154.92,2147.882,False,True,exit
2012-08-07,2157.62,2147.541,False,False,
2012-08-08,2160.99,2146.8215,False,False,
2012-08-09,2174.1,2146.252,False,False,
2012-08-10,2168.81,2145.3975,False,False,
2012-08-13,2136.08,2144.8035,True,False,entry
2012-08-14,2142.52,2143.87,False,False,
2012-08-15,2118.95,2141.3625,False,False,
2012-08-16,2112.2,2137.7305,False,False,
2012-08-17,2114.89,2135.043,False,False,
2012-08-20,2106.96,2133.321,False,False,
2012-08-21,2118.27,2131.9049999999997,False,False,
2012-08-22,2107.71,2130.4829999999997,False,False,
2012-08-23,2113.07,2129.8365,False,False,
2012-08-24,2092.1,2128.0035,False,False,
2012-08-27,2055.71,2125.2934999999998,False,False,
2012-08-28,2073.15,2123.7695,False,False,
2012-08-29,2053.24,2120.2635,False,False,
2012-08-30,2052.58,2117.3334999999997,False,False,
2012-08-31,2047.52,2113.0695,False,False,
2012-09-03,2059.15,2108.281,False,False,
2012-09-04,2043.65,2102.5824999999995,False,False,
2012-09-05,2037.68,2096.417,False,False,
2012-09-06,2051.92,2090.308,False,False,
2012-09-07,2127.76,2088.2555,False,True,exit
2012-09-10,2134.89,2088.196,False,False,
2012-09-11,2120.55,2087.0975,False,False,
2012-09-12,2126.55,2087.4775,False,False,
2012-09-13,2110.38,2087.3865,False,False,
2012-09-14,2123.85,2087.8345,False,False,
2012-09-17,2078.5,2086.4115,True,False,entry
2012-09-18,2059.54,2083.475,False,False,
2012-09-19,2067.83,2081.481,False,False,
2012-09-20,2024.84,2077.0695,False,False,
2012-09-21,2026.69,2073.799,False,False,
2012-09-24,2033.19,2072.6730000000002,False,False,
2012-09-25,2029.29,2070.48,False,False,
2012-09-26,2004.17,2068.0265000000004,False,False,
2012-09-27,2056.32,2068.2135000000003,False,False,
2012-09-28,2086.17,2070.1459999999997,False,True,exit
2012-10-08,2074.42,2070.9095,False,False,
2012-10-09,2115.23,2074.4885000000004,False,False,
2012-10-10,2119.94,2078.6014999999998,False,False,
2012-10-11,2102.87,2081.1490000000003,False,False,
2012-10-12,2104.93,2080.0075,False,False,
2012-10-15,2098.7,2078.198,False,False,
2012-10-16,2098.81,2077.111,False,False,
2012-10-17,2105.62,2076.0644999999995,False,False,
2012-10-18,2131.69,2077.13,False,False,
2012-10-19,2128.3,2077.3525,False,False,
2012-10-22,2132.76,2080.0654999999997,False,False,
2012-10-23,2114.45,2082.811,False,False,
2012-10-24,2115.99,2085.219,False,False,
2012-10-25,2101.58,2089.056,False,False,
2012-10-26,2066.21,2091.032,True,False,entry
2012-10-29,2058.94,2092.3195,False,False,
2012-10-30,2062.35,2093.9725000000003,False,False,
2012-10-31,2068.88,2097.2079999999996,False,False,
2012-11-01,2104.43,2099.6135,False,True,exit
2012-11-02,2117.05,2101.1575000000003,False,False,
2012-11-05,2114.03,2103.138,False,False,
2012-11-06,2106.0,2102.6765,False,False,
2012-11-07,2105.73,2101.9659999999994,False,False,
2012-11-08,2071.51,2100.398,True,False,entry
2012-11-09,2069.07,2098.605,False,False,
2012-11-12,2079.27,2097.6335000000004,False,False,
2012-11-13,2047.89,2095.0875,False,False,
2012-11-14,2055.42,2092.5775000000003,False,False,
2012-11-15,2030.29,2087.5075,False,False,
2012-11-16,2014.72,2081.8285,False,False,
2012-11-19,2016.98,2076.0395,False,False,
2012-11-20,2008.92,2070.763,False,False,
2012-11-21,2030.32,2066.4795000000004,False,False,
2012-11-22,2015.61,2062.181,False,False,
2012-11-23,2027.38,2060.2395,False,False,
2012-11-26,2017.46,2058.1655,False,False,
2012-11-27,1991.17,2054.6065,False,False,
2012-11-28,1973.52,2049.8385000000003,False,False,
2012-11-29,1963.49,2042.7915,False,False,
2012-11-30,1980.12,2035.9450000000002,False,False,
2012-12-03,1959.77,2028.232,False,False,
2012-12-04,1975.14,2021.6889999999999,False,False,
2012-12-05,2031.91,2017.9980000000003,False,True,exit
2012-12-06,2029.24,2015.8845000000001,False,False,
2012-12-07,2061.79,2015.5205,False,False,
2012-12-10,2083.77,2015.7454999999998,False,False,
2012-12-11,2074.7,2017.086,False,False,
2012-12-12,2082.73,2018.4515,False,False,
2012-12-13,2061.48,2020.011,False,False,
2012-12-14,2150.62,2026.8059999999998,False,False,
2012-12-17,2160.34,2033.9740000000002,False,False,
2012-12-18,2162.46,2041.6509999999998,False,False,
2012-12-19,2162.24,2048.247,False,False,
2012-12-20,2168.35,2055.8839999999996,False,False,
2012-12-21,2153.31,2062.1805,False,False,
2012-12-24,2159.05,2069.2599999999998,False,False,
2012-12-25,2213.61,2080.382,False,False,
2012-12-26,2219.13,2092.6625,False,False,
2012-12-27,2205.9,2104.7830000000004,False,False,
2012-12-28,2233.25,2117.4395,False,False,
2012-12-31,2269.13,2132.9075000000003,False,False,
2013-01-04,2276.99,2148.0,False,False,
2013-01-07,2285.36,2160.6724999999997,False,False,
2013-01-08,2276.07,2173.014,False,False,
2013-01-09,2275.34,2183.6915,False,False,
2013-01-10,2283.66,2193.686,False,False,
2013-01-11,2243.0,2202.1009999999997,False,False,
2013-01-14,2311.74,2213.5515,False,False,
2013-01-15,2325.68,2226.7614999999996,False,False,
2013-01-16,2309.5,2234.7055,False,False,
2013-01-17,2284.91,2240.934,False,False,
2013-01-18,2317.07,2248.6645,False,False,
2013-01-21,2328.22,2256.9635000000003,False,False,
2013-01-22,2315.14,2264.303,False,False,
2013-01-23,2320.91,2272.683,False,False,
2013-01-24,2302.6,2279.8605000000002,False,False,
2013-01-25,2291.3,2283.745,False,False,
2013-01-28,2346.5,2290.1135,False,False,
2013-01-29,2358.98,2297.7675,False,False,
2013-01-30,2382.48,2305.229,False,False,
2013-01-31,2385.42,2311.0434999999998,False,False,
2013-02-01,2419.02,2318.145,False,False,
2013-02-04,2428.15,2325.2845,False,False,
2013-02-05,2433.13,2333.1375,False,False,
2013-02-06,2434.48,2341.0945,False,False,
2013-02-07,2418.53,2347.838,False,False,
2013-02-08,2432.4,2357.308,False,False,
2013-02-18,2421.56,2362.799,False,False,
2013-02-19,2382.91,2365.6605000000004,False,False,
2013-02-20,2397.18,2370.0445,False,False,
2013-02-21,2325.95,2372.0965,True,False,entry
2013-02-22,2314.16,2371.951,False,False,
2013-02-25,2325.82,2371.8309999999997,False,False,
2013-02-26,2293.34,2370.741,False,False,
2013-02-27,2313.22,2370.3565000000003,False,False,
2013-02-28,2365.59,2373.506,False,False,
2013-03-01,2359.51,2376.9165000000003,False,False,
2013-03-04,2273.4,2373.2615,False,False,
2013-03-05,2326.31,2371.6279999999997,False,False,
2013-03-06,2347.18,2369.8630000000003,False,False,
2013-03-07,2324.29,2366.8064999999997,False,False,
2013-03-08,2318.61,2361.786,False,False,
2013-03-11,2310.59,2355.908,False,False,
2013-03-12,2286.6,2348.5815000000002,False,False,
2013-03-13,2263.97,2340.0559999999996,False,False,
2013-03-14,2270.28,2332.6434999999997,False,False,
2013-03-15,2278.4,2324.9435,False,False,
2013-03-18,2240.02,2315.8665,False,False,
2013-03-19,2257.43,2309.5924999999997,False,False,
2013-03-20,2317.37,2305.602,False,True,exit
2013-03-21,2324.24,2305.5165,False,False,
2013-03-22,2328.28,2306.2225000000003,False,False,
2013-03-25,2326.72,2306.2675000000004,False,False,
2013-03-26,2297.67,2306.484,True,False,entry
2013-03-27,2301.26,2305.886,False,False,
2013-03-28,2236.3,2299.4215,False,False,
2013-03-29,2236.62,2293.277,False,False,
2013-04-01,2234.4,2291.327,False,False,
2013-04-02,2227.74,2286.3985000000002,False,False,
2013-04-03,2225.29,2280.304,False,False,
2013-04-08,2211.59,2274.669,False,False,
2013-04-09,2225.77,2270.027,False,False,
2013-04-10,2226.13,2265.804,False,False,
2013-04-11,2219.55,2262.4515,False,False,
2013-04-12,2206.78,2259.592,False,False,
2013-04-15,2181.94,2255.175,False,False,
2013-04-16,2194.85,2250.9975000000004,False,False,
2013-04-17,2193.8,2248.6865,False,False,
2013-04-18,2197.6,2245.695,False,False,
2013-04-19,2244.64,2242.0585,False,True,exit
2013-04-22,2242.17,2237.955,False,False,
2013-04-23,2184.54,2230.768,True,False,entry
2013-04-24,2218.32,2225.348,False,False,
2013-04-25,2199.31,2220.43,False,False,
2013-04-26,2177.91,2214.2625,False,False,
2013-05-02,2174.12,2211.1535,False,False,
2013-05-03,2205.5,2209.5975,False,False,
2013-05-06,2231.17,2209.436,False,True,exit
2013-05-07,2235.57,2209.8275000000003,False,False,
2013-05-08,2246.3,2210.8779999999997,False,False,
2013-05-09,2232.97,2211.947,False,False,
2013-05-10,2246.83,2213.0,False,False,
2013-05-13,2241.92,2213.7895,False,False,
2013-05-14,2217.01,2213.6625,False,False,
2013-05-15,2224.8,2214.5634999999997,False,False,
2013-05-16,2251.81,2218.057,False,False,
2013-05-17,2282.87,2222.4579999999996,False,False,
2013-05-20,2299.99,2227.7675000000004,False,False,
2013-05-21,2305.11,2233.143,False,False,
2013-05-22,2302.4,2236.031,False,False,
2013-05-23,2275.67,2237.706,False,False,
2013-05-24,2288.53,2242.9055,False,False,
2013-05-27,2293.08,2246.6434999999997,False,False,
2013-05-28,2321.32,2252.744,False,False,
2013-05-29,2324.02,2260.0495,False,False,
2013-05-30,2317.75,2267.231,False,False,
2013-05-31,2300.59,2271.9855000000002,False,False,
2013-06-03,2299.25,2275.3895,False,False,
2013-06-04,2272.42,2277.232,True,False,entry
2013-06-05,2270.93,2278.4635000000003,False,False,
2013-06-06,2242.11,2278.9205,False,False,
2013-06-07,2210.9,2277.124,False,False,
2013-06-13,2148.35,2272.4455000000003,False,False,
2013-06-14,2162.04,2269.697,False,False,
2013-06-17,2156.22,2266.268,False,False,
2013-06-18,2159.29,2261.642,False,False,
2013-06-19,2143.45,2254.6710000000003,False,False,
2013-06-20,2084.02,2243.8725,False,False,
2013-06-21,2073.09,2232.2715,False,False,
2013-06-24,1963.23,2215.313,False,False,
2013-06-25,1959.51,2199.505,False,False,
2013-06-26,1951.49,2182.653,False,False,
2013-06-27,1950.01,2165.4995,False,False,
2013-06-28,1979.21,2148.394,False,False,
2013-07-01,1995.24,2131.955,False,False,
2013-07-02,2006.56,2116.3955,False,False,
2013-07-03,1994.27,2101.0795000000003,False,False,
2013-07-04,2006.1,2086.4219999999996,False,False,
2013-07-05,2007.2,2073.161,False,False,
2013-07-08,1958.27,2057.528,False,False,
2013-07-09,1965.45,2043.6949999999997,False,False,
2013-07-10,2008.13,2033.5565000000001,False,False,
2013-07-11,2072.99,2029.7884999999999,False,True,exit
2013-07-12,2039.49,2023.6609999999996,False,False,
2013-07-15,2059.39,2018.8195,False,False,
2013-07-16,2065.72,2014.141,False,False,
2013-07-17,2044.92,2009.2144999999996,False,False,
2013-07-18,2023.4,2006.1834999999999,False,False,
2013-07-19,1992.65,2002.1615000000002,True,False,entry
2013-07-22,2004.76,2004.238,False,True,exit
2013-07-23,2043.88,2008.4564999999998,False,False,
2013-07-24,2033.33,2012.5485,False,False,
2013-07-25,2021.17,2016.1064999999999,False,False,
2013-07-26,2010.85,2017.6884999999997,True,False,entry
2013-07-29,1976.31,2016.7420000000002,False,False,
2013-07-30,1990.06,2015.917,False,False,
2013-07-31,1993.8,2015.8935000000001,False,False,
2013-08-01,2029.07,2017.0420000000001,False,True,exit
2013-08-02,2029.42,2018.1529999999998,False,False,
2013-08-05,2050.48,2022.7634999999998,False,False,
2013-08-06,2060.5,2027.516,False,False,
2013-08-07,2046.78,2029.4485,False,False,
2013-08-08,2044.9,2028.0439999999999,False,False,
2013-08-09,2052.24,2028.6815000000001,False,False,
2013-08-12,2101.28,2030.7760000000003,False,False,
2013-08-13,2106.16,2032.798,False,False,
2013-08-14,2100.14,2035.559,False,False,
2013-08-15,2081.88,2038.4830000000002,False,False,
2013-08-16,2068.45,2042.273,False,False,
2013-08-19,2085.6,2046.3149999999998,False,False,
2013-08-20,2072.59,2047.7505,False,False,
2013-08-21,2072.96,2049.732,False,False,
2013-08-22,2067.12,2052.0295,False,False,
2013-08-23,2057.46,2054.36,False,False,
2013-08-26,2096.47,2060.368,False,False,
2013-08-27,2103.57,2066.0435,False,False,
2013-08-28,2101.3,2071.4184999999998,False,False,
2013-08-29,2097.23,2074.8265,False,False,
2013-08-30,2098.38,2078.2745,False,False,
2013-09-02,2098.45,2080.6730000000002,False,False,
2013-09-03,2123.11,2083.8035,False,False,
2013-09-04,2127.62,2087.8455,False,False,
2013-09-05,2122.43,2091.722,False,False,
2013-09-06,2139.99,2096.1094999999996,False,False,
2013-09-09,2212.52,2101.6715,False,False,
2013-09-10,2237.98,2108.2625,False,False,
2013-09-11,2241.27,2115.3190000000004,False,False,
2013-09-12,2255.6,2124.005,False,False,
2013-09-13,2236.22,2132.3935,False,False,
2013-09-16,2231.4,2139.6835,False,False,
2013-09-17,2185.56,2145.332,False,False,
2013-09-18,2191.85,2151.2765,False,False,
2013-09-23,2221.04,2158.9725,False,False,
2013-09-24,2207.53,2166.4759999999997,False,False,
2013-09-25,2198.51,2171.5780000000004,False,False,
2013-09-26,2155.81,2174.1899999999996,True,False,entry
2013-09-27,2160.03,2177.1265,False,False,
2013-09-30,2174.67,2180.9985,False,False,
2013-10-08,2198.2,2185.9895,False,True,exit
2013-10-09,2211.77,2191.6555,False,False,
2013-10-10,2190.93,2195.0465,True,False,entry
2013-10-11,2228.15,2200.073,False,True,exit
2013-10-14,2237.77,2205.84,False,False,
2013-10-15,2233.41,2210.511,False,False,
2013-10-16,2193.07,2209.5384999999997,True,False,entry
2013-10-17,2188.54,2207.0665,False,False,
2013-10-18,2193.78,2204.692,False,False,
2013-10-21,2229.24,2203.374,False,True,exit
2013-10-22,2210.65,2202.0955,False,False,
2013-10-23,2183.11,2199.6809999999996,True,False,entry
2013-10-24,2164.32,2198.6189999999997,False,False,
2013-10-25,2132.96,2195.6745,False,False,
2013-10-28,2133.87,2191.316,False,False,
2013-10-29,2128.86,2187.3825,False,False,
2013-10-30,2160.46,2185.48,False,False,
2013-10-31,2141.61,2184.77,False,False,
2013-11-01,2149.56,2184.2465,False,False,
2013-11-04,2149.63,2182.9945,False,False,
2013-11-05,2157.24,2180.9465,False,False,
2013-11-06,2139.61,2177.3385000000003,False,False,
2013-11-07,2129.4,2174.262,False,False,
2013-11-08,2106.13,2168.161,False,False,
2013-11-11,2109.47,2161.746,False,False,
2013-11-12,2126.77,2156.4139999999998,False,False,
2013-11-13,2087.94,2151.1575000000003,False,False,
2013-11-14,2100.51,2146.7560000000003,False,False,
2013-11-15,2135.83,2143.8585,False,False,
2013-11-18,2197.22,2142.2575,False,True,exit
2013-11-19,2193.12,2141.3810000000003,False,False,
2013-11-20,2206.61,2142.556,False,False,
2013-11-21,2205.77,2144.6285,False,False,
2013-11-22,2196.38,2147.7995,False,False,
2013-11-25,2186.11,2150.4115,False,False,
2013-11-26,2183.07,2153.1220000000003,False,False,
2013-11-27,2201.07,2155.1525,False,False,
2013-11-28,2219.37,2159.0405,False,False,
2013-11-29,2220.5,2162.5875,False,False,
2013-12-02,2207.37,2165.4745,False,False,
2013-12-03,2222.67,2168.746,False,False,
2013-12-04,2251.76,2174.3535,False,False,
2013-12-05,2247.06,2180.2365,False,False,
2013-12-06,2237.11,2186.7855,False,False,
2013-12-09,2238.2,2193.222,False,False,
2013-12-10,2237.49,2198.7580000000003,False,False,
2013-12-11,2204.17,2204.5695,True,False,entry
2013-12-12,2202.8,2209.684,False,False,
2013-12-13,2196.07,2212.6960000000004,False,False,
2013-12-16,2160.86,2210.878,False,False,
2013-12-17,2151.08,2208.7760000000003,False,False,
2013-12-18,2148.28,2205.8595,False,False,
2013-12-19,2127.79,2201.9605,False,False,
2013-12-20,2084.79,2196.381,False,False,
2013-12-23,2089.71,2191.561,False,False,
2013-12-24,2092.91,2187.053,False,False,
2013-12-25,2106.35,2182.317,False,False,
2013-12-26,2073.1,2175.0035,False,False,
2013-12-27,2101.25,2169.041,False,False,
2013-12-30,2097.53,2163.549,False,False,
2013-12-31,2115.98,2158.2145,False,False,
2014-01-02,2109.39,2151.096,False,False,
2014-01-03,2083.14,2142.9,False,False,
2014-01-06,2045.71,2133.33,False,False,
2014-01-07,2047.32,2123.7859999999996,False,False,
2014-01-08,2044.34,2114.1285,False,False,
2014-01-09,2027.62,2105.3010000000004,False,False,
2014-01-10,2013.3,2095.826,False,False,
2014-01-13,2009.56,2086.5004999999996,False,False,
2014-01-14,2026.84,2079.7995,False,False,
2014-01-15,2023.35,2073.413,False,False,
2014-01-16,2023.7,2067.184,False,False,
2014-01-17,2004.95,2061.042,False,False,
2014-01-20,1991.25,2056.3650000000002,False,False,
2014-01-21,2008.31,2052.2949999999996,False,False,
2014-01-22,2051.75,2050.237,False,True,exit
2014-01-23,2042.18,2047.0285,True,False,entry
2014-01-24,2054.39,2046.093,False,True,exit
2014-01-27,2033.3,2042.6955000000003,True,False,entry
2014-01-28,2038.51,2039.7445,False,False,
2014-01-29,2049.91,2036.441,False,True,exit
2014-01-30,2033.08,2032.6255,False,False,
2014-02-07,2044.5,2030.6935,False,False,
2014-02-10,2086.07,2032.7115000000001,False,False,
2014-02-11,2103.67,2035.529,False,False,
2014-02-12,2109.96,2038.81,False,False,
2014-02-13,2098.4,2042.3489999999997,False,False,
2014-02-14,2115.85,2047.4765,False,False,
2014-02-17,2135.42,2053.7695,False,False,
2014-02-18,2119.07,2058.3810000000003,False,False,
2014-02-19,2142.55,2064.341,False,False,
2014-02-20,2138.78,2070.095,False,False,
2014-02-21,2113.69,2075.532,False,False,
2014-02-24,2076.69,2079.804,True,False,entry
2014-02-25,2034.22,2081.0995000000003,False,False,
2014-02-26,2041.25,2080.5745,False,False,
2014-02-27,2047.35,2080.833,False,False,
2014-02-28,2056.3,2080.9285,False,False,
2014-03-03,2075.24,2083.0255,False,False,
2014-03-04,2071.47,2084.6735,False,False,
2014-03-05,2053.08,2084.832,False,False,
2014-03-06,2059.58,2086.157,False,False,
2014-03-07,2057.91,2086.8275,False,False,
2014-03-10,1999.06,2082.477,False,False,
2014-03-11,2001.16,2077.3514999999998,False,False,
2014-03-12,1997.69,2071.7380000000003,False,False,
2014-03-13,2019.11,2067.7735000000002,False,False,
2014-03-14,2004.34,2062.198,False,False,
2014-03-17,2023.67,2056.6105,False,False,
2014-03-18,2025.2,2051.917,False,False,
2014-03-19,2021.73,2045.8760000000002,False,False,
2014-03-20,1993.48,2038.611,False,False,
2014-03-21,2047.62,2035.3075000000001,False,True,exit
2014-03-24,2066.28,2034.7869999999998,False,False,
2014-03-25,2067.31,2036.4414999999997,False,False,
2014-03-26,2063.67,2037.5625,False,False,
2014-03-27,2046.59,2037.5245,False,False,
2014-03-28,2041.71,2036.795,False,False,
2014-03-31,2033.31,2034.6984999999997,True,False,entry
2014-04-01,2047.46,2033.4980000000003,False,True,exit
2014-04-02,2058.99,2033.7935000000002,False,False,
2014-04-03,2043.7,2032.9995,False,False,
2014-04-04,2058.83,2033.0455000000002,False,False,
2014-04-08,2098.28,2038.0065,False,False,
2014-04-09,2105.24,2043.2105,False,False,
2014-04-10,2134.3,2050.041,False,False,
2014-04-11,2130.54,2055.6125,False,False,
2014-04-14,2131.54,2061.9725000000003,False,False,
2014-04-15,2101.6,2065.8689999999997,False,False,
2014-04-16,2105.12,2069.8650000000002,False,False,
2014-04-17,2098.89,2073.723,False,False,
2014-04-18,2097.75,2078.9365000000003,False,False,
2014-04-21,2065.83,2079.8469999999998,True,False,entry
2014-04-22,2072.83,2080.1745,False,False,
2014-04-23,2066.36,2080.127,False,False,
2014-04-24,2057.03,2079.7949999999996,False,False,
2014-04-25,2036.52,2079.2915000000003,False,False,
2014-04-28,2003.49,2077.3805,False,False,
2014-04-29,2020.34,2076.732,False,False,
2014-04-30,2026.36,2075.6769999999997,False,False,
2014-05-05,2027.35,2074.095,False,False,
2014-05-06,2028.04,2073.312,False,False,
2014-05-07,2010.08,2070.8745,False,False,
2014-05-08,2015.27,2066.724,False,False,
2014-05-09,2011.14,2062.0190000000002,False,False,
2014-05-12,2052.87,2057.9474999999998,False,False,
2014-05-13,2050.73,2053.957,False,False,
2014-05-14,2047.91,2049.7754999999997,False,False,
2014-05-15,2024.97,2045.944,False,False,
2014-05-16,2026.5,2042.0129999999997,False,False,
2014-05-19,2005.18,2037.3274999999999,False,False,
2014-05-20,2008.12,2032.846,False,False,
2014-05-21,2024.95,2030.8020000000001,False,False,
2014-05-22,2021.29,2028.225,False,False,
2014-05-23,2034.57,2026.6354999999999,False,True,exit
2014-05-26,2041.48,2025.8580000000002,False,False,
2014-05-27,2034.56,2025.7599999999998,False,False,
2014-05-28,2050.23,2028.0970000000002,False,False,
2014-05-29,2040.59,2029.1095,False,False,
2014-05-30,2039.21,2029.752,False,False,
2014-06-03,2038.31,2030.3,False,False,
2014-06-04,2024.83,2030.1395,True,False,entry
2014-06-05,2040.88,2031.6795000000002,False,True,exit
2014-06-06,2029.96,2032.414,True,False,entry
2014-06-09,2030.5,2033.382,False,False,
2014-06-10,2052.53,2033.3650000000002,False,True,exit
2014-06-11,2054.95,2033.5759999999998,False,False,
2014-06-12,2051.71,2033.766,False,False,
2014-06-13,2070.72,2036.0535,False,False,
2014-06-16,2085.98,2039.0275000000001,False,False,
2014-06-17,2066.7,2042.1035,False,False,
2014-06-18,2055.52,2044.4735,False,False,
2014-06-19,2023.73,2044.4125,True,False,entry
2014-06-20,2026.67,2044.6815,False,False,
2014-06-23,2024.36,2044.1709999999998,False,False,
2014-06-24,2033.93,2043.7934999999998,False,False,
2014-06-25,2025.5,2043.3404999999998,False,False,
2014-06-26,2038.68,2042.7630000000001,False,False,
2014-06-27,2036.51,2042.559,False,False,
2014-06-30,2048.33,2043.015,False,True,exit
2014-07-01,2050.38,2043.6185,False,False,
2014-07-02,2059.42,2045.348,False,False,
2014-07-03,2063.23,2046.4654999999998,False,False,
2014-07-04,2059.38,2047.9364999999998,False,False,
2014-07-07,2059.93,2049.408,False,False,
2014-07-08,2064.02,2049.9825,False,False,
2014-07-09,2038.61,2049.1655,True,False,entry
2014-07-10,2038.34,2048.4970000000003,False,False,
2014-07-11,2046.96,2047.309,False,False,
2014-07-14,2066.65,2046.3425,False,True,exit
2014-07-15,2070.36,2046.5255000000002,False,False,
2014-07-16,2067.28,2047.1135,False,False,
2014-07-17,2055.59,2048.7065000000002,False,False,
2014-07-18,2059.07,2050.3265,False,False,
2014-07-21,2054.48,2051.8325,False,False,
2014-07-22,2075.48,2053.9100000000003,False,False,
2014-07-23,2078.49,2056.5595000000003,False,False,
2014-07-24,2105.06,2059.8785,False,False,
2014-07-25,2126.61,2064.3835,False,False,
2014-07-28,2177.95,2070.8645,False,False,
2014-07-29,2183.19,2077.505,False,False,
2014-07-30,2181.24,2083.5960000000005,False,False,
2014-07-31,2201.56,2090.5125,False,False,
2014-08-01,2185.3,2096.8085,False,False,
2014-08-04,2223.33,2104.9785,False,False,
2014-08-05,2219.95,2112.775,False,False,
2014-08-06,2217.47,2121.718,False,False,
2014-08-07,2187.67,2129.1845000000003,False,False,
2014-08-08,2194.43,2136.558,False,False,
2014-08-11,2224.65,2144.4579999999996,False,False,
2014-08-12,2221.59,2152.0195,False,False,
2014-08-13,2222.88,2159.7995,False,False,
2014-08-14,2206.47,2167.3435,False,False,
2014-08-15,2226.73,2175.7264999999998,False,False,
2014-08-18,2239.47,2184.976,False,False,
2014-08-19,2245.33,2193.4685,False,False,
2014-08-20,2240.21,2201.5544999999997,False,False,
2014-08-21,2230.46,2207.8245,False,False,
2014-08-22,2240.81,2213.5345,False,False,
2014-08-25,2229.27,2216.1004999999996,False,False,
2014-08-26,2207.11,2217.2965,True,False,entry
2014-08-27,2209.47,2218.7079999999996,False,False,
2014-08-28,2195.82,2218.421,False,False,
2014-08-29,2217.2,2220.0159999999996,False,False,
2014-09-01,2235.51,2220.625,False,True,exit
2014-09-02,2266.05,2222.93,False,False,
2014-09-03,2288.63,2226.4880000000003,False,False,
2014-09-04,2306.86,2232.4474999999998,False,False,
2014-09-05,2326.43,2239.0474999999997,False,False,
2014-09-09,2326.53,2244.1415,False,False,
2014-09-10,2318.3,2248.977,False,False,
2014-09-11,2311.68,2253.4170000000004,False,False,
2014-09-12,2331.95,2259.691,False,False,
2014-09-15,2339.14,2265.3115,False,False,
2014-09-16,2296.55,2268.1655,False,False,
2014-09-17,2307.89,2271.2935,False,False,
2014-09-18,2315.93,2275.0795000000003,False,False,
2014-09-19,2329.45,2280.029,False,False,
2014-09-22,2289.87,2282.482,False,False,
2014-09-23,2309.72,2286.5045,False,False,
2014-09-24,2343.57,2293.3275000000003,False,False,
2014-09-25,2345.1,2300.109,False,False,
2014-09-26,2347.72,2307.704,False,False,
2014-09-29,2357.71,2314.7295000000004,False,False,
2014-09-30,2363.87,2321.1475,False,False,
2014-10-08,2382.79,2326.9844999999996,False,False,
2014-10-09,2389.37,2332.0215,False,False,
2014-10-10,2374.54,2335.4055,False,False,
2014-10-13,2366.01,2337.3845,False,False,
2014-10-14,2359.48,2339.032,False,False,
2014-10-15,2373.67,2341.8005,False,False,
2014-10-16,2356.5,2344.0415,False,False,
2014-10-17,2341.18,2344.5029999999997,True,False,entry
2014-10-20,2356.73,2345.3825,False,True,exit
2014-10-21,2339.66,2347.5379999999996,True,False,entry
2014-10-22,2326.55,2348.471,False,False,
2014-10-23,2302.42,2347.7954999999997,False,False,
2014-10-24,2302.28,2346.4370000000004,False,False,
2014-10-27,2290.44,2346.4655,False,False,
2014-10-28,2337.87,2347.873,False,False,
2014-10-29,2373.03,2349.346,False,True,exit
2014-10-30,2391.08,2351.645,False,False,
2014-10-31,2420.18,2355.268,False,False,
2014-11-03,2430.03,2358.884,False,False,
2014-11-04,2430.68,2362.2245,False,False,
2014-11-05,2419.25,2364.0475,False,False,
2014-11-06,2425.86,2365.8720000000003,False,False,
2014-11-07,2418.17,2368.0535,False,False,
2014-11-10,2473.67,2373.4365,False,False,
2014-11-11,2469.67,2378.946,False,False,
2014-11-12,2494.48,2384.9865,False,False,
2014-11-13,2485.61,2391.442,False,False,
2014-11-14,2478.82,2398.324,False,False,
2014-11-17,2474.01,2404.188,False,False,
2014-11-18,2456.37,2410.0235000000002,False,False,
2014-11-19,2450.99,2416.2455,False,False,
2014-11-20,2452.66,2423.7575,False,False,
2014-11-21,2486.79,2432.9829999999997,False,False,
2014-11-24,2532.88,2445.105,False,False,
2014-11-25,2567.6,2456.5915,False,False,
2014-11-26,2604.34,2468.157,False,False,
2014-11-27,2630.49,2480.1274999999996,False,False,
2014-11-28,2682.83,2493.2599999999998,False,False,
2014-12-01,2680.16,2505.7665,False,False,
2014-12-02,2763.54,2522.4095,False,False,
2014-12-03,2779.52,2540.423,False,False,
2014-12-04,2899.46,2564.103,False,False,
2014-12-05,2937.65,2590.077,False,False,
2014-12-08,3020.26,2617.4065,False,False,
2014-12-09,2856.27,2636.7365,False,False,
2014-12-10,2940.01,2659.013,False,False,
2014-12-11,2925.74,2681.0195,False,False,
2014-12-12,2938.17,2703.987,False,False,
2014-12-15,2953.42,2727.9575,False,False,
2014-12-16,3021.52,2756.215,False,False,
2014-12-17,3061.02,2786.7164999999995,False,False,
2014-12-18,3057.52,2816.9595,False,False,
2014-12-19,3108.6,2848.05,False,False,
2014-12-22,3127.45,2877.7785,False,False,
2014-12-23,3032.61,2901.0289999999995,False,False,
2014-12-24,2972.53,2919.4385,False,False,
2014-12-25,3072.54,2941.541,False,False,
2014-12-26,3157.6,2965.2795,False,False,
2014-12-29,3168.02,2989.6724999999997,False,False,
2014-12-30,3165.81,3009.786,False,False,
2014-12-31,3234.68,3032.544,False,False,
2015-01-05,3350.52,3055.097,False,False,
2015-01-06,3351.45,3075.787,False,False,
2015-01-07,3373.95,3093.4714999999997,False,False,
2015-01-08,3293.46,3115.331,False,False,
2015-01-09,3285.41,3132.6009999999997,False,False,
2015-01-12,3229.32,3147.7799999999997,False,False,
2015-01-13,3235.3,3162.6365,False,False,
2015-01-14,3222.44,3176.0875,False,False,
2015-01-15,3336.46,3191.8345,False,False,
2015-01-16,3376.5,3207.6085000000003,False,False,
2015-01-19,3116.35,3210.55,True,False,entry
2015-01-20,3173.05,3213.7725,False,False,
2015-01-21,3323.61,3223.5805,False,True,exit
2015-01-22,3343.34,3239.117,False,False,
2015-01-23,3351.76,3258.0785,False,False,
2015-01-26,3383.18,3273.6105000000002,False,False,
2015-01-27,3352.96,3283.3785,False,False,
2015-01-28,3305.74,3290.2644999999998,False,False,
2015-01-29,3262.3,3295.089,True,False,entry
2015-01-30,3210.36,3293.8730000000005,False,False,
2015-02-02,3128.3,3282.762,False,False,
2015-02-03,3204.91,3275.4350000000004,False,False,
2015-02-04,3174.13,3265.444,False,False,
2015-02-05,3136.53,3257.5975,False,False,
2015-02-06,3075.91,3247.1225000000004,False,False,
2015-02-09,3095.12,3240.4125,False,False,
2015-02-10,3141.59,3235.727,False,False,
2015-02-11,3157.7,3232.4900000000002,False,False,
2015-02-12,3173.42,3224.3379999999997,False,False,
2015-02-13,3203.83,3215.7045,False,False,
2015-02-16,3222.36,3221.005,False,True,exit
2015-02-17,3246.91,3224.6980000000003,False,False,
2015-02-25,3228.84,3219.9595,False,False,
2015-02-26,3298.36,3217.7105,False,False,
2015-02-27,3310.3,3215.6375,False,False,
2015-03-02,3336.28,3213.2925,False,False,
2015-03-03,3263.05,3208.797,False,False,
2015-03-04,3279.53,3207.4865,False,False,
2015-03-05,3248.48,3206.7954999999997,False,False,
2015-03-06,3241.19,3208.3370000000004,False,False,
2015-03-09,3302.41,3217.0425,False,False,
2015-03-10,3286.07,3221.1004999999996,False,False,
2015-03-11,3290.9,3226.939,False,False,
2015-03-12,3349.32,3237.5785,False,False,
2015-03-13,3372.91,3252.4285,False,False,
2015-03-16,3449.3,3270.1375,False,False,
2015-03-17,3502.85,3288.2005,False,False,
2015-03-18,3577.3,3309.1805,False,False,
2015-03-19,3582.27,3329.6230000000005,False,False,
2015-03-20,3617.32,3350.2974999999997,False,False,
2015-03-23,3687.73,3373.5660000000003,False,False,
2015-03-24,3691.41,3395.7909999999997,False,False,
2015-03-25,3660.73,3417.3855000000003,False,False,
2015-03-26,3682.09,3436.572,False,False,
2015-03-27,3691.096,3455.6118,False,False,
2015-03-30,3786.57,3478.1263,False,False,
2015-03-31,3747.9,3502.3688,False,False,
2015-04-01,3810.29,3528.9067999999997,False,False,
2015-04-02,3825.78,3557.7718,False,False,
2015-04-03,3863.93,3588.9088,False,False,
2015-04-07,3961.38,3621.8572999999997,False,False,
2015-04-08,3994.81,3657.2943,False,False,
2015-04-09,3957.53,3690.6258000000003,False,False,
2015-04-10,4034.31,3724.8753000000006,False,False,
2015-04-13,4121.71,3762.3152999999998,False,False,
2015-04-14,4135.56,3796.6282999999994,False,False,
2015-04-15,4084.16,3825.6938,False,False,
2015-04-16,4194.82,3856.5698,False,False,
2015-04-17,4287.3,3891.8213000000005,False,False,
2015-04-20,4217.08,3921.8093,False,False,
2015-04-21,4293.62,3952.1038,False,False,
2015-04-22,4398.49,3987.4578,False,False,
2015-04-23,4414.51,4025.1468,False,False,
2015-04-24,4393.69,4060.7267999999995,False,False,
2015-04-27,4527.4,4102.5419999999995,False,False,
2015-04-28,4476.21,4137.023999999999,False,False,
2015-04-29,4476.62,4173.46,False,False,
2015-04-30,4441.65,4205.028,False,False,
2015-05-04,4480.46,4237.762000000001,False,False,
2015-05-05,4298.71,4259.500999999999,False,False,
2015-05-06,4229.27,4272.8955000000005,True,False,entry
2015-05-07,4112.21,4278.7655,False,False,
2015-05-08,4205.92,4291.1849999999995,False,False,
2015-05-11,4333.58,4306.1485,False,True,exit
2015-05-12,4401.22,4320.124000000001,False,False,
2015-05-13,4375.76,4332.134,False,False,
2015-05-14,4378.31,4346.8415,False,False,
2015-05-15,4308.69,4352.535,True,False,entry
2015-05-18,4283.49,4352.344499999999,False,False,
2015-05-19,4417.55,4362.368,False,True,exit
2015-05-20,4446.29,4370.0015,False,False,
2015-05-21,4529.42,4376.548000000001,False,False,
2015-05-22,4657.6,4388.702499999999,False,False,
2015-05-25,4813.8,4409.708,False,False,
2015-05-26,4910.9,4428.883,False,False,
2015-05-27,4941.71,4452.158,False,False,
2015-05-28,4620.27,4459.3405,False,False,
2015-05-29,4611.74,4467.845,False,False,
2015-06-01,4828.74,4485.259,False,False,
2015-06-02,4910.53,4515.85,False,False,
2015-06-03,4909.98,4549.8855,False,False,
2015-06-04,4947.1,4591.629999999999,False,False,
2015-06-05,5023.1,4632.489,False,False,
2015-06-08,5131.88,4672.4039999999995,False,False,
2015-06-09,5113.53,4708.0195,False,False,
2015-06-10,5106.04,4744.5335,False,False,
2015-06-11,5121.59,4781.6975,False,False,
2015-06-12,5166.35,4824.5805,False,False,
2015-06-15,5062.99,4863.5554999999995,False,False,
2015-06-16,4887.43,4887.0495,False,False,
2015-06-17,4967.9,4913.129999999999,False,False,
2015-06-18,4785.36,4925.927,True,False,entry
2015-06-19,4478.36,4916.965,False,False,
2015-06-23,4576.49,4905.0995,False,False,
2015-06-24,4690.15,4894.062,False,False,
2015-06-25,4527.78,4873.3655,False,False,
2015-06-26,4192.87,4851.9955,False,False,
2015-06-29,4053.03,4824.0599999999995,False,False,
2015-06-30,4277.22,4796.484,False,False,
2015-07-01,4053.7,4753.6425,False,False,
2015-07-02,3912.77,4703.782,False,False,
2015-07-03,3686.92,4640.773,False,False,
2015-07-06,3775.91,4578.4135,False,False,
2015-07-07,3727.12,4508.175499999999,False,False,
2015-07-08,3507.19,4427.8585,False,False,
2015-07-09,3709.33,4358.022999999999,False,False,
2015-07-10,3877.8,4295.8335,False,False,
2015-07-13,3970.39,4236.0355,False,False,
2015-07-14,3924.49,4179.110500000001,False,False,
2015-07-15,3805.7,4125.023999999999,False,False,
2015-07-16,3823.18,4067.7880000000005,False,False,
2015-07-17,3957.35,4026.3875,False,False,
2015-07-20,3992.11,4002.075,False,False,
2015-07-21,4017.68,3974.1345,False,True,exit
2015-07-22,4026.04,3940.929,False,False,
2015-07-23,4123.92,3920.736,False,False,
2015-07-24,4070.91,3914.638,False,False,
2015-07-27,3725.56,3898.2644999999998,True,False,entry
2015-07-28,3663.0,3867.5534999999995,False,False,
2015-07-29,3789.17,3854.3269999999998,False,False,
2015-07-30,3705.77,3843.977,False,False,
2015-07-31,3663.73,3842.8174999999997,False,False,
2015-08-03,3622.91,3835.1675000000005,False,False,
2015-08-04,3756.54,3836.6384999999996,False,False,
2015-08-05,3694.57,3846.0074999999997,False,False,
2015-08-06,3661.54,3843.618,False,False,
2015-08-07,3744.21,3836.9385,False,False,
2015-08-10,3928.42,3834.84,False,True,exit
2015-08-11,3927.91,3835.011,False,False,
2015-08-12,3886.32,3839.042,False,False,
2015-08-13,3954.56,3845.6109999999994,False,False,
2015-08-14,3965.33,3846.0099999999998,False,False,
2015-08-17,3993.67,3846.0879999999997,False,False,
2015-08-18,3748.16,3832.6119999999996,True,False,entry
2015-08-19,3794.11,3821.0155,False,False,
2015-08-20,3664.29,3798.0340000000006,False,False,
2015-08-21,3507.74,3769.8754999999996,False,False,
2015-08-24,3209.91,3744.093,False,False,
2015-08-25,2964.97,3709.1915,False,False,
2015-08-26,2927.29,3666.0975,False,False,
2015-08-27,3083.59,3634.9885000000004,False,False,
2015-08-28,3232.35,3613.4195,False,False,
2015-08-31,3205.99,3592.5735,False,False,
2015-09-01,3166.62,3563.0775000000003,False,False,
2015-09-02,3160.17,3536.3574999999996,False,False,
2015-09-07,3080.42,3507.3015,False,False,
2015-09-08,3170.45,3478.6135000000004,False,False,
2015-09-09,3243.09,3444.347,False,False,
2015-09-10,3197.89,3407.846,False,False,
2015-09-11,3200.23,3373.5415000000003,False,False,
2015-09-14,3114.8,3331.5534999999995,False,False,
2015-09-15,3005.17,3283.5455,False,False,
2015-09-16,3152.26,3241.475,False,False,
2015-09-17,3086.06,3208.37,False,False,
2015-09-18,3097.92,3173.5605,False,False,
2015-09-21,3156.54,3148.173,False,True,exit
2015-09-22,3185.62,3132.067,False,False,
2015-09-23,3115.89,3127.366,True,False,entry
2015-09-24,3142.69,3136.252,False,True,exit
2015-09-25,3092.35,3144.505,True,False,entry
2015-09-28,3100.76,3145.3635000000004,False,False,
2015-09-29,3038.14,3135.6530000000002,False,False,
2015-09-30,3052.78,3127.9925,False,False,
2015-10-08,3143.36,3126.8295000000003,False,True,exit
2015-10-09,3183.15,3127.9785,False,False,
2015-10-12,3287.66,3138.3405,False,False,
2015-10-13,3293.23,3144.4795000000004,False,False,
2015-10-14,3262.44,3145.4469999999997,False,False,
2015-10-15,3338.07,3152.4559999999997,False,False,
2015-10-16,3391.35,3162.012,False,False,
2015-10-19,3386.7,3175.607,False,False,
2015-10-20,3425.33,3196.6150000000002,False,False,
2015-10-21,3320.68,3205.036,False,False,
2015-10-22,3368.74,3219.17,False,False,
2015-10-23,3412.43,3234.8955,False,False,
2015-10-26,3429.58,3248.5475,False,False,
2015-10-27,3434.34,3260.9835,False,False,
2015-10-28,3375.2,3273.9489999999996,False,False,
2015-10-29,3387.31,3286.1799999999994,False,False,
2015-10-30,3382.56,3300.6904999999997,False,False,
2015-11-02,3325.08,3311.9064999999996,False,False,
2015-11-03,3316.7,3325.8345,True,False,entry
2015-11-04,3459.64,3346.1775000000002,False,True,exit
2015-11-05,3522.82,3365.1504999999997,False,False,
2015-11-06,3590.03,3385.4945,False,False,
2015-11-09,3646.88,3403.4555,False,False,
2015-11-10,3640.49,3420.8185,False,False,
2015-11-11,3650.25,3440.2090000000003,False,False,
2015-11-12,3632.9,3454.9505,False,False,
2015-11-13,3580.84,3464.425,False,False,
2015-11-16,3606.96,3475.4379999999996,False,False,
2015-11-17,3604.79,3484.411,False,False,
2015-11-18,3568.47,3496.8005000000003,False,False,
2015-11-19,3617.06,3509.2165,False,False,
2015-11-20,3630.5,3520.1200000000003,False,False,
2015-11-23,3610.31,3529.1565,False,False,
2015-11-24,3616.11,3538.245,False,False,
2015-11-25,3647.93,3551.8814999999995,False,False,
2015-11-26,3635.55,3564.2934999999998,False,False,
2015-11-27,3436.3,3566.9805,True,False,entry
2015-11-30,3445.41,3572.9970000000003,False,False,
2015-12-01,3456.31,3579.9775,False,False,
2015-12-02,3536.91,3583.8410000000003,False,False,
2015-12-03,3584.82,3586.941,False,False,
2015-12-04,3524.99,3583.689,False,False,
2015-12-07,3536.93,3578.1915,False,False,
2015-12-08,3470.07,3569.6705,False,False,
2015-12-09,3472.44,3560.78,False,False,
2015-12-10,3455.5,3551.9100000000008,False,False,
2015-12-11,3434.58,3544.597,False,False,
2015-12-14,3520.67,3540.2825000000003,False,False,
2015-12-15,3510.35,3535.5604999999996,False,False,
2015-12-16,3516.19,3532.9464999999996,False,False,
2015-12-17,3580.0,3531.0935,False,True,exit
2015-12-18,3578.96,3528.5165,False,False,
2015-12-21,3642.47,3530.1245000000004,False,False,
2015-12-22,3651.77,3531.9075,False,False,
2015-12-23,3636.09,3531.3155000000006,False,False,
2015-12-24,3612.49,3530.1625,False,False,
2015-12-25,3627.91,3539.743,False,False,
2015-12-28,3533.78,3544.1614999999997,True,False,entry
2015-12-29,3563.74,3549.5330000000004,False,True,exit
2015-12-30,3572.88,3551.3314999999993,False,False,
2015-12-31,3539.18,3549.0495,True,False,entry
2016-01-04,3296.66,3537.6330000000003,False,False,
2016-01-05,3287.71,3525.172,False,False,
2016-01-06,3361.84,3519.7604999999994,False,False,
2016-01-07,3125.0,3502.3884999999996,False,False,
2016-01-08,3186.41,3488.9339999999997,False,False,
2016-01-11,3016.7,3468.0399999999995,False,False,
2016-01-12,3022.86,3443.1494999999995,False,False,
2016-01-13,2949.6,3415.112,False,False,
2016-01-14,3007.65,3389.685,False,False,
2016-01-15,2900.97,3355.7335,False,False,
2016-01-18,2913.84,3322.4775,False,False,
2016-01-19,3007.74,3290.7410000000004,False,False,
2016-01-20,2976.69,3256.987,False,False,
2016-01-21,2880.48,3219.2065,False,False,
2016-01-22,2916.56,3184.4100000000003,False,False,
2016-01-25,2938.51,3149.9399999999996,False,False,
2016-01-26,2749.79,3110.7405,False,False,
2016-01-27,2735.56,3069.3315000000002,False,False,
2016-01-28,2655.66,3023.4705,False,False,
2016-01-29,2737.6,2983.3914999999997,False,False,
2016-02-01,2688.85,2953.0009999999997,False,False,
2016-02-02,2749.57,2926.094,False,False,
2016-02-03,2739.25,2894.9644999999996,False,False,
2016-02-04,2781.02,2877.7655,False,False,
2016-02-05,2763.49,2856.6195,False,False,
2016-02-15,2746.2,2843.0945,False,False,
2016-02-16,2836.57,2833.7799999999997,False,True,exit
2016-02-17,2867.34,2829.667,False,False,
2016-02-18,2862.89,2822.429,False,False,
2016-02-19,2860.02,2820.3815000000004,False,False,
2016-02-22,2927.18,2821.0485,False,False,
2016-02-23,2903.33,2815.828,False,False,
2016-02-24,2928.9,2813.4384999999997,False,False,
2016-02-25,2741.25,2806.477,True,False,entry
2016-02-26,2767.21,2799.0094999999997,False,False,
2016-02-29,2687.98,2786.483,False,False,
2016-03-01,2733.17,2785.652,False,False,
2016-03-02,2849.68,2791.3579999999997,False,True,exit
2016-03-03,2859.76,2801.563,False,False,
2016-03-04,2874.15,2808.3905000000004,False,False,
2016-03-07,2897.34,2818.815,False,False,
2016-03-08,2901.39,2826.406,False,False,
2016-03-09,2862.56,2832.5714999999996,False,False,
2016-03-10,2804.73,2833.757,True,False,entry
2016-03-11,2810.31,2836.098,False,False,
2016-03-14,2859.5,2841.763,False,True,exit
2016-03-15,2864.37,2843.153,False,False,
2016-03-16,2870.43,2843.3075,False,False,
2016-03-17,2904.83,2845.4045,False,False,
2016-03-18,2955.15,2850.1609999999996,False,False,
2016-03-21,3018.8,2854.7419999999997,False,False,
2016-03-22,2999.36,2859.5435,False,False,
2016-03-23,3009.96,2863.5965,False,False,
2016-03-24,2960.97,2874.5825,False,False,
2016-03-25,2979.43,2885.1935000000003,False,False,
2016-03-28,2957.82,2898.6855,False,False,
2016-03-29,2919.83,2908.0185,False,False,
2016-03-30,3000.65,2915.567,False,False,
2016-03-31,3003.92,2922.775,False,False,
2016-04-01,3009.53,2929.544,False,False,
2016-04-05,3053.07,2937.3305,False,False,
2016-04-06,3050.59,2944.7905,False,False,
2016-04-07,3008.42,2952.0835,False,False,
2016-04-08,2984.96,2961.0950000000003,False,False,
2016-04-11,3033.96,2972.2775,False,False,
2016-04-12,3023.65,2980.485,False,False,
2016-04-13,3066.64,2990.5985,False,False,
2016-04-14,3082.36,3001.195,False,False,
2016-04-15,3078.12,3009.8594999999996,False,False,
2016-04-18,3033.66,3013.7850000000003,False,False,
2016-04-19,3042.82,3014.986,False,False,
2016-04-20,2972.58,3013.647,True,False,entry
2016-04-21,2952.89,3010.7935,False,False,
2016-04-22,2959.24,3010.707,False,False,
2016-04-25,2946.67,3009.069,False,False,
2016-04-26,2964.7,3009.413,False,False,
2016-04-27,2953.67,3011.105,False,False,
2016-04-28,2945.59,3008.352,False,False,
2016-04-29,2938.32,3005.072,False,False,
2016-05-03,2992.64,3004.2275,False,False,
2016-05-04,2991.27,3001.1375,False,False,
2016-05-05,2997.84,2998.5,False,False,
2016-05-06,2913.25,2993.7415,False,False,
2016-05-09,2832.11,2986.0989999999997,False,False,
2016-05-10,2832.59,2976.0305,False,False,
2016-05-11,2837.04,2966.7,False,False,
2016-05-12,2835.86,2955.161,False,False,
2016-05-13,2827.11,2942.3985000000002,False,False,
2016-05-16,2850.86,2931.0355000000004,False,False,
2016-05-17,2843.68,2921.5365,False,False,
2016-05-18,2807.51,2909.7709999999997,False,False,
2016-05-19,2806.91,2901.4875,False,False,
2016-05-20,2825.48,2895.1169999999997,False,False,
2016-05-23,2843.65,2889.3375,False,False,
2016-05-24,2821.67,2883.0875,False,False,
2016-05-25,2815.09,2875.607,False,False,
2016-05-26,2822.44,2869.0455,False,False,
2016-05-27,2821.05,2862.8185000000003,False,False,
2016-05-30,2822.45,2857.0250000000005,False,False,
2016-05-31,2916.62,2853.2239999999997,False,True,exit
2016-06-01,2913.51,2849.3360000000002,False,False,
2016-06-02,2925.23,2845.7055000000005,False,False,
2016-06-03,2938.68,2846.977,False,False,
2016-06-06,2934.1,2852.0765,False,False,
2016-06-07,2936.04,2857.2490000000003,False,False,
2016-06-08,2927.16,2861.755,False,False,
2016-06-13,2833.07,2861.6155,True,False,entry
2016-06-14,2842.19,2862.3695,False,False,
2016-06-15,2887.21,2864.187,False,True,exit
2016-06-16,2872.82,2865.644,False,False,
2016-06-17,2885.1,2869.5235000000002,False,False,
2016-06-20,2888.81,2873.6184999999996,False,False,
2016-06-21,2878.56,2876.2725,False,False,
2016-06-22,2905.55,2879.3675,False,False,
2016-06-23,2891.96,2882.8820000000005,False,False,
2016-06-24,2854.29,2884.8419999999996,True,False,entry
2016-06-27,2895.7,2888.505,False,True,exit
2016-06-28,2912.56,2893.0805,False,False,
2016-06-29,2931.59,2898.5375,False,False,
2016-06-30,2929.61,2899.1870000000004,False,False,
2016-07-01,2932.48,2900.1355,False,False,
2016-07-04,2988.6,2903.3039999999996,False,False,
2016-07-05,3006.39,2906.6894999999995,False,False,
2016-07-06,3017.29,2910.8489999999997,False,False,
2016-07-07,3016.85,2914.8894999999998,False,False,
2016-07-08,2988.09,2917.936,False,False,
2016-07-11,2994.92,2926.0285,False,False,
2016-07-12,3049.38,2936.388,False,False,
2016-07-13,3060.69,2945.062,False,False,
2016-07-14,3054.02,2954.1220000000003,False,False,
2016-07-15,3054.3,2962.582,False,False,
2016-07-18,3043.56,2970.3195000000005,False,False,
2016-07-19,3036.6,2978.2215,False,False,
2016-07-20,3027.9,2984.3390000000004,False,False,
2016-07-21,3039.01,2991.6915,False,False,
2016-07-22,3012.82,2999.618,False,False,
2016-07-25,3015.83,3005.6245,False,False,
2016-07-26,3050.17,3012.505,False,False,
2016-07-27,2992.0,3015.5254999999997,True,False,entry
2016-07-28,2994.32,3018.761,False,False,
2016-07-29,2979.34,3021.1040000000003,False,False,
2016-08-01,2953.39,3019.3435,False,False,
2016-08-02,2971.28,3017.588,False,False,
2016-08-03,2978.46,3015.6465,False,False,
2016-08-04,2982.43,3013.9255000000003,False,False,
2016-08-05,2976.7,3013.356,False,False,
2016-08-08,3004.28,3013.824,False,False,
2016-08-09,3025.68,3012.639,False,True,exit
2016-08-10,3018.75,3010.5420000000004,False,False,
2016-08-11,3002.64,3007.973,True,False,entry
2016-08-12,3050.67,3007.7915000000003,False,True,exit
2016-08-15,3125.2,3011.8735,False,False,
2016-08-16,3110.04,3015.5454999999997,False,False,
2016-08-17,3109.55,3019.6279999999997,False,False,
2016-08-18,3104.11,3022.8830000000003,False,False,
2016-08-19,3108.1,3027.647,False,False,
2016-08-22,3084.81,3031.096,False,False,
2016-08-23,3089.71,3033.0730000000003,False,False,
2016-08-24,3085.88,3037.7670000000003,False,False,
2016-08-25,3068.33,3041.4675,False,False,
2016-08-26,3070.31,3046.016,False,False,
2016-08-29,3070.03,3051.848,False,False,
2016-08-30,3074.68,3057.018,False,False,
2016-08-31,3085.49,3062.3695,False,False,
2016-09-01,3063.31,3066.4135,True,False,entry
2016-09-02,3067.35,3070.946,False,False,
2016-09-05,3072.1,3074.337,False,False,
2016-09-06,3090.71,3077.5885,False,True,exit
2016-09-07,3091.93,3081.2475,False,False,
2016-09-08,3095.95,3085.9129999999996,False,False,
2016-09-09,3078.85,3087.322,True,False,entry
2016-09-12,3021.98,3082.161,False,False,
2016-09-13,3023.51,3077.8345,False,False,
2016-09-14,3002.85,3072.4995,False,False,
2016-09-19,3026.05,3068.5965,False,False,
2016-09-20,3023.0,3064.3415,False,False,
2016-09-21,3025.87,3061.3945,False,False,
2016-09-22,3042.31,3059.0245,False,False,
2016-09-23,3033.9,3056.4255000000003,False,False,
2016-09-26,2980.43,3052.0305,False,False,
2016-09-27,2998.17,3048.4235,False,False,
2016-09-28,2987.86,3044.315,False,False,
2016-09-29,2998.48,3040.505,False,False,
2016-09-30,3004.7,3036.4655000000002,False,False,
2016-10-10,3048.14,3035.707,False,True,exit
2016-10-11,3065.25,3035.602,False,False,
2016-10-12,3058.5,3034.922,False,False,
2016-10-13,3061.35,3033.454,False,False,
2016-10-14,3063.81,3032.048,False,False,
2016-10-17,3041.17,3029.3089999999997,False,False,
2016-10-18,3083.88,3029.5605,False,False,
2016-10-19,3084.72,3032.6975,False,False,
2016-10-20,3084.46,3035.745,False,False,
2016-10-21,3090.94,3040.1495,False,False,
2016-10-24,3128.25,3045.2594999999997,False,False,
2016-10-25,3131.94,3050.7065,False,False,
2016-10-26,3116.31,3055.2285,False,False,
2016-10-27,3112.35,3058.7305,False,False,
2016-10-28,3104.27,3062.249,False,False,
2016-10-31,3100.49,3068.252,False,False,
2016-11-01,3122.44,3074.4655,False,False,
2016-11-02,3102.73,3080.209,False,False,
2016-11-03,3128.94,3086.732,False,False,
2016-11-04,3125.32,3092.763,False,False,
2016-11-07,3133.33,3097.0225,False,False,
2016-11-08,3147.89,3101.1544999999996,False,False,
2016-11-09,3128.37,3104.648,False,False,
2016-11-10,3171.28,3110.1445,False,False,
2016-11-11,3196.04,3116.7560000000003,False,False,
2016-11-14,3210.37,3125.216,False,False,
2016-11-15,3206.99,3131.3715,False,False,
2016-11-16,3205.06,3137.3885,False,False,
2016-11-17,3208.45,3143.5879999999997,False,False,
2016-11-18,3192.86,3148.684,False,False,
2016-11-21,3218.15,3153.179,False,False,
2016-11-22,3248.35,3158.9995,False,False,
2016-11-23,3241.14,3165.241,False,False,
2016-11-24,3241.74,3171.7105,False,False,
2016-11-25,3261.94,3179.594,False,False,
2016-11-28,3277.0,3188.4195,False,False,
2016-11-29,3282.92,3196.4435000000003,False,False,
2016-11-30,3250.03,3203.8085,False,False,
2016-12-01,3273.31,3211.027,False,False,
2016-12-02,3243.84,3216.9530000000004,False,False,
2016-12-05,3204.71,3220.522,True,False,entry
2016-12-06,3199.65,3223.1099999999997,False,False,
2016-12-07,3222.24,3227.8035,False,False,
2016-12-08,3215.37,3230.008,False,False,
2016-12-09,3232.88,3231.85,False,True,exit
2016-12-12,3152.97,3228.9800000000005,True,False,entry
2016-12-13,3155.04,3226.3824999999997,False,False,
2016-12-14,3140.53,3223.156,False,False,
2016-12-15,3117.68,3218.6175000000003,False,False,
2016-12-16,3122.98,3215.1235,False,False,
2016-12-19,3118.08,3210.12,False,False,
2016-12-20,3102.88,3202.8465,False,False,
2016-12-21,3137.43,3197.661,False,False,
2016-12-22,3139.56,3192.5519999999997,False,False,
2016-12-23,3110.15,3184.9625,False,False,
2016-12-26,3122.57,3177.241,False,False,
2016-12-27,3114.66,3168.828,False,False,
2016-12-28,3102.24,3161.4384999999997,False,False,
2016-12-29,3096.1,3152.578,False,False,
2016-12-30,3103.64,3145.5679999999998,False,False,
2017-01-03,3135.92,3142.1285,False,False,
2017-01-04,3158.79,3140.0854999999997,False,True,exit
2017-01-05,3165.41,3137.2439999999997,False,False,
2017-01-06,3154.32,3134.1915,False,False,
2017-01-09,3171.24,3131.1094999999996,False,False,
2017-01-10,3161.67,3131.5445,False,False,
2017-01-11,3136.75,3130.63,False,False,
2017-01-12,3119.29,3129.5679999999998,True,False,entry
2017-01-13,3112.76,3129.3219999999997,False,False,
2017-01-16,3103.43,3128.3445,False,False,
2017-01-17,3108.77,3127.879,False,False,
2017-01-18,3113.01,3128.3855,False,False,
2017-01-19,3101.3,3126.579,False,False,
2017-01-20,3123.14,3125.7580000000003,False,False,
2017-01-23,3136.77,3127.089,False,True,exit
2017-01-24,3142.55,3128.088,False,False,
2017-01-25,3149.55,3129.8325,False,False,
2017-01-26,3159.17,3132.679,False,False,
2017-02-03,3140.17,3134.8825,False,False,
2017-02-06,3156.98,3137.5495,False,False,
2017-02-07,3153.09,3138.408,False,False,
2017-02-08,3166.98,3138.8175,False,False,
2017-02-09,3183.18,3139.706,False,False,
2017-02-10,3196.7,3141.825,False,False,
2017-02-13,3216.84,3144.1050000000005,False,False,
2017-02-14,3217.93,3146.918,False,False,
2017-02-15,3212.99,3150.73,False,False,
2017-02-16,3229.62,3156.2465,False,False,
2017-02-17,3202.08,3160.7125,False,False,
2017-02-20,3239.96,3167.5389999999998,False,False,
2017-02-21,3253.33,3174.767,False,False,
2017-02-22,3261.22,3182.1775000000002,False,False,
2017-02-23,3251.38,3189.6814999999997,False,False,
2017-02-24,3253.43,3196.196,False,False,
2017-02-27,3228.66,3200.7905,False,False,
2017-02-28,3241.73,3205.7495,False,False,
2017-03-01,3246.93,3210.6184999999996,False,False,
2017-03-02,3230.03,3214.1614999999997,False,False,
2017-03-03,3218.31,3218.0685000000003,False,False,
2017-03-06,3233.87,3221.9129999999996,False,False,
2017-03-07,3242.41,3226.379,False,False,
2017-03-08,3240.66,3230.0629999999996,False,False,
2017-03-09,3216.75,3231.7414999999996,True,False,entry
2017-03-10,3212.76,3232.5445,False,False,
2017-03-13,3237.02,3233.5534999999995,False,True,exit
2017-03-14,3239.33,3234.6234999999997,False,False,
2017-03-15,3241.76,3236.062,False,False,
2017-03-16,3268.94,3238.0280000000002,False,False,
2017-03-17,3237.45,3239.7965,True,False,entry
2017-03-20,3250.81,3240.339,False,True,exit
2017-03-21,3261.61,3240.7529999999997,False,False,
2017-03-22,3245.22,3239.953,False,False,
2017-03-23,3248.55,3239.8115000000003,False,False,
2017-03-24,3269.45,3240.6125,False,False,
2017-03-27,3266.96,3242.5274999999997,False,False,
2017-03-28,3252.95,3243.0885000000003,False,False,
2017-03-29,3241.31,3242.8075,True,False,entry
2017-03-30,3210.24,3241.818,False,False,
2017-03-31,3222.51,3242.028,False,False,
2017-04-05,3270.31,3243.85,False,True,exit
2017-04-06,3281.0,3245.7794999999996,False,False,
2017-04-07,3286.62,3248.0775000000003,False,False,
2017-04-10,3269.39,3250.7095,False,False,
2017-04-11,3288.97,3254.52,False,False,
2017-04-12,3273.83,3256.3605000000002,False,False,
2017-04-13,3275.96,3258.192,False,False,
2017-04-14,3246.07,3258.4075000000003,True,False,entry
2017-04-17,3222.17,3256.069,False,False,
2017-04-18,3196.71,3254.032,False,False,
2017-04-19,3170.69,3250.0260000000003,False,False,
2017-04-20,3172.1,3245.5505000000003,False,False,
2017-04-21,3173.15,3241.947,False,False,
2017-04-24,3129.53,3235.996,False,False,
2017-04-25,3134.57,3229.252,False,False,
2017-04-26,3140.85,3222.9465,False,False,
2017-04-27,3152.19,3217.9085,False,False,
2017-04-28,3154.66,3213.576,False,False,
2017-05-02,3143.71,3210.2495000000004,False,False,
2017-05-03,3135.35,3205.8915,False,False,
2017-05-04,3127.37,3198.7445,False,False,
2017-05-05,3103.04,3189.8465,False,False,
2017-05-08,3078.61,3179.446,False,False,
2017-05-09,3080.53,3170.0029999999997,False,False,
2017-05-10,3052.78,3158.1935,False,False,
2017-05-11,3061.5,3147.5769999999998,False,False,
2017-05-12,3083.51,3137.9545,False,False,
2017-05-15,3090.23,3130.1625,False,False,
2017-05-16,3112.96,3124.702,False,False,
2017-05-17,3104.44,3120.0885000000003,False,False,
2017-05-18,3090.14,3116.061,False,False,
2017-05-19,3090.63,3111.9875,False,False,
2017-05-22,3075.68,3107.114,False,False,
2017-05-23,3061.95,3103.7349999999997,False,False,
2017-05-24,3064.08,3100.2105,False,False,
2017-05-25,3107.83,3098.5595000000003,False,True,exit
2017-05-26,3110.06,3096.453,False,False,
2017-05-31,3117.18,3094.579,False,False,
2017-06-01,3102.62,3092.5245,False,False,
2017-06-02,3105.54,3091.034,False,False,
2017-06-05,3091.66,3089.2485,False,False,
2017-06-06,3102.13,3089.203,False,False,
2017-06-07,3140.32,3092.2885,False,False,
2017-06-08,3150.33,3095.7785,False,False,
2017-06-09,3158.4,3101.0595,False,False,
2017-06-12,3139.88,3104.9785,False,False,
2017-06-13,3153.74,3108.4900000000002,False,False,
2017-06-14,3130.67,3110.5119999999997,False,False,
2017-06-15,3132.49,3111.4885,False,False,
2017-06-16,3123.17,3112.425,False,False,
2017-06-19,3144.37,3115.1364999999996,False,False,
2017-06-20,3140.01,3117.6055,False,False,
2017-06-21,3156.21,3121.632,False,False,
2017-06-22,3147.45,3125.907,False,False,
2017-06-23,3157.87,3130.5965,False,False,
2017-06-26,3185.44,3134.477,False,False,
2017-06-27,3191.2,3138.534,False,False,
2017-06-28,3173.2,3141.335,False,False,
2017-06-29,3188.06,3145.607,False,False,
2017-06-30,3192.43,3149.9515,False,False,
2017-07-03,3195.91,3155.1639999999998,False,False,
2017-07-04,3182.8,3159.1974999999998,False,False,
2017-07-05,3207.13,3162.5379999999996,False,False,
2017-07-06,3212.44,3165.6435,False,False,
2017-07-07,3217.96,3168.6215,False,False,
2017-07-10,3212.63,3172.259,False,False,
2017-07-11,3203.04,3174.7239999999997,False,False,
2017-07-12,3197.54,3178.0675,False,False,
2017-07-13,3218.16,3182.351,False,False,
2017-07-14,3222.42,3187.3135,False,False,
2017-07-17,3176.46,3188.918,True,False,entry
2017-07-18,3187.57,3191.296,False,False,
2017-07-19,3230.98,3195.0345,False,True,exit
2017-07-20,3244.86,3199.905,False,False,
2017-07-21,3237.98,3203.9105,False,False,
2017-07-24,3250.6,3207.1684999999998,False,False,
2017-07-25,3243.69,3209.793,False,False,
2017-07-26,3247.67,3213.5165,False,False,
2017-07-27,3249.78,3216.6025,False,False,
2017-07-28,3253.24,3219.643,False,False,
2017-07-31,3273.03,3223.4990000000003,False,False,
2017-08-01,3292.64,3228.991,False,False,
2017-08-02,3285.06,3232.8875,False,False,
2017-08-03,3272.93,3235.912,False,False,
2017-08-04,3262.08,3238.118,False,False,
2017-08-07,3279.46,3241.4595,False,False,
2017-08-08,3281.87,3245.4010000000003,False,False,
2017-08-09,3275.57,3249.3025000000002,False,False,
2017-08-10,3261.75,3251.482,False,False,
2017-08-11,3208.54,3250.788,True,False,entry
2017-08-14,3237.36,3253.833,False,False,
2017-08-15,3251.26,3257.0175,False,False,
2017-08-16,3246.45,3257.791,False,False,
2017-08-17,3268.43,3258.9695,False,True,exit
2017-08-18,3268.72,3260.5065,False,False,
2017-08-21,3286.91,3262.322,False,False,
2017-08-22,3290.23,3264.649,False,False,
2017-08-23,3287.7,3266.6505,False,False,
2017-08-24,3271.51,3267.737,False,False,
2017-08-25,3331.52,3271.651,False,False,
2017-08-28,3362.65,3276.132,False,False,
2017-08-29,3365.23,3279.7614999999996,False,False,
2017-08-30,3363.63,3283.69,False,False,
2017-08-31,3360.81,3288.0840000000003,False,False,
2017-09-01,3367.12,3293.3360000000002,False,False,
2017-09-04,3379.58,3298.3419999999996,False,False,
2017-09-05,3384.32,3303.4644999999996,False,False,
2017-09-06,3385.39,3308.9555,False,False,
2017-09-07,3365.5,3314.143,False,False,
2017-09-08,3365.24,3321.978,False,False,
2017-09-11,3376.42,3328.9309999999996,False,False,
2017-09-12,3379.49,3335.3425,False,False,
2017-09-13,3384.15,3342.2275,False,False,
2017-09-14,3371.43,3347.3775,False,False,
2017-09-15,3353.62,3351.6225,False,False,
2017-09-18,3362.86,3355.4199999999996,False,False,
2017-09-19,3356.84,3358.7505000000006,True,False,entry
2017-09-20,3366.0,3362.6655,False,True,exit
2017-09-21,3357.81,3366.9805,True,False,entry
2017-09-22,3352.53,3368.031,False,False,
2017-09-25,3341.55,3366.976,False,False,
2017-09-26,3343.58,3365.8935000000006,False,False,
2017-09-27,3345.27,3364.9754999999996,False,False,
2017-09-28,3339.64,3363.917,False,False,
2017-09-29,3348.94,3363.0080000000003,False,False,
2017-10-09,3374.38,3362.7479999999996,False,True,exit
2017-10-10,3382.99,3362.6814999999997,False,False,
2017-10-11,3388.28,3362.826,False,False,
2017-10-12,3386.1,3363.8559999999998,False,False,
2017-10-13,3390.52,3365.12,False,False,
2017-10-16,3378.47,3365.2225,False,False,
2017-10-17,3372.04,3364.85,False,False,
2017-10-18,3381.79,3364.732,False,False,
2017-10-19,3370.17,3364.6690000000003,False,False,
2017-10-20,3378.65,3365.9205,False,False,
2017-10-23,3380.7,3366.8125,False,False,
2017-10-24,3388.25,3368.3830000000003,False,False,
2017-10-25,3396.9,3369.928,False,False,
2017-10-26,3407.57,3372.416,False,False,
2017-10-27,3416.81,3375.6299999999997,False,False,
2017-10-30,3390.34,3378.0695,False,False,
2017-10-31,3393.34,3380.5575,False,False,
2017-11-01,3395.91,3383.0894999999996,False,False,
2017-11-02,3383.31,3385.2729999999997,True,False,entry
2017-11-03,3371.74,3386.4129999999996,False,False,
2017-11-06,3388.17,3387.1025,False,True,exit
2017-11-07,3413.57,3388.6315000000004,False,False,
2017-11-08,3415.46,3389.9905,False,False,
2017-11-09,3427.79,3392.075,False,False,
2017-11-10,3432.67,3394.1825,False,False,
2017-11-13,3447.84,3397.6509999999994,False,False,
2017-11-14,3429.55,3400.5265,False,False,
2017-11-15,3402.52,3401.5630000000006,False,False,
2017-11-16,3399.25,3403.0170000000007,True,False,entry
2017-11-17,3382.91,3403.2300000000005,False,False,
2017-11-20,3392.4,3403.815,False,False,
2017-11-21,3410.5,3404.9275000000002,False,True,exit
2017-11-22,3430.46,3406.6055,False,False,
2017-11-23,3351.92,3403.8229999999994,True,False,entry
2017-11-24,3353.82,3400.6735,False,False,
2017-11-27,3322.23,3397.268,False,False,
2017-11-28,3333.66,3394.2839999999997,False,False,
2017-11-29,3337.86,3391.3815000000004,False,False,
2017-11-30,3317.19,3388.0755,False,False,
2017-12-01,3317.62,3385.3695,False,False,
2017-12-04,3309.62,3381.442,False,False,
2017-12-05,3303.68,3375.9474999999998,False,False,
2017-12-06,3293.96,3369.8725,False,False,
2017-12-07,3272.05,3362.0855,False,False,
2017-12-08,3289.99,3354.9515,False,False,
2017-12-11,3322.2,3348.6695,False,False,
2017-12-12,3280.81,3341.2324999999996,False,False,
2017-12-13,3303.04,3336.2585,False,False,
2017-12-14,3292.44,3330.918,False,False,
2017-12-15,3266.14,3325.0795,False,False,
2017-12-18,3267.92,3318.8555,False,False,
2017-12-19,3296.54,3313.1575000000003,False,False,
2017-12-20,3287.61,3306.0150000000003,False,False,
2017-12-21,3300.06,3303.422,False,False,
2017-12-22,3297.06,3300.584,False,False,
2017-12-25,3280.46,3298.4955,False,False,
2017-12-26,3306.12,3297.1184999999996,False,True,exit
2017-12-27,3275.78,3294.0144999999998,True,False,entry
2017-12-28,3296.38,3292.9739999999997,False,True,exit
2017-12-29,3307.17,3292.4515,False,False,
2018-01-02,3348.33,3294.3869999999997,False,False,
2018-01-03,3369.11,3297.6585,False,False,
2018-01-04,3385.71,3302.246,False,False,
2018-01-05,3391.75,3308.2310000000007,False,False,
2018-01-08,3409.48,3314.2055,False,False,
2018-01-09,3413.9,3318.7905,False,False,
2018-01-10,3421.83,3325.8415,False,False,
2018-01-11,3425.34,3331.9565000000002,False,False,
2018-01-12,3428.94,3338.7815,False,False,
2018-01-15,3410.49,3345.999,False,False,
2018-01-16,3436.59,3354.4325000000003,False,False,
2018-01-17,3444.67,3361.839,False,False,
2018-01-18,3474.75,3371.196,False,False,
2018-01-19,3487.86,3380.5860000000002,False,False,
2018-01-22,3501.36,3390.8010000000004,False,False,
2018-01-23,3546.5,3404.103,False,False,
2018-01-24,3559.47,3416.7705,False,False,
2018-01-25,3548.31,3430.397,False,False,
2018-01-26,3558.13,3443.4845,False,False,
2018-01-29,3523.0,3454.2760000000003,False,False,
2018-01-30,3488.01,3461.2599999999998,False,False,
2018-01-31,3480.83,3466.846,False,False,
2018-02-01,3446.98,3469.9094999999993,True,False,entry
2018-02-02,3462.08,3473.4259999999995,False,False,
2018-02-05,3487.5,3477.3269999999998,False,True,exit
2018-02-06,3370.65,3475.1645000000003,True,False,entry
2018-02-07,3309.26,3469.536,False,False,
2018-02-08,3262.05,3461.3715,False,False,
2018-02-09,3129.85,3446.417,False,False,
2018-02-12,3154.13,3433.5989999999997,False,False,
2018-02-13,3184.96,3421.0175000000004,False,False,
2018-02-14,3199.16,3408.7419999999997,False,False,
2018-02-22,3268.56,3398.4325000000003,False,False,
2018-02-23,3289.02,3388.4905,False,False,
2018-02-26,3329.57,3379.9010000000003,False,False,
2018-02-27,3292.07,3367.1794999999997,False,False,
2018-02-28,3259.41,3352.1765,False,False,
2018-03-01,3273.75,3338.4485,False,False,
2018-03-02,3254.53,3323.2684999999997,False,False,
2018-03-05,3256.93,3309.965,False,False,
2018-03-06,3289.64,3300.0465000000004,False,False,
2018-03-07,3271.67,3289.5885000000003,False,False,
2018-03-08,3288.41,3281.66,False,True,exit
2018-03-09,3307.17,3273.9145,False,False,
2018-03-12,3326.7,3265.8745,False,False,
2018-03-13,3310.24,3262.8540000000003,False,False,
2018-03-14,3291.38,3261.96,False,False,
2018-03-15,3291.11,3263.4129999999996,False,False,
2018-03-16,3269.88,3270.4145,True,False,entry
2018-03-19,3279.25,3276.6705,False,True,exit
2018-03-20,3290.64,3281.9545,False,False,
2018-03-21,3280.95,3286.0440000000003,True,False,entry
2018-03-22,3263.48,3285.79,False,False,
2018-03-23,3152.76,3278.977,False,False,
2018-03-26,3133.72,3269.1845,False,False,
2018-03-27,3166.65,3262.9134999999997,False,False,
2018-03-28,3122.29,3256.0575,False,False,
2018-03-29,3160.53,3250.3965,False,False,
2018-03-30,3168.9,3246.115,False,False,
2018-04-02,3163.18,3241.4275000000002,False,False,
2018-04-03,3136.63,3233.777,False,False,
2018-04-04,3131.11,3226.749,False,False,
2018-04-09,3138.29,3219.243,False,False,
2018-04-10,3190.32,3213.4005,False,False,
2018-04-11,3208.08,3207.4695,False,True,exit
2018-04-12,3180.16,3200.9655,True,False,entry
2018-04-13,3159.05,3194.3489999999997,False,False,
2018-04-16,3110.65,3185.326,False,False,
2018-04-17,3066.8,3175.172,False,False,
2018-04-18,3091.4,3165.7794999999996,False,False,
2018-04-19,3117.38,3157.1165,False,False,
2018-04-20,3071.54,3146.646,False,False,
2018-04-23,3068.01,3136.8725,False,False,
2018-04-24,3128.93,3135.6809999999996,False,False,
2018-04-25,3117.97,3134.8935,False,False,
2018-04-26,3075.03,3130.3125,False,False,
2018-04-27,3082.23,3128.3095000000003,False,False,
2018-05-02,3081.18,3124.342,False,False,
2018-05-03,3100.86,3120.94,False,False,
2018-05-04,3091.03,3117.3325,False,False,
2018-05-07,3136.64,3117.333,False,True,exit
2018-05-08,3161.5,3118.8525,False,False,
2018-05-09,3159.15,3119.8955,False,False,
2018-05-10,3174.41,3119.1,False,False,
2018-05-11,3163.26,3116.859,False,False,
2018-05-14,3174.03,3116.5525000000002,False,False,
2018-05-15,3192.12,3118.206,False,False,
2018-05-16,3169.57,3121.152,False,False,
2018-05-17,3154.28,3125.526,False,False,
2018-05-18,3193.3,3130.621,False,False,
2018-05-21,3213.84,3135.444,False,False,
2018-05-22,3214.35,3142.5845,False,False,
2018-05-23,3168.96,3147.6320000000005,False,False,
2018-05-24,3154.65,3148.918,False,False,
2018-05-25,3141.3,3150.0845,True,False,entry
2018-05-28,3135.08,3153.0870000000004,False,False,
2018-05-29,3120.46,3154.9985,False,False,
2018-05-30,3041.44,3153.0115,False,False,
2018-05-31,3095.47,3152.7419999999997,False,False,
2018-06-01,3075.14,3151.9474999999998,False,False,
2018-06-04,3091.19,3149.675,False,False,
2018-06-05,3114.21,3147.3105,False,False,
2018-06-06,3115.18,3145.112,False,False,
2018-06-07,3109.5,3141.8665,False,False,
2018-06-08,3067.15,3137.061,False,False,
2018-06-11,3052.78,3130.9985,False,False,
2018-06-12,3079.8,3125.3825,False,False,
2018-06-13,3049.8,3119.394,False,False,
2018-06-14,3044.16,3113.888,False,False,
2018-06-15,3021.9,3105.318,False,False,
2018-06-19,2907.82,3090.0170000000003,False,False,
2018-06-20,2915.73,3075.0860000000002,False,False,
2018-06-21,2875.81,3060.4285,False,False,
2018-06-22,2889.76,3047.184,False,False,
2018-06-25,2859.34,3033.0860000000002,False,False,
2018-06-26,2844.51,3018.5575,False,False,
2018-06-27,2813.18,3003.1935000000003,False,False,
2018-06-28,2786.9,2990.4664999999995,False,False,
2018-06-29,2847.42,2978.0640000000003,False,False,
2018-07-02,2775.56,2963.085,False,False,
2018-07-03,2786.89,2947.87,False,False,
2018-07-04,2759.13,2930.116,False,False,
2018-07-05,2733.88,2911.0510000000004,False,False,
2018-07-06,2747.23,2892.9375,False,False,
2018-07-09,2815.11,2880.3355,False,False,
2018-07-10,2827.63,2869.0780000000004,False,False,
2018-07-11,2777.77,2853.9764999999998,False,False,
2018-07-12,2837.66,2843.3695000000002,False,False,
2018-07-13,2831.18,2832.7205000000004,False,False,
2018-07-16,2814.04,2822.3275,False,False,
2018-07-17,2798.13,2816.843,False,False,
2018-07-18,2787.26,2810.4195000000004,False,False,
2018-07-19,2772.55,2805.2565,False,False,
2018-07-20,2829.27,2802.2320000000004,False,True,exit
2018-07-23,2859.54,2802.2419999999997,False,False,
2018-07-24,2905.56,2805.2945,False,False,
2018-07-25,2903.65,2809.818,False,False,
2018-07-26,2882.23,2814.5845,False,False,
2018-07-27,2873.59,2815.893,False,False,
2018-07-30,2869.05,2820.5675,False,False,
2018-07-31,2876.4,2825.043,False,False,
2018-08-01,2824.53,2828.313,True,False,entry
2018-08-02,2768.02,2830.02,False,False,
2018-08-03,2740.44,2829.6805,False,False,
2018-08-06,2705.16,2824.183,False,False,
2018-08-07,2779.37,2821.77,False,False,
2018-08-08,2744.07,2820.085,False,False,
2018-08-09,2794.38,2817.921,False,False,
2018-08-10,2795.31,2816.1274999999996,False,False,
2018-08-13,2785.87,2814.719,False,False,
2018-08-14,2780.96,2813.8605,False,False,
2018-08-15,2723.26,2810.6605,False,False,
2018-08-16,2705.19,2807.2925000000005,False,False,
2018-08-17,2668.97,2799.2774999999997,False,False,
2018-08-20,2698.47,2791.2239999999997,False,False,
2018-08-21,2733.83,2782.6375,False,False,
2018-08-22,2714.61,2773.1855,False,False,
2018-08-23,2724.62,2765.305,False,False,
2018-08-24,2729.43,2758.0969999999998,False,False,
2018-08-27,2780.9,2753.6895,False,True,exit
2018-08-28,2777.98,2748.7685,False,False,
2018-08-29,2769.29,2746.0065000000004,False,False,
2018-08-30,2737.74,2744.4925,True,False,entry
2018-08-31,2725.25,2743.733,False,False,
2018-09-03,2720.73,2744.5114999999996,False,False,
2018-09-04,2750.58,2743.0719999999997,False,True,exit
2018-09-05,2704.34,2741.0855,True,False,entry
2018-09-06,2691.59,2735.946,False,False,
2018-09-07,2702.3,2731.2955,False,False,
2018-09-10,2669.48,2725.4759999999997,False,False,
2018-09-11,2664.8,2719.668,False,False,
2018-09-12,2656.11,2716.3105,False,False,
2018-09-13,2686.58,2715.38,False,False,
2018-09-14,2681.64,2716.0135,False,False,
2018-09-17,2651.79,2713.6795,False,False,
2018-09-18,2699.95,2711.9855,False,False,
2018-09-19,2730.85,2712.7974999999997,False,True,exit
2018-09-20,2729.24,2713.0285,False,False,
2018-09-21,2797.48,2716.431,False,False,
2018-09-25,2781.14,2716.443,False,False,
2018-09-26,2806.81,2717.8844999999997,False,False,
2018-09-27,2791.77,2719.0085,False,False,
2018-09-28,2821.35,2723.189,False,False,
2018-10-08,2716.51,2722.752,True,False,entry
2018-10-09,2721.01,2722.7660000000005,False,False,
2018-10-10,2725.84,2721.529,False,True,exit
2018-10-11,2583.46,2715.4849999999997,True,False,entry
2018-10-12,2606.91,2711.251,False,False,
2018-10-15,2568.1,2704.541,False,False,
2018-10-16,2546.33,2698.3835000000004,False,False,
2018-10-17,2561.61,2693.2239999999997,False,False,
2018-10-18,2486.42,2684.7395,False,False,
2018-10-19,2550.47,2677.934,False,False,
2018-10-22,2654.88,2676.596,False,False,
2018-10-23,2594.83,2673.748,False,False,
2018-10-24,2603.3,2668.9155,False,False,
2018-10-25,2603.8,2662.563,False,False,
2018-10-26,2598.85,2656.0435,False,False,
2018-10-29,2542.1,2643.2745,False,False,
2018-10-30,2568.05,2632.62,False,False,
2018-10-31,2602.78,2622.4185,False,False,
2018-11-01,2606.24,2613.142,False,False,
2018-11-02,2676.48,2605.8985000000002,False,True,exit
2018-11-05,2665.43,2603.3445,False,False,
2018-11-06,2659.36,2600.262,False,False,
2018-11-07,2641.34,2596.037,False,False,
2018-11-08,2635.63,2598.6455,False,False,
2018-11-09,2598.87,2598.2434999999996,False,False,
2018-11-12,2630.52,2601.3645,False,False,
2018-11-13,2654.88,2606.792,False,False,
2018-11-14,2632.24,2610.3234999999995,False,False,
2018-11-15,2668.17,2619.411,False,False,
2018-11-16,2679.11,2625.843,False,False,
2018-11-19,2703.51,2628.2745,False,False,
2018-11-20,2645.85,2630.8255,False,False,
2018-11-21,2651.51,2633.236,False,False,
2018-11-22,2645.43,2635.3175,False,False,
2018-11-23,2579.48,2634.349,True,False,entry
2018-11-26,2575.81,2636.0345,False,False,
2018-11-27,2574.68,2636.366,False,False,
2018-11-28,2601.74,2636.314,False,False,
2018-11-29,2567.44,2634.3740000000003,False,False,
2018-11-30,2588.19,2629.9595,False,False,
2018-12-03,2654.8,2629.428,False,True,exit
2018-12-04,2665.96,2629.758,False,False,
2018-12-05,2649.81,2630.1815,False,False,
2018-12-06,2605.18,2628.659,True,False,entry
2018-12-07,2605.89,2629.01,False,False,
2018-12-10,2584.58,2626.7129999999997,False,False,
2018-12-11,2594.09,2623.6735,False,False,
2018-12-12,2602.15,2622.1690000000003,False,False,
2018-12-13,2634.05,2620.4629999999997,False,True,exit
2018-12-14,2593.74,2616.1945,True,False,entry
2018-12-17,2597.97,2610.9175,False,False,
2018-12-18,2576.65,2607.4575,False,False,
2018-12-19,2549.56,2602.36,False,False,
2018-12-20,2536.27,2596.902,False,False,
2018-12-21,2516.25,2593.7405,False,False,
2018-12-24,2527.01,2591.3005000000003,False,False,
2018-12-25,2504.82,2587.8075,False,False,
2018-12-26,2498.29,2582.635,False,False,
2018-12-27,2483.09,2578.4175,False,False,
2018-12-28,2493.9,2573.703,False,False,
2019-01-02,2465.29,2564.2275,False,False,
2019-01-03,2464.36,2554.1475,False,False,
2019-01-04,2514.87,2547.4004999999997,False,False,
2019-01-07,2533.09,2543.796,False,False,
2019-01-08,2526.46,2539.8244999999997,False,False,
2019-01-09,2544.34,2537.8125000000005,False,True,exit
2019-01-10,2535.1,2534.8630000000003,False,False,
2019-01-11,2553.83,2532.447,False,False,
2019-01-14,2535.77,2527.5330000000004,False,False,
2019-01-15,2570.34,2526.363,False,False,
2019-01-16,2570.42,2524.9855000000002,False,False,
2019-01-17,2559.64,2524.135,False,False,
2019-01-18,2596.01,2526.4574999999995,False,False,
2019-01-21,2610.51,2530.1695,False,False,
2019-01-22,2579.7,2533.342,False,False,
2019-01-23,2581.0,2536.0415000000003,False,False,
2019-01-24,2591.69,2540.3849999999998,False,False,
2019-01-25,2601.72,2545.5564999999997,False,False,
2019-01-28,2596.98,2551.251,False,False,
2019-01-29,2594.25,2556.2685,False,False,
2019-01-30,2575.58,2561.783,False,False,
2019-01-31,2584.57,2567.7934999999998,False,False,
2019-02-01,2618.23,2572.9615000000003,False,False,
2019-02-11,2653.9,2579.002,False,False,
2019-02-12,2671.89,2586.2735000000002,False,False,
2019-02-13,2721.07,2595.1099999999997,False,False,
2019-02-14,2719.7,2604.3399999999997,False,False,
2019-02-15,2682.39,2610.768,False,False,
2019-02-18,2754.36,2621.6974999999998,False,False,
2019-02-19,2755.65,2630.963,False,False,
2019-02-20,2761.22,2640.5029999999997,False,False,
2019-02-21,2751.8,2650.111,False,False,
2019-02-22,2804.23,2660.522,False,False,
2019-02-25,2961.28,2678.0605,False,False,
2019-02-26,2941.52,2696.1515,False,False,
2019-02-27,2953.82,2714.7925,False,False,
2019-02-28,2940.95,2732.2555,False,False,
2019-03-01,2994.0,2751.8695,False,False,
2019-03-04,3027.58,2773.3995,False,False,
2019-03-05,3054.25,2796.3995,False,False,
2019-03-06,3102.1,2822.7255,False,False,
2019-03-07,3106.42,2848.818,False,False,
2019-03-08,2969.86,2866.3995,False,False,
2019-03-11,3026.99,2885.054,False,False,
2019-03-12,3060.31,2904.475,False,False,
2019-03-13,3026.95,2919.769,False,False,
2019-03-14,2990.69,2933.3185000000003,False,False,
2019-03-15,3021.75,2950.2865,False,False,
2019-03-18,3096.42,2967.3895,False,False,
2019-03-19,3090.98,2984.156,False,False,
2019-03-20,3090.64,3000.627,False,False,
2019-03-21,3101.46,3018.1099999999997,False,False,
2019-03-22,3104.15,3033.106,False,False,
2019-03-25,3043.03,3037.1935000000003,False,False,
2019-03-26,2997.1,3039.9725,True,False,entry
2019-03-27,3022.72,3043.4175,False,False,
2019-03-28,2994.94,3046.117,False,False,
2019-03-29,3090.76,3050.955,False,True,exit
2019-04-01,3170.36,3058.094,False,False,
2019-04-02,3176.82,3064.2225,False,False,
2019-04-03,3216.3,3069.9325,False,False,
2019-04-04,3246.57,3076.94,False,False,
2019-04-08,3244.81,3090.6875,False,False,
2019-04-09,3239.66,3101.321,False,False,
2019-04-10,3241.93,3110.402,False,False,
2019-04-11,3189.96,3118.5525000000002,False,False,
2019-04-12,3188.63,3128.4494999999997,False,False,
2019-04-15,3177.79,3136.2515,False,False,
2019-04-16,3253.6,3144.1105,False,False,
2019-04-17,3263.12,3152.7174999999997,False,False,
2019-04-18,3250.2,3160.6955,False,False,
2019-04-19,3270.8,3169.1625,False,False,
2019-04-22,3215.04,3174.707,False,False,
2019-04-23,3198.59,3182.4849999999997,False,False,
2019-04-24,3201.61,3192.7105,False,False,
2019-04-25,3123.83,3197.766,True,False,entry
2019-04-26,3086.4,3202.339,False,False,
2019-04-29,3062.5,3200.9260000000004,False,False,
2019-04-30,3078.34,3196.325,False,False,
2019-05-06,2906.46,3182.8070000000002,False,False,
2019-05-07,2926.39,3168.3115000000003,False,False,
2019-05-08,2893.76,3150.671,False,False,
2019-05-09,2850.95,3130.978,False,False,
2019-05-10,2939.21,3115.9555,False,False,
2019-05-13,2903.71,3099.0445,False,False,
2019-05-14,2883.61,3083.727,False,False,
2019-05-15,2938.68,3071.2295000000004,False,False,
2019-05-16,2955.71,3060.1255,False,False,
2019-05-17,2882.3,3041.5605000000005,False,False,
2019-05-20,2870.6,3021.9345000000003,False,False,
2019-05-21,2905.97,3004.7230000000004,False,False,
2019-05-22,2891.7,2985.768,False,False,
2019-05-23,2852.52,2967.642,False,False,
2019-05-24,2852.99,2950.362,False,False,
2019-05-27,2892.38,2934.9005,False,False,
2019-05-28,2909.91,2924.2045000000003,False,False,
2019-05-29,2914.7,2915.6195,False,False,
2019-05-30,2905.81,2907.785,False,False,
2019-05-31,2898.7,2898.8030000000003,False,False,
2019-06-03,2890.08,2897.9839999999995,False,False,
2019-06-04,2862.28,2894.7785,False,False,
2019-06-05,2861.42,2893.1615,False,False,
2019-06-06,2827.8,2892.004,False,False,
2019-06-10,2852.13,2887.65,False,False,
2019-06-11,2925.72,2888.7505,False,True,exit
2019-06-12,2909.38,2890.0389999999998,False,False,
2019-06-13,2910.74,2888.642,False,False,
2019-06-14,2881.97,2884.955,True,False,entry
2019-06-17,2887.62,2885.221,False,True,exit
2019-06-18,2890.16,2886.1989999999996,False,False,
2019-06-19,2917.8,2886.7905,False,False,
2019-06-20,2987.12,2891.5615,False,False,
2019-06-21,3001.98,2899.0345,False,False,
2019-06-24,3008.15,2906.7925,False,False,
2019-06-25,2982.07,2911.277,False,False,
2019-06-26,2976.28,2914.5955,False,False,
2019-06-27,2996.79,2918.7,False,False,
2019-06-28,2978.88,2922.3535,False,False,
2019-07-01,3044.9,2929.6634999999997,False,False,
2019-07-02,3043.94,2937.3565000000003,False,False,
2019-07-03,3015.26,2945.0055,False,False,
2019-07-04,3005.25,2952.197,False,False,
2019-07-05,3011.06,2961.36,False,False,
2019-07-08,2933.36,2965.4215,True,False,entry
2019-07-09,2928.23,2965.5469999999996,False,False,
2019-07-10,2915.3,2965.843,False,False,
2019-07-11,2917.76,2966.1940000000004,False,False,
2019-07-12,2930.55,2968.623,False,False,
2019-07-15,2942.19,2971.3514999999998,False,False,
2019-07-16,2937.62,2973.7245000000003,False,False,
2019-07-17,2931.69,2974.419,False,False,
2019-07-18,2901.18,2970.1220000000003,False,False,
2019-07-19,2924.2,2966.233,False,False,
2019-07-22,2886.97,2960.174,False,False,
2019-07-23,2899.94,2956.0675,False,False,
2019-07-24,2923.28,2953.4175,False,False,
2019-07-25,2937.36,2950.446,False,False,
2019-07-26,2944.54,2948.7290000000003,False,False,
2019-07-29,2941.01,2943.5345,False,False,
2019-07-30,2952.34,2938.9545,False,True,exit
2019-07-31,2932.51,2934.817,True,False,entry
2019-08-01,2908.77,2929.993,False,False,
2019-08-02,2867.84,2922.832,False,False,
2019-08-05,2821.5,2917.239,False,False,
2019-08-06,2777.56,2909.7055,False,False,
2019-08-07,2768.68,2902.3745,False,False,
2019-08-08,2794.55,2896.214,False,False,
2019-08-09,2774.75,2888.424,False,False,
2019-08-12,2814.99,2882.064,False,False,
2019-08-13,2797.26,2875.046,False,False,
2019-08-14,2808.91,2868.907,False,False,
2019-08-15,2815.8,2864.638,False,False,
2019-08-16,2823.82,2859.6189999999997,False,False,
2019-08-19,2883.1,2859.4255000000003,False,True,exit
2019-08-20,2880.0,2858.4285,False,False,
2019-08-21,2880.33,2856.281,False,False,
2019-08-22,2883.44,2853.585,False,False,
2019-08-23,2897.43,2851.2295000000004,False,False,
2019-08-26,2863.57,2847.3575,False,False,
2019-08-27,2902.19,2844.85,False,False,
2019-08-28,2893.76,2842.9125,False,False,
2019-08-29,2890.92,2842.0199999999995,False,False,
2019-08-30,2886.24,2842.94,False,False,
2019-09-02,2924.11,2848.0705000000003,False,False,
2019-09-03,2930.15,2855.7,False,False,
2019-09-04,2957.41,2865.1365,False,False,
2019-09-05,2985.86,2874.702,False,False,
2019-09-06,2999.6,2885.9445,False,False,
2019-09-09,3024.74,2896.432,False,False,
2019-09-10,3021.2,2907.629,False,False,
2019-09-11,3008.81,2917.624,False,False,
2019-09-12,3031.24,2928.3959999999997,False,False,
2019-09-16,3030.75,2938.7425,False,False,
2019-09-17,2978.12,2943.4935,False,False,
2019-09-18,2985.66,2948.7765,False,False,
2019-09-19,2999.28,2954.724,False,False,
2019-09-20,3006.45,2960.8745,False,False,
2019-09-23,2977.08,2964.857,False,False,
2019-09-24,2985.34,2970.9455,False,False,
2019-09-25,2955.43,2973.6075,True,False,entry
2019-09-26,2929.09,2975.3740000000003,False,False,
2019-09-27,2932.17,2977.4365,False,False,
2019-09-30,2905.19,2978.384,False,False,
2019-10-08,2913.57,2977.857,False,False,
2019-10-09,2924.86,2977.5925,False,False,
2019-10-10,2947.71,2977.1075,False,False,
2019-10-11,2973.66,2976.4975,False,False,
2019-10-14,3007.88,2976.9115,False,True,exit
2019-10-15,2991.05,2975.227,False,False,
2019-10-16,2978.71,2973.1025,False,False,
2019-10-17,2977.33,2971.5285,False,False,
2019-10-18,2938.14,2966.8735,True,False,entry
2019-10-21,2939.62,2962.317,False,False,
2019-10-22,2954.38,2961.13,False,False,
2019-10-23,2941.62,2958.9280000000003,False,False,
2019-10-24,2940.92,2956.0099999999998,False,False,
2019-10-25,2954.93,2953.434,False,True,exit
2019-10-28,2980.05,2953.5825,False,False,
2019-10-29,2954.18,2952.0245000000004,False,False,
2019-10-30,2939.32,2951.219,True,False,entry
2019-10-31,2929.06,2951.2174999999997,False,False,
2019-11-01,2958.2,2952.519,False,True,exit
2019-11-04,2975.49,2956.034,False,False,
2019-11-05,2991.56,2959.9335,False,False,
2019-11-06,2978.6,2962.6205,False,False,
2019-11-07,2978.71,2964.1704999999997,False,False,
2019-11-08,2964.18,2963.6965,False,False,
2019-11-11,2909.97,2958.801,True,False,entry
2019-11-12,2914.82,2954.9895,False,False,
2019-11-13,2905.24,2951.316,False,False,
2019-11-14,2909.87,2947.943,False,False,
2019-11-15,2891.34,2945.603,False,False,
2019-11-18,2909.2,2944.082,False,False,
2019-11-19,2933.99,2943.0625,False,False,
2019-11-20,2911.05,2941.534,False,False,
2019-11-21,2903.64,2939.67,False,False,
2019-11-22,2885.29,2936.188,False,False,
2019-11-25,2906.17,2932.4939999999997,False,False,
2019-11-26,2907.06,2930.138,False,False,
2019-11-27,2903.19,2928.3315,False,False,
2019-11-28,2889.69,2926.363,False,False,
2019-11-29,2871.98,2922.052,False,False,
2019-12-02,2875.81,2917.0679999999998,False,False,
2019-12-03,2884.7,2911.725,False,False,
2019-12-04,2878.12,2906.701,False,False,
2019-12-05,2899.47,2902.739,False,False,
2019-12-06,2912.01,2900.1305,False,True,exit
2019-12-09,2914.48,2900.3559999999998,False,False,
2019-12-10,2917.32,2900.481,False,False,
2019-12-11,2924.42,2901.44,False,False,
2019-12-12,2915.7,2901.7315,False,False,
2019-12-13,2967.68,2905.5485,False,False,
2019-12-16,2984.39,2909.308,False,False,
2019-12-17,3022.42,2913.7295,False,False,
2019-12-18,3017.04,2919.0289999999995,False,False,
2019-12-19,3017.07,2924.7005,False,False,
2019-12-20,3004.94,2930.683,False,False,
2019-12-23,2962.75,2933.5119999999997,False,False,
2019-12-24,2982.68,2937.293,False,False,
2019-12-25,2981.88,2941.2275,False,False,
2019-12-26,3007.35,2947.1105000000002,False,False,
2019-12-27,3005.04,2953.7635,False,False,
2019-12-30,3040.02,2961.974,False,False,
2019-12-31,3050.12,2970.245,False,False,
2020-01-02,3085.2,2980.599,False,False,
2020-01-03,3083.79,2989.815,False,False,
2020-01-06,3083.41,2998.3849999999998,False,False,
2020-01-07,3104.8,3007.9010000000003,False,False,
2020-01-08,3066.89,3015.3795,False,False,
2020-01-09,3094.88,3023.9024999999997,False,False,
2020-01-10,3092.29,3032.732,False,False,
2020-01-13,3115.57,3040.1265,False,False,
2020-01-14,3106.82,3046.248,False,False,
2020-01-15,3090.04,3049.629,False,False,
2020-01-16,3074.08,3052.481,False,False,
2020-01-17,3075.5,3055.4025,False,False,
2020-01-20,3095.79,3059.945,False,False,
2020-01-21,3052.14,3064.4145,True,False,entry
2020-01-22,3060.75,3068.318,False,False,
2020-01-23,2976.53,3068.0505000000003,False,False,
2020-02-03,2746.61,3055.0135,False,False,
2020-02-04,2783.29,3043.9260000000004,False,False,
2020-02-05,2818.09,3032.8295,False,False,
2020-02-06,2866.51,3023.6490000000003,False,False,
2020-02-07,2875.96,3013.187,False,False,
2020-02-10,2890.49,3003.522,False,False,
2020-02-11,2901.67,2994.4350000000004,False,False,
2020-02-12,2926.9,2985.54,False,False,
2020-02-13,2906.07,2977.4990000000003,False,False,
2020-02-14,2917.01,2968.6055,False,False,
2020-02-17,2983.62,2963.172,False,True,exit
2020-02-18,2984.97,2956.6420000000003,False,False,
2020-02-19,2975.4,2950.0710000000004,False,False,
2020-02-20,3030.15,2947.0765,False,False,
2020-02-21,3039.67,2945.356,False,False,
2020-02-24,3031.23,2943.1425,False,False,
2020-02-25,3013.05,2939.0055,False,False,
2020-02-26,2987.93,2935.795,False,False,
2020-02-27,2991.33,2932.324,False,False,
2020-02-28,2880.3,2927.5125,True,False,entry
2020-03-02,2970.93,2938.7285,False,True,exit
2020-03-03,2992.9,2949.209,False,False,
2020-03-04,3011.67,2958.888,False,False,
2020-03-05,3071.68,2969.1465,False,False,
2020-03-06,3034.51,2977.074,False,False,
2020-03-09,2943.29,2979.7140000000004,True,False,entry
2020-03-10,2996.76,2984.4685,False,True,exit
2020-03-11,2968.52,2986.5495,True,False,entry
2020-03-12,2923.49,2987.4204999999997,False,False,
2020-03-13,2887.43,2985.9415,False,False,
2020-03-16,2789.25,2976.223,False,False,
2020-03-17,2779.64,2965.9565,False,False,
2020-03-18,2728.76,2953.6245,False,False,
2020-03-19,2702.13,2937.2235,False,False,
2020-03-20,2745.62,2922.5209999999997,False,False,
2020-03-23,2660.17,2903.968,False,False,
2020-03-24,2722.44,2889.4375,False,False,
2020-03-25,2781.59,2879.1205,False,False,
2020-03-26,2764.91,2867.7995,False,False,
2020-03-27,2772.2,2862.3945,False,False,
2020-03-30,2747.21,2851.2084999999997,False,False,
2020-03-31,2750.3,2839.0785,False,False,
2020-04-01,2734.52,2825.221,False,False,
2020-04-02,2780.64,2810.6690000000003,False,False,
2020-04-03,2763.99,2797.143,False,False,
2020-04-07,2820.76,2791.0165,False,True,exit
2020-04-08,2815.37,2781.947,False,False,
2020-04-09,2825.9,2774.816,False,False,
2020-04-10,2796.63,2768.473,False,False,
2020-04-13,2783.05,2763.254,False,False,
2020-04-14,2827.28,2765.1555,False,False,
2020-04-15,2811.17,2766.732,False,False,
2020-04-16,2819.94,2771.291,False,False,
2020-04-17,2838.49,2778.109,False,False,
2020-04-20,2852.55,2783.4555,False,False,
2020-04-21,2827.01,2791.7975,False,False,
2020-04-22,2843.98,2797.8745,False,False,
2020-04-23,2838.5,2800.7200000000003,False,False,
2020-04-24,2808.53,2802.901,False,False,
2020-04-27,2815.49,2805.0655,False,False,
2020-04-28,2810.02,2808.206,False,False,
2020-04-29,2822.44,2811.813,False,False,
2020-04-30,2860.08,2818.0910000000003,False,False,
2020-05-06,2878.14,2822.9660000000003,False,False,
2020-05-07,2871.52,2828.3424999999997,False,False,
2020-05-08,2895.34,2832.0715,False,False,
2020-05-11,2894.8,2836.043,False,False,
2020-05-12,2891.56,2839.326,False,False,
2020-05-13,2898.05,2844.397,False,False,
2020-05-14,2870.34,2848.7615,False,False,
2020-05-15,2868.46,2850.8205000000003,False,False,
2020-05-18,2875.42,2854.0330000000004,False,False,
2020-05-19,2898.58,2857.965,False,False,
2020-05-20,2883.74,2860.2275,False,False,
2020-05-21,2867.92,2860.996,False,False,
2020-05-22,2813.77,2860.334,True,False,entry
2020-05-25,2817.97,2859.0335,False,False,
2020-05-26,2846.55,2859.436,False,False,
2020-05-27,2836.8,2860.8495000000003,False,False,
2020-05-28,2846.22,2862.386,False,False,
2020-05-29,2852.35,2864.5025,False,False,
2020-06-01,2915.43,2869.152,False,True,exit
2020-06-02,2921.4,2872.218,False,False,
2020-06-03,2923.37,2874.4795,False,False,
2020-06-04,2919.25,2876.866,False,False,
2020-06-05,2930.8,2878.639,False,False,
2020-06-08,2937.77,2880.7875,False,False,
2020-06-09,2956.11,2884.0150000000003,False,False,
2020-06-10,2943.75,2886.3,False,False,
2020-06-11,2920.9,2888.828,False,False,
2020-06-12,2919.74,2891.392,False,False,
2020-06-15,2890.03,2892.1225,True,False,entry
2020-06-16,2931.75,2893.781,False,True,exit
2020-06-17,2935.87,2896.3875,False,False,
2020-06-18,2939.32,2899.9575,False,False,
2020-06-19,2967.63,2907.6504999999997,False,False,
2020-06-22,2965.27,2915.0155,False,False,
2020-06-23,2970.62,2921.219,False,False,
2020-06-24,2979.55,2928.3565,False,False,
2020-06-29,2961.52,2934.1215,False,False,
2020-06-30,2984.67,2940.7375,False,False,
2020-07-01,3025.98,2946.265,False,False,
2020-07-02,3090.57,2954.7234999999996,False,False,
2020-07-03,3152.81,2966.1955000000003,False,False,
2020-07-06,3332.88,2986.877,False,False,
2020-07-07,3345.34,3007.6040000000003,False,False,
2020-07-08,3403.44,3030.8875,False,False,
2020-07-09,3450.59,3055.6115,False,False,
2020-07-10,3383.32,3077.59,False,False,
2020-07-13,3443.29,3103.7095,False,False,
2020-07-14,3414.62,3128.4535,False,False,
2020-07-15,3361.3,3152.0170000000003,False,False,
2020-07-16,3210.1,3165.9345000000003,False,False,
2020-07-17,3214.13,3179.8475000000003,False,False,
2020-07-20,3314.15,3198.589,False,False,
2020-07-21,3320.89,3216.252,False,False,
2020-07-22,3333.16,3234.6465,False,False,
2020-07-23,3325.11,3252.371,False,False,
2020-07-24,3196.77,3263.232,True,False,entry
2020-07-27,3205.23,3275.4175,False,False,
2020-07-28,3227.96,3287.582,False,False,
2020-07-29,3294.55,3301.0105000000003,False,False,
2020-07-30,3286.82,3310.8230000000003,False,False,
2020-07-31,3310.01,3318.683,False,False,
2020-08-03,3367.97,3320.4375,False,True,exit
2020-08-04,3371.69,3321.7549999999997,False,False,
2020-08-05,3377.56,3320.4610000000002,False,False,
2020-08-06,3386.46,3317.2545,False,False,
2020-08-07,3354.04,3315.7905,False,False,
2020-08-10,3379.25,3312.5885000000003,False,False,
2020-08-11,3340.29,3308.8720000000003,False,False,
2020-08-12,3319.27,3306.7705,False,False,
2020-08-13,3320.73,3312.3020000000006,False,False,
2020-08-14,3360.1,3319.6004999999996,False,False,
2020-08-17,3438.8,3325.833,False,False,
2020-08-18,3451.09,3332.343,False,False,
2020-08-19,3408.13,3336.0915,False,False,
2020-08-20,3363.9,3338.031,False,False,
2020-08-21,3380.68,3347.2264999999998,False,False,
2020-08-24,3385.64,3356.2470000000003,False,False,
2020-08-25,3373.58,3363.528,False,False,
2020-08-26,3329.74,3365.2875,True,False,entry
2020-08-27,3350.11,3368.4519999999998,False,False,
2020-08-28,3403.81,3373.142,False,True,exit
2020-08-31,3395.68,3374.5275,False,False,
2020-09-01,3410.61,3376.4735,False,False,
2020-09-02,3404.8,3377.8355,False,False,
2020-09-03,3384.98,3377.7614999999996,False,False,
2020-09-04,3355.37,3377.828,True,False,entry
2020-09-07,3292.59,3373.4950000000003,False,False,
2020-09-08,3316.42,3372.3015,False,False,
2020-09-09,3254.63,3369.0695,False,False,
2020-09-10,3234.82,3364.774,False,False,
2020-09-11,3260.35,3359.7864999999997,False,False,
2020-09-14,3278.81,3351.7870000000003,False,False,
2020-09-15,3295.68,3344.0165,False,False,
2020-09-16,3283.92,3337.8059999999996,False,False,
2020-09-17,3270.44,3333.1330000000003,False,False,
2020-09-18,3338.09,3331.0035,False,True,exit
2020-09-21,3316.94,3327.5685,True,False,entry
2020-09-22,3274.3,3322.6045,False,False,
2020-09-23,3279.71,3320.103,False,False,
2020-09-24,3223.18,3313.7565000000004,False,False,
2020-09-25,3219.42,3304.5370000000003,False,False,
2020-09-28,3217.53,3295.6295,False,False,
2020-09-29,3224.36,3286.317,False,False,
2020-09-30,3218.05,3276.9795,False,False,
2020-10-09,3272.08,3271.3345,False,True,exit
2020-10-12,3358.47,3271.4895,False,False,
2020-10-13,3359.75,3274.8475000000003,False,False,
2020-10-14,3340.78,3276.0655,False,False,
2020-10-15,3332.18,3279.943,False,False,
2020-10-16,3336.36,3285.0199999999995,False,False,
2020-10-19,3312.67,3287.636,False,False,
2020-10-20,3328.1,3290.1005000000005,False,False,
2020-10-21,3325.02,3291.5675,False,False,
2020-10-22,3312.5,3292.9965,False,False,
2020-10-23,3278.0,3293.3745000000004,True,False,entry
2020-10-26,3251.12,3289.0260000000003,False,False,
2020-10-27,3254.32,3285.8950000000004,False,False,
2020-10-28,3269.24,3285.642,False,False,
2020-10-29,3272.73,3285.293,False,False,
2020-10-30,3224.53,3285.3605000000002,False,False,
2020-11-02,3225.12,3285.6455,False,False,
2020-11-03,3271.07,3288.3224999999998,False,False,
2020-11-04,3277.44,3290.9764999999998,False,False,
2020-11-05,3320.13,3296.0805,False,True,exit
2020-11-06,3312.16,3298.0845,False,False,
2020-11-09,3373.73,3298.8475,False,False,
2020-11-10,3360.15,3298.8674999999994,False,False,
2020-11-11,3342.2,3298.9385,False,False,
2020-11-12,3338.68,3299.2635,False,False,
2020-11-13,3310.1,3297.9505,False,False,
2020-11-16,3346.97,3299.6655,False,False,
2020-11-17,3339.9,3300.2555,False,False,
2020-11-18,3347.3,3301.3695,False,False,
2020-11-19,3363.09,3303.899,False,False,
2020-11-20,3377.73,3308.8854999999994,False,False,
2020-11-23,3414.49,3317.054,False,False,
2020-11-24,3402.82,3324.4790000000003,False,False,
2020-11-25,3362.33,3329.1335,False,False,
2020-11-26,3369.73,3333.9835,False,False,
2020-11-27,3408.31,3343.1724999999997,False,False,
2020-11-30,3391.76,3351.5045,False,False,
2020-12-01,3451.94,3360.548,False,False,
2020-12-02,3449.38,3369.1449999999995,False,False,
2020-12-03,3442.14,3375.2455,False,False,
2020-12-04,3444.58,3381.8665,False,False,
2020-12-07,3416.6,3384.0099999999998,False,False,
2020-12-08,3410.18,3386.5114999999996,False,False,
2020-12-09,3371.96,3387.9995000000004,True,False,entry
2020-12-10,3373.28,3389.7295,False,False,
2020-12-11,3347.19,3391.5840000000003,False,False,
2020-12-14,3369.12,3392.6915,False,False,
2020-12-15,3367.23,3394.058,False,False,
2020-12-16,3366.98,3395.042,False,False,
2020-12-17,3404.87,3397.131,False,True,exit
2020-12-18,3394.9,3397.9894999999997,True,False,entry
2020-12-21,3420.57,3398.2934999999998,False,True,exit
2020-12-22,3356.78,3395.9915,True,False,entry
2020-12-23,3382.32,3396.9909999999995,False,False,
2020-12-24,3363.11,3396.66,False,False,
2020-12-25,3396.56,3396.0724999999998,False,True,exit
2020-12-28,3397.29,3396.3489999999997,False,False,
2020-12-29,3379.04,3392.704,True,False,entry
2020-12-30,3414.45,3390.9575000000004,False,True,exit
2020-12-31,3473.07,3392.504,False,False,
2021-01-04,3502.96,3395.4230000000002,False,False,
2021-01-05,3528.68,3401.0270000000005,False,False,
2021-01-06,3550.88,3408.0620000000004,False,False,
2021-01-07,3576.2,3418.2740000000003,False,False,
2021-01-08,3570.11,3428.1155,False,False,
2021-01-11,3531.5,3437.3309999999997,False,False,
2021-01-12,3608.34,3449.292,False,False,
2021-01-13,3598.65,3460.8630000000003,False,False,
2021-01-14,3565.9,3470.8089999999997,False,False,
2021-01-15,3566.38,3478.8845,False,False,
2021-01-18,3596.22,3488.9505000000004,False,False,
2021-01-19,3566.38,3496.2409999999995,False,False,
2021-01-20,3583.09,3507.5565,False,False,
2021-01-21,3621.26,3519.5035000000003,False,False,
2021-01-22,3606.75,3531.6855000000005,False,False,
2021-01-25,3624.24,3543.0695,False,False,
2021-01-26,3569.43,3551.6765,False,False,
2021-01-27,3573.34,3561.3915,False,False,
2021-01-28,3505.18,3565.928,True,False,entry
2021-01-29,3483.07,3566.428,False,False,
2021-02-01,3505.28,3566.5439999999994,False,False,
2021-02-02,3533.68,3566.7940000000003,False,False,
2021-02-03,3517.31,3565.1155,False,False,
2021-02-04,3501.86,3561.3985000000002,False,False,
2021-02-05,3496.33,3557.7095,False,False,
2021-02-08,3532.45,3557.757,False,False,
2021-02-09,3603.49,3557.5145,False,True,exit
2021-02-10,3655.09,3560.3365,False,False,
2021-02-18,3675.36,3565.8095000000003,False,False,
2021-02-19,3696.17,3572.299,False,False,
2021-02-22,3642.44,3574.6099999999997,False,False,
2021-02-23,3636.36,3578.1090000000004,False,False,
2021-02-24,3564.08,3577.1585,True,False,entry
2021-02-25,3585.05,3575.3480000000004,False,True,exit
2021-02-26,3509.08,3570.4644999999996,True,False,entry
2021-03-01,3551.4,3566.8224999999998,False,False,
2021-03-02,3508.59,3563.7805,False,False,
2021-03-03,3576.9,3563.9584999999997,False,True,exit
2021-03-04,3503.49,3563.874,True,False,entry
2021-03-05,3501.99,3564.8200000000006,False,False,
2021-03-08,3421.41,3560.6265,False,False,
2021-03-09,3359.29,3551.907,False,False,
2021-03-10,3357.74,3543.9285000000004,False,False,
2021-03-11,3436.83,3540.6769999999997,False,False,
2021-03-12,3453.08,3538.5144999999998,False,False,
2021-03-15,3419.95,3532.8894999999998,False,False,
2021-03-16,3446.73,3525.0515,False,False,
2021-03-17,3445.55,3514.5745,False,False,
2021-03-18,3463.07,3503.96,False,False,
2021-03-19,3404.66,3489.3845,False,False,
2021-03-22,3443.44,3479.4345000000003,False,False,
2021-03-23,3411.51,3468.192,False,False,
2021-03-24,3367.06,3458.3409999999994,False,False,
2021-03-25,3363.59,3447.267999999999,False,False,
2021-03-26,3418.33,3442.7305,False,False,
2021-03-29,3435.3,3436.9255,False,False,
2021-03-30,3456.68,3434.3300000000004,False,True,exit
2021-03-31,3441.91,3427.5805,False,False,
2021-04-01,3466.33,3425.7225,False,False,
2021-04-02,3484.39,3424.8425,False,False,
2021-04-06,3482.97,3427.9205,False,False,
2021-04-07,3479.63,3433.9375,False,False,
2021-04-08,3482.55,3440.178,False,False,
2021-04-09,3450.68,3440.8705,False,False,
2021-04-12,3412.95,3438.864,True,False,entry
2021-04-13,3396.47,3437.69,False,False,
2021-04-14,3416.72,3436.1895000000004,False,False,
2021-04-15,3398.99,3433.8615,False,False,
2021-04-16,3426.62,3432.0389999999998,False,False,
2021-04-19,3477.55,3435.6835,False,True,exit
2021-04-20,3472.94,3437.1585,False,False,
2021-04-21,3472.93,3440.2295,False,False,
2021-04-22,3465.11,3445.132,False,False,
2021-04-23,3474.17,3450.661,False,False,
2021-04-26,3441.17,3451.803,True,False,entry
2021-04-27,3442.61,3452.1684999999998,False,False,
2021-04-28,3457.07,3452.1879999999996,False,True,exit
2021-04-29,3474.9,3453.8375,False,False,
2021-04-30,3446.86,3452.864,True,False,entry
2021-05-06,3441.28,3450.7084999999997,False,False,
2021-05-07,3418.87,3447.5035000000003,False,False,
2021-05-10,3427.99,3444.9214999999995,False,False,
2021-05-11,3441.85,3442.8864999999996,False,False,
2021-05-12,3462.75,3443.4900000000002,False,True,exit
2021-05-13,3429.54,3444.3195,True,False,entry
2021-05-14,3490.38,3449.0150000000003,False,True,exit
2021-05-17,3517.62,3454.06,False,False,
2021-05-18,3529.01,3460.561,False,False,
2021-05-19,3510.96,3464.778,False,False,
2021-05-20,3506.94,3466.2475000000004,False,False,
2021-05-21,3486.56,3466.9285000000004,False,False,
2021-05-24,3497.28,3468.1459999999997,False,False,
2021-05-25,3581.34,3473.9574999999995,False,False,
2021-05-26,3593.36,3479.917,False,False,
2021-05-27,3608.85,3488.3010000000004,False,False,
2021-05-28,3600.78,3496.2095,False,False,
2021-05-31,3615.48,3504.13,False,False,
2021-06-01,3624.71,3511.6205,False,False,
2021-06-02,3597.14,3519.1345,False,False,
2021-06-03,3584.21,3526.281,False,False,
2021-06-04,3591.84,3534.9294999999997,False,False,
2021-06-07,3599.54,3543.507,False,False,
2021-06-08,3580.11,3550.4200000000005,False,False,
2021-06-09,3591.4,3556.8525,False,False,
2021-06-10,3610.86,3565.9184999999998,False,False,
2021-06-11,3589.75,3570.8869999999997,False,False,
2021-06-15,3556.56,3572.834,True,False,entry
2021-06-16,3518.33,3572.3,False,False,
2021-06-17,3525.6,3573.032,False,False,
2021-06-18,3525.1,3573.9399999999996,False,False,
2021-06-21,3529.18,3576.071,False,False,
2021-06-22,3557.41,3579.0775000000003,False,False,
2021-06-23,3566.22,3578.3215000000005,False,False,
2021-06-24,3566.65,3576.986,False,False,
2021-06-25,3607.56,3576.9214999999995,False,True,exit
2021-06-28,3606.37,3577.2009999999996,False,False,
2021-06-29,3573.18,3575.0860000000002,True,False,entry
2021-06-30,3591.2,3573.4104999999995,False,True,exit
2021-07-01,3588.78,3572.9924999999994,False,False,
2021-07-02,3518.76,3569.7200000000003,True,False,entry
2021-07-05,3534.32,3566.8439999999996,False,False,
2021-07-06,3530.26,3563.38,False,False,
2021-07-07,3553.72,3562.0604999999996,False,False,
2021-07-08,3525.5,3558.7655,False,False,
2021-07-09,3524.09,3554.4270000000006,False,False,
2021-07-12,3547.84,3552.3315000000002,False,False,
2021-07-13,3566.52,3552.8295000000007,False,True,exit
2021-07-14,3528.5,3553.3380000000006,True,False,entry
2021-07-15,3564.59,3555.2875,False,True,exit
2021-07-16,3539.3,3555.9975,True,False,entry
2021-07-19,3539.12,3556.4945,False,False,
2021-07-20,3536.79,3555.4634999999994,False,False,
2021-07-21,3562.66,3555.2854999999995,False,True,exit
2021-07-22,3574.73,3555.6895000000004,False,False,
2021-07-23,3550.4,3552.8315000000002,True,False,entry
2021-07-26,3467.44,3545.8850000000007,False,False,
2021-07-27,3381.18,3536.285,False,False,
2021-07-28,3361.59,3524.8044999999997,False,False,
2021-07-29,3411.72,3515.9515,False,False,
2021-07-30,3397.36,3509.8814999999995,False,False,
2021-08-02,3464.29,3506.38,False,False,
2021-08-03,3447.99,3502.2664999999993,False,False,
2021-08-04,3477.22,3498.4415,False,False,
2021-08-05,3466.55,3495.494,False,False,
2021-08-06,3458.23,3492.2009999999996,False,False,
2021-08-09,3494.63,3489.5405,False,True,exit
2021-08-10,3529.93,3487.7110000000002,False,False,
2021-08-11,3532.62,3487.917,False,False,
2021-08-12,3524.74,3485.9244999999996,False,False,
2021-08-13,3516.3,3484.7744999999995,False,False,
2021-08-16,3517.34,3483.6855000000005,False,False,
2021-08-17,3446.98,3479.1950000000006,True,False,entry
2021-08-18,3485.29,3475.3265,False,True,exit
2021-08-19,3465.55,3469.8674999999994,True,False,entry
2021-08-20,3427.33,3463.714,False,False,
2021-08-23,3477.13,3464.1985,False,True,exit
2021-08-24,3514.47,3470.8630000000003,False,False,
2021-08-25,3540.38,3479.8025000000002,False,False,
2021-08-26,3501.66,3484.2995,False,False,
2021-08-27,3522.16,3490.5395000000003,False,False,
2021-08-30,3528.15,3493.7324999999996,False,False,
2021-08-31,3543.94,3498.53,False,False,
2021-09-01,3567.1,3503.0240000000003,False,False,
2021-09-02,3597.04,3509.5485,False,False,
2021-09-03,3581.73,3515.7235,False,False,
2021-09-06,3621.86,3522.085,False,False,
2021-09-07,3676.59,3529.418,False,False,
2021-09-08,3675.19,3536.5464999999995,False,False,
2021-09-09,3693.13,3544.9660000000003,False,False,
2021-09-10,3703.11,3554.3065,False,False,
2021-09-13,3715.37,3564.2079999999996,False,False,
2021-09-14,3662.6,3574.989,False,False,
2021-09-15,3656.22,3583.5355000000004,False,False,
2021-09-16,3607.09,3590.6125,False,False,
2021-09-17,3613.97,3599.9445,False,False,
2021-09-22,3628.49,3607.5125,False,False,
2021-09-23,3642.22,3613.9,False,False,
2021-09-24,3613.07,3617.5345,True,False,entry
2021-09-27,3582.83,3621.593,False,False,
2021-09-28,3602.22,3625.596,False,False,
2021-09-29,3536.29,3626.0029999999997,False,False,
2021-09-30,3568.17,3627.2144999999996,False,False,
2021-10-08,3592.17,3628.468,False,False,
2021-10-11,3591.71,3628.2015,False,False,
2021-10-12,3546.94,3626.4620000000004,False,False,
2021-10-13,3561.76,3623.457,False,False,
2021-10-14,3558.28,3617.5414999999994,False,False,
2021-10-15,3572.37,3612.4005000000006,False,False,
2021-10-18,3568.14,3606.1510000000003,False,False,
2021-10-19,3593.15,3600.653,False,False,
2021-10-20,3587.0,3594.2345,False,False,
2021-10-21,3594.78,3590.8435,False,True,exit
2021-10-22,3582.6,3587.1625,True,False,entry
2021-10-25,3609.86,3587.3010000000004,False,True,exit
2021-10-26,3597.64,3586.4845,False,False,
2021-10-27,3562.31,3583.1755,True,False,entry
2021-10-28,3518.42,3576.9855,False,False,
2021-10-29,3547.34,3573.6989999999996,False,False,
2021-11-01,3544.48,3571.7815,False,False,
2021-11-02,3505.63,3566.9519999999998,False,False,
2021-11-03,3498.54,3565.0645000000004,False,False,
2021-11-04,3526.87,3562.9995000000004,False,False,
2021-11-05,3491.57,3557.9695,False,False,
2021-11-08,3498.63,3553.3154999999997,False,False,
2021-11-09,3507.0,3551.3185,False,False,
2021-11-10,3492.46,3547.8535,False,False,
2021-11-11,3532.79,3546.579,False,False,
2021-11-12,3539.1,3544.9155,False,False,
2021-11-15,3533.3,3543.1735,False,False,
2021-11-16,3521.79,3539.6055,False,False,
2021-11-17,3537.37,3537.124,False,True,exit
2021-11-18,3520.71,3533.4205,True,False,entry
2021-11-19,3560.37,3532.3089999999997,False,True,exit
2021-11-22,3582.08,3530.9199999999996,False,False,
2021-11-23,3589.09,3530.4924999999994,False,False,
2021-11-24,3592.7,3532.012,False,False,
2021-11-25,3584.18,3535.3,False,False,
2021-11-26,3564.09,3536.1375,False,False,
2021-11-29,3562.7,3537.0485,False,False,
2021-11-30,3563.89,3539.9615000000003,False,False,
2021-12-01,3576.89,3543.879,False,False,
2021-12-02,3573.84,3546.2275,False,False,
2021-12-03,3607.43,3552.0204999999996,False,False,
2021-12-06,3589.31,3556.5544999999997,False,False,
2021-12-07,3595.09,3560.9590000000003,False,False,
2021-12-08,3637.57,3568.2144999999996,False,False,
2021-12-09,3673.04,3575.2270000000003,False,False,
2021-12-10,3666.35,3581.5894999999996,False,False,
2021-12-13,3681.08,3588.9784999999997,False,False,
2021-12-14,3661.53,3595.9655,False,False,
2021-12-15,3647.63,3601.4785,False,False,
2021-12-16,3675.02,3609.1940000000004,False,False,
2021-12-17,3632.36,3612.7935000000007,False,False,
2021-12-20,3593.6,3613.3695,True,False,entry
2021-12-21,3625.13,3615.1715000000004,False,True,exit
2021-12-22,3622.62,3616.6674999999996,False,False,
2021-12-23,3643.34,3619.6255000000006,False,False,
2021-12-24,3618.05,3622.3235,True,False,entry
2021-12-27,3615.97,3624.9869999999996,False,False,
2021-12-28,3630.11,3628.298,False,True,exit
2021-12-29,3597.0,3629.3034999999995,True,False,entry
2021-12-30,3619.19,3631.571,False,False,
2021-12-31,3639.78,3633.1885,False,True,exit
2022-01-04,3632.33,3635.3394999999996,True,False,entry
2022-01-05,3595.18,3635.3439999999996,False,False,
2022-01-06,3586.08,3632.7695,False,False,
2022-01-07,3579.54,3628.0945,False,False,
2022-01-10,3593.52,3624.453,False,False,
2022-01-11,3567.44,3618.7709999999997,False,False,
2022-01-12,3597.43,3615.5660000000003,False,False,
2022-01-13,3555.26,3610.9474999999998,False,False,
2022-01-14,3521.26,3603.2595,False,False,
2022-01-17,3541.67,3598.725,False,False,
2022-01-18,3569.91,3597.5405,False,False,
2022-01-19,3558.18,3594.193,False,False,
2022-01-20,3555.06,3590.815,False,False,
2022-01-21,3522.57,3584.7765,False,False,
2022-01-24,3524.11,3580.0795000000007,False,False,
2022-01-25,3433.06,3570.934,False,False,
2022-01-26,3455.67,3562.2120000000004,False,False,
2022-01-27,3394.25,3552.0745,False,False,
2022-01-28,3361.44,3539.1870000000004,False,False,
2022-02-07,3429.58,3528.6770000000006,False,False,
2022-02-08,3452.63,3519.692,False,False,
2022-02-09,3479.95,3513.9305,False,False,
2022-02-10,3485.91,3508.922,False,False,
2022-02-11,3462.95,3503.0924999999997,False,False,
2022-02-14,3428.88,3494.8605,False,False,
2022-02-15,3446.09,3488.793,False,False,
2022-02-16,3465.83,3482.2129999999997,False,False,
2022-02-17,3468.04,3477.8520000000003,False,False,
2022-02-18,3490.76,3476.3269999999998,False,True,exit
2022-02-21,3490.61,3473.774,False,False,
2022-02-22,3457.15,3468.136,True,False,entry
2022-02-23,3489.15,3464.6845000000003,False,True,exit
2022-02-24,3429.96,3458.4294999999997,True,False,entry
2022-02-25,3451.41,3454.8714999999997,False,False,
2022-02-28,3462.31,3451.7814999999996,False,True,exit
2022-03-01,3488.83,3454.5699999999997,False,False,
2022-03-02,3484.19,3455.996,False,False,
2022-03-03,3481.11,3460.339,False,False,
2022-03-04,3447.65,3464.6494999999995,True,False,entry
2022-03-07,3372.86,3461.8134999999993,False,False,
2022-03-08,3293.53,3453.8585,False,False,
2022-03-09,3256.39,3442.6805,False,False,
2022-03-10,3296.09,3433.1895000000004,False,False,
2022-03-11,3309.75,3425.5294999999996,False,False,
2022-03-14,3223.53,3415.262,False,False,
2022-03-15,3063.97,3396.156,False,False,
2022-03-16,3170.71,3381.4,False,False,
2022-03-17,3215.04,3368.75,False,False,
2022-03-18,3251.07,3356.7655,False,False,
2022-03-21,3253.69,3344.9195,False,False,
2022-03-22,3259.86,3335.0550000000003,False,False,
2022-03-23,3271.03,3324.149,False,False,
2022-03-24,3250.26,3315.1639999999998,False,False,
2022-03-25,3212.24,3303.2055,False,False,
2022-03-28,3214.5,3290.815,False,False,
2022-03-29,3203.94,3276.5705000000003,False,False,
2022-03-30,3266.6,3265.691,False,True,exit
2022-03-31,3252.2,3254.2455,True,False,entry
2022-04-01,3282.72,3245.999,False,True,exit
2022-04-06,3283.43,3241.5274999999997,False,False,
2022-04-07,3236.7,3238.686,True,False,entry
2022-04-08,3251.85,3238.459,False,True,exit
2022-04-11,3167.13,3232.011,True,False,entry
2022-04-12,3213.33,3227.19,False,False,
2022-04-13,3186.82,3225.3545,False,False,
2022-04-14,3225.64,3233.438,False,False,
2022-04-15,3211.24,3235.4645,False,False,
2022-04-18,3195.52,3234.4885000000004,False,False,
2022-04-19,3194.03,3231.6365,False,False,
2022-04-20,3151.05,3226.5045,False,False,
2022-04-21,3079.81,3217.502,False,False,
2022-04-22,3086.92,3208.2965,False,False,
2022-04-25,2928.51,3192.209,False,False,
2022-04-26,2886.43,3175.9185,False,False,
2022-04-27,2958.28,3163.1075,False,False,
2022-04-28,2975.48,3151.6845000000003,False,False,
2022-04-29,3047.06,3140.7075,False,False,
2022-05-05,3067.76,3131.4855,False,False,
2022-05-06,3001.56,3117.4275000000002,False,False,
2022-05-09,3004.14,3103.463,False,False,
2022-05-10,3035.84,3093.4199999999996,False,False,
2022-05-11,3058.7,3083.7625,False,False,
2022-05-12,3054.99,3078.1555,False,False,
2022-05-13,3084.28,3071.703,False,True,exit
2022-05-16,3073.75,3066.0495,False,False,
2022-05-17,3093.7,3059.4525000000003,False,False,
2022-05-18,3085.98,3053.1895,False,False,
2022-05-19,3096.96,3048.2614999999996,False,False,
2022-05-20,3146.57,3045.8885,False,False,
2022-05-23,3146.86,3045.6789999999996,False,False,
2022-05-24,3070.93,3045.2349999999997,False,False,
2022-05-25,3107.46,3046.2619999999997,False,False,
2022-05-26,3123.11,3055.9919999999997,False,False,
2022-05-27,3130.24,3068.1825,False,False,
2022-05-30,3149.06,3077.7215,False,False,
2022-05-31,3186.43,3088.269,False,False,
2022-06-01,3182.16,3095.024,False,False,
2022-06-02,3195.46,3101.4089999999997,False,False,
2022-06-06,3236.37,3113.1495,False,False,
2022-06-07,3241.76,3125.0305,False,False,
2022-06-08,3263.79,3136.4280000000003,False,False,
2022-06-09,3238.95,3145.4404999999997,False,False,
2022-06-10,3284.83,3156.9325,False,False,
2022-06-13,3255.55,3165.496,False,False,
2022-06-14,3288.91,3176.254,False,False,
2022-06-15,3305.41,3186.8394999999996,False,False,
2022-06-16,3285.38,3196.8095000000003,False,False,
2022-06-17,3316.79,3207.8010000000004,False,False,
2022-06-20,3315.43,3216.244,False,False,
2022-06-21,3306.72,3224.237,False,False,
2022-06-22,3267.2,3234.0505000000003,False,False,
2022-06-23,3320.15,3244.6850000000004,False,False,
2022-06-24,3349.75,3256.0170000000003,False,False,
2022-06-27,3379.19,3268.4644999999996,False,False,
2022-06-28,3409.21,3281.472,False,False,
2022-06-29,3361.52,3290.2264999999998,False,False,
2022-06-30,3398.62,3301.0495,False,False,
2022-07-01,3387.64,3310.6585,False,False,
2022-07-04,3405.43,3319.1115,False,False,
2022-07-05,3404.03,3327.225,False,False,
2022-07-06,3355.35,3331.803,False,False,
2022-07-07,3364.4,3338.0755,False,False,
2022-07-08,3356.08,3341.638,False,False,
2022-07-11,3313.58,3344.5395,True,False,entry
2022-07-12,3281.47,3344.1675000000005,False,False,
2022-07-13,3284.29,3343.1115,False,False,
2022-07-14,3281.74,3342.9294999999997,False,False,
2022-07-15,3228.06,3338.493,False,False,
2022-07-18,3278.1,3336.6265,False,False,
2022-07-19,3279.43,3335.2619999999997,False,False,
2022-07-20,3304.72,3337.138,False,False,
2022-07-21,3272.0,3334.7305,False,False,
2022-07-22,3269.97,3330.7415,False,False,
2022-07-25,3250.39,3324.3015,False,False,
2022-07-26,3277.44,3317.7129999999997,False,False,
2022-07-27,3275.76,3313.425,False,False,
2022-07-28,3282.58,3307.6229999999996,False,False,
2022-07-29,3253.24,3300.903,False,False,
2022-08-01,3259.96,3293.6295,False,False,
2022-08-02,3186.27,3282.7415,False,False,
2022-08-03,3163.67,3273.1575000000003,False,False,
2022-08-04,3189.04,3264.3894999999998,False,False,
2022-08-05,3227.03,3257.937,False,False,
2022-08-08,3236.93,3254.1045000000004,False,False,
2022-08-09,3247.43,3252.4025,False,False,
2022-08-10,3230.02,3249.689,False,False,
2022-08-11,3281.67,3249.6855,False,True,exit
2022-08-12,3276.89,3252.1269999999995,False,False,
2022-08-15,3276.09,3252.0265,False,False,
2022-08-16,3277.88,3251.9489999999996,False,False,
2022-08-17,3292.53,3251.3395,False,False,
2022-08-18,3277.54,3251.6165,False,False,
2022-08-19,3258.08,3251.022,False,False,
2022-08-22,3277.79,3252.3920000000003,False,False,
2022-08-23,3276.22,3252.331,False,False,
2022-08-24,3215.2,3249.303,True,False,entry
2022-08-25,3246.25,3247.4865,False,False,
2022-08-26,3236.22,3246.6355,False,False,
2022-08-29,3240.73,3245.674,False,False,
2022-08-30,3227.22,3247.7215,False,False,
2022-08-31,3202.14,3249.6449999999995,False,False,
2022-09-01,3184.98,3249.442,False,False,
2022-09-02,3186.48,3247.4145,False,False,
2022-09-05,3199.91,3245.5634999999997,False,False,
2022-09-06,3243.45,3245.3644999999997,False,False,
2022-09-07,3246.29,3246.178,False,True,exit
2022-09-08,3235.59,3243.8740000000003,True,False,entry
2022-09-09,3262.05,3243.132,False,True,exit
2022-09-13,3263.8,3242.5175,False,False,
2022-09-14,3237.54,3240.5005,True,False,entry
2022-09-15,3199.92,3235.87,False,False,
2022-09-16,3126.4,3228.313,False,False,
2022-09-19,3115.6,3221.189,False,False,
2022-09-20,3122.41,3213.4199999999996,False,False,
2022-09-21,3117.18,3205.468,False,False,
2022-09-22,3108.91,3200.1535,False,False,
2022-09-23,3088.37,3192.2595,False,False,
2022-09-26,3051.23,3183.0099999999998,False,False,
2022-09-27,3093.86,3175.6665000000003,False,False,
2022-09-28,3045.07,3166.559,False,False,
2022-09-29,3041.2,3158.512,False,False,
2022-09-30,3024.39,3150.4825,False,False,
2022-10-10,2974.15,3139.866,False,False,
2022-10-11,2979.79,3128.8599999999997,False,False,
2022-10-12,3025.51,3117.963,False,False,
2022-10-13,3016.36,3106.4665,False,False,
2022-10-14,3071.99,3098.2864999999997,False,False,
2022-10-17,3084.94,3089.431,False,False,
2022-10-18,3080.96,3080.2889999999998,False,True,exit
2022-10-19,3044.38,3070.631,True,False,entry
2022-10-20,3035.05,3062.3875,False,False,
2022-10-21,3038.93,3058.014,False,False,
2022-10-24,2977.56,3051.112,False,False,
2022-10-25,2976.28,3043.8055,False,False,
2022-10-26,2999.5,3037.9215,False,False,
2022-10-27,2982.9,3031.621,False,False,
2022-10-28,2915.93,3022.999,False,False,
2022-10-31,2893.48,3015.1115,False,False,
2022-11-01,2969.2,3008.8785,False,False,
2022-11-02,3003.37,3006.7935,False,False,
2022-11-03,2997.81,3004.624,False,False,
2022-11-04,3070.8,3006.9445,False,True,exit
2022-11-07,3077.82,3012.128,False,False,
2022-11-08,3064.49,3016.3630000000003,False,False,
2022-11-09,3048.17,3017.496,False,False,
2022-11-10,3036.13,3018.4845,False,False,
2022-11-11,3087.29,3019.2495000000004,False,False,
2022-11-14,3083.4,3019.1724999999997,False,False,
2022-11-15,3134.08,3021.8285,False,False,
2022-11-16,3119.98,3025.6085000000003,False,False,
2022-11-17,3115.43,3029.6275,False,False,
2022-11-18,3097.24,3032.543,False,False,
2022-11-21,3085.04,3037.9170000000004,False,False,
2022-11-22,3088.94,3043.55,False,False,
2022-11-23,3096.91,3048.4205,False,False,
2022-11-24,3089.31,3053.741,False,False,
2022-11-25,3101.69,3063.029,False,False,
2022-11-28,3078.55,3072.2825,False,False,
2022-11-29,3149.75,3081.31,False,False,
2022-11-30,3151.34,3088.7084999999997,False,False,
2022-12-01,3165.47,3097.0915,False,False,
2022-12-02,3156.14,3101.3585,False,False,
2022-12-05,3211.81,3108.058,False,False,
2022-12-06,3212.53,3115.46,False,False,
2022-12-07,3199.62,3123.0325000000003,False,False,
2022-12-08,3197.35,3131.0935,False,False,
2022-12-09,3206.95,3137.0765,False,False,
2022-12-12,3179.04,3141.8585,False,False,
2022-12-13,3176.33,3143.971,False,False,
2022-12-14,3176.53,3146.7985,False,False,
2022-12-15,3168.65,3149.4595,False,False,
2022-12-16,3167.86,3152.9905,False,False,
2022-12-19,3107.12,3154.0945,True,False,entry
2022-12-20,3073.77,3153.3360000000002,False,False,
2022-12-21,3068.41,3151.911,False,False,
2022-12-22,3054.43,3150.1670000000004,False,False,
2022-12-23,3045.87,3147.3759999999997,False,False,
2022-12-26,3065.56,3146.7265,False,False,
2022-12-27,3095.57,3144.0175,False,False,
2022-12-28,3087.4,3140.8205,False,False,
2022-12-29,3073.7,3136.232,False,False,
2022-12-30,3089.26,3132.888,False,False,
2023-01-03,3116.51,3128.123,False,False,
2023-01-04,3123.52,3123.6725,False,False,
2023-01-05,3155.22,3121.4525000000003,False,True,exit
2023-01-06,3157.64,3119.467,False,False,
2023-01-09,3176.08,3117.9235,False,False,
2023-01-10,3169.51,3117.447,False,False,
2023-01-11,3161.84,3116.7225000000003,False,False,
2023-01-12,3163.45,3116.0685000000003,False,False,
2023-01-13,3195.31,3117.4015,False,False,
2023-01-16,3227.59,3120.388,False,False,
2023-01-17,3224.24,3126.2439999999997,False,False,
2023-01-18,3224.41,3133.7760000000003,False,False,
2023-01-19,3240.28,3142.3695,False,False,
2023-01-20,3264.81,3152.8885,False,False,
2023-01-30,3269.32,3164.061,False,False,
2023-01-31,3255.67,3173.5665,False,False,
2023-02-01,3284.92,3183.034,False,False,
2023-02-02,3285.67,3192.9475,False,False,
2023-02-03,3263.41,3202.433,False,False,
2023-02-06,3238.7,3209.9049999999997,False,False,
2023-02-07,3248.09,3216.484,False,False,
2023-02-08,3232.11,3221.9134999999997,False,False,
2023-02-09,3270.38,3227.6715,False,False,
2023-02-10,3260.67,3232.823,False,False,
2023-02-13,3284.16,3238.227,False,False,
2023-02-14,3293.28,3244.4155,False,False,
2023-02-15,3280.49,3250.348,False,False,
2023-02-16,3249.03,3254.627,True,False,entry
2023-02-17,3224.02,3256.0625,False,False,
2023-02-20,3290.34,3259.2,False,True,exit
2023-02-21,3306.52,3263.314,False,False,
2023-02-22,3291.15,3266.651,False,False,
2023-02-23,3287.48,3269.011,False,False,
2023-02-24,3267.16,3269.1285,True,False,entry
2023-02-27,3258.03,3268.564,False,False,
2023-02-28,3279.61,3269.761,False,True,exit
2023-03-01,3312.35,3271.1324999999997,False,False,
2023-03-02,3310.65,3272.3815,False,False,
2023-03-03,3328.39,3275.6305,False,False,
2023-03-06,3322.03,3279.797,False,False,
2023-03-07,3285.1,3281.6475,False,False,
2023-03-08,3283.25,3284.2045,True,False,entry
2023-03-09,3276.09,3284.4900000000002,False,False,
2023-03-10,3230.08,3282.9604999999997,False,False,
2023-03-13,3268.7,3282.1875,False,False,
2023-03-14,3245.31,3279.7889999999998,False,False,
2023-03-15,3263.31,3278.9300000000003,False,False,
2023-03-16,3226.89,3277.8230000000003,False,False,
2023-03-17,3250.55,3279.1495000000004,False,False,
2023-03-20,3234.91,3276.3779999999997,False,False,
2023-03-21,3255.65,3273.8345,False,False,
2023-03-22,3265.75,3272.5645,False,False,
2023-03-23,3286.65,3272.523,False,True,exit
2023-03-24,3265.65,3272.4475,True,False,entry
2023-03-27,3251.4,3272.116,False,False,
2023-03-28,3245.38,3270.4045,False,False,
2023-03-29,3240.06,3266.79,False,False,
2023-03-30,3261.25,3264.32,False,False,
2023-03-31,3272.86,3261.5435,False,True,exit
2023-04-03,3296.4,3260.2619999999997,False,False,
2023-04-04,3312.56,3261.6349999999998,False,False,
2023-04-06,3312.63,3263.1040000000003,False,False,
2023-04-07,3327.65,3265.682,False,False,
2023-04-10,3315.36,3269.946,False,False,
2023-04-11,3313.57,3272.1895,False,False,
2023-04-12,3327.18,3276.283,False,False,
2023-04-13,3318.36,3279.0355000000004,False,False,
2023-04-14,3338.15,3284.5985,False,False,
2023-04-17,3385.61,3291.3514999999998,False,False,
2023-04-18,3393.33,3299.2725,False,False,
2023-04-19,3370.13,3304.9965,False,False,
2023-04-20,3367.03,3310.0605000000005,False,False,
2023-04-21,3301.26,3310.791,True,False,entry
2023-04-24,3275.41,3311.279,False,False,
2023-04-25,3264.87,3311.9525000000003,False,False,
2023-04-26,3264.1,3312.8885,False,False,
2023-04-27,3285.88,3315.1794999999997,False,False,
2023-04-28,3323.27,3318.2805,False,True,exit
2023-05-04,3350.46,3322.1605000000004,False,False,
2023-05-05,3334.5,3324.0654999999997,False,False,
2023-05-08,3395.0,3328.1875,False,False,
2023-05-09,3357.67,3330.4394999999995,False,False,
2023-05-10,3319.15,3330.0145,True,False,entry
2023-05-11,3309.55,3329.7240000000006,False,False,
2023-05-12,3272.36,3327.6635,False,False,
2023-05-15,3310.74,3326.8415,False,False,
2023-05-16,3290.99,3325.4730000000004,False,False,
2023-05-17,3284.23,3322.7770000000005,False,False,
2023-05-18,3297.32,3318.3625,False,False,
2023-05-19,3283.54,3312.8729999999996,False,False,
2023-05-22,3296.47,3309.19,False,False,
2023-05-23,3246.24,3303.1505000000006,False,False,
2023-05-24,3204.75,3298.325,False,False,
2023-05-25,3201.26,3294.6174999999994,False,False,
2023-05-26,3212.5,3291.999,False,False,
2023-05-29,3221.45,3289.8665,False,False,
2023-05-30,3224.21,3286.7830000000004,False,False,
2023-05-31,3204.56,3280.8475,False,False,
2023-06-01,3204.63,3273.556,False,False,
2023-06-02,3230.07,3268.3345,False,False,
2023-06-05,3232.44,3260.2065000000002,False,False,
2023-06-06,3195.34,3252.0899999999997,False,False,
2023-06-07,3197.76,3246.0205,False,False,
2023-06-08,3213.59,3241.2225,False,False,
2023-06-09,3231.41,3239.175,False,False,
2023-06-12,3228.83,3235.0795000000003,False,False,
2023-06-13,3233.67,3232.2135000000003,False,True,exit
2023-06-14,3228.99,3229.4515,True,False,entry
2023-06-15,3252.98,3227.2345,False,True,exit
2023-06-16,3273.33,3226.7239999999997,False,False,
2023-06-19,3255.81,3224.691,False,False,
2023-06-20,3240.36,3224.397,False,False,
2023-06-21,3197.9,3224.0545,True,False,entry
2023-06-26,3150.62,3221.5225,False,False,
2023-06-27,3189.44,3220.3695,False,False,
2023-06-28,3189.38,3218.766,False,False,
2023-06-29,3182.38,3216.6745,False,False,
2023-06-30,3202.06,3216.5495,False,False,
2023-07-03,3243.98,3218.517,False,True,exit
2023-07-04,3245.35,3219.281,False,False,
2023-07-05,3222.95,3218.8064999999997,False,False,
2023-07-06,3205.57,3219.318,True,False,entry
2023-07-07,3196.61,3219.2605,False,False,
2023-07-10,3203.7,3218.766,False,False,
2023-07-11,3221.37,3218.264,False,True,exit
2023-07-12,3196.13,3216.629,True,False,entry
2023-07-13,3236.48,3216.7695,False,True,exit
2023-07-14,3237.7,3217.205,False,False,
2023-07-17,3209.63,3215.0375,True,False,entry
2023-07-18,3197.82,3211.2619999999997,False,False,
2023-07-19,3198.84,3208.4134999999997,False,False,
2023-07-20,3169.52,3204.8715,False,False,
2023-07-21,3167.75,3203.364,False,False,
2023-07-24,3164.16,3204.041,False,False,
2023-07-25,3231.52,3206.145,False,True,exit
2023-07-26,3223.03,3207.8275000000003,False,False,
2023-07-27,3216.67,3209.542,False,False,
2023-07-28,3275.93,3213.2355,False,False,
2023-07-31,3291.04,3215.5885,False,False,
2023-08-01,3290.95,3217.8684999999996,False,False,
2023-08-02,3261.69,3219.8055,False,False,
2023-08-03,3280.46,3223.55,False,False,
2023-08-04,3288.08,3228.1235,False,False,
2023-08-07,3268.83,3231.38,False,False,
2023-08-08,3260.62,3233.3424999999997,False,False,
2023-08-09,3244.49,3235.7605000000003,False,False,
2023-08-10,3254.56,3236.6645,False,False,
2023-08-11,3189.25,3234.242,True,False,entry
2023-08-14,3178.43,3232.682,False,False,
2023-08-15,3176.18,3231.6,False,False,
2023-08-16,3150.13,3229.1645,False,False,
2023-08-17,3163.74,3228.8754999999996,False,False,
2023-08-18,3131.95,3227.0855,False,False,
2023-08-21,3092.98,3223.5265,False,False,
2023-08-22,3120.33,3217.9669999999996,False,False,
2023-08-23,3078.4,3210.7355,False,False,
2023-08-24,3082.24,3204.014,False,False,
2023-08-25,3064.07,3193.421,False,False,
2023-08-28,3098.64,3183.801,False,False,
2023-08-29,3135.89,3176.048,False,False,
2023-08-30,3137.14,3169.8205,False,False,
2023-08-31,3119.88,3161.7915000000003,False,False,
2023-09-01,3133.25,3154.05,False,False,
2023-09-04,3177.06,3149.4615,False,True,exit
2023-09-05,3154.37,3144.1490000000003,False,False,
2023-09-06,3158.08,3139.8285,False,False,
2023-09-07,3122.35,3133.218,True,False,entry
2023-09-08,3116.72,3129.5914999999995,False,False,
2023-09-11,3142.78,3127.809,False,True,exit
2023-09-12,3137.06,3125.853,False,False,
2023-09-13,3123.07,3124.5,True,False,entry
2023-09-14,3126.55,3122.6405000000004,False,True,exit
2023-09-15,3117.74,3121.93,True,False,entry
2023-09-18,3125.93,3123.5775000000003,False,True,exit
2023-09-19,3124.96,3123.809,False,False,
2023-09-20,3108.57,3125.3175,True,False,entry
2023-09-21,3084.7,3125.4404999999997,False,False,
2023-09-22,3132.43,3128.8585,False,True,exit
2023-09-25,3115.61,3129.707,True,False,entry
2023-09-26,3102.27,3128.0260000000003,False,False,
2023-09-27,3107.32,3126.5350000000003,False,False,
2023-09-28,3110.48,3126.0649999999996,False,False,
2023-10-09,3096.92,3124.2485,False,False,
2023-10-10,3075.24,3119.1575000000003,False,False,
2023-10-11,3078.96,3115.3869999999997,False,False,
2023-10-12,3107.9,3112.878,False,False,
2023-10-13,3088.1,3111.1655,False,False,
2023-10-16,3073.81,3109.02,False,False,
2023-10-17,3083.5,3106.0559999999996,False,False,
2023-10-18,3058.71,3102.1385,False,False,
2023-10-19,3005.39,3096.2545,False,False,
2023-10-20,2983.06,3089.08,False,False,
2023-10-23,2939.29,3080.1575000000003,False,False,
2023-10-24,2962.24,3071.973,False,False,
2023-10-25,2974.11,3064.4305,False,False,
2023-10-26,2988.3,3058.417,False,False,
2023-10-27,3017.78,3055.0710000000004,False,False,
2023-10-30,3021.55,3049.527,False,False,
2023-10-31,3018.77,3044.6850000000004,False,False,
2023-11-01,3023.08,3040.7254999999996,False,False,
2023-11-02,3009.41,3035.83,False,False,
2023-11-03,3030.8,3031.846,False,False,
2023-11-06,3058.41,3029.9205,False,True,exit
2023-11-07,3057.27,3029.022,False,False,
2023-11-08,3052.37,3027.6925,False,False,
2023-11-09,3053.28,3024.9615,False,False,
2023-11-10,3038.97,3022.505,False,False,
2023-11-13,3046.53,3021.141,False,False,
2023-11-14,3056.07,3019.7695,False,False,
2023-11-15,3072.83,3020.4755,False,False,
2023-11-16,3050.93,3022.7525,False,False,
2023-11-17,3054.37,3026.318,False,False,
2023-11-20,3068.32,3032.7695,False,False,
2023-11-21,3067.93,3038.054,False,False,
2023-11-22,3043.61,3041.529,False,False,
2023-11-23,3061.86,3045.207,False,False,
2023-11-24,3040.97,3046.3664999999996,True,False,entry
2023-11-27,3031.7,3046.8740000000003,False,False,
2023-11-28,3038.55,3047.863,False,False,
2023-11-29,3021.69,3047.7935,False,False,
2023-11-30,3029.67,3048.8064999999997,False,False,
2023-12-01,3031.64,3048.8485,False,False,
2023-12-04,3022.91,3047.0735,False,False,
2023-12-05,2972.3,3042.825,False,False,
2023-12-06,2968.93,3038.653,False,False,
2023-12-07,2966.21,3034.2995,False,False,
2023-12-08,2969.56,3030.829,False,False,
2023-12-11,2991.44,3028.0745,False,False,
2023-12-12,3003.44,3025.443,False,False,
2023-12-13,2968.76,3020.2395,False,False,
2023-12-14,2958.99,3015.6425,False,False,
2023-12-15,2942.56,3010.0519999999997,False,False,
2023-12-18,2930.8,3003.176,False,False,
2023-12-19,2932.39,2996.399,False,False,
2023-12-20,2902.11,2989.3239999999996,False,False,
2023-12-21,2918.71,2982.1665,False,False,
2023-12-22,2914.78,2975.857,False,False,
2023-12-25,2918.81,2970.2125,False,False,
2023-12-26,2898.88,2963.2290000000003,False,False,
2023-12-27,2914.61,2957.875,False,False,
2023-12-28,2954.7,2954.1265,False,True,exit
2023-12-29,2974.93,2951.291,False,False,
2024-01-02,2962.28,2948.2595,False,False,
2024-01-03,2967.25,2948.0070000000005,False,False,
2024-01-04,2954.35,2947.2780000000002,False,False,
2024-01-05,2929.18,2945.4265000000005,True,False,entry
2024-01-08,2887.54,2941.3255,False,False,
2024-01-09,2893.25,2936.416,False,False,
2024-01-10,2877.7,2930.129,False,False,
2024-01-11,2886.65,2926.0235000000002,False,False,
2024-01-12,2881.98,2922.173,False,False,
2024-01-15,2886.29,2919.3594999999996,False,False,
2024-01-16,2893.99,2917.519,False,False,
2024-01-17,2833.62,2912.5805,False,False,
2024-01-18,2845.78,2909.764,False,False,
2024-01-19,2832.28,2905.4425,False,False,
2024-01-22,2756.34,2897.5205,False,False,
2024-01-23,2770.98,2890.129,False,False,
2024-01-24,2820.77,2886.2235,False,False,
2024-01-25,2906.11,2885.7985,False,True,exit
2024-01-26,2910.22,2883.5745,False,False,
2024-01-29,2883.36,2878.996,False,False,
2024-01-30,2830.53,2872.4085,True,False,entry
2024-01-31,2788.55,2863.4734999999996,False,False,
2024-02-01,2770.74,2854.293,False,False,
2024-02-02,2730.15,2844.3415,False,False,
2024-02-05,2702.19,2835.0739999999996,False,False,
2024-02-06,2789.49,2829.8859999999995,False,False,
2024-02-07,2829.7,2827.486,False,True,exit
2024-02-08,2865.9,2826.4485,False,False,
2024-02-19,2910.54,2827.8765,False,False,
2024-02-20,2922.73,2829.6985,False,False,
2024-02-21,2950.96,2832.547,False,False,
2024-02-22,2988.36,2840.284,False,False,
2024-02-23,3004.88,2848.239,False,False,
2024-02-26,2977.02,2855.476,False,False,
2024-02-27,3015.48,2868.433,False,False,
2024-02-28,2957.85,2877.7765000000004,False,False,
2024-02-29,3015.17,2887.4965,False,False,
2024-03-01,3027.02,2893.542,False,False,
2024-03-04,3039.31,2899.9965,False,False,
2024-03-05,3047.79,2908.218,False,False,
2024-03-06,3039.93,2918.6879999999996,False,False,
2024-03-07,3027.4,2930.6305,False,False,
2024-03-08,3046.02,2944.3945,False,False,
2024-03-11,3068.46,2961.3100000000004,False,False,
2024-03-12,3055.94,2978.9975000000004,False,False,
2024-03-13,3043.83,2991.7145,False,False,
2024-03-14,3038.23,3002.141,False,False,
2024-03-15,3054.64,3011.578,False,False,
2024-03-18,3084.93,3020.2975,False,False,
2024-03-19,3062.76,3027.299,False,False,
2024-03-20,3079.69,3033.7355,False,False,
2024-03-21,3077.11,3038.173,False,False,
2024-03-22,3048.03,3040.3305,False,False,
2024-03-25,3026.31,3042.795,True,False,entry
2024-03-26,3031.48,3043.595,False,False,
2024-03-27,2993.14,3045.3594999999996,False,False,
2024-03-28,3010.66,3045.134,False,False,
2024-03-29,3041.17,3045.8415,False,False,
2024-04-01,3077.38,3047.745,False,True,exit
2024-04-02,3074.96,3049.1035,False,False,
2024-04-03,3069.3,3050.5719999999997,False,False,
2024-04-08,3047.05,3051.5545,True,False,entry
2024-04-09,3048.54,3051.6805,False,False,
2024-04-10,3027.33,3049.624,False,False,
2024-04-11,3034.25,3048.5395,False,False,
2024-04-12,3019.47,3047.3215,False,False,
2024-04-15,3057.38,3048.279,False,True,exit
2024-04-16,3007.07,3045.9005,True,False,entry
2024-04-17,3071.38,3045.223,False,True,exit
2024-04-18,3074.22,3045.796,False,False,
2024-04-19,3065.26,3045.0745,False,False,
2024-04-22,3044.6,3043.449,False,False,
2024-04-23,3021.98,3042.1465,True,False,entry
2024-04-24,3044.82,3043.072,False,True,exit
2024-04-25,3052.9,3044.143,False,False,
2024-04-26,3088.64,3048.918,False,False,
2024-04-29,3113.04,3054.037,False,False,
2024-04-30,3104.82,3057.2195,False,False,
2024-05-06,3140.72,3060.3864999999996,False,False,
2024-05-07,3147.74,3064.0254999999997,False,False,
2024-05-08,3128.48,3066.9845,False,False,
2024-05-09,3154.32,3072.348,False,False,
2024-05-10,3154.55,3077.6485000000002,False,False,
2024-05-13,3148.02,3083.683,False,False,
2024-05-14,3145.77,3089.2590000000005,False,False,
2024-05-15,3119.9,3094.2805,False,False,
2024-05-16,3122.4,3097.5315,False,False,
2024-05-17,3154.03,3104.8795,False,False,
2024-05-20,3171.15,3109.868,False,False,
2024-05-21,3157.97,3114.0555,False,False,
2024-05-22,3158.54,3118.7195,False,False,
2024-05-23,3116.39,3122.309,True,False,entry
2024-05-24,3088.87,3125.6535000000003,False,False,
2024-05-27,3124.04,3129.6144999999997,False,False,
2024-05-28,3109.57,3132.448,False,False,
2024-05-29,3111.02,3133.567,False,False,
2024-05-30,3091.68,3132.4990000000003,False,False,
2024-05-31,3086.81,3131.5985,False,False,
2024-06-03,3078.49,3128.487,False,False,
2024-06-04,3091.2,3125.6600000000003,False,False,
2024-06-05,3065.4,3122.5060000000003,False,False,
2024-06-06,3048.79,3117.2295,False,False,
2024-06-07,3051.28,3112.066,False,False,
2024-06-11,3028.05,3106.0675,False,False,
2024-06-12,3037.47,3100.6525,False,False,
2024-06-13,3028.92,3096.1035,False,False,
2024-06-14,3032.63,3091.6150000000002,False,False,
2024-06-17,3015.89,3084.708,False,False,
2024-06-18,3030.25,3077.663,False,False,
2024-06-19,3018.05,3070.667,False,False,
2024-06-20,3005.44,3063.0119999999997,False,False,
2024-06-21,2998.14,3057.0995,False,False,
2024-06-24,2963.1,3050.8109999999997,False,False,
2024-06-25,2950.0,3042.109,False,False,
2024-06-26,2972.53,3035.257,False,False,
2024-06-27,2945.85,3026.9985,False,False,
2024-06-28,2967.4,3020.7845,False,False,
2024-07-01,2994.73,3016.1805,False,False,
2024-07-02,2997.01,3012.1065000000003,False,False,
2024-07-03,2982.38,3006.6655,False,False,
2024-07-04,2957.57,3001.274,False,False,
2024-07-05,2949.93,2996.331,False,False,
2024-07-08,2922.45,2989.8895,False,False,
2024-07-09,2959.37,2986.4555,False,False,
2024-07-10,2939.36,2981.55,False,False,
2024-07-11,2970.39,2978.6235,False,False,
2024-07-12,2971.3,2975.557,False,False,
2024-07-15,2974.01,2973.463,False,True,exit
2024-07-16,2976.3,2970.7655,False,False,
2024-07-17,2962.85,2968.0055,True,False,entry
2024-07-18,2977.13,2966.59,False,True,exit
2024-07-19,2982.31,2965.7985,False,False,
2024-07-22,2964.22,2965.8545000000004,True,False,entry
2024-07-23,2915.37,2964.1230000000005,False,False,
2024-07-24,2901.95,2960.594,False,False,
2024-07-25,2886.74,2957.6385,False,False,
2024-07-26,2890.9,2953.8134999999997,False,False,
2024-07-29,2891.85,2948.6695,False,False,
2024-07-30,2879.3,2942.784,False,False,
2024-07-31,2938.75,2940.6025,False,False,
2024-08-01,2932.39,2939.3435,False,False,
2024-08-02,2905.34,2937.114,False,False,
2024-08-05,2860.7,2934.0265,False,False,
2024-08-06,2867.28,2929.422,False,False,
2024-08-07,2869.83,2925.9455000000003,False,False,
2024-08-08,2869.9,2920.921,False,False,
2024-08-09,2862.19,2915.4655,False,False,
2024-08-12,2858.2,2909.675,False,False,
2024-08-13,2867.95,2904.2575,False,False,
2024-08-14,2850.65,2898.6475,False,False,
2024-08-15,2877.36,2893.659,False,False,
2024-08-16,2879.43,2888.5150000000003,False,False,
2024-08-19,2893.67,2884.9875,False,True,exit
2024-08-20,2866.66,2882.552,True,False,entry
2024-08-21,2856.58,2880.2835,False,False,
2024-08-22,2848.77,2878.3849999999998,False,False,
2024-08-23,2854.37,2876.5585,False,False,
2024-08-26,2855.52,2874.742,False,False,
2024-08-27,2848.73,2873.2135,False,False,
2024-08-28,2837.43,2868.1475,False,False,
2024-08-29,2823.11,2862.6835,False,False,
2024-08-30,2842.21,2859.527,False,False,
2024-09-02,2811.04,2857.044,False,False,
2024-09-03,2802.98,2853.829,False,False,
2024-09-04,2784.28,2849.5515,False,False,
2024-09-05,2788.31,2845.472,False,False,
2024-09-06,2765.81,2840.653,False,False,
2024-09-09,2736.49,2834.5675,False,False,
2024-09-10,2744.19,2828.3795,False,False,
2024-09-11,2721.8,2821.937,False,False,
2024-09-12,2717.12,2813.925,False,False,
2024-09-13,2704.09,2805.158,False,False,
2024-09-18,2717.28,2796.3385,False,False,
2024-09-19,2736.02,2789.8065,False,False,
2024-09-20,2736.81,2783.818,False,False,
2024-09-23,2748.92,2778.8255,False,False,
2024-09-24,2863.13,2779.2635,False,True,exit
2024-09-25,2896.31,2781.303,False,False,
2024-09-26,3000.95,2788.9139999999998,False,False,
2024-09-27,3087.53,2801.4190000000003,False,False,
2024-09-30,3336.5,2827.0885000000003,False,False,
2024-10-08,3489.78,2859.467,False,False,
2024-10-09,3258.86,2881.858,False,False,
2024-10-10,3301.93,2906.8055,False,False,
2024-10-11,3217.74,2928.4785,False,False,
2024-10-14,3284.32,2953.279,False,False,
2024-10-15,3201.29,2975.0530000000003,False,False,
2024-10-16,3202.95,2998.3759999999997,False,False,
2024-10-17,3169.38,3019.6355000000003,False,False,
2024-10-18,3261.56,3046.6235,False,False,
2024-10-21,3268.11,3074.173,False,False,
2024-10-22,3285.87,3103.2619999999997,False,False,
2024-10-23,3302.8,3132.538,False,False,
2024-10-24,3280.26,3159.75,False,False,
2024-10-25,3299.7,3187.8945,False,False,
2024-10-28,3322.2,3216.5585,False,False,
2024-10-29,3286.41,3237.7225,False,False,
2024-10-30,3266.24,3256.219,False,False,
2024-10-31,3279.82,3270.1625,False,False,
2024-11-01,3272.01,3279.3865000000005,True,False,entry
2024-11-04,3310.21,3278.072,False,True,exit
2024-11-05,3386.99,3272.9325,False,False,
2024-11-06,3383.81,3279.1799999999994,False,False,
2024-11-07,3470.66,3287.6165,False,False,
2024-11-08,3452.3,3299.3445,False,False,
2024-11-11,3470.07,3308.632,False,False,
2024-11-12,3421.97,3319.6659999999997,False,False,
2024-11-13,3439.28,3331.4824999999996,False,False,
2024-11-14,3379.84,3342.0055,False,False,
2024-11-15,3330.73,3345.464,True,False,entry
2024-11-18,3323.85,3348.251,False,False,
2024-11-19,3346.01,3351.2580000000003,False,False,
2024-11-20,3367.99,3354.5175000000004,False,True,exit
2024-11-21,3370.4,3359.0244999999995,False,False,
2024-11-22,3267.19,3357.399,True,False,entry
2024-11-25,3263.76,3354.4770000000003,False,False,
2024-11-26,3259.76,3353.1445,False,False,
2024-11-27,3309.78,3355.3215000000005,False,False,
2024-11-28,3295.7,3356.1155,False,False,
2024-11-29,3326.46,3358.8379999999997,False,False,
2024-12-02,3363.98,3361.5265,False,True,exit
2024-12-03,3378.81,3361.1175000000003,False,False,
2024-12-04,3364.65,3360.1595,False,False,
2024-12-05,3368.86,3355.0695,False,False,
2024-12-06,3404.08,3352.6585,False,False,
2024-12-09,3402.53,3349.2815,False,False,
2024-12-10,3422.66,3349.316,False,False,
2024-12-11,3432.49,3348.9764999999998,False,False,
2024-12-12,3461.5,3353.0595000000003,False,False,
2024-12-13,3391.88,3356.1169999999997,False,False,
2024-12-16,3386.33,3359.2410000000004,False,False,
2024-12-17,3361.49,3360.0150000000003,False,False,
2024-12-18,3382.21,3360.726,False,False,
2024-12-19,3370.03,3360.7074999999995,False,False,
2024-12-20,3368.07,3365.7515,False,False,
2024-12-23,3351.26,3370.1265,True,False,entry
2024-12-24,3393.53,3376.815,False,True,exit
2024-12-25,3393.35,3380.9935000000005,False,False,
2024-12-26,3398.08,3386.1125,False,False,
2024-12-27,3400.14,3389.7964999999995,False,False,
2024-12-30,3407.33,3391.964,False,False,
2024-12-31,3351.76,3390.6115,True,False,entry
2025-01-02,3262.56,3385.507,False,False,
2025-01-03,3211.43,3377.6354999999994,False,False,
2025-01-06,3206.92,3367.7775,False,False,
2025-01-07,3229.64,3359.1330000000003,False,False,
2025-01-08,3230.17,3349.5085,False,False,
2025-01-09,3211.39,3338.4535000000005,False,False,
2025-01-10,3168.52,3323.8044999999997,False,False,
2025-01-13,3160.76,3312.2485,False,False,
2025-01-14,3240.94,3304.9790000000003,False,False,
2025-01-15,3227.12,3298.2604999999994,False,False,
2025-01-16,3236.03,3290.9515,False,False,
2025-01-17,3241.82,3284.541,False,False,
2025-01-20,3244.38,3278.3565000000003,False,False,
2025-01-21,3242.62,3272.9245,False,False,
2025-01-22,3213.62,3263.929,False,False,
2025-01-23,3230.16,3255.7695,False,False,
2025-01-24,3252.63,3248.4970000000003,False,True,exit
2025-01-27,3250.6,3241.02,False,False,
2025-02-05,3229.49,3232.1279999999997,True,False,entry
2025-02-06,3270.66,3228.073,False,True,exit
2025-02-07,3303.67,3230.1285,False,False,
2025-02-10,3322.17,3235.6655,False,False,
2025-02-11,3318.06,3241.2225,False,False,
2025-02-12,3346.39,3247.06,False,False,
2025-02-13,3332.48,3252.1755000000003,False,False,
2025-02-14,3346.72,3258.942,False,False,
2025-02-17,3355.83,3268.3075,False,False,
2025-02-18,3324.49,3276.494,False,False,
2025-02-19,3351.54,3282.024,False,False,
2025-02-20,3350.78,3288.207,False,False,
2025-02-21,3379.11,3295.361,False,False,
2025-02-24,3373.03,3301.9214999999995,False,False,
2025-02-25,3346.04,3307.0045,False,False,
2025-02-26,3380.21,3313.8839999999996,False,False,
2025-02-27,3388.06,3322.6059999999998,False,False,
2025-02-28,3320.9,3327.143,True,False,entry
2025-03-03,3316.93,3330.3579999999993,False,False,
2025-03-04,3324.21,3334.0385,False,False,
2025-03-05,3341.96,3339.6620000000003,False,True,exit
2025-03-06,3381.1,3345.184,False,False,
2025-03-07,3372.55,3348.6279999999997,False,False,
2025-03-10,3366.16,3350.8275000000003,False,False,
2025-03-11,3379.83,3353.916,False,False,
2025-03-12,3371.92,3355.1925,False,False,
2025-03-13,3358.73,3356.505,False,False,
2025-03-14,3419.56,3360.147,False,False,
2025-03-17,3426.13,3363.6620000000003,False,False,
2025-03-18,3429.76,3368.9255,False,False,
2025-03-19,3426.43,3372.6699999999996,False,False,
2025-03-20,3408.95,3375.5784999999996,False,False,
2025-03-21,3364.83,3374.8644999999997,True,False,entry
2025-03-24,3370.03,3374.7144999999996,False,False,
2025-03-25,3369.98,3375.9114999999997,False,False,
2025-03-26,3368.7,3375.3360000000002,False,False,
2025-03-27,3373.75,3374.6205,False,False,
2025-03-28,3351.31,3376.1410000000005,False,False,
2025-03-31,3335.75,3377.082,False,False,
2025-04-01,3348.44,3378.2934999999998,False,False,
2025-04-02,3350.13,3378.702,False,False,
2025-04-03,3342.01,3376.7475,False,False,
2025-04-07,3096.58,3362.9489999999996,False,False,
2025-04-08,3145.55,3351.9184999999998,False,False,
2025-04-09,3186.81,3342.2675000000004,False,False,
2025-04-10,3223.64,3334.8535,False,False,
2025-04-11,3238.23,3328.8285000000005,False,False,
2025-04-14,3262.81,3320.9910000000004,False,False,
2025-04-15,3267.66,3313.0674999999997,False,False,
2025-04-16,3276.0,3305.3795,False,False,
2025-04-17,3280.34,3298.075,False,False,
2025-04-18,3276.73,3291.464,False,False,
2025-04-21,3291.43,3287.7939999999994,False,True,exit
2025-04-22,3299.76,3284.2805,False,False,
2025-04-23,3296.36,3280.5995000000003,False,False,
2025-04-24,3297.29,3277.029,False,False,
2025-04-25,3295.06,3273.0945,False,False,
2025-04-28,3288.41,3269.9494999999997,False,False,
2025-04-29,3286.65,3267.4945,False,False,
2025-04-30,3279.03,3264.024,False,False,
2025-05-06,3316.11,3262.323,False,False,
2025-05-07,3342.67,3262.3559999999998,False,False,
2025-05-08,3352.0,3275.1269999999995,False,False,
2025-05-09,3342.0,3284.9495,False,False,
2025-05-12,3369.24,3294.071,False,False,
2025-05-13,3374.87,3301.6324999999997,False,False,
2025-05-14,3403.95,3309.9184999999998,False,False,
2025-05-15,3380.82,3315.8190000000004,False,False,
2025-05-16,3367.46,3320.8089999999997,False,False,
2025-05-19,3367.58,3325.388,False,False,
2025-05-20,3380.48,3330.3950000000004,False,False,
2025-05-21,3387.57,3335.9370000000004,False,False,
2025-05-22,3380.19,3340.375,False,False,
2025-05-23,3348.37,3342.8055,False,False,
2025-05-26,3346.84,3345.3295,False,False,
2025-05-27,3340.69,3347.4995000000004,True,False,entry
2025-05-28,3339.93,3349.743,False,False,
2025-05-29,3363.45,3353.4950000000003,False,True,exit
2025-05-30,3347.49,3356.5370000000003,True,False,entry
2025-06-03,3361.98,3360.6845000000003,False,True,exit
2025-06-04,3376.2,3363.689,False,False,
2025-06-05,3384.1,3365.7605000000003,False,False,
2025-06-06,3385.36,3367.4285000000004,False,False,
2025-06-09,3399.77,3370.317,False,False,
2025-06-10,3384.82,3371.096,False,False,
2025-06-11,3402.32,3372.4685,False,False,
2025-06-12,3402.66,3372.404,False,False,
2025-06-13,3377.0,3372.2129999999997,False,False,
2025-06-16,3388.73,3373.2765,False,False,
2025-06-17,3387.4,3374.2674999999995,False,False,
2025-06-18,3388.81,3374.684,False,False,
2025-06-19,3362.11,3373.411,True,False,entry
2025-06-20,3359.9,3372.3965,False,False,
2025-06-23,3381.58,3374.057,False,True,exit
2025-06-24,3420.57,3377.7434999999996,False,False,
2025-06-25,3455.97,3383.5074999999997,False,False,
2025-06-26,3448.45,3388.9335,False,False,
2025-06-27,3424.23,3391.9725,False,False,
2025-06-30,3444.43,3396.8195,False,False,
2025-07-01,3457.75,3401.608,False,False,
2025-07-02,3454.79,3405.5375,False,False,
2025-07-03,3461.15,3409.3900000000003,False,False,
2025-07-04,3472.32,3413.7380000000003,False,False,
2025-07-07,3473.13,3417.406,False,False,
2025-07-08,3497.48,3423.0389999999998,False,False,
2025-07-09,3493.05,3427.5755,False,False,
2025-07-10,3509.68,3432.9265,False,False,
2025-07-11,3510.18,3439.5854999999997,False,False,
2025-07-14,3519.65,3446.1315000000004,False,False,
2025-07-15,3505.0,3452.0114999999996,False,False,
2025-07-16,3503.78,3457.7599999999998,False,False,
2025-07-17,3516.83,3465.496,False,False,
2025-07-18,3534.48,3474.225,False,False,
2025-07-21,3559.79,3483.1355000000003,False,False,
2025-07-22,3581.86,3491.2,False,False,
2025-07-23,3582.3,3497.5165,False,False,
2025-07-24,3605.73,3505.3805,False,False,
2025-07-25,3593.66,3513.8520000000003,False,False,
2025-07-28,3597.94,3521.5275,False,False,
2025-07-29,3609.71,3529.1254999999996,False,False,
2025-07-30,3615.72,3537.172,False,False,
2025-07-31,3573.21,3542.775,False,False,
2025-08-01,3559.95,3547.1565,False,False,
2025-08-04,3583.31,3552.6655,False,False,
2025-08-05,3617.6,3558.6715000000004,False,False,
2025-08-06,3633.99,3565.7185,False,False,
2025-08-07,3639.67,3572.218,False,False,
2025-08-08,3635.13,3578.4655,False,False,
2025-08-11,3647.55,3584.8605000000002,False,False,
2025-08-12,3665.92,3592.9065,False,False,
2025-08-13,3683.46,3601.8905,False,False,
2025-08-14,3666.44,3609.371,False,False,
2025-08-15,3696.77,3617.4855000000002,False,False,
2025-08-18,3728.03,3625.8975,False,False,
2025-08-19,3727.29,3633.1690000000003,False,False,
2025-08-20,3766.21,3642.3644999999997,False,False,
2025-08-21,3771.1,3650.6330000000003,False,False,
2025-08-22,3825.76,3662.238,False,False,
2025-08-25,3883.56,3676.5189999999993,False,False,
2025-08-26,3868.38,3689.4525000000003,False,False,
2025-08-27,3800.35,3698.684,False,False,
2025-08-28,3843.6,3712.2034999999996,False,False,
2025-08-29,3857.93,3727.1025,False,False,
2025-09-01,3875.53,3741.7135000000003,False,False,
2025-09-02,3858.13,3753.7399999999993,False,False,
2025-09-03,3813.56,3762.7185000000004,False,False,
2025-09-04,3765.88,3769.029,True,False,entry
2025-09-05,3812.51,3777.898,False,True,exit
2025-09-08,3826.84,3786.8625,False,False,
2025-09-09,3807.29,3793.9309999999996,False,False,
2025-09-10,3812.22,3800.369,False,False,
2025-09-11,3875.31,3810.8125,False,False,
2025-09-12,3870.6,3819.504,False,False,
2025-09-15,3860.5,3826.1275,False,False,
2025-09-16,3861.87,3832.8564999999994,False,False,
2025-09-17,3876.34,3838.3630000000003,False,False,
2025-09-18,3831.66,3841.3909999999996,True,False,entry
2025-09-19,3820.09,3841.1074999999996,False,False,
2025-09-22,3828.58,3838.3585,False,False,
2025-09-23,3821.83,3836.031,False,False,
2025-09-24,3853.64,3838.6954999999994,False,True,exit
2025-09-25,3853.3,3839.1805,False,False,
2025-09-26,3828.11,3837.6894999999995,True,False,entry
2025-09-29,3862.53,3837.0395,False,True,exit
2025-09-30,3882.78,3838.272,False,False,
2025-10-09,3933.97,3844.2924999999996,False,False,
2025-10-10,3897.03,3850.85,False,False,
2025-10-13,3889.5,3854.6994999999997,False,False,
2025-10-14,3865.23,3856.619,False,False,
2025-10-15,3912.21,3861.8650000000002,False,False,
2025-10-16,3916.23,3867.0654999999997,False,False,
2025-10-17,3839.76,3865.2880000000005,True,False,entry
2025-10-20,3863.89,3864.9525000000003,False,False,
2025-10-21,3916.33,3867.744,False,True,exit
2025-10-22,3913.76,3870.3385000000003,False,False,
2025-10-23,3922.41,3872.642,False,False,
2025-10-24,3950.31,3878.5745,False,False,
2025-10-27,3996.94,3887.417,False,False,
2025-10-28,3988.22,3895.3990000000003,False,False,
2025-10-29,4016.33,3905.1240000000007,False,False,
2025-10-30,3986.9,3911.7870000000003,False,False,
2025-10-31,3954.79,3916.8615,False,False,
2025-11-03,3976.52,3924.282,False,False,
2025-11-04,3960.19,3929.165,False,False,
2025-11-05,3969.25,3933.4885000000004,False,False,
2025-11-06,4007.76,3937.178,False,False,
2025-11-07,3997.56,3942.2045,False,False,
2025-11-10,4018.6,3948.6595,False,False,
2025-11-11,4002.76,3955.535999999999,False,False,
2025-11-12,4000.14,3959.9325,False,False,
2025-11-13,4029.5,3965.5960000000005,False,False,
2025-11-14,3990.49,3973.1324999999997,False,False,
2025-11-17,3972.03,3978.5395,True,False,entry
2025-11-18,3939.81,3979.7134999999994,False,False,
2025-11-19,3946.74,3981.3625,False,False,
2025-11-20,3931.05,3981.7945,False,False,
2025-11-21,3834.89,3976.0235000000002,False,False,
2025-11-24,3836.77,3968.0150000000003,False,False,
2025-11-25,3870.02,3962.1049999999996,False,False,
2025-11-26,3864.18,3954.4975,False,False,
2025-11-27,3875.26,3948.9155,False,False,
2025-11-28,3888.6,3945.6060000000007,False,False,
2025-12-01,3914.01,3942.4805,False,False,
2025-12-02,3897.71,3939.3565000000003,False,False,
2025-12-03,3878.0,3934.7940000000003,False,False,
2025-12-04,3875.79,3928.1955000000003,False,False,
2025-12-05,3902.81,3923.458,False,False,
2025-12-08,3924.08,3918.732,False,True,exit
2025-12-09,3909.52,3914.0700000000006,True,False,entry
2025-12-10,3900.5,3909.0880000000006,False,False,
2025-12-11,3873.32,3901.279,False,False,
2025-12-12,3889.35,3896.222,False,False,
2025-12-15,3867.92,3891.0165,False,False,
2025-12-16,3824.81,3885.2665,False,False,
2025-12-17,3870.28,3881.4435,False,False,
2025-12-18,3876.37,3878.7095,False,False,
2025-12-19,3890.45,3881.4875,False,True,exit
2025-12-22,3917.36,3885.517,False,False,
2025-12-23,3919.98,3888.0150000000003,False,False,
2025-12-24,3940.95,3891.8534999999997,False,False,
2025-12-25,3959.62,3896.0715000000005,False,False,
2025-12-26,3963.68,3899.8255,False,False,
2025-12-29,3965.28,3902.389,False,False,
2025-12-30,3965.12,3905.759499999999,False,False,
2025-12-31,3968.84,3910.3015,False,False,
2026-01-05,4023.42,3917.683,False,False,
2026-01-06,4083.67,3926.726,False,False,
2026-01-07,4085.77,3934.8105000000005,False,False,
2026-01-08,4082.98,3943.4835,False,False,
2026-01-09,4120.43,3954.4800000000005,False,False,
2026-01-12,4165.29,3969.0785000000005,False,False,
2026-01-13,4138.76,3981.549,False,False,
2026-01-14,4126.09,3994.4575000000004,False,False,
2026-01-15,4112.6,4008.847,False,False,
2026-01-16,4101.91,4020.4285000000004,False,False,
2026-01-19,4114.0,4032.31,False,False,
2026-01-20,4113.65,4043.47,False,False,
2026-01-21,4116.94,4053.4489999999996,False,False,
2026-01-22,4122.58,4063.579,False,False,
2026-01-23,4136.16,4073.3395000000005,False,False,
2026-01-26,4132.61,4081.989,False,False,
2026-01-27,4139.9,4090.8,False,False,
2026-01-28,4151.24,4100.098,False,False,
2026-01-29,4157.98,4109.741,False,False,
2026-01-30,4117.95,4117.1965,False,False,
2026-02-02,4015.75,4116.813,True,False,entry
2026-02-03,4067.74,4116.0165,False,False,
2026-02-04,4102.2,4116.838,False,False,
2026-02-05,4075.92,4116.485,False,False,
2026-02-06,4065.58,4113.742499999999,False,False,
2026-02-09,4123.09,4111.6325,False,True,exit
2026-02-10,4128.37,4111.113,False,False,
2026-02-11,4131.98,4111.407499999999,False,False,
2026-02-12,4134.02,4112.4785,False,False,
2026-02-13,4082.07,4111.4865,True,False,entry
2026-02-24,4117.41,4111.657,False,True,exit
2026-02-25,4147.23,4113.336,False,False,
2026-02-26,4146.63,4114.8205,False,False,
2026-02-27,4162.88,4116.835499999999,False,False,
2026-03-02,4182.59,4119.157,False,False,
2026-03-03,4122.68,4118.6605,False,False,
2026-03-04,4082.47,4115.789,True,False,entry
2026-03-05,4108.57,4113.655499999999,False,False,
2026-03-06,4124.19,4111.965999999999,False,True,exit
2026-03-09,4096.6,4110.8985,True,False,entry
2026-03-10,4123.14,4116.268,False,True,exit
2026-03-11,4133.43,4119.5525,False,False,
2026-03-12,4129.1,4120.8975,False,False,
2026-03-13,4095.45,4121.874,True,False,entry
2026-03-16,4084.79,4122.8345,False,False,
2026-03-17,4049.91,4119.1755,False,False,
2026-03-18,4062.98,4115.906000000001,False,False,
2026-03-19,4006.55,4109.6345,False,False,
2026-03-20,3957.05,4100.786,False,False,
2026-03-23,3813.28,4087.3464999999997,False,False,
2026-03-24,3881.28,4075.54,False,False,
2026-03-25,3931.84,4064.7705,False,False,
2026-03-26,3889.08,4051.893,False,False,
2026-03-27,3913.72,4039.4350000000004,False,False,
2026-03-30,3923.29,4026.47,False,False,
2026-03-31,3891.86,4014.929,False,False,
2026-04-01,3948.55,4008.233,False,False,
2026-04-02,3919.29,3998.7689999999993,False,False,
2026-04-03,3880.1,3986.5645000000004,False,False,
2026-04-07,3890.16,3976.2425000000003,False,False,
2026-04-08,3995.0,3969.8355,False,True,exit
2026-04-09,3966.17,3961.4725,False,False,
2026-04-10,3986.22,3954.3285000000005,False,False,
2026-04-13,3988.56,3948.9840000000004,False,False,
2026-04-14,4026.63,3946.0759999999996,False,False,
2026-04-15,4027.21,3944.941,False,False,
2026-04-16,4055.55,3944.5695,False,False,
2026-04-17,4051.43,3946.8134999999993,False,False,
2026-04-20,4082.13,3953.0675,False,False,
2026-04-21,4085.08,3966.6575000000003,False,False,
2026-04-22,4106.26,3977.9064999999996,False,False,
2026-04-23,4093.25,3985.977,False,False,
2026-04-24,4079.9,3995.518,False,False,
2026-04-27,4086.34,4004.149,False,False,
2026-04-28,4078.64,4011.9165000000003,False,False,
2026-04-29,4107.51,4022.6989999999996,False,False,
2026-04-30,4112.16,4030.8795,False,False,
2026-05-06,4160.17,4042.9235,False,False,
2026-05-07,4180.09,4057.923,False,False,
2026-05-08,4179.95,4072.4125,False,False,
2026-05-11,4225.02,4083.9134999999997,False,False,
2026-05-12,4214.49,4096.3295,False,False,
2026-05-13,4242.57,4109.147,False,False,
2026-05-14,4177.92,4118.615,False,False,
2026-05-15,4135.39,4124.053000000001,False,False,
2026-05-18,4131.53,4129.269,False,False,
2026-05-19,4169.54,4134.9685,False,False,
2026-05-20,4162.18,4140.506,False,False,
2026-05-21,4077.28,4140.2635,True,False,entry
2026-05-22,4112.9,4141.6545,False,False,
2026-05-25,4152.57,4143.97,False,True,exit
2026-05-26,4145.37,4146.576,True,False,entry
2026-05-27,4093.73,4147.2675,False,False,
2026-05-28,4098.64,4147.8825,False,False,
2026-05-29,4068.57,4147.379,False,False,
2026-06-01,4057.74,4144.8904999999995,False,False,
2026-06-02,4075.1,4143.0375,False,False,
2026-06-03,4083.97,4139.2275,False,False,
2026-06-04,4057.78,4133.112,False,False,
2026-06-05,4027.74,4125.5015,False,False,
2026-06-08,3959.34,4112.217500000001,False,False,
2026-06-09,4010.03,4101.9945,False,False,
2026-06-10,3993.23,4089.5275,False,False,
2026-06-11,3987.01,4079.982,False,False,
2026-06-12,4031.51,4074.7879999999996,False,False,
2026-06-15,4096.47,4073.035,False,True,exit
2026-06-16,4091.89,4069.1525,False,False,
2026-06-17,4108.08,4066.4474999999998,False,False,
2026-06-18,4090.48,4067.1074999999996,False,False,
2026-06-22,4163.1,4069.6175000000003,False,False,
2026-06-23,4106.25,4067.3015,False,False,
2026-06-24,4110.81,4065.5735,False,False,
2026-06-25,4120.28,4066.9010000000003,False,False,
2026-06-26,4027.26,4063.332,True,False,entry
2026-06-29,4073.9,4063.5985,False,True,exit
2026-06-30,4094.4,4065.4315,False,False,
2026-07-01,4112.45,4067.299,False,False,
2026-07-02,4028.9,4064.5455,True,False,entry
2026-07-03,4043.64,4063.8385000000003,False,False,
2026-07-06,4041.24,4064.5134999999996,False,False,
2026-07-07,3990.24,4066.0585,False,False,
2026-07-08,3970.88,4064.101,False,False,
2026-07-09,4036.59,4066.2690000000002,False,False,
2026-07-10,3996.16,4066.7264999999998,False,False,
2026-07-13,3913.79,4060.8405,False,False,
2026-07-14,3967.13,4054.3735,False,False,
2026-07-15,3955.58,4047.558,False,False,
2026-07-16,3882.41,4036.2744999999995,False,False,
2026-07-17,3764.15,4019.958,False,False,
2026-07-20,3796.28,4001.6169999999997,False,False,
2026-07-21,3864.37,3989.5229999999997,False,False,
2026-07-22,3867.03,3977.334,False,False,
2026-07-23,3876.78,3965.1589999999997,False,False,
2026-07-24,3814.2,3954.5060000000003,False,False,
2026-07-27,3858.25,3943.7235,False,False,
2026-07-28,3813.31,3929.6690000000003,False,False,
2026-07-29,3828.47,3915.4700000000003,False,False,
2026-07-30,3804.69,3904.2595,False,False,
2026-07-31,3832.26,3893.6904999999997,False,False,
