entry_signal_date,entry_date,exit_signal_date,exit_date,holding_calendar_days,starting_equity,ending_equity,entry_notional,exit_notional,entry_commission,exit_commission,stamp_duty,cash_dividends,bonus_shares,pnl,return,entry_prices,exit_prices,entry_shares,exit_shares
2011-03-15,2011-03-16,2011-03-16,2011-03-17,1,1000000.0,1001109.9544000002,999075.0,1001787.0,299.72249999999997,300.5361,1001.787,0.0,0.0,1109.9544000001624,0.0011099544000001624,"{""sh.601988"": 3.26, ""sh.601398"": 4.26, ""sh.601939"": 4.85, ""sh.601288"": 2.62}","{""sh.601988"": 3.26, ""sh.601398"": 4.29, ""sh.601939"": 4.85, ""sh.601288"": 2.63}","{""sh.601988"": 76600.0, ""sh.601398"": 58600.0, ""sh.601939"": 51500.0, ""sh.601288"": 95400.0}","{""sh.601988"": 76600.0, ""sh.601398"": 58600.0, ""sh.601939"": 51500.0, ""sh.601288"": 95400.0}"
2011-03-17,2011-03-18,2011-03-23,2011-03-24,6,1001109.9544000002,1015405.2524000001,1000007.0,1015923.0,300.0020999999999,304.77689999999996,1015.923,0.0,0.0,14295.297999999952,0.014279448463348483,"{""sh.601988"": 3.26, ""sh.601398"": 4.28, ""sh.601939"": 4.9, ""sh.601288"": 2.63}","{""sh.601988"": 3.28, ""sh.601398"": 4.4, ""sh.601939"": 4.97, ""sh.601288"": 2.67}","{""sh.601988"": 76700.0, ""sh.601398"": 58400.0, ""sh.601939"": 51000.0, ""sh.601288"": 95100.0}","{""sh.601988"": 76700.0, ""sh.601398"": 58400.0, ""sh.601939"": 51000.0, ""sh.601288"": 95100.0}"
2011-03-31,2011-04-01,2011-04-01,2011-04-06,5,1015405.2524000001,1022237.8229000003,1014639.0,1023106.0,304.39169999999996,306.93179999999995,1023.106,0.0,0.0,6832.570500000147,0.0067289099439369286,"{""sh.601988"": 3.34, ""sh.601398"": 4.49, ""sh.601939"": 4.97, ""sh.601288"": 2.76}","{""sh.601988"": 3.36, ""sh.601398"": 4.51, ""sh.601939"": 5.03, ""sh.601288"": 2.79}","{""sh.601988"": 76000.0, ""sh.601398"": 56500.0, ""sh.601939"": 51000.0, ""sh.601288"": 91900.0}","{""sh.601988"": 76000.0, ""sh.601398"": 56500.0, ""sh.601939"": 51000.0, ""sh.601288"": 91900.0}"
2011-04-25,2011-04-26,2011-06-24,2011-06-27,62,1022237.8229000003,1031496.0949000003,1021745.0,995665.0,306.5235,298.6995,995.665,36939.159999999996,0.0,9258.271999999997,0.009056866995720312,"{""sh.601988"": 3.36, ""sh.601398"": 4.49, ""sh.601939"": 5.13, ""sh.601288"": 2.87}","{""sh.601988"": 3.25, ""sh.601398"": 4.47, ""sh.601939"": 4.94, ""sh.601288"": 2.79}","{""sh.601988"": 76000.0, ""sh.601398"": 56900.0, ""sh.601939"": 49800.0, ""sh.601288"": 89000.0}","{""sh.601988"": 76000.0, ""sh.601398"": 56900.0, ""sh.601939"": 49800.0, ""sh.601288"": 89000.0}"
2011-07-21,2011-07-22,2011-08-25,2011-08-26,35,1031496.0949000003,991061.2825,1030812.0,991976.0,309.2436,297.5928,991.976,0.0,0.0,-40434.812400000286,-0.039200160427093324,"{""sh.601988"": 3.09, ""sh.601398"": 4.36, ""sh.601939"": 4.86, ""sh.601288"": 2.7}","{""sh.601988"": 3.0, ""sh.601398"": 4.16, ""sh.601939"": 4.6, ""sh.601288"": 2.64}","{""sh.601988"": 83400.0, ""sh.601398"": 59100.0, ""sh.601939"": 53000.0, ""sh.601288"": 95500.0}","{""sh.601988"": 83400.0, ""sh.601398"": 59100.0, ""sh.601939"": 53000.0, ""sh.601288"": 95500.0}"
2011-08-29,2011-08-30,2011-10-13,2011-10-14,45,991061.2825,984781.2142999998,990113.0,985411.0,297.03389999999996,295.6232999999999,985.4110000000001,0.0,0.0,-6280.0682000002125,-0.006336710262919804,"{""sh.601988"": 2.99, ""sh.601398"": 4.11, ""sh.601939"": 4.54, ""sh.601288"": 2.61}","{""sh.601988"": 2.96, ""sh.601398"": 4.1, ""sh.601939"": 4.58, ""sh.601288"": 2.57}","{""sh.601988"": 82800.0, ""sh.601398"": 60200.0, ""sh.601939"": 54500.0, ""sh.601288"": 94900.0}","{""sh.601988"": 82800.0, ""sh.601398"": 60200.0, ""sh.601939"": 54500.0, ""sh.601288"": 94900.0}"
2011-10-18,2011-10-19,2011-10-25,2011-10-26,7,984781.2142999998,997588.3454999998,983843.0,998243.0,295.1529,299.4729,998.2429999999999,0.0,0.0,12807.131200000062,0.013005052304032426,"{""sh.601988"": 3.0, ""sh.601398"": 4.17, ""sh.601939"": 4.63, ""sh.601288"": 2.6}","{""sh.601988"": 3.01, ""sh.601398"": 4.23, ""sh.601939"": 4.73, ""sh.601288"": 2.65}","{""sh.601988"": 82000.0, ""sh.601398"": 59000.0, ""sh.601939"": 53100.0, ""sh.601288"": 94600.0}","{""sh.601988"": 82000.0, ""sh.601398"": 59000.0, ""sh.601939"": 53100.0, ""sh.601288"": 94600.0}"
2011-11-17,2011-11-18,2012-01-09,2012-01-10,53,997588.3454999998,1006101.1113999998,996923.0,1007044.0,299.07689999999997,302.11319999999995,1007.0440000000001,0.0,0.0,8512.765899999999,0.00853334538078763,"{""sh.601988"": 2.95, ""sh.601398"": 4.28, ""sh.601939"": 4.74, ""sh.601288"": 2.58}","{""sh.601988"": 2.96, ""sh.601398"": 4.29, ""sh.601939"": 4.74, ""sh.601288"": 2.67}","{""sh.601988"": 84500.0, ""sh.601398"": 58200.0, ""sh.601939"": 52600.0, ""sh.601288"": 96600.0}","{""sh.601988"": 84500.0, ""sh.601398"": 58200.0, ""sh.601939"": 52600.0, ""sh.601288"": 96600.0}"
2012-01-16,2012-01-17,2012-01-17,2012-01-18,1,1006101.1113999998,1016898.6507999998,1005195.0,1017617.0,301.5585,305.28509999999994,1017.617,0.0,0.0,10797.539400000009,0.01073206189482797,"{""sh.601988"": 2.97, ""sh.601398"": 4.3, ""sh.601939"": 4.76, ""sh.601288"": 2.65}","{""sh.601988"": 3.0, ""sh.601398"": 4.35, ""sh.601939"": 4.82, ""sh.601288"": 2.69}","{""sh.601988"": 84600.0, ""sh.601398"": 58400.0, ""sh.601939"": 52800.0, ""sh.601288"": 94900.0}","{""sh.601988"": 84600.0, ""sh.601398"": 58400.0, ""sh.601939"": 52800.0, ""sh.601288"": 94900.0}"
2012-03-07,2012-03-08,2012-03-08,2012-03-09,1,1016898.6507999998,1018589.2694999998,1016290.0,1019611.0,304.887,305.88329999999996,1019.6110000000001,0.0,0.0,1690.6186999999918,0.0016625242827001223,"{""sh.601988"": 3.01, ""sh.601398"": 4.33, ""sh.601939"": 4.79, ""sh.601288"": 2.69}","{""sh.601988"": 3.02, ""sh.601398"": 4.34, ""sh.601939"": 4.79, ""sh.601288"": 2.71}","{""sh.601988"": 84400.0, ""sh.601398"": 58700.0, ""sh.601939"": 53000.0, ""sh.601288"": 94500.0}","{""sh.601988"": 84400.0, ""sh.601398"": 58700.0, ""sh.601939"": 53000.0, ""sh.601288"": 94500.0}"
2012-03-14,2012-03-15,2012-04-12,2012-04-13,29,1018589.2694999998,1016206.2010999998,1017532.0,1016776.0,305.2595999999999,305.03279999999995,1016.7760000000001,0.0,0.0,-2383.068399999989,-0.002339577365830467,"{""sh.601988"": 3.04, ""sh.601398"": 4.31, ""sh.601939"": 4.76, ""sh.601288"": 2.7}","{""sh.601988"": 3.05, ""sh.601398"": 4.34, ""sh.601939"": 4.75, ""sh.601288"": 2.67}","{""sh.601988"": 83700.0, ""sh.601398"": 59000.0, ""sh.601939"": 53400.0, ""sh.601288"": 94300.0}","{""sh.601988"": 83700.0, ""sh.601398"": 59000.0, ""sh.601939"": 53400.0, ""sh.601288"": 94300.0}"
2012-04-17,2012-04-18,2012-04-18,2012-04-19,1,1016206.2010999998,1020915.7836999999,1015108.0,1021450.0,304.5324,306.435,1021.4500000000002,0.0,0.0,4709.582600000082,0.004634475360317777,"{""sh.601988"": 3.05, ""sh.601398"": 4.36, ""sh.601939"": 4.7, ""sh.601288"": 2.68}","{""sh.601988"": 3.07, ""sh.601398"": 4.38, ""sh.601939"": 4.73, ""sh.601288"": 2.7}","{""sh.601988"": 83200.0, ""sh.601398"": 58200.0, ""sh.601939"": 54000.0, ""sh.601288"": 94700.0}","{""sh.601988"": 83200.0, ""sh.601398"": 58200.0, ""sh.601939"": 54000.0, ""sh.601288"": 94700.0}"
2012-05-11,2012-05-14,2012-05-29,2012-06-01,18,1020915.7836999999,989144.0486999998,1020604.0,990426.0,306.1812,297.1278,990.4259999999999,0.0,0.0,-31771.735000000102,-0.03112081868776,"{""sh.601988"": 3.06, ""sh.601398"": 4.37, ""sh.601939"": 4.7, ""sh.601288"": 2.73}","{""sh.601988"": 3.03, ""sh.601398"": 4.21, ""sh.601939"": 4.5, ""sh.601288"": 2.65}","{""sh.601988"": 83400.0, ""sh.601398"": 58400.0, ""sh.601939"": 54300.0, ""sh.601288"": 93400.0}","{""sh.601988"": 83400.0, ""sh.601398"": 58400.0, ""sh.601939"": 54300.0, ""sh.601288"": 93400.0}"
2012-08-13,2012-08-14,2012-09-07,2012-09-10,27,989144.0486999998,972547.2357999998,988349.0,973314.0,296.50469999999996,291.9942,973.3140000000001,0.0,0.0,-16596.81290000002,-0.016778964521712156,"{""sh.601988"": 2.77, ""sh.601398"": 3.83, ""sh.601939"": 4.07, ""sh.601288"": 2.53}","{""sh.601988"": 2.74, ""sh.601398"": 3.78, ""sh.601939"": 4.0, ""sh.601288"": 2.48}","{""sh.601988"": 89200.0, ""sh.601398"": 64500.0, ""sh.601939"": 60700.0, ""sh.601288"": 97700.0}","{""sh.601988"": 89200.0, ""sh.601398"": 64500.0, ""sh.601939"": 60700.0, ""sh.601288"": 97700.0}"
2012-09-17,2012-09-18,2012-09-28,2012-10-08,20,972547.2357999998,973960.2633999998,971943.0,974915.0,291.5829,292.47450000000003,974.9150000000001,0.0,0.0,1413.0276000000304,0.0014529141084213759,"{""sh.601988"": 2.67, ""sh.601398"": 3.75, ""sh.601939"": 3.95, ""sh.601288"": 2.46}","{""sh.601988"": 2.7, ""sh.601398"": 3.75, ""sh.601939"": 3.97, ""sh.601288"": 2.45}","{""sh.601988"": 91000.0, ""sh.601398"": 64800.0, ""sh.601939"": 61500.0, ""sh.601288"": 98800.0}","{""sh.601988"": 91000.0, ""sh.601398"": 64800.0, ""sh.601939"": 61500.0, ""sh.601288"": 98800.0}"
2012-10-26,2012-10-29,2012-11-01,2012-11-02,4,973960.2633999998,991184.5483999997,973292.0,992098.0,291.9876,297.6294,992.098,0.0,0.0,17224.284999999916,0.017684792334208405,"{""sh.601988"": 2.71, ""sh.601398"": 3.82, ""sh.601939"": 4.11, ""sh.601288"": 2.48}","{""sh.601988"": 2.77, ""sh.601398"": 3.87, ""sh.601939"": 4.2, ""sh.601288"": 2.53}","{""sh.601988"": 89800.0, ""sh.601398"": 63700.0, ""sh.601939"": 59200.0, ""sh.601288"": 98100.0}","{""sh.601988"": 89800.0, ""sh.601398"": 63700.0, ""sh.601939"": 59200.0, ""sh.601288"": 98100.0}"
2012-11-08,2012-11-09,2012-12-05,2012-12-06,27,991184.5483999997,994146.6243999999,990004.0,994556.0,297.0012,298.3668,994.556,0.0,0.0,2962.0760000001173,0.002988420274288568,"{""sh.601988"": 2.8, ""sh.601398"": 3.86, ""sh.601939"": 4.26, ""sh.601288"": 2.56}","{""sh.601988"": 2.77, ""sh.601398"": 3.9, ""sh.601939"": 4.24, ""sh.601288"": 2.62}","{""sh.601988"": 88400.0, ""sh.601398"": 64100.0, ""sh.601939"": 58100.0, ""sh.601288"": 96700.0}","{""sh.601988"": 88400.0, ""sh.601398"": 64100.0, ""sh.601939"": 58100.0, ""sh.601288"": 96700.0}"
2013-02-21,2013-02-22,2013-03-20,2013-03-21,27,994146.6243999999,991301.7352999998,993452.0,992195.0,298.0356,297.65849999999995,992.195,0.0,0.0,-2844.8891000000294,-0.0028616393499470093,"{""sh.601988"": 2.97, ""sh.601398"": 4.16, ""sh.601939"": 4.66, ""sh.601288"": 2.94}","{""sh.601988"": 2.98, ""sh.601398"": 4.16, ""sh.601939"": 4.7, ""sh.601288"": 2.89}","{""sh.601988"": 83600.0, ""sh.601398"": 59700.0, ""sh.601939"": 53300.0, ""sh.601288"": 84500.0}","{""sh.601988"": 83600.0, ""sh.601398"": 59700.0, ""sh.601939"": 53300.0, ""sh.601288"": 84500.0}"
2013-03-26,2013-03-27,2013-04-19,2013-04-22,26,991301.7352999998,967119.9602999999,990743.0,968117.0,297.2228999999999,290.4351,968.117,0.0,0.0,-24181.774999999907,-0.02439396012222426,"{""sh.601988"": 3.0, ""sh.601398"": 4.14, ""sh.601939"": 4.7, ""sh.601288"": 2.87}","{""sh.601988"": 2.91, ""sh.601398"": 4.1, ""sh.601939"": 4.67, ""sh.601288"": 2.74}","{""sh.601988"": 82600.0, ""sh.601398"": 59800.0, ""sh.601939"": 52700.0, ""sh.601288"": 86300.0}","{""sh.601988"": 82600.0, ""sh.601398"": 59800.0, ""sh.601939"": 52700.0, ""sh.601288"": 86300.0}"
2013-04-23,2013-04-24,2013-05-06,2013-05-07,13,967119.9602999999,978698.6965000001,966362.0,979504.0,289.9086,293.85119999999995,979.5040000000001,0.0,0.0,11578.73620000016,0.011972388819695588,"{""sh.601988"": 2.87, ""sh.601398"": 4.07, ""sh.601939"": 4.66, ""sh.601288"": 2.69}","{""sh.601988"": 2.9, ""sh.601398"": 4.09, ""sh.601939"": 4.79, ""sh.601288"": 2.72}","{""sh.601988"": 84200.0, ""sh.601398"": 59400.0, ""sh.601939"": 51800.0, ""sh.601288"": 89800.0}","{""sh.601988"": 84200.0, ""sh.601398"": 59400.0, ""sh.601939"": 51800.0, ""sh.601288"": 89800.0}"
2013-06-04,2013-06-05,2013-07-11,2013-07-12,37,978698.6965000001,970266.5530000001,978054.0,915021.0,293.4162,274.5063,915.021,56083.8,0.0,-8432.143500000006,-0.008615668468911673,"{""sh.601988"": 2.95, ""sh.601398"": 4.21, ""sh.601939"": 4.79, ""sh.601288"": 2.73}","{""sh.601988"": 2.72, ""sh.601398"": 3.97, ""sh.601939"": 4.5, ""sh.601288"": 2.56}","{""sh.601988"": 82900.0, ""sh.601398"": 58100.0, ""sh.601939"": 51000.0, ""sh.601288"": 89600.0}","{""sh.601988"": 82900.0, ""sh.601398"": 58100.0, ""sh.601939"": 51000.0, ""sh.601288"": 89600.0}"
2013-07-19,2013-07-22,2013-07-22,2013-07-23,1,970266.5530000001,975091.1114,969464.0,975848.0,290.8392,292.7543999999999,975.848,0.0,0.0,4824.55839999998,0.004972405144836503,"{""sh.601988"": 2.63, ""sh.601398"": 3.92, ""sh.601939"": 4.31, ""sh.601288"": 2.5}","{""sh.601988"": 2.65, ""sh.601398"": 3.91, ""sh.601939"": 4.35, ""sh.601288"": 2.53}","{""sh.601988"": 92200.0, ""sh.601398"": 61800.0, ""sh.601939"": 56200.0, ""sh.601288"": 97000.0}","{""sh.601988"": 92200.0, ""sh.601398"": 61800.0, ""sh.601939"": 56200.0, ""sh.601288"": 97000.0}"
2013-07-26,2013-07-29,2013-08-01,2013-08-02,4,975091.1114,985206.9608,974346.0,986036.0,292.3038,295.8108,986.0360000000001,0.0,0.0,10115.849399999948,0.010374260704187923,"{""sh.601988"": 2.65, ""sh.601398"": 3.9, ""sh.601939"": 4.25, ""sh.601288"": 2.48}","{""sh.601988"": 2.69, ""sh.601398"": 3.93, ""sh.601939"": 4.34, ""sh.601288"": 2.49}","{""sh.601988"": 91900.0, ""sh.601398"": 62500.0, ""sh.601939"": 57300.0, ""sh.601288"": 98200.0}","{""sh.601988"": 91900.0, ""sh.601398"": 62500.0, ""sh.601939"": 57300.0, ""sh.601288"": 98200.0}"
2013-09-26,2013-09-27,2013-10-08,2013-10-09,12,985206.9608,987867.3755000001,984420.0,988661.0,295.32599999999996,296.5983,988.6610000000001,0.0,0.0,2660.414700000081,0.002700361249822872,"{""sh.601988"": 2.76, ""sh.601398"": 3.85, ""sh.601939"": 4.27, ""sh.601288"": 2.49}","{""sh.601988"": 2.79, ""sh.601398"": 3.85, ""sh.601939"": 4.28, ""sh.601288"": 2.5}","{""sh.601988"": 89200.0, ""sh.601398"": 63900.0, ""sh.601939"": 57600.0, ""sh.601288"": 98900.0}","{""sh.601988"": 89200.0, ""sh.601398"": 63900.0, ""sh.601939"": 57600.0, ""sh.601288"": 98900.0}"
2013-10-10,2013-10-11,2013-10-11,2013-10-14,3,987867.3755000001,995261.4165999999,987049.0,996034.0,296.11469999999997,298.81019999999995,996.034,0.0,0.0,7394.0410999997985,0.007484851998738567,"{""sh.601988"": 2.81, ""sh.601398"": 3.87, ""sh.601939"": 4.29, ""sh.601288"": 2.5}","{""sh.601988"": 2.84, ""sh.601398"": 3.9, ""sh.601939"": 4.35, ""sh.601288"": 2.51}","{""sh.601988"": 87800.0, ""sh.601398"": 63800.0, ""sh.601939"": 57500.0, ""sh.601288"": 98700.0}","{""sh.601988"": 87800.0, ""sh.601398"": 63800.0, ""sh.601939"": 57500.0, ""sh.601288"": 98700.0}"
2013-10-16,2013-10-17,2013-10-21,2013-10-22,5,995261.4165999999,999359.5112999998,994687.0,1000384.0,298.4061,300.11519999999996,1000.384,0.0,0.0,4098.0946999999,0.004117606320960137,"{""sh.601988"": 2.81, ""sh.601398"": 3.86, ""sh.601939"": 4.28, ""sh.601288"": 2.5}","{""sh.601988"": 2.85, ""sh.601398"": 3.86, ""sh.601939"": 4.3, ""sh.601288"": 2.51}","{""sh.601988"": 88500.0, ""sh.601398"": 64400.0, ""sh.601939"": 58100.0, ""sh.601288"": 99500.0}","{""sh.601988"": 88500.0, ""sh.601398"": 64400.0, ""sh.601939"": 58100.0, ""sh.601288"": 99500.0}"
2013-10-23,2013-10-24,2013-11-18,2013-11-19,26,999359.5112999998,1014547.7808999998,998675.0,1015483.0,299.6025,304.64489999999995,1015.483,0.0,0.0,15188.2696,0.015198003749664221,"{""sh.601988"": 2.81, ""sh.601398"": 3.85, ""sh.601939"": 4.26, ""sh.601288"": 2.5}","{""sh.601988"": 2.84, ""sh.601398"": 3.83, ""sh.601939"": 4.37, ""sh.601288"": 2.59}","{""sh.601988"": 88900.0, ""sh.601398"": 64800.0, ""sh.601939"": 58600.0, ""sh.601288"": 99900.0}","{""sh.601988"": 88900.0, ""sh.601398"": 64800.0, ""sh.601939"": 58600.0, ""sh.601288"": 99900.0}"
2013-12-11,2013-12-12,2014-01-22,2014-01-23,42,1014547.7808999998,919136.8315999998,1013771.0,919860.0,304.13129999999995,275.95799999999997,919.86,0.0,0.0,-95410.94929999998,-0.09404283474491605,"{""sh.601988"": 2.79, ""sh.601398"": 3.78, ""sh.601939"": 4.37, ""sh.601288"": 2.56}","{""sh.601988"": 2.5, ""sh.601398"": 3.41, ""sh.601939"": 3.94, ""sh.601288"": 2.38}","{""sh.601988"": 90900.0, ""sh.601398"": 67000.0, ""sh.601939"": 58000.0, ""sh.601288"": 99000.0}","{""sh.601988"": 90900.0, ""sh.601398"": 67000.0, ""sh.601939"": 58000.0, ""sh.601288"": 99000.0}"
2014-01-23,2014-01-24,2014-01-24,2014-01-27,3,919136.8315999998,916407.8900999998,918488.0,917227.0,275.54639999999995,275.1681,917.2270000000001,0.0,0.0,-2728.941499999957,-0.0029690263801631315,"{""sh.601988"": 2.48, ""sh.601398"": 3.4, ""sh.601939"": 3.92, ""sh.601288"": 2.36}","{""sh.601988"": 2.48, ""sh.601398"": 3.39, ""sh.601939"": 3.91, ""sh.601288"": 2.36}","{""sh.601988"": 92600.0, ""sh.601398"": 67500.0, ""sh.601939"": 58600.0, ""sh.601288"": 97300.0}","{""sh.601988"": 92600.0, ""sh.601398"": 67500.0, ""sh.601939"": 58600.0, ""sh.601288"": 97300.0}"
2014-01-27,2014-01-28,2014-01-29,2014-01-30,2,916407.8900999998,927657.7045999998,915397.0,928128.0,274.61909999999995,278.4384,928.128,0.0,0.0,11249.814499999979,0.012275990442173496,"{""sh.601988"": 2.48, ""sh.601398"": 3.36, ""sh.601939"": 3.91, ""sh.601288"": 2.37}","{""sh.601988"": 2.52, ""sh.601398"": 3.43, ""sh.601939"": 3.95, ""sh.601288"": 2.39}","{""sh.601988"": 92300.0, ""sh.601398"": 68100.0, ""sh.601939"": 58500.0, ""sh.601288"": 96600.0}","{""sh.601988"": 92300.0, ""sh.601398"": 68100.0, ""sh.601939"": 58500.0, ""sh.601288"": 96600.0}"
2014-02-24,2014-02-25,2014-03-21,2014-03-24,27,927657.7045999998,931027.9337999998,927158.0,932018.0,278.14739999999995,279.6054,932.018,0.0,0.0,3370.2291999999434,0.003633052561616103,"{""sh.601988"": 2.53, ""sh.601398"": 3.37, ""sh.601939"": 3.89, ""sh.601288"": 2.35}","{""sh.601988"": 2.54, ""sh.601398"": 3.35, ""sh.601939"": 3.88, ""sh.601288"": 2.41}","{""sh.601988"": 91600.0, ""sh.601398"": 68800.0, ""sh.601939"": 59600.0, ""sh.601288"": 98600.0}","{""sh.601988"": 91600.0, ""sh.601398"": 68800.0, ""sh.601939"": 59600.0, ""sh.601288"": 98600.0}"
2014-03-31,2014-04-01,2014-04-01,2014-04-02,1,931027.9337999998,933140.9131999998,930208.0,933814.0,279.0624,280.1442,933.8140000000001,0.0,0.0,2112.9794000000693,0.002269512356493884,"{""sh.601988"": 2.58, ""sh.601398"": 3.45, ""sh.601939"": 4.0, ""sh.601288"": 2.42}","{""sh.601988"": 2.59, ""sh.601398"": 3.45, ""sh.601939"": 4.03, ""sh.601288"": 2.43}","{""sh.601988"": 90200.0, ""sh.601398"": 67400.0, ""sh.601939"": 58100.0, ""sh.601288"": 96100.0}","{""sh.601988"": 90200.0, ""sh.601398"": 67400.0, ""sh.601939"": 58100.0, ""sh.601288"": 96100.0}"
2014-04-21,2014-04-22,2014-05-23,2014-05-26,34,933140.9131999998,957115.2991999999,932790.0,958290.0,279.837,287.48699999999997,958.2900000000002,0.0,0.0,23974.386000000057,0.0256921389480022,"{""sh.601988"": 2.6, ""sh.601398"": 3.43, ""sh.601939"": 3.95, ""sh.601288"": 2.4}","{""sh.601988"": 2.68, ""sh.601398"": 3.53, ""sh.601939"": 4.03, ""sh.601288"": 2.47}","{""sh.601988"": 89700.0, ""sh.601398"": 68000.0, ""sh.601939"": 59000.0, ""sh.601288"": 97200.0}","{""sh.601988"": 89700.0, ""sh.601398"": 68000.0, ""sh.601939"": 59000.0, ""sh.601288"": 97200.0}"
2014-06-04,2014-06-05,2014-06-05,2014-06-06,1,957115.2991999999,967581.6627999999,956263.0,968275.0,286.8789,290.4825,968.275,0.0,0.0,10466.36360000004,0.010935321594742347,"{""sh.601988"": 2.71, ""sh.601398"": 3.57, ""sh.601939"": 4.03, ""sh.601288"": 2.48}","{""sh.601988"": 2.73, ""sh.601398"": 3.63, ""sh.601939"": 4.07, ""sh.601288"": 2.52}","{""sh.601988"": 88200.0, ""sh.601398"": 67000.0, ""sh.601939"": 59300.0, ""sh.601288"": 96400.0}","{""sh.601988"": 88200.0, ""sh.601398"": 67000.0, ""sh.601939"": 59300.0, ""sh.601288"": 96400.0}"
2014-06-06,2014-06-09,2014-06-10,2014-06-11,2,967581.6627999999,985602.9026,967055.0,986649.0,290.1165,295.99469999999997,986.6490000000001,0.0,0.0,18021.239800000098,0.018625032380057728,"{""sh.601988"": 2.7, ""sh.601398"": 3.61, ""sh.601939"": 4.05, ""sh.601288"": 2.5}","{""sh.601988"": 2.74, ""sh.601398"": 3.72, ""sh.601939"": 4.13, ""sh.601288"": 2.54}","{""sh.601988"": 89500.0, ""sh.601398"": 67000.0, ""sh.601939"": 59700.0, ""sh.601288"": 96700.0}","{""sh.601988"": 89500.0, ""sh.601398"": 67000.0, ""sh.601939"": 59700.0, ""sh.601288"": 96700.0}"
2014-06-19,2014-06-20,2014-06-30,2014-07-01,11,985602.9026,989483.9846999998,984940.0,972643.0,295.48199999999997,291.7929,972.6429999999999,17738.0,0.0,3881.082099999767,0.003937774624812439,"{""sh.601988"": 2.72, ""sh.601398"": 3.45, ""sh.601939"": 4.11, ""sh.601288"": 2.49}","{""sh.601988"": 2.56, ""sh.601398"": 3.4, ""sh.601939"": 4.14, ""sh.601288"": 2.53}","{""sh.601988"": 90500.0, ""sh.601398"": 71400.0, ""sh.601939"": 59900.0, ""sh.601288"": 98900.0}","{""sh.601988"": 90500.0, ""sh.601398"": 71400.0, ""sh.601939"": 59900.0, ""sh.601288"": 98900.0}"
2014-07-09,2014-07-10,2014-07-14,2014-07-15,5,989483.9846999998,996024.5829999996,988643.0,996776.0,296.5929,299.0328,996.7760000000001,0.0,0.0,6540.598299999838,0.006610110321273034,"{""sh.601988"": 2.54, ""sh.601398"": 3.42, ""sh.601939"": 3.89, ""sh.601288"": 2.35}","{""sh.601988"": 2.57, ""sh.601398"": 3.46, ""sh.601939"": 3.91, ""sh.601288"": 2.36}","{""sh.601988"": 97300.0, ""sh.601398"": 72300.0, ""sh.601939"": 63500.0, ""sh.601288"": 105200.0}","{""sh.601988"": 97300.0, ""sh.601398"": 72300.0, ""sh.601939"": 63500.0, ""sh.601288"": 105200.0}"
2014-08-26,2014-08-27,2014-09-01,2014-09-02,6,996024.5829999996,989328.2547999995,995607.0,990497.0,298.6821,297.1491,990.4970000000001,0.0,0.0,-6696.328200000105,-0.006723055147726317,"{""sh.601988"": 2.68, ""sh.601398"": 3.49, ""sh.601939"": 4.06, ""sh.601288"": 2.45}","{""sh.601988"": 2.67, ""sh.601398"": 3.48, ""sh.601939"": 4.02, ""sh.601288"": 2.44}","{""sh.601988"": 92900.0, ""sh.601398"": 71300.0, ""sh.601939"": 61300.0, ""sh.601288"": 101600.0}","{""sh.601988"": 92900.0, ""sh.601398"": 71300.0, ""sh.601939"": 61300.0, ""sh.601288"": 101600.0}"
2014-10-17,2014-10-20,2014-10-20,2014-10-21,1,989328.2547999995,985621.1379999996,988677.0,986549.0,296.6031,295.9647,986.5490000000001,0.0,0.0,-3707.1167999999598,-0.0037471049492560815,"{""sh.601988"": 2.68, ""sh.601398"": 3.52, ""sh.601939"": 4.1, ""sh.601288"": 2.47}","{""sh.601988"": 2.67, ""sh.601398"": 3.52, ""sh.601939"": 4.08, ""sh.601288"": 2.47}","{""sh.601988"": 92200.0, ""sh.601398"": 70200.0, ""sh.601939"": 60300.0, ""sh.601288"": 100100.0}","{""sh.601988"": 92200.0, ""sh.601398"": 70200.0, ""sh.601939"": 60300.0, ""sh.601288"": 100100.0}"
2014-10-21,2014-10-22,2014-10-29,2014-10-30,8,985621.1379999996,991334.6524999994,984998.0,992297.0,295.4993999999999,297.6891,992.297,0.0,0.0,5713.514499999816,0.005796866848445998,"{""sh.601988"": 2.66, ""sh.601398"": 3.5, ""sh.601939"": 4.06, ""sh.601288"": 2.46}","{""sh.601988"": 2.69, ""sh.601398"": 3.55, ""sh.601939"": 4.06, ""sh.601288"": 2.47}","{""sh.601988"": 92600.0, ""sh.601398"": 70400.0, ""sh.601939"": 60600.0, ""sh.601288"": 100100.0}","{""sh.601988"": 92600.0, ""sh.601398"": 70400.0, ""sh.601939"": 60600.0, ""sh.601288"": 100100.0}"
2015-01-19,2015-01-20,2015-01-21,2015-01-22,2,991334.6524999994,1054217.9092999995,990516.0,1055068.0,297.15479999999997,316.5204,1055.068,0.0,0.0,62883.25680000009,0.06343292513927341,"{""sh.601988"": 4.48, ""sh.601398"": 4.66, ""sh.601939"": 5.95, ""sh.601288"": 3.53}","{""sh.601988"": 4.88, ""sh.601398"": 4.92, ""sh.601939"": 6.25, ""sh.601288"": 3.76}","{""sh.601988"": 55300.0, ""sh.601398"": 53100.0, ""sh.601939"": 41600.0, ""sh.601288"": 70200.0}","{""sh.601988"": 55300.0, ""sh.601398"": 53100.0, ""sh.601939"": 41600.0, ""sh.601288"": 70200.0}"
2015-01-29,2015-01-30,2015-02-16,2015-02-17,18,1054217.9092999995,991388.1532999994,1053342.0,992118.0,316.00260000000003,297.6354,992.118,0.0,0.0,-62829.75600000005,-0.05959845250752665,"{""sh.601988"": 4.45, ""sh.601398"": 4.59, ""sh.601939"": 5.9, ""sh.601288"": 3.52}","{""sh.601988"": 4.09, ""sh.601398"": 4.43, ""sh.601939"": 5.58, ""sh.601288"": 3.3}","{""sh.601988"": 59200.0, ""sh.601398"": 57400.0, ""sh.601939"": 44600.0, ""sh.601288"": 74800.0}","{""sh.601988"": 59200.0, ""sh.601398"": 57400.0, ""sh.601939"": 44600.0, ""sh.601288"": 74800.0}"
2015-05-06,2015-05-07,2015-05-11,2015-05-12,5,991388.1532999994,1002486.3261999993,990199.0,1002898.0,297.05969999999996,300.8694,1002.898,0.0,0.0,11098.172899999889,0.011194578897334797,"{""sh.601988"": 4.49, ""sh.601398"": 5.13, ""sh.601939"": 6.49, ""sh.601288"": 3.72}","{""sh.601988"": 4.55, ""sh.601398"": 5.22, ""sh.601939"": 6.57, ""sh.601288"": 3.75}","{""sh.601988"": 55100.0, ""sh.601398"": 48300.0, ""sh.601939"": 38100.0, ""sh.601288"": 66600.0}","{""sh.601988"": 55100.0, ""sh.601398"": 48300.0, ""sh.601939"": 38100.0, ""sh.601288"": 66600.0}"
2015-05-15,2015-05-18,2015-05-19,2015-05-20,2,1002486.3261999993,1020475.1600999992,1001665.0,1021282.0,300.4995,306.3845999999999,1021.2819999999999,0.0,0.0,17988.833899999852,0.017944218718860632,"{""sh.601988"": 4.4, ""sh.601398"": 5.03, ""sh.601939"": 6.37, ""sh.601288"": 3.63}","{""sh.601988"": 4.46, ""sh.601398"": 5.14, ""sh.601939"": 6.52, ""sh.601288"": 3.7}","{""sh.601988"": 56900.0, ""sh.601398"": 49800.0, ""sh.601939"": 39300.0, ""sh.601288"": 69000.0}","{""sh.601988"": 56900.0, ""sh.601398"": 49800.0, ""sh.601939"": 39300.0, ""sh.601288"": 69000.0}"
2015-06-18,2015-06-19,2015-07-21,2015-07-22,33,1020475.1600999992,1081250.769999999,1019982.0,1035135.0,305.99459999999993,310.54049999999995,1035.135,47274.28,0.0,60775.60989999992,0.05955618742747678,"{""sh.601988"": 4.68, ""sh.601398"": 5.08, ""sh.601939"": 6.64, ""sh.601288"": 3.7}","{""sh.601988"": 5.05, ""sh.601398"": 5.13, ""sh.601939"": 6.48, ""sh.601288"": 3.68}","{""sh.601988"": 54500.0, ""sh.601398"": 50200.0, ""sh.601939"": 38400.0, ""sh.601288"": 68900.0}","{""sh.601988"": 54500.0, ""sh.601398"": 50200.0, ""sh.601939"": 38400.0, ""sh.601288"": 68900.0}"
2015-07-27,2015-07-28,2015-08-10,2015-08-11,14,1081250.769999999,1107215.5622999992,1080100.0,1107829.0,324.03,332.34869999999995,1107.829,0.0,0.0,25964.79230000009,0.02401366363882461,"{""sh.601988"": 4.5, ""sh.601398"": 4.76, ""sh.601939"": 5.86, ""sh.601288"": 3.38}","{""sh.601988"": 4.47, ""sh.601398"": 4.89, ""sh.601939"": 6.15, ""sh.601288"": 3.49}","{""sh.601988"": 60000.0, ""sh.601398"": 56700.0, ""sh.601939"": 46100.0, ""sh.601288"": 79900.0}","{""sh.601988"": 60000.0, ""sh.601398"": 56700.0, ""sh.601939"": 46100.0, ""sh.601288"": 79900.0}"
2015-08-18,2015-08-19,2015-09-21,2015-09-22,34,1107215.5622999992,1036576.1545999992,1106284.0,1037325.0,331.88519999999994,311.1975,1037.325,0.0,0.0,-70639.40769999998,-0.06379914634984175,"{""sh.601988"": 4.21, ""sh.601398"": 4.61, ""sh.601939"": 5.71, ""sh.601288"": 3.33}","{""sh.601988"": 3.85, ""sh.601398"": 4.42, ""sh.601939"": 5.37, ""sh.601288"": 3.12}","{""sh.601988"": 65700.0, ""sh.601398"": 60000.0, ""sh.601939"": 48400.0, ""sh.601288"": 83100.0}","{""sh.601988"": 65700.0, ""sh.601398"": 60000.0, ""sh.601939"": 48400.0, ""sh.601288"": 83100.0}"
2015-09-23,2015-09-24,2015-09-24,2015-09-25,1,1036576.1545999992,1027986.2639999993,1035572.0,1028630.0,310.67159999999996,308.589,1028.63,0.0,0.0,-8589.890599999926,-0.008286791628266472,"{""sh.601988"": 3.8, ""sh.601398"": 4.38, ""sh.601939"": 5.32, ""sh.601288"": 3.1}","{""sh.601988"": 3.79, ""sh.601398"": 4.36, ""sh.601939"": 5.25, ""sh.601288"": 3.08}","{""sh.601988"": 68100.0, ""sh.601398"": 59100.0, ""sh.601939"": 48700.0, ""sh.601288"": 83500.0}","{""sh.601988"": 68100.0, ""sh.601398"": 59100.0, ""sh.601939"": 48700.0, ""sh.601288"": 83500.0}"
2015-09-25,2015-09-28,2015-10-08,2015-10-09,11,1027986.2639999993,1024257.0340999993,1026841.0,1024752.0,308.05229999999995,307.4256,1024.7520000000002,0.0,0.0,-3729.2298999999184,-0.0036277040176481592,"{""sh.601988"": 3.8, ""sh.601398"": 4.41, ""sh.601939"": 5.3, ""sh.601288"": 3.09}","{""sh.601988"": 3.79, ""sh.601398"": 4.4, ""sh.601939"": 5.3, ""sh.601288"": 3.08}","{""sh.601988"": 67600.0, ""sh.601398"": 58200.0, ""sh.601939"": 48400.0, ""sh.601288"": 83100.0}","{""sh.601988"": 67600.0, ""sh.601398"": 58200.0, ""sh.601939"": 48400.0, ""sh.601288"": 83100.0}"
2015-11-03,2015-11-04,2015-11-04,2015-11-05,1,1024257.0340999993,1046350.4730999994,1023544.0,1047306.0,307.0632,314.1918,1047.306,0.0,0.0,22093.439000000013,0.02157020968805278,"{""sh.601988"": 3.81, ""sh.601398"": 4.44, ""sh.601939"": 5.35, ""sh.601288"": 3.07}","{""sh.601988"": 3.9, ""sh.601398"": 4.53, ""sh.601939"": 5.49, ""sh.601288"": 3.14}","{""sh.601988"": 67200.0, ""sh.601398"": 57600.0, ""sh.601939"": 47800.0, ""sh.601288"": 83400.0}","{""sh.601988"": 67200.0, ""sh.601398"": 57600.0, ""sh.601939"": 47800.0, ""sh.601288"": 83400.0}"
2015-11-27,2015-11-30,2015-12-17,2015-12-18,18,1046350.4730999994,1067704.689399999,1045506.0,1068563.0,313.6518,320.5689,1068.563,0.0,0.0,21354.216299999738,0.020408282739849178,"{""sh.601988"": 3.96, ""sh.601398"": 4.57, ""sh.601939"": 5.67, ""sh.601288"": 3.13}","{""sh.601988"": 4.06, ""sh.601398"": 4.61, ""sh.601939"": 5.76, ""sh.601288"": 3.25}","{""sh.601988"": 66000.0, ""sh.601398"": 57200.0, ""sh.601939"": 46100.0, ""sh.601288"": 83500.0}","{""sh.601988"": 66000.0, ""sh.601398"": 57200.0, ""sh.601939"": 46100.0, ""sh.601288"": 83500.0}"
2015-12-28,2015-12-29,2015-12-29,2015-12-30,1,1067704.689399999,1071614.707799999,1066669.0,1072293.0,320.00069999999994,321.6879,1072.2930000000001,0.0,0.0,3910.0183999999426,0.0036620785118001054,"{""sh.601988"": 4.01, ""sh.601398"": 4.59, ""sh.601939"": 5.77, ""sh.601288"": 3.21}","{""sh.601988"": 4.04, ""sh.601398"": 4.6, ""sh.601939"": 5.8, ""sh.601288"": 3.23}","{""sh.601988"": 66500.0, ""sh.601398"": 58100.0, ""sh.601939"": 46200.0, ""sh.601288"": 83100.0}","{""sh.601988"": 66500.0, ""sh.601398"": 58100.0, ""sh.601939"": 46200.0, ""sh.601288"": 83100.0}"
2015-12-31,2016-01-04,2016-02-16,2016-02-17,44,1071614.707799999,911631.619399999,1070692.0,912216.0,321.20759999999996,273.6648,912.2160000000001,0.0,0.0,-159983.0884,-0.14929161314745457,"{""sh.601988"": 4.01, ""sh.601398"": 4.58, ""sh.601939"": 5.77, ""sh.601288"": 3.24}","{""sh.601988"": 3.21, ""sh.601398"": 4.04, ""sh.601939"": 4.72, ""sh.601288"": 2.94}","{""sh.601988"": 66800.0, ""sh.601398"": 58400.0, ""sh.601939"": 46400.0, ""sh.601288"": 82600.0}","{""sh.601988"": 66800.0, ""sh.601398"": 58400.0, ""sh.601939"": 46400.0, ""sh.601288"": 82600.0}"
2016-02-25,2016-02-26,2016-03-02,2016-03-03,6,911631.619399999,937229.213599999,910743.0,937833.0,273.2229,281.34989999999993,937.833,0.0,0.0,25597.594199999934,0.028078879292106267,"{""sh.601988"": 3.14, ""sh.601398"": 4.01, ""sh.601939"": 4.59, ""sh.601288"": 2.93}","{""sh.601988"": 3.25, ""sh.601398"": 4.1, ""sh.601939"": 4.7, ""sh.601288"": 3.04}","{""sh.601988"": 72500.0, ""sh.601398"": 56800.0, ""sh.601939"": 49600.0, ""sh.601288"": 77700.0}","{""sh.601988"": 72500.0, ""sh.601398"": 56800.0, ""sh.601939"": 49600.0, ""sh.601288"": 77700.0}"
2016-03-10,2016-03-11,2016-03-14,2016-03-15,4,937229.213599999,945796.810099999,936438.0,946517.0,280.93139999999994,283.95509999999996,946.517,0.0,0.0,8567.596499999985,0.00914140999413678,"{""sh.601988"": 3.33, ""sh.601398"": 4.3, ""sh.601939"": 4.75, ""sh.601288"": 3.14}","{""sh.601988"": 3.4, ""sh.601398"": 4.29, ""sh.601939"": 4.79, ""sh.601288"": 3.19}","{""sh.601988"": 70300.0, ""sh.601398"": 54400.0, ""sh.601939"": 49300.0, ""sh.601288"": 74600.0}","{""sh.601988"": 70300.0, ""sh.601398"": 54400.0, ""sh.601939"": 49300.0, ""sh.601288"": 74600.0}"
2016-04-20,2016-04-21,2016-05-31,2016-06-01,41,945796.810099999,964823.6598999989,945259.0,965825.0,283.5777,289.7475,965.825,0.0,0.0,19026.849799999967,0.02011727000642798,"{""sh.601988"": 3.34, ""sh.601398"": 4.26, ""sh.601939"": 4.69, ""sh.601288"": 3.13}","{""sh.601988"": 3.36, ""sh.601398"": 4.36, ""sh.601939"": 4.87, ""sh.601288"": 3.19}","{""sh.601988"": 70700.0, ""sh.601398"": 55500.0, ""sh.601939"": 50400.0, ""sh.601288"": 75500.0}","{""sh.601988"": 70700.0, ""sh.601398"": 55500.0, ""sh.601939"": 50400.0, ""sh.601288"": 75500.0}"
2016-06-13,2016-06-14,2016-06-15,2016-06-16,2,964823.6598999989,967639.415499999,964107.0,968471.0,289.23209999999995,290.5413,968.471,0.0,0.0,2815.755600000033,0.0029184147497915607,"{""sh.601988"": 3.3, ""sh.601398"": 4.35, ""sh.601939"": 4.87, ""sh.601288"": 3.14}","{""sh.601988"": 3.31, ""sh.601398"": 4.37, ""sh.601939"": 4.89, ""sh.601288"": 3.16}","{""sh.601988"": 73000.0, ""sh.601398"": 55400.0, ""sh.601939"": 49500.0, ""sh.601288"": 76800.0}","{""sh.601988"": 73000.0, ""sh.601398"": 55400.0, ""sh.601939"": 49500.0, ""sh.601288"": 76800.0}"
2016-06-24,2016-06-27,2016-06-27,2016-06-28,1,967639.415499999,968931.861999999,966786.0,969629.0,290.0358,290.8887,969.6290000000001,0.0,0.0,1292.4465000000782,0.0013356695472478712,"{""sh.601988"": 3.15, ""sh.601398"": 4.39, ""sh.601939"": 4.96, ""sh.601288"": 3.16}","{""sh.601988"": 3.16, ""sh.601398"": 4.41, ""sh.601939"": 4.98, ""sh.601288"": 3.16}","{""sh.601988"": 76700.0, ""sh.601398"": 55100.0, ""sh.601939"": 48700.0, ""sh.601288"": 76500.0}","{""sh.601988"": 76700.0, ""sh.601398"": 55100.0, ""sh.601939"": 48700.0, ""sh.601288"": 76500.0}"
2016-07-27,2016-07-28,2016-08-09,2016-08-10,13,968931.861999999,978167.892099999,968082.0,978881.0,290.4246,293.66429999999997,978.8810000000001,0.0,0.0,9236.030099999974,0.009532177093377473,"{""sh.601988"": 3.33, ""sh.601398"": 4.3, ""sh.601939"": 5.03, ""sh.601288"": 3.11}","{""sh.601988"": 3.35, ""sh.601398"": 4.37, ""sh.601939"": 5.11, ""sh.601288"": 3.13}","{""sh.601988"": 72700.0, ""sh.601398"": 56300.0, ""sh.601939"": 48100.0, ""sh.601288"": 77800.0}","{""sh.601988"": 72700.0, ""sh.601398"": 56300.0, ""sh.601939"": 48100.0, ""sh.601288"": 77800.0}"
2016-08-11,2016-08-12,2016-08-12,2016-08-15,3,978167.892099999,1002576.0634999991,977513.0,1003519.0,293.2539,301.0557,1003.5190000000001,0.0,0.0,24408.17140000011,0.02495294682756244,"{""sh.601988"": 3.39, ""sh.601398"": 4.42, ""sh.601939"": 5.2, ""sh.601288"": 3.16}","{""sh.601988"": 3.5, ""sh.601398"": 4.51, ""sh.601939"": 5.38, ""sh.601288"": 3.22}","{""sh.601988"": 72100.0, ""sh.601398"": 55300.0, ""sh.601939"": 47000.0, ""sh.601288"": 77300.0}","{""sh.601988"": 72100.0, ""sh.601398"": 55300.0, ""sh.601939"": 47000.0, ""sh.601288"": 77300.0}"
2016-09-01,2016-09-02,2016-09-06,2016-09-07,5,1002576.0634999991,999834.8334999991,1001695.0,1000555.0,300.5084999999999,300.1664999999999,1000.555,0.0,0.0,-2741.2299999999814,-0.002734186561795951,"{""sh.601988"": 3.47, ""sh.601398"": 4.51, ""sh.601939"": 5.28, ""sh.601288"": 3.18}","{""sh.601988"": 3.45, ""sh.601398"": 4.47, ""sh.601939"": 5.3, ""sh.601288"": 3.2}","{""sh.601988"": 72200.0, ""sh.601398"": 55500.0, ""sh.601939"": 47400.0, ""sh.601288"": 78800.0}","{""sh.601988"": 72200.0, ""sh.601398"": 55500.0, ""sh.601939"": 47400.0, ""sh.601288"": 78800.0}"
2016-09-09,2016-09-12,2016-10-10,2016-10-11,29,999834.8334999991,993784.6000999991,998768.0,994310.0,299.63039999999995,298.29299999999995,994.3100000000001,0.0,0.0,-6050.233400000026,-0.00605123286095236,"{""sh.601988"": 3.43, ""sh.601398"": 4.45, ""sh.601939"": 5.23, ""sh.601288"": 3.18}","{""sh.601988"": 3.4, ""sh.601398"": 4.46, ""sh.601939"": 5.22, ""sh.601288"": 3.15}","{""sh.601988"": 72800.0, ""sh.601398"": 56100.0, ""sh.601939"": 47700.0, ""sh.601288"": 78600.0}","{""sh.601988"": 72800.0, ""sh.601398"": 56100.0, ""sh.601939"": 47700.0, ""sh.601288"": 78600.0}"
2016-12-05,2016-12-06,2016-12-09,2016-12-12,6,993784.6000999991,1005337.8037999991,992931.0,1006090.0,297.87929999999994,301.827,1006.09,0.0,0.0,11553.203699999955,0.011625460586567169,"{""sh.601988"": 3.51, ""sh.601398"": 4.55, ""sh.601939"": 5.64, ""sh.601288"": 3.24}","{""sh.601988"": 3.6, ""sh.601398"": 4.59, ""sh.601939"": 5.71, ""sh.601288"": 3.26}","{""sh.601988"": 70700.0, ""sh.601398"": 54600.0, ""sh.601939"": 44000.0, ""sh.601288"": 76600.0}","{""sh.601988"": 70700.0, ""sh.601398"": 54600.0, ""sh.601939"": 44000.0, ""sh.601288"": 76600.0}"
2016-12-12,2016-12-13,2017-01-04,2017-01-05,23,1005337.8037999991,967856.2306999989,1004544.0,968623.0,301.36319999999995,290.58689999999996,968.623,0.0,0.0,-37481.573100000154,-0.03728256607711999,"{""sh.601988"": 3.62, ""sh.601398"": 4.6, ""sh.601939"": 5.68, ""sh.601288"": 3.24}","{""sh.601988"": 3.48, ""sh.601398"": 4.43, ""sh.601939"": 5.49, ""sh.601288"": 3.13}","{""sh.601988"": 69400.0, ""sh.601398"": 54600.0, ""sh.601939"": 44200.0, ""sh.601288"": 77500.0}","{""sh.601988"": 69400.0, ""sh.601398"": 54600.0, ""sh.601939"": 44200.0, ""sh.601288"": 77500.0}"
2017-01-12,2017-01-13,2017-01-23,2017-01-24,11,967856.2306999989,985200.1822999989,967161.0,986077.0,290.14829999999995,295.82309999999995,986.077,0.0,0.0,17343.95160000003,0.01791996688129607,"{""sh.601988"": 3.42, ""sh.601398"": 4.45, ""sh.601939"": 5.47, ""sh.601288"": 3.11}","{""sh.601988"": 3.51, ""sh.601398"": 4.52, ""sh.601939"": 5.58, ""sh.601288"": 3.16}","{""sh.601988"": 70700.0, ""sh.601398"": 54300.0, ""sh.601939"": 44200.0, ""sh.601288"": 77800.0}","{""sh.601988"": 70700.0, ""sh.601398"": 54300.0, ""sh.601939"": 44200.0, ""sh.601288"": 77800.0}"
2017-03-09,2017-03-10,2017-03-13,2017-03-14,4,985200.1822999989,990994.4327999989,984473.0,991852.0,295.3419,297.55559999999997,991.852,0.0,0.0,5794.2504999999655,0.005881292557694213,"{""sh.601988"": 3.63, ""sh.601398"": 4.7, ""sh.601939"": 5.87, ""sh.601288"": 3.23}","{""sh.601988"": 3.67, ""sh.601398"": 4.72, ""sh.601939"": 5.92, ""sh.601288"": 3.25}","{""sh.601988"": 67800.0, ""sh.601398"": 52400.0, ""sh.601939"": 41900.0, ""sh.601288"": 76200.0}","{""sh.601988"": 67800.0, ""sh.601398"": 52400.0, ""sh.601939"": 41900.0, ""sh.601288"": 76200.0}"
2017-03-17,2017-03-20,2017-03-20,2017-03-21,1,990994.4327999989,989931.9877999988,989854.0,990376.0,296.95619999999997,297.11279999999994,990.376,0.0,0.0,-1062.4450000000652,-0.0010720998674010576,"{""sh.601988"": 3.64, ""sh.601398"": 4.7, ""sh.601939"": 5.9, ""sh.601288"": 3.26}","{""sh.601988"": 3.66, ""sh.601398"": 4.7, ""sh.601939"": 5.88, ""sh.601288"": 3.26}","{""sh.601988"": 68000.0, ""sh.601398"": 52700.0, ""sh.601939"": 41900.0, ""sh.601288"": 75900.0}","{""sh.601988"": 68000.0, ""sh.601398"": 52700.0, ""sh.601939"": 41900.0, ""sh.601288"": 75900.0}"
2017-03-29,2017-03-30,2017-04-05,2017-04-06,7,989931.9877999988,1003203.7520999988,988688.0,1003561.0,296.60639999999995,301.06829999999997,1003.5610000000001,0.0,0.0,13271.764299999923,0.013406743557701144,"{""sh.601988"": 3.64, ""sh.601398"": 4.77, ""sh.601939"": 5.91, ""sh.601288"": 3.29}","{""sh.601988"": 3.67, ""sh.601398"": 4.85, ""sh.601939"": 6.01, ""sh.601288"": 3.35}","{""sh.601988"": 67900.0, ""sh.601398"": 51800.0, ""sh.601939"": 41800.0, ""sh.601288"": 75200.0}","{""sh.601988"": 67900.0, ""sh.601398"": 51800.0, ""sh.601939"": 41800.0, ""sh.601288"": 75200.0}"
2017-04-14,2017-04-17,2017-05-25,2017-05-26,39,1003203.7520999988,1058050.3924999987,1002424.0,1058948.0,300.7271999999999,317.6844,1058.9479999999999,0.0,0.0,54846.64039999992,0.054671486510282544,"{""sh.601988"": 3.6, ""sh.601398"": 4.79, ""sh.601939"": 5.87, ""sh.601288"": 3.29}","{""sh.601988"": 3.68, ""sh.601398"": 5.13, ""sh.601939"": 6.29, ""sh.601288"": 3.49}","{""sh.601988"": 69600.0, ""sh.601398"": 52300.0, ""sh.601939"": 42700.0, ""sh.601288"": 76200.0}","{""sh.601988"": 69600.0, ""sh.601398"": 52300.0, ""sh.601939"": 42700.0, ""sh.601288"": 76200.0}"
2017-07-17,2017-07-18,2017-07-19,2017-07-20,2,1058050.3924999987,1053693.2365999988,1057266.0,1054597.0,317.17979999999994,316.3791,1054.597,0.0,0.0,-4357.155899999896,-0.0041180986566288725,"{""sh.601988"": 3.76, ""sh.601398"": 5.29, ""sh.601939"": 6.46, ""sh.601288"": 3.59}","{""sh.601988"": 3.77, ""sh.601398"": 5.27, ""sh.601939"": 6.42, ""sh.601288"": 3.58}","{""sh.601988"": 70300.0, ""sh.601398"": 50000.0, ""sh.601939"": 40900.0, ""sh.601288"": 73600.0}","{""sh.601988"": 70300.0, ""sh.601398"": 50000.0, ""sh.601939"": 40900.0, ""sh.601288"": 73600.0}"
2017-08-11,2017-08-14,2017-08-17,2017-08-18,4,1053693.2365999988,1067586.2708999987,1052306.0,1067903.0,315.6918,320.37089999999995,1067.903,0.0,0.0,13893.034299999941,0.01318508444149195,"{""sh.601988"": 3.92, ""sh.601398"": 5.5, ""sh.601939"": 6.58, ""sh.601288"": 3.62}","{""sh.601988"": 4.0, ""sh.601398"": 5.59, ""sh.601939"": 6.71, ""sh.601288"": 3.63}","{""sh.601988"": 67100.0, ""sh.601398"": 47800.0, ""sh.601939"": 40000.0, ""sh.601288"": 72700.0}","{""sh.601988"": 67100.0, ""sh.601398"": 47800.0, ""sh.601939"": 40000.0, ""sh.601288"": 72700.0}"
2017-09-19,2017-09-20,2017-09-20,2017-09-21,1,1067586.2708999987,1071258.7282999987,1066588.0,1071974.0,319.97639999999996,321.59219999999993,1071.9740000000002,0.0,0.0,3672.4573999999557,0.0034399631206422253,"{""sh.601988"": 4.07, ""sh.601398"": 5.75, ""sh.601939"": 6.78, ""sh.601288"": 3.71}","{""sh.601988"": 4.12, ""sh.601398"": 5.78, ""sh.601939"": 6.78, ""sh.601288"": 3.72}","{""sh.601988"": 65500.0, ""sh.601398"": 46400.0, ""sh.601939"": 39300.0, ""sh.601288"": 71900.0}","{""sh.601988"": 65500.0, ""sh.601398"": 46400.0, ""sh.601939"": 39300.0, ""sh.601288"": 71900.0}"
2017-09-21,2017-09-22,2017-10-09,2017-10-10,18,1071258.7282999987,1078987.3897999986,1070031.0,1079484.0,321.0093,323.8452,1079.484,0.0,0.0,7728.661499999929,0.007214561054045919,"{""sh.601988"": 4.14, ""sh.601398"": 5.94, ""sh.601939"": 6.95, ""sh.601288"": 3.76}","{""sh.601988"": 4.13, ""sh.601398"": 6.09, ""sh.601939"": 7.0, ""sh.601288"": 3.78}","{""sh.601988"": 64600.0, ""sh.601398"": 45000.0, ""sh.601939"": 38500.0, ""sh.601288"": 71200.0}","{""sh.601988"": 64600.0, ""sh.601398"": 45000.0, ""sh.601939"": 38500.0, ""sh.601288"": 71200.0}"
2017-11-02,2017-11-03,2017-11-06,2017-11-07,4,1078987.3897999986,1068455.2531999988,1078500.0,1069682.0,323.54999999999995,320.90459999999996,1069.682,0.0,0.0,-10532.136599999852,-0.009761130389069785,"{""sh.601988"": 3.88, ""sh.601398"": 6.07, ""sh.601939"": 7.04, ""sh.601288"": 3.72}","{""sh.601988"": 3.87, ""sh.601398"": 6.03, ""sh.601939"": 6.95, ""sh.601288"": 3.68}","{""sh.601988"": 69500.0, ""sh.601398"": 44400.0, ""sh.601939"": 38300.0, ""sh.601288"": 72500.0}","{""sh.601988"": 69500.0, ""sh.601398"": 44400.0, ""sh.601939"": 38300.0, ""sh.601288"": 72500.0}"
2017-11-16,2017-11-17,2017-11-21,2017-11-22,5,1068455.2531999988,1110009.2309999987,1067318.0,1110636.0,320.19539999999995,333.19079999999997,1110.636,0.0,0.0,41553.97779999999,0.038891640689253756,"{""sh.601988"": 3.85, ""sh.601398"": 5.86, ""sh.601939"": 6.79, ""sh.601288"": 3.57}","{""sh.601988"": 3.94, ""sh.601398"": 6.14, ""sh.601939"": 7.2, ""sh.601288"": 3.68}","{""sh.601988"": 69300.0, ""sh.601398"": 45500.0, ""sh.601939"": 39300.0, ""sh.601288"": 74800.0}","{""sh.601988"": 69300.0, ""sh.601398"": 45500.0, ""sh.601939"": 39300.0, ""sh.601288"": 74800.0}"
2017-11-23,2017-11-24,2017-12-26,2017-12-27,33,1110009.2309999987,1109856.327799999,1109245.0,1110869.0,332.77349999999996,333.2607,1110.8690000000001,0.0,0.0,-152.90319999982603,-0.0001377494850759725,"{""sh.601988"": 3.99, ""sh.601398"": 6.11, ""sh.601939"": 7.33, ""sh.601288"": 3.77}","{""sh.601988"": 3.95, ""sh.601398"": 6.09, ""sh.601939"": 7.49, ""sh.601288"": 3.76}","{""sh.601988"": 69500.0, ""sh.601398"": 45400.0, ""sh.601939"": 37800.0, ""sh.601288"": 73600.0}","{""sh.601988"": 69500.0, ""sh.601398"": 45400.0, ""sh.601939"": 37800.0, ""sh.601288"": 73600.0}"
2017-12-27,2017-12-28,2017-12-28,2017-12-29,1,1109856.327799999,1121059.749199999,1108554.0,1121548.0,332.5662,336.46439999999996,1121.548,0.0,0.0,11203.421400000108,0.010094479005411425,"{""sh.601988"": 3.9, ""sh.601398"": 6.03, ""sh.601939"": 7.5, ""sh.601288"": 3.74}","{""sh.601988"": 3.94, ""sh.601398"": 6.13, ""sh.601939"": 7.55, ""sh.601288"": 3.79}","{""sh.601988"": 71100.0, ""sh.601398"": 46000.0, ""sh.601939"": 36900.0, ""sh.601288"": 74100.0}","{""sh.601988"": 71100.0, ""sh.601398"": 46000.0, ""sh.601939"": 36900.0, ""sh.601288"": 74100.0}"
2018-02-01,2018-02-02,2018-02-05,2018-02-06,4,1121059.749199999,1140954.7401999992,1119238.0,1140952.0,335.77139999999997,342.2856,1140.9520000000002,0.0,0.0,19894.991000000155,0.017746592912819718,"{""sh.601988"": 4.58, ""sh.601398"": 7.6, ""sh.601939"": 9.45, ""sh.601288"": 4.48}","{""sh.601988"": 4.69, ""sh.601398"": 7.59, ""sh.601939"": 9.61, ""sh.601288"": 4.65}","{""sh.601988"": 61100.0, ""sh.601398"": 36800.0, ""sh.601939"": 29600.0, ""sh.601288"": 62500.0}","{""sh.601988"": 61100.0, ""sh.601398"": 36800.0, ""sh.601939"": 29600.0, ""sh.601288"": 62500.0}"
2018-02-06,2018-02-07,2018-03-08,2018-03-09,30,1140954.7401999992,986292.8300999992,1138663.0,985624.0,341.59889999999996,295.6872,985.6240000000001,0.0,0.0,-154661.91009999998,-0.13555481619971108,"{""sh.601988"": 4.82, ""sh.601398"": 7.57, ""sh.601939"": 9.51, ""sh.601288"": 4.7}","{""sh.601988"": 4.2, ""sh.601398"": 6.58, ""sh.601939"": 8.22, ""sh.601288"": 4.03}","{""sh.601988"": 59100.0, ""sh.601398"": 37600.0, ""sh.601939"": 29900.0, ""sh.601288"": 60600.0}","{""sh.601988"": 59100.0, ""sh.601398"": 37600.0, ""sh.601939"": 29900.0, ""sh.601288"": 60600.0}"
2018-03-16,2018-03-19,2018-03-19,2018-03-20,1,986292.8300999992,985765.4714999993,984996.0,986046.0,295.49879999999996,295.81379999999996,986.046,0.0,0.0,-527.3585999999195,-0.0005346876545239117,"{""sh.601988"": 4.13, ""sh.601398"": 6.34, ""sh.601939"": 7.91, ""sh.601288"": 4.06}","{""sh.601988"": 4.12, ""sh.601398"": 6.35, ""sh.601939"": 7.97, ""sh.601288"": 4.05}","{""sh.601988"": 59700.0, ""sh.601398"": 38800.0, ""sh.601939"": 31100.0, ""sh.601288"": 60700.0}","{""sh.601988"": 59700.0, ""sh.601398"": 38800.0, ""sh.601939"": 31100.0, ""sh.601288"": 60700.0}"
2018-03-21,2018-03-22,2018-04-11,2018-04-12,21,985765.4714999993,947121.0608999992,984165.0,947047.0,295.24949999999995,284.11409999999995,947.047,0.0,0.0,-38644.41060000006,-0.03920243883283559,"{""sh.601988"": 4.16, ""sh.601398"": 6.49, ""sh.601939"": 8.11, ""sh.601288"": 4.11}","{""sh.601988"": 3.95, ""sh.601398"": 6.22, ""sh.601939"": 7.89, ""sh.601288"": 3.98}","{""sh.601988"": 59200.0, ""sh.601398"": 37900.0, ""sh.601939"": 30300.0, ""sh.601288"": 59900.0}","{""sh.601988"": 59200.0, ""sh.601398"": 37900.0, ""sh.601939"": 30300.0, ""sh.601288"": 59900.0}"
2018-04-12,2018-04-13,2018-05-07,2018-05-08,25,947121.0608999992,914878.2221999993,946149.0,915380.0,283.8447,274.614,915.38,0.0,0.0,-32242.838699999964,-0.03404299622411658,"{""sh.601988"": 3.95, ""sh.601398"": 6.13, ""sh.601939"": 7.8, ""sh.601288"": 3.93}","{""sh.601988"": 3.83, ""sh.601398"": 5.95, ""sh.601939"": 7.41, ""sh.601288"": 3.85}","{""sh.601988"": 59900.0, ""sh.601398"": 38600.0, ""sh.601939"": 30300.0, ""sh.601288"": 60200.0}","{""sh.601988"": 59900.0, ""sh.601398"": 38600.0, ""sh.601939"": 30300.0, ""sh.601288"": 60200.0}"
2018-05-25,2018-05-28,2018-07-20,2018-07-23,56,914878.2221999993,891249.0327999992,914554.0,863064.0,274.3662,258.9192,863.0640000000001,29257.160000000003,0.0,-23629.189400000032,-0.025827688130097944,"{""sh.601988"": 3.81, ""sh.601398"": 5.76, ""sh.601939"": 7.28, ""sh.601288"": 3.63}","{""sh.601988"": 3.53, ""sh.601398"": 5.48, ""sh.601939"": 6.77, ""sh.601288"": 3.51}","{""sh.601988"": 60000.0, ""sh.601398"": 39700.0, ""sh.601939"": 31400.0, ""sh.601288"": 63000.0}","{""sh.601988"": 60000.0, ""sh.601398"": 39700.0, ""sh.601939"": 31400.0, ""sh.601288"": 63000.0}"
2018-08-01,2018-08-02,2018-08-27,2018-08-28,26,891249.0327999992,897242.4080999993,889981.0,897408.0,266.99429999999995,269.2224,897.4080000000001,0.0,0.0,5993.3753000000725,0.006724692066336319,"{""sh.601988"": 3.55, ""sh.601398"": 5.52, ""sh.601939"": 6.8, ""sh.601288"": 3.59}","{""sh.601988"": 3.55, ""sh.601398"": 5.53, ""sh.601939"": 6.92, ""sh.601288"": 3.64}","{""sh.601988"": 62700.0, ""sh.601398"": 40300.0, ""sh.601939"": 32700.0, ""sh.601288"": 62000.0}","{""sh.601988"": 62700.0, ""sh.601398"": 40300.0, ""sh.601939"": 32700.0, ""sh.601288"": 62000.0}"
2018-08-30,2018-08-31,2018-09-04,2018-09-05,5,897242.4080999993,904246.1299999993,896434.0,904883.0,268.9302,271.46489999999994,904.883,0.0,0.0,7003.721900000004,0.0078058302157508214,"{""sh.601988"": 3.54, ""sh.601398"": 5.36, ""sh.601939"": 6.83, ""sh.601288"": 3.6}","{""sh.601988"": 3.57, ""sh.601398"": 5.41, ""sh.601939"": 6.89, ""sh.601288"": 3.64}","{""sh.601988"": 63300.0, ""sh.601398"": 41800.0, ""sh.601939"": 32800.0, ""sh.601288"": 62300.0}","{""sh.601988"": 63300.0, ""sh.601398"": 41800.0, ""sh.601939"": 32800.0, ""sh.601288"": 62300.0}"
2018-09-05,2018-09-06,2018-09-19,2018-09-20,14,904246.1299999993,917836.0928999993,903416.0,918471.0,271.02479999999997,275.5413,918.4710000000001,0.0,0.0,13589.962900000042,0.015029052875238794,"{""sh.601988"": 3.53, ""sh.601398"": 5.33, ""sh.601939"": 6.68, ""sh.601288"": 3.6}","{""sh.601988"": 3.58, ""sh.601398"": 5.44, ""sh.601939"": 6.8, ""sh.601288"": 3.65}","{""sh.601988"": 64000.0, ""sh.601398"": 42400.0, ""sh.601939"": 33800.0, ""sh.601288"": 62700.0}","{""sh.601988"": 64000.0, ""sh.601398"": 42400.0, ""sh.601939"": 33800.0, ""sh.601288"": 62700.0}"
2018-10-08,2018-10-09,2018-10-10,2018-10-11,2,917836.0928999993,893811.3471999994,916943.0,894356.0,275.0829,268.30679999999995,894.356,0.0,0.0,-24024.74569999997,-0.026175420519900527,"{""sh.601988"": 3.61, ""sh.601398"": 5.52, ""sh.601939"": 6.91, ""sh.601288"": 3.77}","{""sh.601988"": 3.54, ""sh.601398"": 5.42, ""sh.601939"": 6.69, ""sh.601288"": 3.66}","{""sh.601988"": 63500.0, ""sh.601398"": 41500.0, ""sh.601939"": 33200.0, ""sh.601288"": 60800.0}","{""sh.601988"": 63500.0, ""sh.601398"": 41500.0, ""sh.601939"": 33200.0, ""sh.601288"": 60800.0}"
2018-10-11,2018-10-12,2018-11-02,2018-11-05,24,893811.3471999994,937634.0697999995,892734.0,938044.0,267.8202,281.41319999999996,938.044,0.0,0.0,43822.722600000096,0.04902905153003648,"{""sh.601988"": 3.49, ""sh.601398"": 5.4, ""sh.601939"": 6.74, ""sh.601288"": 3.66}","{""sh.601988"": 3.69, ""sh.601398"": 5.61, ""sh.601939"": 7.11, ""sh.601288"": 3.85}","{""sh.601988"": 64000.0, ""sh.601398"": 41300.0, ""sh.601939"": 33100.0, ""sh.601288"": 61000.0}","{""sh.601988"": 64000.0, ""sh.601398"": 41300.0, ""sh.601939"": 33100.0, ""sh.601288"": 61000.0}"
2018-11-23,2018-11-26,2018-12-03,2018-12-04,8,937634.0697999995,947781.8368999994,936296.0,947957.0,280.88879999999995,284.3871,947.9570000000001,0.0,0.0,10147.76709999994,0.01082273717097811,"{""sh.601988"": 3.59, ""sh.601398"": 5.35, ""sh.601939"": 6.66, ""sh.601288"": 3.58}","{""sh.601988"": 3.65, ""sh.601398"": 5.41, ""sh.601939"": 6.75, ""sh.601288"": 3.61}","{""sh.601988"": 65200.0, ""sh.601398"": 43800.0, ""sh.601939"": 35100.0, ""sh.601288"": 65400.0}","{""sh.601988"": 65200.0, ""sh.601398"": 43800.0, ""sh.601939"": 35100.0, ""sh.601288"": 65400.0}"
2018-12-06,2018-12-07,2018-12-13,2018-12-14,7,947781.8368999994,947472.1026999995,946354.0,947560.0,283.90619999999996,284.26800000000003,947.5600000000001,0.0,0.0,-309.73419999994803,-0.0003267990458785592,"{""sh.601988"": 3.61, ""sh.601398"": 5.35, ""sh.601939"": 6.66, ""sh.601288"": 3.58}","{""sh.601988"": 3.6, ""sh.601398"": 5.36, ""sh.601939"": 6.7, ""sh.601288"": 3.58}","{""sh.601988"": 65600.0, ""sh.601398"": 44200.0, ""sh.601939"": 35500.0, ""sh.601288"": 66100.0}","{""sh.601988"": 65600.0, ""sh.601398"": 44200.0, ""sh.601939"": 35500.0, ""sh.601288"": 66100.0}"
2018-12-14,2018-12-17,2019-01-09,2019-01-10,24,947472.1026999995,930104.9839999995,946721.0,930848.0,284.0163,279.2544,930.8480000000001,0.0,0.0,-17367.11869999999,-0.018329952565895216,"{""sh.601988"": 3.58, ""sh.601398"": 5.33, ""sh.601939"": 6.63, ""sh.601288"": 3.56}","{""sh.601988"": 3.54, ""sh.601398"": 5.24, ""sh.601939"": 6.39, ""sh.601288"": 3.55}","{""sh.601988"": 66100.0, ""sh.601398"": 44400.0, ""sh.601939"": 35700.0, ""sh.601288"": 66500.0}","{""sh.601988"": 66100.0, ""sh.601398"": 44400.0, ""sh.601939"": 35700.0, ""sh.601288"": 66500.0}"
2019-03-26,2019-03-27,2019-03-29,2019-04-01,5,930104.9839999995,946064.4899999995,928616.0,946084.0,278.5848,283.8252,946.0840000000001,0.0,0.0,15959.506000000052,0.017158822148618937,"{""sh.601988"": 3.73, ""sh.601398"": 5.46, ""sh.601939"": 6.84, ""sh.601288"": 3.67}","{""sh.601988"": 3.79, ""sh.601398"": 5.59, ""sh.601939"": 6.97, ""sh.601288"": 3.73}","{""sh.601988"": 62300.0, ""sh.601398"": 42500.0, ""sh.601939"": 33900.0, ""sh.601288"": 63300.0}","{""sh.601988"": 62300.0, ""sh.601398"": 42500.0, ""sh.601939"": 33900.0, ""sh.601288"": 63300.0}"
2019-04-25,2019-04-26,2019-06-11,2019-06-12,47,946064.4899999995,954830.9476999997,945123.0,944158.0,283.5369,283.2474,944.1580000000001,11242.4,0.0,8766.457700000145,0.009266236913722603,"{""sh.601988"": 3.87, ""sh.601398"": 5.71, ""sh.601939"": 7.3, ""sh.601288"": 3.73}","{""sh.601988"": 3.75, ""sh.601398"": 5.78, ""sh.601939"": 7.27, ""sh.601288"": 3.8}","{""sh.601988"": 61100.0, ""sh.601398"": 41400.0, ""sh.601939"": 32300.0, ""sh.601288"": 63400.0}","{""sh.601988"": 61100.0, ""sh.601398"": 41400.0, ""sh.601939"": 32300.0, ""sh.601288"": 63400.0}"
2019-06-14,2019-06-17,2019-06-17,2019-06-18,1,954830.9476999997,957549.0962999996,953954.0,958204.0,286.1862,287.46119999999996,958.204,0.0,0.0,2718.148599999957,0.002846732823802416,"{""sh.601988"": 3.74, ""sh.601398"": 5.73, ""sh.601939"": 7.23, ""sh.601288"": 3.76}","{""sh.601988"": 3.75, ""sh.601398"": 5.74, ""sh.601939"": 7.25, ""sh.601288"": 3.8}","{""sh.601988"": 63800.0, ""sh.601398"": 41600.0, ""sh.601939"": 33000.0, ""sh.601288"": 63400.0}","{""sh.601988"": 63800.0, ""sh.601398"": 41600.0, ""sh.601939"": 33000.0, ""sh.601288"": 63400.0}"
2019-07-08,2019-07-09,2019-07-30,2019-07-31,22,957549.0962999996,967687.9997999996,956433.0,958282.0,286.9299,287.4846,958.2820000000002,9822.6,0.0,10138.903500000015,0.010588390234168736,"{""sh.601988"": 3.71, ""sh.601398"": 5.57, ""sh.601939"": 7.45, ""sh.601288"": 3.6}","{""sh.601988"": 3.71, ""sh.601398"": 5.65, ""sh.601939"": 7.38, ""sh.601288"": 3.61}","{""sh.601988"": 64500.0, ""sh.601398"": 42900.0, ""sh.601939"": 32100.0, ""sh.601288"": 66400.0}","{""sh.601988"": 64500.0, ""sh.601398"": 42900.0, ""sh.601939"": 32100.0, ""sh.601288"": 66400.0}"
2019-07-31,2019-08-01,2019-08-19,2019-08-20,19,967687.9997999996,928851.8319999996,966692.0,929354.0,290.00759999999997,278.8062,929.354,0.0,0.0,-38836.167800000054,-0.04013294347767737,"{""sh.601988"": 3.7, ""sh.601398"": 5.62, ""sh.601939"": 7.35, ""sh.601288"": 3.59}","{""sh.601988"": 3.57, ""sh.601398"": 5.46, ""sh.601939"": 7.03, ""sh.601288"": 3.42}","{""sh.601988"": 65300.0, ""sh.601398"": 43000.0, ""sh.601939"": 32900.0, ""sh.601288"": 67300.0}","{""sh.601988"": 65300.0, ""sh.601398"": 43000.0, ""sh.601939"": 32900.0, ""sh.601288"": 67300.0}"
2019-09-25,2019-09-26,2019-10-14,2019-10-15,19,928851.8319999996,957527.7495999995,928014.0,958214.0,278.40419999999995,287.4642,958.2139999999999,0.0,0.0,28675.917599999928,0.030872434776012737,"{""sh.601988"": 3.6, ""sh.601398"": 5.51, ""sh.601939"": 7.0, ""sh.601288"": 3.47}","{""sh.601988"": 3.68, ""sh.601398"": 5.71, ""sh.601939"": 7.3, ""sh.601288"": 3.57}","{""sh.601988"": 64500.0, ""sh.601398"": 42100.0, ""sh.601939"": 33100.0, ""sh.601288"": 66900.0}","{""sh.601988"": 64500.0, ""sh.601398"": 42100.0, ""sh.601939"": 33100.0, ""sh.601288"": 66900.0}"
2019-10-18,2019-10-21,2019-10-25,2019-10-28,7,957527.7495999995,987987.4119999994,956685.0,988717.0,287.0055,296.6151,988.717,0.0,0.0,30459.662399999914,0.03181073594235177,"{""sh.601988"": 3.65, ""sh.601398"": 5.68, ""sh.601939"": 7.25, ""sh.601288"": 3.56}","{""sh.601988"": 3.73, ""sh.601398"": 6.0, ""sh.601939"": 7.45, ""sh.601288"": 3.66}","{""sh.601988"": 65500.0, ""sh.601398"": 42100.0, ""sh.601939"": 33000.0, ""sh.601288"": 67200.0}","{""sh.601988"": 65500.0, ""sh.601398"": 42100.0, ""sh.601939"": 33000.0, ""sh.601288"": 67200.0}"
2019-10-30,2019-10-31,2019-11-01,2019-11-04,4,987987.4119999994,985527.5409999995,986886.0,986004.0,296.06579999999997,295.8012,986.004,0.0,0.0,-2459.8709999999264,-0.0024897796977193954,"{""sh.601988"": 3.69, ""sh.601398"": 5.97, ""sh.601939"": 7.34, ""sh.601288"": 3.63}","{""sh.601988"": 3.7, ""sh.601398"": 5.94, ""sh.601939"": 7.27, ""sh.601288"": 3.66}","{""sh.601988"": 66900.0, ""sh.601398"": 41300.0, ""sh.601939"": 33600.0, ""sh.601288"": 68000.0}","{""sh.601988"": 66900.0, ""sh.601398"": 41300.0, ""sh.601939"": 33600.0, ""sh.601288"": 68000.0}"
2019-11-11,2019-11-12,2019-12-06,2019-12-09,27,985527.5409999995,980017.8872999995,984859.0,980920.0,295.45769999999993,294.27599999999995,980.9200000000001,0.0,0.0,-5509.653700000024,-0.005590562892244964,"{""sh.601988"": 3.65, ""sh.601398"": 5.77, ""sh.601939"": 7.25, ""sh.601288"": 3.57}","{""sh.601988"": 3.63, ""sh.601398"": 5.74, ""sh.601939"": 7.13, ""sh.601288"": 3.61}","{""sh.601988"": 67500.0, ""sh.601398"": 42700.0, ""sh.601939"": 33900.0, ""sh.601288"": 69000.0}","{""sh.601988"": 67500.0, ""sh.601398"": 42700.0, ""sh.601939"": 33900.0, ""sh.601288"": 69000.0}"
2020-01-21,2020-01-22,2020-02-17,2020-02-18,27,980017.8872999995,945136.7761999997,979672.0,946315.0,293.9016,283.8945,946.315,0.0,0.0,-34881.11109999975,-0.035592320866815026,"{""sh.601988"": 3.64, ""sh.601398"": 5.76, ""sh.601939"": 7.02, ""sh.601288"": 3.57}","{""sh.601988"": 3.59, ""sh.601398"": 5.47, ""sh.601939"": 6.73, ""sh.601288"": 3.46}","{""sh.601988"": 67300.0, ""sh.601398"": 42500.0, ""sh.601939"": 34900.0, ""sh.601288"": 68600.0}","{""sh.601988"": 67300.0, ""sh.601398"": 42500.0, ""sh.601939"": 34900.0, ""sh.601288"": 68600.0}"
2020-02-28,2020-03-02,2020-03-02,2020-03-03,1,945136.7761999997,957832.6529999998,943520.0,957744.0,283.056,287.3232,957.7439999999999,0.0,0.0,12695.876800000085,0.01343284603848017,"{""sh.601988"": 3.56, ""sh.601398"": 5.3, ""sh.601939"": 6.51, ""sh.601288"": 3.42}","{""sh.601988"": 3.61, ""sh.601398"": 5.37, ""sh.601939"": 6.63, ""sh.601288"": 3.47}","{""sh.601988"": 66300.0, ""sh.601398"": 44500.0, ""sh.601939"": 36200.0, ""sh.601288"": 69000.0}","{""sh.601988"": 66300.0, ""sh.601398"": 44500.0, ""sh.601939"": 36200.0, ""sh.601288"": 69000.0}"
2020-03-09,2020-03-10,2020-03-10,2020-03-11,1,957832.6529999998,969235.5894999998,957017.0,969968.0,287.1051,290.99039999999997,969.9680000000001,0.0,0.0,11402.936499999953,0.011904936070288632,"{""sh.601988"": 3.56, ""sh.601398"": 5.29, ""sh.601939"": 6.45, ""sh.601288"": 3.41}","{""sh.601988"": 3.6, ""sh.601398"": 5.35, ""sh.601939"": 6.54, ""sh.601288"": 3.47}","{""sh.601988"": 67200.0, ""sh.601398"": 45200.0, ""sh.601939"": 37100.0, ""sh.601288"": 70200.0}","{""sh.601988"": 67200.0, ""sh.601398"": 45200.0, ""sh.601939"": 37100.0, ""sh.601288"": 70200.0}"
2020-03-11,2020-03-12,2020-04-07,2020-04-08,27,969235.5894999998,950922.9203999997,968431.0,951646.0,290.5293,285.49379999999996,951.646,0.0,0.0,-18312.669100000057,-0.018893929709542574,"{""sh.601988"": 3.58, ""sh.601398"": 5.3, ""sh.601939"": 6.49, ""sh.601288"": 3.42}","{""sh.601988"": 3.5, ""sh.601398"": 5.14, ""sh.601939"": 6.4, ""sh.601288"": 3.41}","{""sh.601988"": 67600.0, ""sh.601398"": 45700.0, ""sh.601939"": 37300.0, ""sh.601288"": 70800.0}","{""sh.601988"": 67600.0, ""sh.601398"": 45700.0, ""sh.601939"": 37300.0, ""sh.601288"": 70800.0}"
2020-05-22,2020-05-25,2020-06-01,2020-06-02,8,950922.9203999997,961823.3378999998,950259.0,962696.0,285.0777,288.80879999999996,962.696,0.0,0.0,10900.417500000098,0.011462987447410465,"{""sh.601988"": 3.43, ""sh.601398"": 5.06, ""sh.601939"": 6.32, ""sh.601288"": 3.38}","{""sh.601988"": 3.47, ""sh.601398"": 5.15, ""sh.601939"": 6.39, ""sh.601288"": 3.42}","{""sh.601988"": 69300.0, ""sh.601398"": 46900.0, ""sh.601939"": 37600.0, ""sh.601288"": 70300.0}","{""sh.601988"": 69300.0, ""sh.601398"": 46900.0, ""sh.601939"": 37600.0, ""sh.601288"": 70300.0}"
2020-06-15,2020-06-16,2020-06-16,2020-06-17,1,961823.3378999998,960360.5731999999,961042.0,961117.0,288.3125999999999,288.33509999999995,961.117,0.0,0.0,-1462.7646999999415,-0.0015208247111092913,"{""sh.601988"": 3.46, ""sh.601398"": 5.27, ""sh.601939"": 6.31, ""sh.601288"": 3.35}","{""sh.601988"": 3.46, ""sh.601398"": 5.28, ""sh.601939"": 6.3, ""sh.601288"": 3.35}","{""sh.601988"": 69400.0, ""sh.601398"": 45600.0, ""sh.601939"": 38100.0, ""sh.601288"": 71700.0}","{""sh.601988"": 69400.0, ""sh.601398"": 45600.0, ""sh.601939"": 38100.0, ""sh.601288"": 71700.0}"
2020-07-24,2020-07-27,2020-08-03,2020-08-04,8,960360.5731999999,958635.1817999997,959774.0,959584.0,287.93219999999997,287.87519999999995,959.584,0.0,0.0,-1725.3914000001969,-0.001796607907643534,"{""sh.601988"": 3.36, ""sh.601398"": 4.98, ""sh.601939"": 6.14, ""sh.601288"": 3.24}","{""sh.601988"": 3.35, ""sh.601398"": 4.99, ""sh.601939"": 6.16, ""sh.601288"": 3.23}","{""sh.601988"": 71400.0, ""sh.601398"": 48200.0, ""sh.601939"": 39100.0, ""sh.601288"": 74000.0}","{""sh.601988"": 71400.0, ""sh.601398"": 48200.0, ""sh.601939"": 39100.0, ""sh.601288"": 74000.0}"
2020-08-26,2020-08-27,2020-08-28,2020-08-31,4,958635.1817999997,960247.6256999996,957789.0,960938.0,287.33669999999995,288.28139999999996,960.9380000000001,0.0,0.0,1612.4438999999547,0.0016820203666762141,"{""sh.601988"": 3.29, ""sh.601398"": 4.98, ""sh.601939"": 6.17, ""sh.601288"": 3.23}","{""sh.601988"": 3.3, ""sh.601398"": 4.99, ""sh.601939"": 6.22, ""sh.601288"": 3.23}","{""sh.601988"": 72800.0, ""sh.601398"": 48100.0, ""sh.601939"": 38800.0, ""sh.601288"": 74100.0}","{""sh.601988"": 72800.0, ""sh.601398"": 48100.0, ""sh.601939"": 38800.0, ""sh.601288"": 74100.0}"
2020-09-04,2020-09-07,2020-09-18,2020-09-21,14,960247.6256999996,973769.3836999997,959152.0,974228.0,287.74559999999997,292.26839999999993,974.228,0.0,0.0,13521.75800000003,0.01408153234447517,"{""sh.601988"": 3.2, ""sh.601398"": 4.89, ""sh.601939"": 6.11, ""sh.601288"": 3.15}","{""sh.601988"": 3.23, ""sh.601398"": 4.97, ""sh.601939"": 6.24, ""sh.601288"": 3.2}","{""sh.601988"": 75000.0, ""sh.601398"": 49000.0, ""sh.601939"": 39200.0, ""sh.601288"": 76200.0}","{""sh.601988"": 75000.0, ""sh.601398"": 49000.0, ""sh.601939"": 39200.0, ""sh.601288"": 76200.0}"
2020-09-21,2020-09-22,2020-10-09,2020-10-12,20,973769.3836999997,967260.6367999996,972621.0,967662.0,291.7863,290.29859999999996,967.662,0.0,0.0,-6508.746900000027,-0.006684074287968425,"{""sh.601988"": 3.22, ""sh.601398"": 4.95, ""sh.601939"": 6.18, ""sh.601288"": 3.18}","{""sh.601988"": 3.21, ""sh.601398"": 4.92, ""sh.601939"": 6.13, ""sh.601288"": 3.17}","{""sh.601988"": 75600.0, ""sh.601398"": 49100.0, ""sh.601939"": 39300.0, ""sh.601288"": 76500.0}","{""sh.601988"": 75600.0, ""sh.601398"": 49100.0, ""sh.601939"": 39300.0, ""sh.601288"": 76500.0}"
2020-10-23,2020-10-26,2020-11-05,2020-11-06,11,967260.6367999996,950780.8772999996,966374.0,951421.0,289.9122,285.42629999999997,951.4209999999999,0.0,0.0,-16479.759500000044,-0.017037558309537165,"{""sh.601988"": 3.24, ""sh.601398"": 5.06, ""sh.601939"": 6.48, ""sh.601288"": 3.23}","{""sh.601988"": 3.21, ""sh.601398"": 4.95, ""sh.601939"": 6.36, ""sh.601288"": 3.19}","{""sh.601988"": 74600.0, ""sh.601398"": 47700.0, ""sh.601939"": 37300.0, ""sh.601288"": 74800.0}","{""sh.601988"": 74600.0, ""sh.601398"": 47700.0, ""sh.601939"": 37300.0, ""sh.601288"": 74800.0}"
2020-12-09,2020-12-10,2020-12-17,2020-12-18,8,950780.8772999996,929578.1933999996,949566.0,929857.0,284.8698,278.95709999999997,929.8570000000001,0.0,0.0,-21202.683899999945,-0.022300284330718474,"{""sh.601988"": 3.23, ""sh.601398"": 5.1, ""sh.601939"": 6.66, ""sh.601288"": 3.23}","{""sh.601988"": 3.19, ""sh.601398"": 5.01, ""sh.601939"": 6.41, ""sh.601288"": 3.18}","{""sh.601988"": 73500.0, ""sh.601398"": 46600.0, ""sh.601939"": 35600.0, ""sh.601288"": 73500.0}","{""sh.601988"": 73500.0, ""sh.601398"": 46600.0, ""sh.601939"": 35600.0, ""sh.601288"": 73500.0}"
2020-12-18,2020-12-21,2020-12-21,2020-12-22,1,929578.1933999996,924260.1270999997,928784.0,924947.0,278.6352,277.4841,924.947,0.0,0.0,-5318.066299999948,-0.005720945626476816,"{""sh.601988"": 3.18, ""sh.601398"": 5.01, ""sh.601939"": 6.4, ""sh.601288"": 3.17}","{""sh.601988"": 3.18, ""sh.601398"": 4.99, ""sh.601939"": 6.34, ""sh.601288"": 3.16}","{""sh.601988"": 73000.0, ""sh.601398"": 46300.0, ""sh.601939"": 36300.0, ""sh.601288"": 73300.0}","{""sh.601988"": 73000.0, ""sh.601398"": 46300.0, ""sh.601939"": 36300.0, ""sh.601288"": 73300.0}"
2020-12-22,2020-12-23,2020-12-25,2020-12-28,5,924260.1270999997,924836.4446999995,923131.0,925187.0,276.9393,277.5561,925.187,0.0,0.0,576.3175999998348,0.0006235448042188241,"{""sh.601988"": 3.17, ""sh.601398"": 4.94, ""sh.601939"": 6.22, ""sh.601288"": 3.15}","{""sh.601988"": 3.17, ""sh.601398"": 4.96, ""sh.601939"": 6.27, ""sh.601288"": 3.14}","{""sh.601988"": 72800.0, ""sh.601398"": 46700.0, ""sh.601939"": 37100.0, ""sh.601288"": 73300.0}","{""sh.601988"": 72800.0, ""sh.601398"": 46700.0, ""sh.601939"": 37100.0, ""sh.601288"": 73300.0}"
2020-12-29,2020-12-30,2020-12-30,2020-12-31,1,924836.4446999995,919860.1236999995,924296.0,920794.0,277.28880000000004,276.2382,920.7940000000001,0.0,0.0,-4976.320999999996,-0.0053807578934826975,"{""sh.601988"": 3.17, ""sh.601398"": 4.97, ""sh.601939"": 6.26, ""sh.601288"": 3.14}","{""sh.601988"": 3.16, ""sh.601398"": 4.95, ""sh.601939"": 6.23, ""sh.601288"": 3.13}","{""sh.601988"": 72900.0, ""sh.601398"": 46500.0, ""sh.601939"": 36900.0, ""sh.601288"": 73600.0}","{""sh.601988"": 72900.0, ""sh.601398"": 46500.0, ""sh.601939"": 36900.0, ""sh.601288"": 73600.0}"
2021-01-28,2021-01-29,2021-02-09,2021-02-10,12,919860.1236999995,947418.0690999995,918918.0,947984.0,275.67539999999997,284.3952,947.984,0.0,0.0,27557.945399999968,0.029958843404530096,"{""sh.601988"": 3.16, ""sh.601398"": 5.03, ""sh.601939"": 6.69, ""sh.601288"": 3.14}","{""sh.601988"": 3.19, ""sh.601398"": 5.24, ""sh.601939"": 7.13, ""sh.601288"": 3.17}","{""sh.601988"": 72700.0, ""sh.601398"": 45700.0, ""sh.601939"": 34300.0, ""sh.601288"": 73200.0}","{""sh.601988"": 72700.0, ""sh.601398"": 45700.0, ""sh.601939"": 34300.0, ""sh.601288"": 73200.0}"
2021-02-24,2021-02-25,2021-02-25,2021-02-26,1,947418.0690999995,955523.7650999995,946114.0,955746.0,283.83419999999995,286.7238,955.746,0.0,0.0,8105.695999999996,0.008555564079224295,"{""sh.601988"": 3.22, ""sh.601398"": 5.29, ""sh.601939"": 7.18, ""sh.601288"": 3.23}","{""sh.601988"": 3.23, ""sh.601398"": 5.39, ""sh.601939"": 7.27, ""sh.601288"": 3.25}","{""sh.601988"": 73500.0, ""sh.601398"": 44700.0, ""sh.601939"": 32900.0, ""sh.601288"": 73300.0}","{""sh.601988"": 73500.0, ""sh.601398"": 44700.0, ""sh.601939"": 32900.0, ""sh.601288"": 73300.0}"
2021-02-26,2021-03-01,2021-03-03,2021-03-04,3,955523.7650999995,964488.9632999996,954465.0,964971.0,286.33950000000004,289.49129999999997,964.971,0.0,0.0,8965.1982000001,0.009382496309824231,"{""sh.601988"": 3.24, ""sh.601398"": 5.36, ""sh.601939"": 7.25, ""sh.601288"": 3.26}","{""sh.601988"": 3.25, ""sh.601398"": 5.43, ""sh.601939"": 7.43, ""sh.601288"": 3.27}","{""sh.601988"": 73700.0, ""sh.601398"": 44500.0, ""sh.601939"": 32900.0, ""sh.601288"": 73200.0}","{""sh.601988"": 73700.0, ""sh.601398"": 44500.0, ""sh.601939"": 32900.0, ""sh.601288"": 73200.0}"
2021-03-04,2021-03-05,2021-03-30,2021-03-31,26,964488.9632999996,968085.8251999996,963406.0,968551.0,289.0217999999999,290.5653,968.551,0.0,0.0,3596.861900000018,0.0037292929591369846,"{""sh.601988"": 3.26, ""sh.601398"": 5.43, ""sh.601939"": 7.4, ""sh.601288"": 3.3}","{""sh.601988"": 3.32, ""sh.601398"": 5.47, ""sh.601939"": 7.21, ""sh.601288"": 3.37}","{""sh.601988"": 73900.0, ""sh.601398"": 44400.0, ""sh.601939"": 32500.0, ""sh.601288"": 73000.0}","{""sh.601988"": 73900.0, ""sh.601398"": 44400.0, ""sh.601939"": 32500.0, ""sh.601288"": 73000.0}"
2021-04-12,2021-04-13,2021-04-19,2021-04-20,7,968085.8251999996,957416.2961999996,967127.0,957993.0,290.1381,287.39789999999994,957.9929999999999,0.0,0.0,-10669.52899999998,-0.01102126353084008,"{""sh.601988"": 3.33, ""sh.601398"": 5.48, ""sh.601939"": 7.31, ""sh.601288"": 3.4}","{""sh.601988"": 3.32, ""sh.601398"": 5.43, ""sh.601939"": 7.23, ""sh.601288"": 3.35}","{""sh.601988"": 72600.0, ""sh.601398"": 44100.0, ""sh.601939"": 33100.0, ""sh.601288"": 71100.0}","{""sh.601988"": 72600.0, ""sh.601398"": 44100.0, ""sh.601939"": 33100.0, ""sh.601288"": 71100.0}"
2021-04-26,2021-04-27,2021-04-28,2021-04-29,2,957416.2961999996,948629.0827999995,956662.0,949396.0,286.99859999999995,284.81879999999995,949.396,0.0,0.0,-8787.213400000124,-0.00917804870762772,"{""sh.601988"": 3.25, ""sh.601398"": 5.26, ""sh.601939"": 7.03, ""sh.601288"": 3.24}","{""sh.601988"": 3.25, ""sh.601398"": 5.2, ""sh.601939"": 6.94, ""sh.601288"": 3.22}","{""sh.601988"": 73600.0, ""sh.601398"": 45500.0, ""sh.601939"": 34000.0, ""sh.601288"": 73800.0}","{""sh.601988"": 73600.0, ""sh.601398"": 45500.0, ""sh.601939"": 34000.0, ""sh.601288"": 73800.0}"
2021-04-30,2021-05-06,2021-05-12,2021-05-13,7,948629.0827999995,966828.9381999995,947800.0,967542.0,284.34000000000003,290.26259999999996,967.5419999999999,0.0,0.0,18199.8554,0.019185428456695436,"{""sh.601988"": 3.26, ""sh.601398"": 5.11, ""sh.601939"": 6.74, ""sh.601288"": 3.2}","{""sh.601988"": 3.27, ""sh.601398"": 5.25, ""sh.601939"": 6.97, ""sh.601288"": 3.26}","{""sh.601988"": 72700.0, ""sh.601398"": 46400.0, ""sh.601939"": 35100.0, ""sh.601288"": 74100.0}","{""sh.601988"": 72700.0, ""sh.601398"": 46400.0, ""sh.601939"": 35100.0, ""sh.601288"": 74100.0}"
2021-05-13,2021-05-14,2021-05-14,2021-05-17,3,966828.9381999995,967289.0637999995,965790.0,967798.0,289.73699999999997,290.33939999999996,967.798,0.0,0.0,460.1256000000285,0.00047591211001262596,"{""sh.601988"": 3.28, ""sh.601398"": 5.24, ""sh.601939"": 6.95, ""sh.601288"": 3.27}","{""sh.601988"": 3.28, ""sh.601398"": 5.26, ""sh.601939"": 6.96, ""sh.601288"": 3.28}","{""sh.601988"": 73600.0, ""sh.601398"": 46100.0, ""sh.601939"": 34700.0, ""sh.601288"": 73900.0}","{""sh.601988"": 73600.0, ""sh.601398"": 46100.0, ""sh.601939"": 34700.0, ""sh.601288"": 73900.0}"
2021-06-15,2021-06-16,2021-06-25,2021-06-28,12,967289.0637999995,970210.2240999995,966033.0,956846.0,289.8099,287.05379999999997,956.846,13641.869999999999,0.0,2921.1602999999886,0.003019945546085466,"{""sh.601988"": 3.07, ""sh.601398"": 5.16, ""sh.601939"": 6.7, ""sh.601288"": 3.28}","{""sh.601988"": 3.09, ""sh.601398"": 5.23, ""sh.601939"": 6.74, ""sh.601288"": 3.07}","{""sh.601988"": 78700.0, ""sh.601398"": 46800.0, ""sh.601939"": 36000.0, ""sh.601288"": 73700.0}","{""sh.601988"": 78700.0, ""sh.601398"": 46800.0, ""sh.601939"": 36000.0, ""sh.601288"": 73700.0}"
2021-06-29,2021-06-30,2021-06-30,2021-07-01,1,970210.2240999995,970453.2556999995,969146.0,970942.0,290.74379999999996,291.28259999999995,970.9420000000001,0.0,0.0,243.03159999998752,0.0002504937527590291,"{""sh.601988"": 3.08, ""sh.601398"": 5.18, ""sh.601939"": 6.61, ""sh.601288"": 3.03}","{""sh.601988"": 3.08, ""sh.601398"": 5.17, ""sh.601939"": 6.65, ""sh.601288"": 3.04}","{""sh.601988"": 78700.0, ""sh.601398"": 46800.0, ""sh.601939"": 36600.0, ""sh.601288"": 80000.0}","{""sh.601988"": 78700.0, ""sh.601398"": 46800.0, ""sh.601939"": 36600.0, ""sh.601288"": 80000.0}"
2021-07-02,2021-07-05,2021-07-13,2021-07-14,9,970453.2556999995,948418.5454999995,969503.0,936661.0,290.85089999999997,280.9983,936.661,12315.800000000001,0.0,-22034.710199999972,-0.02270558635418877,"{""sh.601988"": 3.07, ""sh.601398"": 5.23, ""sh.601939"": 6.66, ""sh.601288"": 3.03}","{""sh.601988"": 3.06, ""sh.601398"": 4.75, ""sh.601939"": 6.39, ""sh.601288"": 3.03}","{""sh.601988"": 79000.0, ""sh.601398"": 46300.0, ""sh.601939"": 36400.0, ""sh.601288"": 80000.0}","{""sh.601988"": 79000.0, ""sh.601398"": 46300.0, ""sh.601939"": 36400.0, ""sh.601288"": 80000.0}"
2021-07-14,2021-07-15,2021-07-15,2021-07-16,1,948418.5454999995,952851.1674999996,947272.0,953228.0,284.18159999999995,285.9684,953.2280000000001,0.0,0.0,4432.62200000009,0.004673698148387897,"{""sh.601988"": 3.03, ""sh.601398"": 4.71, ""sh.601939"": 5.99, ""sh.601288"": 2.99}","{""sh.601988"": 3.04, ""sh.601398"": 4.75, ""sh.601939"": 6.05, ""sh.601288"": 3.0}","{""sh.601988"": 78200.0, ""sh.601398"": 50300.0, ""sh.601939"": 39500.0, ""sh.601288"": 79200.0}","{""sh.601988"": 78200.0, ""sh.601398"": 50300.0, ""sh.601939"": 39500.0, ""sh.601288"": 79200.0}"
2021-07-16,2021-07-19,2021-07-21,2021-07-22,3,952851.1674999996,945111.5079999997,951720.0,945495.0,285.516,283.6485,945.495,0.0,0.0,-7739.659499999951,-0.008122632121348535,"{""sh.601988"": 3.04, ""sh.601398"": 4.73, ""sh.601939"": 6.05, ""sh.601288"": 2.99}","{""sh.601988"": 3.04, ""sh.601398"": 4.7, ""sh.601939"": 5.93, ""sh.601288"": 2.99}","{""sh.601988"": 78300.0, ""sh.601398"": 50300.0, ""sh.601939"": 39300.0, ""sh.601288"": 79600.0}","{""sh.601988"": 78300.0, ""sh.601398"": 50300.0, ""sh.601939"": 39300.0, ""sh.601288"": 79600.0}"
2021-07-23,2021-07-26,2021-08-09,2021-08-10,15,945111.5079999997,922341.5666999995,944134.0,922847.0,283.2402,276.85409999999996,922.847,0.0,0.0,-22769.94130000018,-0.02409233313451537,"{""sh.601988"": 3.04, ""sh.601398"": 4.69, ""sh.601939"": 5.91, ""sh.601288"": 2.99}","{""sh.601988"": 3.01, ""sh.601398"": 4.55, ""sh.601939"": 5.75, ""sh.601288"": 2.92}","{""sh.601988"": 77700.0, ""sh.601398"": 50300.0, ""sh.601939"": 39900.0, ""sh.601288"": 79000.0}","{""sh.601988"": 77700.0, ""sh.601398"": 50300.0, ""sh.601939"": 39900.0, ""sh.601288"": 79000.0}"
2021-08-17,2021-08-18,2021-08-18,2021-08-19,1,922341.5666999995,932707.6146999995,921587.0,933443.0,276.4761,280.0329,933.443,0.0,0.0,10366.047999999952,0.011238838597601239,"{""sh.601988"": 3.0, ""sh.601398"": 4.61, ""sh.601939"": 5.89, ""sh.601288"": 2.92}","{""sh.601988"": 3.04, ""sh.601398"": 4.66, ""sh.601939"": 5.97, ""sh.601288"": 2.96}","{""sh.601988"": 76800.0, ""sh.601398"": 50000.0, ""sh.601939"": 39100.0, ""sh.601288"": 78900.0}","{""sh.601988"": 76800.0, ""sh.601398"": 50000.0, ""sh.601939"": 39100.0, ""sh.601288"": 78900.0}"
2021-08-19,2021-08-20,2021-08-23,2021-08-24,4,932707.6146999995,931885.1228999996,932263.0,932933.0,279.6789,279.87989999999996,932.933,0.0,0.0,-822.4917999998434,-0.0008818324060369053,"{""sh.601988"": 3.02, ""sh.601398"": 4.64, ""sh.601939"": 5.93, ""sh.601288"": 2.94}","{""sh.601988"": 3.03, ""sh.601398"": 4.63, ""sh.601939"": 5.92, ""sh.601288"": 2.95}","{""sh.601988"": 77200.0, ""sh.601398"": 50200.0, ""sh.601939"": 39300.0, ""sh.601288"": 79300.0}","{""sh.601988"": 77200.0, ""sh.601398"": 50200.0, ""sh.601939"": 39300.0, ""sh.601288"": 79300.0}"
2021-09-24,2021-09-27,2021-10-21,2021-10-22,25,931885.1228999996,944907.1525999996,931300.0,945831.0,279.39,283.74929999999995,945.831,0.0,0.0,13022.029699999955,0.01397385727059981,"{""sh.601988"": 3.05, ""sh.601398"": 4.63, ""sh.601939"": 5.94, ""sh.601288"": 2.94}","{""sh.601988"": 3.07, ""sh.601398"": 4.74, ""sh.601939"": 6.07, ""sh.601288"": 2.97}","{""sh.601988"": 76300.0, ""sh.601398"": 50300.0, ""sh.601939"": 39200.0, ""sh.601288"": 79200.0}","{""sh.601988"": 76300.0, ""sh.601398"": 50300.0, ""sh.601939"": 39200.0, ""sh.601288"": 79200.0}"
2021-10-22,2021-10-25,2021-10-25,2021-10-26,1,944907.1525999996,946218.2752999994,943878.0,946703.0,283.16339999999997,284.0109,946.7030000000001,0.0,0.0,1311.1226999998325,0.0013875677587921278,"{""sh.601988"": 3.06, ""sh.601398"": 4.71, ""sh.601939"": 6.03, ""sh.601288"": 2.96}","{""sh.601988"": 3.08, ""sh.601398"": 4.72, ""sh.601939"": 6.05, ""sh.601288"": 2.96}","{""sh.601988"": 77100.0, ""sh.601398"": 50100.0, ""sh.601939"": 39100.0, ""sh.601288"": 79800.0}","{""sh.601988"": 77100.0, ""sh.601398"": 50100.0, ""sh.601939"": 39100.0, ""sh.601288"": 79800.0}"
2021-10-27,2021-10-28,2021-11-17,2021-11-18,21,946218.2752999994,935196.2378999994,945260.0,935738.0,283.578,280.72139999999996,935.7379999999999,0.0,0.0,-11022.03740000003,-0.011648514605687025,"{""sh.601988"": 3.06, ""sh.601398"": 4.68, ""sh.601939"": 5.99, ""sh.601288"": 2.94}","{""sh.601988"": 3.06, ""sh.601398"": 4.64, ""sh.601939"": 5.82, ""sh.601288"": 2.93}","{""sh.601988"": 77300.0, ""sh.601398"": 50500.0, ""sh.601939"": 39400.0, ""sh.601288"": 80400.0}","{""sh.601988"": 77300.0, ""sh.601398"": 50500.0, ""sh.601939"": 39400.0, ""sh.601288"": 80400.0}"
2021-11-18,2021-11-19,2021-11-19,2021-11-22,3,935196.2378999994,935800.9788999994,934079.0,936181.0,280.2237,280.85429999999997,936.181,0.0,0.0,604.7410000000382,0.0006466461000292253,"{""sh.601988"": 3.06, ""sh.601398"": 4.64, ""sh.601939"": 5.82, ""sh.601288"": 2.93}","{""sh.601988"": 3.06, ""sh.601398"": 4.65, ""sh.601939"": 5.84, ""sh.601288"": 2.94}","{""sh.601988"": 76400.0, ""sh.601398"": 50300.0, ""sh.601939"": 40100.0, ""sh.601288"": 79700.0}","{""sh.601988"": 76400.0, ""sh.601398"": 50300.0, ""sh.601939"": 40100.0, ""sh.601288"": 79700.0}"
2021-12-20,2021-12-21,2021-12-21,2021-12-22,1,935800.9788999994,941470.9793999994,934795.0,941970.0,280.4385,282.591,941.97,0.0,0.0,5670.0004999999655,0.006058981159289712,"{""sh.601988"": 3.04, ""sh.601398"": 4.61, ""sh.601939"": 5.81, ""sh.601288"": 2.94}","{""sh.601988"": 3.06, ""sh.601398"": 4.65, ""sh.601939"": 5.88, ""sh.601288"": 2.95}","{""sh.601988"": 76900.0, ""sh.601398"": 50700.0, ""sh.601939"": 40200.0, ""sh.601288"": 79500.0}","{""sh.601988"": 76900.0, ""sh.601398"": 50700.0, ""sh.601939"": 40200.0, ""sh.601288"": 79500.0}"
2021-12-24,2021-12-27,2021-12-28,2021-12-29,2,941470.9793999994,941748.6764999994,940614.0,942399.0,282.1842,282.7197,942.399,0.0,0.0,277.6970999999903,0.0002949608708884123,"{""sh.601988"": 3.05, ""sh.601398"": 4.64, ""sh.601939"": 5.89, ""sh.601288"": 2.94}","{""sh.601988"": 3.06, ""sh.601398"": 4.66, ""sh.601939"": 5.89, ""sh.601288"": 2.94}","{""sh.601988"": 77100.0, ""sh.601398"": 50700.0, ""sh.601939"": 39900.0, ""sh.601288"": 80000.0}","{""sh.601988"": 77100.0, ""sh.601398"": 50700.0, ""sh.601939"": 39900.0, ""sh.601288"": 80000.0}"
2021-12-29,2021-12-30,2021-12-31,2022-01-04,5,941748.6764999994,938936.4712999994,941191.0,939883.0,282.35729999999995,281.96489999999994,939.883,0.0,0.0,-2812.2051999999676,-0.0029861525374811288,"{""sh.601988"": 3.06, ""sh.601398"": 4.65, ""sh.601939"": 5.87, ""sh.601288"": 2.94}","{""sh.601988"": 3.06, ""sh.601398"": 4.64, ""sh.601939"": 5.85, ""sh.601288"": 2.94}","{""sh.601988"": 76900.0, ""sh.601398"": 50600.0, ""sh.601939"": 40100.0, ""sh.601288"": 80000.0}","{""sh.601988"": 76900.0, ""sh.601398"": 50600.0, ""sh.601939"": 40100.0, ""sh.601288"": 80000.0}"
2022-01-04,2022-01-05,2022-02-18,2022-02-21,47,938936.4712999994,977060.7951999994,938185.0,977862.0,281.4555,293.35859999999997,977.862,0.0,0.0,38124.32389999996,0.04060373099280629,"{""sh.601988"": 3.07, ""sh.601398"": 4.66, ""sh.601939"": 5.91, ""sh.601288"": 2.94}","{""sh.601988"": 3.19, ""sh.601398"": 4.8, ""sh.601939"": 6.28, ""sh.601288"": 3.05}","{""sh.601988"": 76400.0, ""sh.601398"": 50300.0, ""sh.601939"": 39700.0, ""sh.601288"": 79800.0}","{""sh.601988"": 76400.0, ""sh.601398"": 50300.0, ""sh.601939"": 39700.0, ""sh.601288"": 79800.0}"
2022-02-22,2022-02-23,2022-02-23,2022-02-24,1,977060.7951999994,966900.4588999994,976580.0,967971.0,292.974,290.3913,967.9709999999999,0.0,0.0,-10160.336299999966,-0.0103988782989908,"{""sh.601988"": 3.17, ""sh.601398"": 4.78, ""sh.601939"": 6.23, ""sh.601288"": 3.02}","{""sh.601988"": 3.15, ""sh.601398"": 4.75, ""sh.601939"": 6.13, ""sh.601288"": 3.0}","{""sh.601988"": 77000.0, ""sh.601398"": 51100.0, ""sh.601939"": 39200.0, ""sh.601288"": 80800.0}","{""sh.601988"": 77000.0, ""sh.601398"": 51100.0, ""sh.601939"": 39200.0, ""sh.601288"": 80800.0}"
2022-02-24,2022-02-25,2022-02-28,2022-03-01,4,966900.4588999994,961834.5469999996,965934.0,962409.0,289.7801999999999,288.7227,962.4090000000001,0.0,0.0,-5065.911899999832,-0.005239331363812878,"{""sh.601988"": 3.12, ""sh.601398"": 4.7, ""sh.601939"": 6.06, ""sh.601288"": 2.98}","{""sh.601988"": 3.11, ""sh.601398"": 4.67, ""sh.601939"": 6.05, ""sh.601288"": 2.97}","{""sh.601988"": 77400.0, ""sh.601398"": 51400.0, ""sh.601939"": 39800.0, ""sh.601288"": 81100.0}","{""sh.601988"": 77400.0, ""sh.601398"": 51400.0, ""sh.601939"": 39800.0, ""sh.601288"": 81100.0}"
2022-03-04,2022-03-07,2022-03-30,2022-03-31,24,961834.5469999996,974375.0669999997,960722.0,974818.0,288.21659999999997,292.44539999999995,974.8180000000001,0.0,0.0,12540.520000000135,0.01303812598446845,"{""sh.601988"": 3.14, ""sh.601398"": 4.7, ""sh.601939"": 6.09, ""sh.601288"": 2.99}","{""sh.601988"": 3.22, ""sh.601398"": 4.7, ""sh.601939"": 6.17, ""sh.601288"": 3.05}","{""sh.601988"": 76500.0, ""sh.601398"": 51100.0, ""sh.601939"": 39400.0, ""sh.601288"": 80400.0}","{""sh.601988"": 76500.0, ""sh.601398"": 51100.0, ""sh.601939"": 39400.0, ""sh.601288"": 80400.0}"
2022-03-31,2022-04-01,2022-04-01,2022-04-06,5,974375.0669999997,977401.4471999997,973533.0,978123.0,292.05989999999997,293.4369,978.123,0.0,0.0,3026.380200000014,0.0031059704855933216,"{""sh.601988"": 3.26, ""sh.601398"": 4.75, ""sh.601939"": 6.24, ""sh.601288"": 3.07}","{""sh.601988"": 3.28, ""sh.601398"": 4.78, ""sh.601939"": 6.28, ""sh.601288"": 3.07}","{""sh.601988"": 74700.0, ""sh.601398"": 51200.0, ""sh.601939"": 39000.0, ""sh.601288"": 79300.0}","{""sh.601988"": 74700.0, ""sh.601398"": 51200.0, ""sh.601939"": 39000.0, ""sh.601288"": 79300.0}"
2022-04-07,2022-04-08,2022-04-08,2022-04-11,3,977401.4471999997,977882.9089999996,976174.0,978220.0,292.8522,293.466,978.2199999999999,0.0,0.0,481.4617999999318,0.0004925937048478845,"{""sh.601988"": 3.28, ""sh.601398"": 4.82, ""sh.601939"": 6.26, ""sh.601288"": 3.09}","{""sh.601988"": 3.3, ""sh.601398"": 4.8, ""sh.601939"": 6.28, ""sh.601288"": 3.1}","{""sh.601988"": 74400.0, ""sh.601398"": 50600.0, ""sh.601939"": 39000.0, ""sh.601288"": 79000.0}","{""sh.601988"": 74400.0, ""sh.601398"": 50600.0, ""sh.601939"": 39000.0, ""sh.601288"": 79000.0}"
2022-04-11,2022-04-12,2022-05-13,2022-05-16,34,977882.9089999996,956067.1132999996,976974.0,956695.0,293.0922,287.00849999999997,956.695,0.0,0.0,-21815.795700000017,-0.02230921053964348,"{""sh.601988"": 3.28, ""sh.601398"": 4.78, ""sh.601939"": 6.24, ""sh.601288"": 3.07}","{""sh.601988"": 3.21, ""sh.601398"": 4.7, ""sh.601939"": 6.0, ""sh.601288"": 3.05}","{""sh.601988"": 74500.0, ""sh.601398"": 51100.0, ""sh.601939"": 39100.0, ""sh.601288"": 79600.0}","{""sh.601988"": 74500.0, ""sh.601398"": 51100.0, ""sh.601939"": 39100.0, ""sh.601288"": 79600.0}"
2022-07-11,2022-07-12,2022-08-11,2022-08-12,31,956067.1132999996,930903.7236999997,955075.0,899267.0,286.5225,269.78009999999995,899.267,32100.18,0.0,-25163.38959999988,-0.026319689538472787,"{""sh.601988"": 3.33, ""sh.601398"": 4.52, ""sh.601939"": 5.78, ""sh.601288"": 3.04}","{""sh.601988"": 3.05, ""sh.601398"": 4.36, ""sh.601939"": 5.5, ""sh.601288"": 2.84}","{""sh.601988"": 71700.0, ""sh.601398"": 52800.0, ""sh.601939"": 41300.0, ""sh.601288"": 78600.0}","{""sh.601988"": 71700.0, ""sh.601398"": 52800.0, ""sh.601939"": 41300.0, ""sh.601288"": 78600.0}"
2022-08-24,2022-08-25,2022-09-07,2022-09-08,14,930903.7236999997,937825.7779999997,929999.0,938420.0,278.99969999999996,281.52599999999995,938.4200000000001,0.0,0.0,6922.05429999996,0.007435843389354316,"{""sh.601988"": 3.02, ""sh.601398"": 4.33, ""sh.601939"": 5.44, ""sh.601288"": 2.82}","{""sh.601988"": 3.07, ""sh.601398"": 4.36, ""sh.601939"": 5.49, ""sh.601288"": 2.83}","{""sh.601988"": 77000.0, ""sh.601398"": 53700.0, ""sh.601939"": 42700.0, ""sh.601288"": 82500.0}","{""sh.601988"": 77000.0, ""sh.601398"": 53700.0, ""sh.601939"": 42700.0, ""sh.601288"": 82500.0}"
2022-09-08,2022-09-09,2022-09-09,2022-09-13,4,937825.7779999997,940484.4092999996,936848.0,941011.0,281.0544,282.3033,941.0110000000001,0.0,0.0,2658.631299999892,0.0028348882728193602,"{""sh.601988"": 3.07, ""sh.601398"": 4.36, ""sh.601939"": 5.51, ""sh.601288"": 2.84}","{""sh.601988"": 3.09, ""sh.601398"": 4.37, ""sh.601939"": 5.54, ""sh.601288"": 2.85}","{""sh.601988"": 76300.0, ""sh.601398"": 53700.0, ""sh.601939"": 42500.0, ""sh.601288"": 82500.0}","{""sh.601988"": 76300.0, ""sh.601398"": 53700.0, ""sh.601939"": 42500.0, ""sh.601288"": 82500.0}"
2022-09-14,2022-09-15,2022-10-18,2022-10-19,34,940484.4092999996,931664.2242999995,939818.0,932492.0,281.94539999999995,279.7476,932.492,0.0,0.0,-8820.185000000056,-0.009378342599602369,"{""sh.601988"": 3.07, ""sh.601398"": 4.37, ""sh.601939"": 5.55, ""sh.601288"": 2.86}","{""sh.601988"": 3.05, ""sh.601398"": 4.34, ""sh.601939"": 5.49, ""sh.601288"": 2.84}","{""sh.601988"": 76500.0, ""sh.601398"": 53800.0, ""sh.601939"": 42300.0, ""sh.601288"": 82200.0}","{""sh.601988"": 76500.0, ""sh.601398"": 53800.0, ""sh.601939"": 42300.0, ""sh.601288"": 82200.0}"
2022-10-19,2022-10-20,2022-11-04,2022-11-07,18,931664.2242999995,898842.0571999997,931220.0,899847.0,279.366,269.9541,899.8470000000001,0.0,0.0,-32822.167099999846,-0.035229609814266066,"{""sh.601988"": 3.05, ""sh.601398"": 4.35, ""sh.601939"": 5.48, ""sh.601288"": 2.84}","{""sh.601988"": 3.04, ""sh.601398"": 4.09, ""sh.601939"": 5.28, ""sh.601288"": 2.74}","{""sh.601988"": 76300.0, ""sh.601398"": 53500.0, ""sh.601939"": 42500.0, ""sh.601288"": 82000.0}","{""sh.601988"": 76300.0, ""sh.601398"": 53500.0, ""sh.601939"": 42500.0, ""sh.601288"": 82000.0}"
2022-12-19,2022-12-20,2023-01-05,2023-01-06,17,898842.0571999997,914607.0259999998,897900.0,915124.0,269.36999999999995,274.5372,915.124,0.0,0.0,15764.968800000148,0.01753919798669625,"{""sh.601988"": 3.15, ""sh.601398"": 4.25, ""sh.601939"": 5.57, ""sh.601288"": 2.87}","{""sh.601988"": 3.21, ""sh.601398"": 4.33, ""sh.601939"": 5.67, ""sh.601288"": 2.93}","{""sh.601988"": 71300.0, ""sh.601398"": 52800.0, ""sh.601939"": 40300.0, ""sh.601288"": 78200.0}","{""sh.601988"": 71300.0, ""sh.601398"": 52800.0, ""sh.601939"": 40300.0, ""sh.601288"": 78200.0}"
2023-02-16,2023-02-17,2023-02-20,2023-02-21,4,914607.0259999998,920028.7018999999,913977.0,920870.0,274.19309999999996,276.26099999999997,920.87,0.0,0.0,5421.675900000031,0.005927874754813038,"{""sh.601988"": 3.22, ""sh.601398"": 4.28, ""sh.601939"": 5.57, ""sh.601288"": 2.91}","{""sh.601988"": 3.24, ""sh.601398"": 4.3, ""sh.601939"": 5.62, ""sh.601288"": 2.94}","{""sh.601988"": 71000.0, ""sh.601398"": 53400.0, ""sh.601939"": 41000.0, ""sh.601288"": 78500.0}","{""sh.601988"": 71000.0, ""sh.601398"": 53400.0, ""sh.601939"": 41000.0, ""sh.601288"": 78500.0}"
2023-02-24,2023-02-27,2023-02-28,2023-03-01,2,920028.7018999999,921443.8136999999,919457.0,922347.0,275.83709999999996,276.70410000000004,922.3470000000001,0.0,0.0,1415.1118000000715,0.0015381170142601524,"{""sh.601988"": 3.22, ""sh.601398"": 4.29, ""sh.601939"": 5.6, ""sh.601288"": 2.93}","{""sh.601988"": 3.23, ""sh.601398"": 4.3, ""sh.601939"": 5.64, ""sh.601288"": 2.93}","{""sh.601988"": 71400.0, ""sh.601398"": 53600.0, ""sh.601939"": 41000.0, ""sh.601288"": 78500.0}","{""sh.601988"": 71400.0, ""sh.601398"": 53600.0, ""sh.601939"": 41000.0, ""sh.601288"": 78500.0}"
2023-03-08,2023-03-09,2023-03-23,2023-03-24,15,921443.8136999999,949311.3266,920809.0,950188.0,276.2427,285.05639999999994,950.188,0.0,0.0,27867.51290000009,0.030243312164742672,"{""sh.601988"": 3.34, ""sh.601398"": 4.4, ""sh.601939"": 5.86, ""sh.601288"": 3.01}","{""sh.601988"": 3.48, ""sh.601398"": 4.51, ""sh.601939"": 6.06, ""sh.601288"": 3.09}","{""sh.601988"": 68900.0, ""sh.601398"": 52300.0, ""sh.601939"": 39300.0, ""sh.601288"": 76500.0}","{""sh.601988"": 68900.0, ""sh.601398"": 52300.0, ""sh.601939"": 39300.0, ""sh.601288"": 76500.0}"
2023-03-24,2023-03-27,2023-03-31,2023-04-03,7,949311.3266,948946.1800000002,948529.0,949683.0,284.5587,284.9049,949.6829999999999,0.0,0.0,-365.1465999998618,-0.00038464367775706444,"{""sh.601988"": 3.4, ""sh.601398"": 4.47, ""sh.601939"": 5.97, ""sh.601288"": 3.05}","{""sh.601988"": 3.38, ""sh.601398"": 4.46, ""sh.601939"": 5.93, ""sh.601288"": 3.11}","{""sh.601988"": 69800.0, ""sh.601398"": 53000.0, ""sh.601939"": 39700.0, ""sh.601288"": 77800.0}","{""sh.601988"": 69800.0, ""sh.601398"": 53000.0, ""sh.601939"": 39700.0, ""sh.601288"": 77800.0}"
2023-04-21,2023-04-24,2023-04-28,2023-05-04,10,948946.1800000002,957398.9730000001,947644.0,957626.0,284.2932,287.28779999999995,957.626,0.0,0.0,8452.792999999947,0.008907557855388538,"{""sh.601988"": 3.58, ""sh.601398"": 4.7, ""sh.601939"": 6.26, ""sh.601288"": 3.34}","{""sh.601988"": 3.65, ""sh.601398"": 4.7, ""sh.601939"": 6.27, ""sh.601288"": 3.41}","{""sh.601988"": 66200.0, ""sh.601398"": 50400.0, ""sh.601939"": 37800.0, ""sh.601288"": 71000.0}","{""sh.601988"": 66200.0, ""sh.601398"": 50400.0, ""sh.601939"": 37800.0, ""sh.601288"": 71000.0}"
2023-05-10,2023-05-11,2023-06-13,2023-06-14,34,957398.9730000001,942734.4850000001,955991.0,942839.0,286.79729999999995,282.8517,942.8389999999999,0.0,0.0,-14664.488000000012,-0.015317008283442153,"{""sh.601988"": 4.26, ""sh.601398"": 5.03, ""sh.601939"": 6.64, ""sh.601288"": 3.6}","{""sh.601988"": 4.06, ""sh.601398"": 4.99, ""sh.601939"": 6.51, ""sh.601288"": 3.67}","{""sh.601988"": 56100.0, ""sh.601398"": 47500.0, ""sh.601939"": 36000.0, ""sh.601288"": 66400.0}","{""sh.601988"": 56100.0, ""sh.601398"": 47500.0, ""sh.601939"": 36000.0, ""sh.601288"": 66400.0}"
2023-06-14,2023-06-15,2023-06-15,2023-06-16,1,942734.4850000001,946414.7824,941844.0,947038.0,282.5532,284.11139999999995,947.038,0.0,0.0,3680.297399999923,0.0039038535860920825,"{""sh.601988"": 4.01, ""sh.601398"": 4.9, ""sh.601939"": 6.35, ""sh.601288"": 3.56}","{""sh.601988"": 4.01, ""sh.601398"": 4.91, ""sh.601939"": 6.37, ""sh.601288"": 3.62}","{""sh.601988"": 58700.0, ""sh.601398"": 48000.0, ""sh.601939"": 37100.0, ""sh.601288"": 66200.0}","{""sh.601988"": 58700.0, ""sh.601398"": 48000.0, ""sh.601939"": 37100.0, ""sh.601288"": 66200.0}"
2023-06-21,2023-06-26,2023-07-03,2023-07-04,8,946414.7824,963093.2133000001,945556.0,963771.0,283.66679999999997,289.13129999999995,963.771,0.0,0.0,16678.430900000036,0.017622749781766336,"{""sh.601988"": 3.87, ""sh.601398"": 4.85, ""sh.601939"": 6.22, ""sh.601288"": 3.52}","{""sh.601988"": 3.98, ""sh.601398"": 4.87, ""sh.601939"": 6.32, ""sh.601288"": 3.62}","{""sh.601988"": 61100.0, ""sh.601398"": 48700.0, ""sh.601939"": 38000.0, ""sh.601288"": 67200.0}","{""sh.601988"": 61100.0, ""sh.601398"": 48700.0, ""sh.601939"": 38000.0, ""sh.601288"": 67200.0}"
2023-07-06,2023-07-07,2023-07-11,2023-07-12,5,963093.2133000001,975366.4887,961716.0,975546.0,288.5148,292.6638,975.5459999999999,0.0,0.0,12273.275399999926,0.0127436007548491,"{""sh.601988"": 3.87, ""sh.601398"": 4.76, ""sh.601939"": 6.19, ""sh.601288"": 3.5}","{""sh.601988"": 3.94, ""sh.601398"": 4.83, ""sh.601939"": 6.29, ""sh.601288"": 3.53}","{""sh.601988"": 62200.0, ""sh.601398"": 50500.0, ""sh.601939"": 38800.0, ""sh.601288"": 68700.0}","{""sh.601988"": 62200.0, ""sh.601398"": 50500.0, ""sh.601939"": 38800.0, ""sh.601288"": 68700.0}"
2023-07-12,2023-07-13,2023-07-13,2023-07-14,1,975366.4887,989436.4382999998,974096.0,974632.0,292.2288,292.3896,974.6320000000001,15093.2,0.0,14069.949599999818,0.014425295274141213,"{""sh.601988"": 3.94, ""sh.601398"": 4.82, ""sh.601939"": 6.28, ""sh.601288"": 3.55}","{""sh.601988"": 3.99, ""sh.601398"": 4.88, ""sh.601939"": 6.03, ""sh.601288"": 3.61}","{""sh.601988"": 61800.0, ""sh.601398"": 50500.0, ""sh.601939"": 38800.0, ""sh.601288"": 68600.0}","{""sh.601988"": 61800.0, ""sh.601398"": 50500.0, ""sh.601939"": 38800.0, ""sh.601288"": 68600.0}"
2023-07-17,2023-07-18,2023-07-25,2023-07-26,8,989436.4382999998,998929.6276999998,988996.0,1000086.0,296.6988,300.02579999999995,1000.086,0.0,0.0,9493.189400000032,0.009594541935721262,"{""sh.601988"": 3.78, ""sh.601398"": 4.57, ""sh.601939"": 5.93, ""sh.601288"": 3.42}","{""sh.601988"": 3.81, ""sh.601398"": 4.62, ""sh.601939"": 5.98, ""sh.601288"": 3.48}","{""sh.601988"": 65400.0, ""sh.601398"": 54100.0, ""sh.601939"": 41700.0, ""sh.601288"": 72300.0}","{""sh.601988"": 65400.0, ""sh.601398"": 54100.0, ""sh.601939"": 41700.0, ""sh.601288"": 72300.0}"
2023-08-11,2023-08-14,2023-09-04,2023-09-05,22,998929.6276999998,1006174.7681999998,998345.0,1006695.0,299.5035,302.0084999999999,503.34749999999997,0.0,0.0,7245.1404999999795,0.007252903807329911,"{""sh.601988"": 3.75, ""sh.601398"": 4.59, ""sh.601939"": 5.9, ""sh.601288"": 3.43}","{""sh.601988"": 3.73, ""sh.601398"": 4.59, ""sh.601939"": 6.06, ""sh.601288"": 3.47}","{""sh.601988"": 66500.0, ""sh.601398"": 54400.0, ""sh.601939"": 42300.0, ""sh.601288"": 72800.0}","{""sh.601988"": 66500.0, ""sh.601398"": 54400.0, ""sh.601939"": 42300.0, ""sh.601288"": 72800.0}"
2023-09-07,2023-09-08,2023-09-11,2023-09-12,4,1006174.7681999998,1000677.0856999998,1005635.0,1001240.0,301.6905,300.37199999999996,500.62,0.0,0.0,-5497.682499999995,-0.00546394391288016,"{""sh.601988"": 3.71, ""sh.601398"": 4.62, ""sh.601939"": 6.04, ""sh.601288"": 3.45}","{""sh.601988"": 3.68, ""sh.601398"": 4.59, ""sh.601939"": 6.04, ""sh.601288"": 3.44}","{""sh.601988"": 67800.0, ""sh.601398"": 54400.0, ""sh.601939"": 41600.0, ""sh.601288"": 72900.0}","{""sh.601988"": 67800.0, ""sh.601398"": 54400.0, ""sh.601939"": 41600.0, ""sh.601288"": 72900.0}"
2023-09-13,2023-09-14,2023-09-14,2023-09-15,1,1000677.0856999998,1012195.3704999997,999648.0,1012276.0,299.8944,303.68279999999993,506.1379999999999,0.0,0.0,11518.284799999907,0.011510491211000964,"{""sh.601988"": 3.69, ""sh.601398"": 4.63, ""sh.601939"": 6.09, ""sh.601288"": 3.45}","{""sh.601988"": 3.73, ""sh.601398"": 4.68, ""sh.601939"": 6.16, ""sh.601288"": 3.51}","{""sh.601988"": 67700.0, ""sh.601398"": 54000.0, ""sh.601939"": 41000.0, ""sh.601288"": 72500.0}","{""sh.601988"": 67700.0, ""sh.601398"": 54000.0, ""sh.601939"": 41000.0, ""sh.601288"": 72500.0}"
2023-09-15,2023-09-18,2023-09-18,2023-09-19,1,1012195.3704999997,1010769.1454999998,1011342.0,1011028.0,303.40259999999995,303.30839999999995,505.514,0.0,0.0,-1426.2249999999767,-0.0014090412202690241,"{""sh.601988"": 3.7, ""sh.601398"": 4.64, ""sh.601939"": 6.12, ""sh.601288"": 3.48}","{""sh.601988"": 3.7, ""sh.601398"": 4.64, ""sh.601939"": 6.13, ""sh.601288"": 3.47}","{""sh.601988"": 68300.0, ""sh.601398"": 54500.0, ""sh.601939"": 41300.0, ""sh.601288"": 72700.0}","{""sh.601988"": 68300.0, ""sh.601398"": 54500.0, ""sh.601939"": 41300.0, ""sh.601288"": 72700.0}"
2023-09-20,2023-09-21,2023-09-22,2023-09-25,4,1010769.1454999998,1014224.8161999998,1009703.0,1014273.0,302.91089999999997,304.28189999999995,507.13649999999996,0.0,0.0,3455.670700000017,0.003418852579132292,"{""sh.601988"": 3.78, ""sh.601398"": 4.69, ""sh.601939"": 6.25, ""sh.601288"": 3.59}","{""sh.601988"": 3.79, ""sh.601398"": 4.74, ""sh.601939"": 6.28, ""sh.601288"": 3.59}","{""sh.601988"": 66800.0, ""sh.601398"": 53800.0, ""sh.601939"": 40400.0, ""sh.601288"": 70300.0}","{""sh.601988"": 66800.0, ""sh.601398"": 53800.0, ""sh.601939"": 40400.0, ""sh.601288"": 70300.0}"
2023-09-25,2023-09-26,2023-11-06,2023-11-07,42,1014224.8161999998,1005598.6273999998,1012912.0,1005394.0,303.87359999999995,301.6182,502.697,0.0,0.0,-8626.188800000004,-0.008505203838651651,"{""sh.601988"": 3.81, ""sh.601398"": 4.74, ""sh.601939"": 6.31, ""sh.601288"": 3.62}","{""sh.601988"": 3.84, ""sh.601398"": 4.71, ""sh.601939"": 6.2, ""sh.601288"": 3.57}","{""sh.601988"": 66500.0, ""sh.601398"": 53400.0, ""sh.601939"": 40100.0, ""sh.601288"": 70000.0}","{""sh.601988"": 66500.0, ""sh.601398"": 53400.0, ""sh.601939"": 40100.0, ""sh.601288"": 70000.0}"
2023-11-24,2023-11-27,2023-12-28,2023-12-29,32,1005598.6273999998,1005293.2166999998,1004337.0,1005137.0,301.30109999999996,301.54110000000003,502.56850000000003,0.0,0.0,-305.41070000000764,-0.0003037103389745614,"{""sh.601988"": 3.98, ""sh.601398"": 4.79, ""sh.601939"": 6.39, ""sh.601288"": 3.66}","{""sh.601988"": 3.99, ""sh.601398"": 4.78, ""sh.601939"": 6.46, ""sh.601288"": 3.63}","{""sh.601988"": 63100.0, ""sh.601398"": 52400.0, ""sh.601939"": 39300.0, ""sh.601288"": 68600.0}","{""sh.601988"": 63100.0, ""sh.601398"": 52400.0, ""sh.601939"": 39300.0, ""sh.601288"": 68600.0}"
2024-01-05,2024-01-08,2024-01-25,2024-01-26,18,1005293.2166999998,1018839.7056999998,1004346.0,1019009.0,301.30379999999997,305.7027,509.5045,0.0,0.0,13546.48900000006,0.01347516204721653,"{""sh.601988"": 4.12, ""sh.601398"": 4.87, ""sh.601939"": 6.65, ""sh.601288"": 3.73}","{""sh.601988"": 4.14, ""sh.601398"": 5.01, ""sh.601939"": 6.69, ""sh.601288"": 3.8}","{""sh.601988"": 61000.0, ""sh.601398"": 51600.0, ""sh.601939"": 37700.0, ""sh.601288"": 67300.0}","{""sh.601988"": 61000.0, ""sh.601398"": 51600.0, ""sh.601939"": 37700.0, ""sh.601288"": 67300.0}"
2024-01-30,2024-01-31,2024-02-07,2024-02-08,8,1018839.7056999998,1032903.6707999997,1018071.0,1033267.0,305.4213,309.9801,516.6335,0.0,0.0,14063.965099999914,0.01380390361831961,"{""sh.601988"": 4.25, ""sh.601398"": 5.12, ""sh.601939"": 6.82, ""sh.601288"": 3.87}","{""sh.601988"": 4.32, ""sh.601398"": 5.16, ""sh.601939"": 6.85, ""sh.601288"": 3.99}","{""sh.601988"": 59900.0, ""sh.601398"": 49700.0, ""sh.601939"": 37300.0, ""sh.601288"": 65800.0}","{""sh.601988"": 59900.0, ""sh.601398"": 49700.0, ""sh.601939"": 37300.0, ""sh.601288"": 65800.0}"
2024-03-25,2024-03-26,2024-04-01,2024-04-02,7,1032903.6707999997,1036774.6915999997,1031792.0,1036802.0,309.5376,311.0406,518.401,0.0,0.0,3871.02079999994,0.0037477074672430735,"{""sh.601988"": 4.41, ""sh.601398"": 5.29, ""sh.601939"": 6.87, ""sh.601288"": 4.23}","{""sh.601988"": 4.47, ""sh.601398"": 5.29, ""sh.601939"": 6.91, ""sh.601288"": 4.23}","{""sh.601988"": 58500.0, ""sh.601398"": 48800.0, ""sh.601939"": 37500.0, ""sh.601288"": 61000.0}","{""sh.601988"": 58500.0, ""sh.601398"": 48800.0, ""sh.601939"": 37500.0, ""sh.601288"": 61000.0}"
2024-04-08,2024-04-09,2024-04-15,2024-04-16,7,1036774.6915999997,1043581.0896999997,1035673.0,1043625.0,310.70189999999997,313.0875,521.8125,0.0,0.0,6806.398099999991,0.0065649732339589,"{""sh.601988"": 4.53, ""sh.601398"": 5.4, ""sh.601939"": 7.04, ""sh.601288"": 4.35}","{""sh.601988"": 4.58, ""sh.601398"": 5.42, ""sh.601939"": 7.12, ""sh.601288"": 4.37}","{""sh.601988"": 57200.0, ""sh.601398"": 47900.0, ""sh.601939"": 36800.0, ""sh.601288"": 59500.0}","{""sh.601988"": 57200.0, ""sh.601398"": 47900.0, ""sh.601939"": 36800.0, ""sh.601288"": 59500.0}"
2024-04-16,2024-04-17,2024-04-17,2024-04-18,1,1043581.0896999997,1051819.0251999996,1042319.0,1051711.0,312.6957,315.51329999999996,525.8555,0.0,0.0,8237.935499999905,0.007893910287669241,"{""sh.601988"": 4.62, ""sh.601398"": 5.45, ""sh.601939"": 7.14, ""sh.601288"": 4.41}","{""sh.601988"": 4.65, ""sh.601398"": 5.49, ""sh.601939"": 7.25, ""sh.601288"": 4.44}","{""sh.601988"": 56400.0, ""sh.601398"": 47800.0, ""sh.601939"": 36500.0, ""sh.601288"": 59100.0}","{""sh.601988"": 56400.0, ""sh.601398"": 47800.0, ""sh.601939"": 36500.0, ""sh.601288"": 59100.0}"
2024-04-23,2024-04-24,2024-04-24,2024-04-25,1,1051819.0251999996,1044563.8600999997,1050953.0,1044849.0,315.28589999999997,313.4547,522.4245000000001,0.0,0.0,-7255.165099999867,-0.006897731383609765,"{""sh.601988"": 4.66, ""sh.601398"": 5.5, ""sh.601939"": 7.31, ""sh.601288"": 4.5}","{""sh.601988"": 4.63, ""sh.601398"": 5.48, ""sh.601939"": 7.23, ""sh.601288"": 4.49}","{""sh.601988"": 56400.0, ""sh.601398"": 47800.0, ""sh.601939"": 35900.0, ""sh.601288"": 58400.0}","{""sh.601988"": 56400.0, ""sh.601398"": 47800.0, ""sh.601939"": 35900.0, ""sh.601288"": 58400.0}"
2024-05-23,2024-05-24,2024-07-15,2024-07-16,53,1044563.8600999997,1164733.3297999997,1043761.0,1122215.0,313.12829999999997,336.6645,561.1075000000001,42926.369999999995,0.0,120169.46970000002,0.1150427219342011,"{""sh.601988"": 4.51, ""sh.601398"": 5.49, ""sh.601939"": 7.11, ""sh.601288"": 4.4}","{""sh.601988"": 4.87, ""sh.601398"": 5.92, ""sh.601939"": 7.59, ""sh.601288"": 4.73}","{""sh.601988"": 57900.0, ""sh.601398"": 47500.0, ""sh.601939"": 36700.0, ""sh.601288"": 59300.0}","{""sh.601988"": 57900.0, ""sh.601398"": 47500.0, ""sh.601939"": 36700.0, ""sh.601288"": 59300.0}"
2024-07-17,2024-07-18,2024-07-18,2024-07-19,1,1164733.3297999997,1163378.8433999997,1163224.0,1163149.0,348.96719999999993,348.94469999999995,581.5745,0.0,0.0,-1354.4864000000525,-0.0011629154634328494,"{""sh.601988"": 4.66, ""sh.601398"": 5.9, ""sh.601939"": 7.55, ""sh.601288"": 4.73}","{""sh.601988"": 4.66, ""sh.601398"": 5.9, ""sh.601939"": 7.58, ""sh.601288"": 4.71}","{""sh.601988"": 62400.0, ""sh.601398"": 49300.0, ""sh.601939"": 38500.0, ""sh.601288"": 61500.0}","{""sh.601988"": 62400.0, ""sh.601398"": 49300.0, ""sh.601939"": 38500.0, ""sh.601288"": 61500.0}"
2024-07-22,2024-07-23,2024-08-19,2024-08-20,28,1163378.8433999997,1244410.2299999995,1162466.0,1244842.0,348.73979999999995,373.45259999999996,622.421,0.0,0.0,81031.38659999985,0.06965176224383098,"{""sh.601988"": 4.64, ""sh.601398"": 5.82, ""sh.601939"": 7.4, ""sh.601288"": 4.63}","{""sh.601988"": 4.93, ""sh.601398"": 6.26, ""sh.601939"": 8.06, ""sh.601288"": 4.89}","{""sh.601988"": 62600.0, ""sh.601398"": 49900.0, ""sh.601939"": 39300.0, ""sh.601288"": 62800.0}","{""sh.601988"": 62600.0, ""sh.601398"": 49900.0, ""sh.601939"": 39300.0, ""sh.601288"": 62800.0}"
2024-08-20,2024-08-21,2024-09-24,2024-09-25,35,1244410.2299999995,1217725.6392999997,1242601.0,1217263.0,372.7803,365.1789,608.6315000000001,0.0,0.0,-26684.590699999826,-0.021443564233636875,"{""sh.601988"": 4.95, ""sh.601398"": 6.35, ""sh.601939"": 8.13, ""sh.601288"": 4.9}","{""sh.601988"": 4.98, ""sh.601398"": 6.09, ""sh.601939"": 7.8, ""sh.601288"": 4.87}","{""sh.601988"": 62800.0, ""sh.601398"": 48900.0, ""sh.601939"": 38200.0, ""sh.601288"": 63400.0}","{""sh.601988"": 62800.0, ""sh.601398"": 48900.0, ""sh.601939"": 38200.0, ""sh.601288"": 63400.0}"
2024-11-01,2024-11-04,2024-11-04,2024-11-05,1,1217725.6392999997,1212278.0660999997,1217148.0,1213036.0,365.14439999999996,363.9108,606.518,0.0,0.0,-5447.573199999984,-0.004473563686424046,"{""sh.601988"": 4.89, ""sh.601398"": 6.15, ""sh.601939"": 8.07, ""sh.601288"": 4.77}","{""sh.601988"": 4.88, ""sh.601398"": 6.1, ""sh.601939"": 8.06, ""sh.601288"": 4.76}","{""sh.601988"": 62200.0, ""sh.601398"": 49500.0, ""sh.601939"": 37700.0, ""sh.601288"": 63800.0}","{""sh.601988"": 62200.0, ""sh.601398"": 49500.0, ""sh.601939"": 37700.0, ""sh.601288"": 63800.0}"
2024-11-15,2024-11-18,2024-11-20,2024-11-21,3,1212278.0660999997,1219963.3764999998,1211336.0,1220361.0,363.40079999999995,366.1083,610.1804999999999,0.0,0.0,7685.310400000075,0.006339560712109857,"{""sh.601988"": 4.88, ""sh.601398"": 6.08, ""sh.601939"": 7.96, ""sh.601288"": 4.72}","{""sh.601988"": 4.95, ""sh.601398"": 6.13, ""sh.601939"": 7.95, ""sh.601288"": 4.76}","{""sh.601988"": 62100.0, ""sh.601398"": 49800.0, ""sh.601939"": 38000.0, ""sh.601288"": 64200.0}","{""sh.601988"": 62100.0, ""sh.601398"": 49800.0, ""sh.601939"": 38000.0, ""sh.601288"": 64200.0}"
2024-11-22,2024-11-25,2024-12-02,2024-12-03,8,1219963.3764999998,1237403.1602999996,1219254.0,1238050.0,365.77619999999996,371.41499999999996,619.0250000000001,0.0,0.0,17439.78379999986,0.014295333889475872,"{""sh.601988"": 4.92, ""sh.601398"": 6.06, ""sh.601939"": 7.84, ""sh.601288"": 4.72}","{""sh.601988"": 5.01, ""sh.601398"": 6.13, ""sh.601939"": 7.94, ""sh.601288"": 4.81}","{""sh.601988"": 61900.0, ""sh.601398"": 50300.0, ""sh.601939"": 38900.0, ""sh.601288"": 64600.0}","{""sh.601988"": 61900.0, ""sh.601398"": 50300.0, ""sh.601939"": 38900.0, ""sh.601288"": 64600.0}"
2024-12-23,2024-12-24,2024-12-24,2024-12-25,1,1237403.1602999996,1252908.3233999996,1236667.0,1253546.0,371.0000999999999,376.06379999999996,626.773,0.0,0.0,15505.163100000005,0.012530405285405031,"{""sh.601988"": 5.38, ""sh.601398"": 6.71, ""sh.601939"": 8.6, ""sh.601288"": 5.18}","{""sh.601988"": 5.43, ""sh.601398"": 6.77, ""sh.601939"": 8.78, ""sh.601288"": 5.26}","{""sh.601988"": 57500.0, ""sh.601398"": 46100.0, ""sh.601939"": 35900.0, ""sh.601288"": 59700.0}","{""sh.601988"": 57500.0, ""sh.601398"": 46100.0, ""sh.601939"": 35900.0, ""sh.601288"": 59700.0}"
2024-12-31,2025-01-02,2025-01-24,2025-01-27,25,1252908.3233999996,1227869.1080999996,1251483.0,1200588.0,375.44489999999996,360.17639999999994,600.294,27191.700000000004,0.0,-25039.21530000004,-0.019984874258039468,"{""sh.601988"": 5.51, ""sh.601398"": 6.91, ""sh.601939"": 8.78, ""sh.601288"": 5.34}","{""sh.601988"": 5.32, ""sh.601398"": 6.68, ""sh.601939"": 8.44, ""sh.601288"": 5.04}","{""sh.601988"": 56800.0, ""sh.601398"": 45300.0, ""sh.601939"": 35600.0, ""sh.601288"": 58600.0}","{""sh.601988"": 56800.0, ""sh.601398"": 45300.0, ""sh.601939"": 35600.0, ""sh.601288"": 58600.0}"
2025-02-05,2025-02-06,2025-02-06,2025-02-07,1,1227869.1080999996,1219664.6030999995,1226358.0,1219497.0,367.90739999999994,365.84909999999996,609.7484999999999,0.0,0.0,-8204.505000000121,-0.00668190521764632,"{""sh.601988"": 5.33, ""sh.601398"": 6.7, ""sh.601939"": 8.42, ""sh.601288"": 5.05}","{""sh.601988"": 5.3, ""sh.601398"": 6.67, ""sh.601939"": 8.35, ""sh.601288"": 5.03}","{""sh.601988"": 57500.0, ""sh.601398"": 45800.0, ""sh.601939"": 36400.0, ""sh.601288"": 60700.0}","{""sh.601988"": 57500.0, ""sh.601398"": 45800.0, ""sh.601939"": 36400.0, ""sh.601288"": 60700.0}"
2025-02-28,2025-03-03,2025-03-05,2025-03-06,3,1219664.6030999995,1224779.2126999996,1218384.0,1224844.0,365.51519999999994,367.4532,612.422,0.0,0.0,5114.609600000083,0.00419345579678247,"{""sh.601988"": 5.41, ""sh.601398"": 6.87, ""sh.601939"": 8.51, ""sh.601288"": 5.14}","{""sh.601988"": 5.46, ""sh.601398"": 6.85, ""sh.601939"": 8.62, ""sh.601288"": 5.15}","{""sh.601988"": 56300.0, ""sh.601398"": 44300.0, ""sh.601939"": 35800.0, ""sh.601288"": 59300.0}","{""sh.601988"": 56300.0, ""sh.601398"": 44300.0, ""sh.601939"": 35800.0, ""sh.601288"": 59300.0}"
2025-03-21,2025-03-24,2025-04-21,2025-04-22,29,1224779.2126999996,1290035.4159999997,1223157.0,1289812.0,366.9471,386.9436,644.9060000000001,0.0,0.0,65256.20330000017,0.05327997293172887,"{""sh.601988"": 5.36, ""sh.601398"": 6.76, ""sh.601939"": 8.49, ""sh.601288"": 5.09}","{""sh.601988"": 5.65, ""sh.601398"": 7.05, ""sh.601939"": 9.05, ""sh.601288"": 5.37}","{""sh.601988"": 57100.0, ""sh.601398"": 45200.0, ""sh.601939"": 36000.0, ""sh.601288"": 60100.0}","{""sh.601988"": 57100.0, ""sh.601398"": 45200.0, ""sh.601939"": 36000.0, ""sh.601288"": 60100.0}"
2025-05-27,2025-05-28,2025-05-29,2025-05-30,2,1290035.4159999997,1281397.4914999998,1288823.0,1281597.0,386.64689999999996,384.47909999999996,640.7985,0.0,0.0,-8637.924499999965,-0.006695881673375676,"{""sh.601988"": 5.57, ""sh.601398"": 7.06, ""sh.601939"": 9.07, ""sh.601288"": 5.53}","{""sh.601988"": 5.51, ""sh.601398"": 7.05, ""sh.601939"": 9.01, ""sh.601288"": 5.51}","{""sh.601988"": 57900.0, ""sh.601398"": 45600.0, ""sh.601939"": 35500.0, ""sh.601288"": 58300.0}","{""sh.601988"": 57900.0, ""sh.601398"": 45600.0, ""sh.601939"": 35500.0, ""sh.601288"": 58300.0}"
2025-05-30,2025-06-03,2025-06-03,2025-06-04,1,1281397.4914999998,1288768.5077999998,1279959.0,1288745.0,383.98769999999996,386.6234999999999,644.3725,0.0,0.0,7371.0163000000175,0.005752326150858567,"{""sh.601988"": 5.49, ""sh.601398"": 7.05, ""sh.601939"": 9.03, ""sh.601288"": 5.52}","{""sh.601988"": 5.51, ""sh.601398"": 7.11, ""sh.601939"": 9.07, ""sh.601288"": 5.58}","{""sh.601988"": 58300.0, ""sh.601398"": 45400.0, ""sh.601939"": 35400.0, ""sh.601288"": 58000.0}","{""sh.601988"": 58300.0, ""sh.601398"": 45400.0, ""sh.601939"": 35400.0, ""sh.601288"": 58000.0}"
2025-06-19,2025-06-20,2025-06-23,2025-06-24,4,1288768.5077999998,1318118.0052999996,1287155.0,1317945.0,386.14649999999995,395.38349999999997,658.9725000000001,0.0,0.0,29349.497499999823,0.022773288858602747,"{""sh.601988"": 5.54, ""sh.601398"": 7.29, ""sh.601939"": 9.22, ""sh.601288"": 5.74}","{""sh.601988"": 5.65, ""sh.601398"": 7.51, ""sh.601939"": 9.4, ""sh.601288"": 5.89}","{""sh.601988"": 58100.0, ""sh.601398"": 44100.0, ""sh.601939"": 34900.0, ""sh.601288"": 56100.0}","{""sh.601988"": 58100.0, ""sh.601398"": 44100.0, ""sh.601939"": 34900.0, ""sh.601288"": 56100.0}"
2025-09-04,2025-09-05,2025-09-05,2025-09-08,3,1318118.0052999996,1291461.3556999995,1317120.0,1291892.0,395.13599999999997,387.56759999999997,645.946,0.0,0.0,-26656.64960000012,-0.02022326490709999,"{""sh.601988"": 5.59, ""sh.601398"": 7.52, ""sh.601939"": 9.17, ""sh.601288"": 7.45}","{""sh.601988"": 5.5, ""sh.601398"": 7.41, ""sh.601939"": 9.02, ""sh.601288"": 7.23}","{""sh.601988"": 58900.0, ""sh.601398"": 43800.0, ""sh.601939"": 35900.0, ""sh.601288"": 44200.0}","{""sh.601988"": 58900.0, ""sh.601398"": 43800.0, ""sh.601939"": 35900.0, ""sh.601288"": 44200.0}"
2025-09-18,2025-09-19,2025-09-24,2025-09-25,6,1291461.3556999995,1287751.9032999994,1290260.0,1287968.0,387.078,386.39039999999994,643.984,0.0,0.0,-3709.4524000000674,-0.002872290667953797,"{""sh.601988"": 5.29, ""sh.601398"": 7.28, ""sh.601939"": 8.74, ""sh.601288"": 6.72}","{""sh.601988"": 5.27, ""sh.601398"": 7.44, ""sh.601939"": 8.74, ""sh.601288"": 6.55}","{""sh.601988"": 61000.0, ""sh.601398"": 44300.0, ""sh.601939"": 36900.0, ""sh.601288"": 48000.0}","{""sh.601988"": 61000.0, ""sh.601398"": 44300.0, ""sh.601939"": 36900.0, ""sh.601288"": 48000.0}"
2025-09-26,2025-09-29,2025-09-29,2025-09-30,1,1287751.9032999994,1280079.7584999993,1286504.0,1280242.0,385.9512,384.07259999999997,640.1210000000001,0.0,0.0,-7672.1448000001255,-0.005957781759312061,"{""sh.601988"": 5.24, ""sh.601398"": 7.38, ""sh.601939"": 8.64, ""sh.601288"": 6.59}","{""sh.601988"": 5.19, ""sh.601398"": 7.31, ""sh.601939"": 8.61, ""sh.601288"": 6.61}","{""sh.601988"": 61400.0, ""sh.601398"": 43600.0, ""sh.601939"": 37200.0, ""sh.601288"": 48800.0}","{""sh.601988"": 61400.0, ""sh.601398"": 43600.0, ""sh.601939"": 37200.0, ""sh.601288"": 48800.0}"
2025-10-17,2025-10-20,2025-10-21,2025-10-22,2,1280079.7584999993,1303086.8433999992,1278517.0,1302950.0,383.5551,390.885,651.475,0.0,0.0,23007.0848999999,0.017973165146334055,"{""sh.601988"": 5.32, ""sh.601398"": 7.59, ""sh.601939"": 9.13, ""sh.601288"": 7.54}","{""sh.601988"": 5.39, ""sh.601398"": 7.63, ""sh.601939"": 9.26, ""sh.601288"": 7.87}","{""sh.601988"": 60100.0, ""sh.601398"": 42100.0, ""sh.601939"": 35000.0, ""sh.601288"": 42400.0}","{""sh.601988"": 60100.0, ""sh.601398"": 42100.0, ""sh.601939"": 35000.0, ""sh.601288"": 42400.0}"
2025-11-17,2025-11-18,2025-12-08,2025-12-09,21,1303086.8433999992,1279105.920299999,1301797.0,1279230.0,390.53909999999996,383.76899999999995,639.615,0.0,0.0,-23980.923100000247,-0.01840316569955499,"{""sh.601988"": 5.74, ""sh.601398"": 8.14, ""sh.601939"": 9.43, ""sh.601288"": 8.28}","{""sh.601988"": 5.81, ""sh.601398"": 8.01, ""sh.601939"": 9.29, ""sh.601288"": 7.86}","{""sh.601988"": 56700.0, ""sh.601398"": 40000.0, ""sh.601939"": 34500.0, ""sh.601288"": 39300.0}","{""sh.601988"": 56700.0, ""sh.601398"": 40000.0, ""sh.601939"": 34500.0, ""sh.601288"": 39300.0}"
2025-12-09,2025-12-10,2025-12-19,2025-12-22,12,1279105.920299999,1252506.321899999,1278052.0,1230141.0,383.4155999999999,369.04229999999995,615.0705,22678.929999999997,0.0,-26599.598400000017,-0.020795461875245953,"{""sh.601988"": 5.83, ""sh.601398"": 8.09, ""sh.601939"": 9.34, ""sh.601288"": 8.05}","{""sh.601988"": 5.65, ""sh.601398"": 7.86, ""sh.601939"": 9.12, ""sh.601288"": 7.51}","{""sh.601988"": 54800.0, ""sh.601398"": 39500.0, ""sh.601939"": 34200.0, ""sh.601288"": 39700.0}","{""sh.601988"": 54800.0, ""sh.601398"": 39500.0, ""sh.601939"": 34200.0, ""sh.601288"": 39700.0}"
2026-02-02,2026-02-03,2026-02-09,2026-02-10,7,1252506.321899999,1250113.923999999,1250193.0,1249175.0,375.05789999999996,374.75249999999994,624.5875,0.0,0.0,-2392.3978999999817,-0.0019100884827238363,"{""sh.601988"": 5.4, ""sh.601398"": 7.3, ""sh.601939"": 8.78, ""sh.601288"": 6.75}","{""sh.601988"": 5.38, ""sh.601398"": 7.28, ""sh.601939"": 8.86, ""sh.601288"": 6.71}","{""sh.601988"": 57900.0, ""sh.601398"": 42800.0, ""sh.601939"": 35600.0, ""sh.601288"": 46300.0}","{""sh.601988"": 57900.0, ""sh.601398"": 42800.0, ""sh.601939"": 35600.0, ""sh.601288"": 46300.0}"
2026-02-13,2026-02-24,2026-02-24,2026-02-25,1,1250113.923999999,1241411.390299999,1248547.0,1241212.0,374.56409999999994,372.3636,620.606,0.0,0.0,-8702.533700000029,-0.006961392504256305,"{""sh.601988"": 5.32, ""sh.601398"": 7.13, ""sh.601939"": 8.73, ""sh.601288"": 6.52}","{""sh.601988"": 5.29, ""sh.601398"": 7.06, ""sh.601939"": 8.7, ""sh.601288"": 6.49}","{""sh.601988"": 58700.0, ""sh.601398"": 43800.0, ""sh.601939"": 35700.0, ""sh.601288"": 47900.0}","{""sh.601988"": 58700.0, ""sh.601398"": 43800.0, ""sh.601939"": 35700.0, ""sh.601288"": 47900.0}"
2026-03-04,2026-03-05,2026-03-06,2026-03-09,4,1241411.390299999,1255186.7890999988,1240436.0,1255588.0,372.1308,376.6764,627.794,0.0,0.0,13775.39879999985,0.011096562273905746,"{""sh.601988"": 5.31, ""sh.601398"": 7.04, ""sh.601939"": 8.84, ""sh.601288"": 6.56}","{""sh.601988"": 5.37, ""sh.601398"": 7.08, ""sh.601939"": 8.96, ""sh.601288"": 6.68}","{""sh.601988"": 58400.0, ""sh.601398"": 44000.0, ""sh.601939"": 35100.0, ""sh.601288"": 47300.0}","{""sh.601988"": 58400.0, ""sh.601398"": 44000.0, ""sh.601939"": 35100.0, ""sh.601288"": 47300.0}"
2026-03-09,2026-03-10,2026-03-10,2026-03-11,1,1255186.7890999988,1246532.9908999987,1254202.0,1246922.0,376.2606,374.0766,623.461,0.0,0.0,-8653.798200000077,-0.0068944305940353895,"{""sh.601988"": 5.35, ""sh.601398"": 7.08, ""sh.601939"": 9.01, ""sh.601288"": 6.6}","{""sh.601988"": 5.33, ""sh.601398"": 7.04, ""sh.601939"": 8.94, ""sh.601288"": 6.56}","{""sh.601988"": 58600.0, ""sh.601398"": 44300.0, ""sh.601939"": 34800.0, ""sh.601288"": 47500.0}","{""sh.601988"": 58600.0, ""sh.601398"": 44300.0, ""sh.601939"": 34800.0, ""sh.601288"": 47500.0}"
2026-03-13,2026-03-16,2026-04-08,2026-04-09,24,1246532.9908999987,1276727.9966999989,1245202.0,1276792.0,373.5606,383.0376,638.396,0.0,0.0,30195.00580000016,0.024223190256841352,"{""sh.601988"": 5.39, ""sh.601398"": 7.2, ""sh.601939"": 9.15, ""sh.601288"": 6.6}","{""sh.601988"": 5.74, ""sh.601398"": 7.32, ""sh.601939"": 9.29, ""sh.601288"": 6.63}","{""sh.601988"": 57800.0, ""sh.601398"": 43200.0, ""sh.601939"": 34000.0, ""sh.601288"": 47200.0}","{""sh.601988"": 57800.0, ""sh.601398"": 43200.0, ""sh.601939"": 34000.0, ""sh.601288"": 47200.0}"
2026-05-21,2026-05-22,2026-05-25,2026-05-26,4,1276727.9966999989,1282000.9967999987,1275141.0,1281822.0,382.54229999999995,384.54659999999996,640.9110000000001,0.0,0.0,5273.00009999983,0.004130088878468341,"{""sh.601988"": 5.79, ""sh.601398"": 7.13, ""sh.601939"": 10.05, ""sh.601288"": 6.48}","{""sh.601988"": 5.88, ""sh.601398"": 7.17, ""sh.601939"": 10.11, ""sh.601288"": 6.44}","{""sh.601988"": 55100.0, ""sh.601398"": 44700.0, ""sh.601939"": 31700.0, ""sh.601288"": 49200.0}","{""sh.601988"": 55100.0, ""sh.601398"": 44700.0, ""sh.601939"": 31700.0, ""sh.601288"": 49200.0}"
2026-05-26,2026-05-27,2026-06-15,2026-06-16,20,1282000.9967999987,1320907.2916999985,1281297.0,1321645.0,384.3891,396.4934999999999,660.8225,0.0,0.0,38906.29489999986,0.03034810035024452,"{""sh.601988"": 5.9, ""sh.601398"": 7.18, ""sh.601939"": 10.23, ""sh.601288"": 6.41}","{""sh.601988"": 6.1, ""sh.601398"": 7.53, ""sh.601939"": 10.29, ""sh.601288"": 6.65}","{""sh.601988"": 54300.0, ""sh.601398"": 44600.0, ""sh.601939"": 31300.0, ""sh.601288"": 50000.0}","{""sh.601988"": 54300.0, ""sh.601398"": 44600.0, ""sh.601939"": 31300.0, ""sh.601288"": 50000.0}"
2026-06-26,2026-06-29,2026-06-29,2026-06-30,1,1320907.2916999985,1326985.2386999987,1320022.0,1327558.0,396.00659999999993,398.26739999999995,663.779,0.0,0.0,6077.94700000016,0.0046013426060945465,"{""sh.601988"": 5.75, ""sh.601398"": 7.12, ""sh.601939"": 9.71, ""sh.601288"": 6.16}","{""sh.601988"": 5.76, ""sh.601398"": 7.18, ""sh.601939"": 9.77, ""sh.601288"": 6.2}","{""sh.601988"": 57400.0, ""sh.601398"": 46300.0, ""sh.601939"": 34000.0, ""sh.601288"": 53600.0}","{""sh.601988"": 57400.0, ""sh.601398"": 46300.0, ""sh.601939"": 34000.0, ""sh.601288"": 53600.0}"
