股票代码,股票名称,收盘价,昨收价,成交额_元,成交量,涨跌幅_pct,涨跌幅,成交额（亿元）
920000,安徽凤凰,14.62,14.46,31315833.0,2167166.0,1.107,0.01107,0.31315833
920001,纬达光电,11.94,12.01,18304169.0,1535981.0,-0.583,-0.005829999999999999,0.18304169
920002,万达轴承,56.09,57.46,85853601.0,1525763.0,-2.384,-0.02384,0.85853601
920003,中诚咨询,16.81,16.81,3091892.0,184275.0,0.0,0.0,0.03091892
920005,鼎佳精密,25.03,25.38,9125255.0,364286.0,-1.379,-0.01379,0.09125255
920006,晟楠科技,16.95,17.21,35376117.0,2089368.0,-1.511,-0.015109999999999998,0.35376117
920007,酉立智能,37.31,37.74,8601867.0,231010.0,-1.139,-0.01139,0.08601867
920008,成电光信,20.03,20.19,19983406.0,995982.0,-0.792,-0.00792,0.19983406
920009,丹娜生物,36.8,36.09,10994952.0,303197.0,1.967,0.01967,0.10994952
920010,凯添燃气,8.68,8.66,43812221.0,5088122.0,0.231,0.00231,0.43812221
920011,晨光电机,19.51,19.74,14868338.0,763753.0,-1.165,-0.01165,0.14868338
920012,创达新材,47.6,47.69,51170039.0,1077856.0,-0.189,-0.00189,0.51170039
920014,特瑞斯,8.9,8.91,17765021.0,2006110.0,-0.112,-0.0011200000000000001,0.17765021
920015,锦华新材,43.98,43.71,75686230.0,1754600.0,0.618,0.00618,0.7568623
920016,中草香料,12.75,12.75,8559994.0,674655.0,0.0,0.0,0.08559994
920017,星昊医药,16.93,16.99,28068233.0,1662465.0,-0.353,-0.0035299999999999997,0.28068233
920018,宏远股份,16.89,17.35,52457921.0,3102249.0,-2.651,-0.02651,0.52457921
920019,铜冠矿建,14.8,14.68,56095874.0,3711345.0,0.817,0.00817,0.56095874
920020,泰凯英,15.88,15.89,11313460.0,717100.0,-0.063,-0.00063,0.1131346
920021,流金科技,7.58,7.65,182254723.0,24012900.0,-0.915,-0.00915,1.82254723
920022,世昌股份,19.47,19.25,3908050.0,201164.0,1.143,0.011430000000000001,0.0390805
920026,卓兆点胶,18.5,18.05,32029002.0,1722832.0,2.493,0.024929999999999997,0.32029002
920027,交大铁发,11.7,11.38,24063897.0,2051602.0,2.812,0.02812,0.24063897
920028,新恒泰,14.2,14.14,20087466.0,1406412.0,0.424,0.00424,0.20087466
920029,开发科技,34.88,34.42,37792920.0,1089961.0,1.336,0.01336,0.3779292
920030,德众汽车,4.46,4.47,5806249.0,1307201.0,-0.224,-0.0022400000000000002,0.05806249
920033,康普化学,14.71,14.06,28717905.0,1955680.0,4.623,0.04623,0.28717905
920035,精创电气,24.23,24.5,18277632.0,756395.0,-1.102,-0.01102,0.18277632
920036,觅睿科技,32.3,32.99,42580991.0,1314287.0,-2.092,-0.02092,0.42580991
920037,广信科技,41.02,40.6,36492175.0,893652.0,1.034,0.01034,0.36492175
920038,森合高科,47.69,48.31,753777818.0,15062067.0,-1.283,-0.01283,7.53777818
920039,国义招标,8.04,7.99,8645080.0,1083377.0,0.626,0.00626,0.0864508
920045,蘅东光,338.46,323.81,599599862.0,1796332.0,4.524,0.04524,5.99599862
920046,亿能电力,22.54,22.9,116327500.0,5189392.0,-1.572,-0.01572,1.163275
920047,诺思兰德,17.16,17.4,79937995.0,4650772.0,-1.379,-0.01379,0.79937995
920050,爱伦医疗,28.04,27.72,6613123.0,236135.0,1.154,0.01154,0.06613123
920055,隆源股份,27.91,27.46,17198050.0,620053.0,1.639,0.016390000000000002,0.1719805
920056,能之光,16.72,16.66,7914033.0,476693.0,0.36,0.0036,0.07914033
920057,百甲科技,4.92,4.92,3212712.0,655237.0,0.0,0.0,0.03212712
920058,华洋赛车,27.73,27.84,23283378.0,833826.0,-0.395,-0.00395,0.23283378
920060,万源通,22.47,22.41,47655967.0,2119571.0,0.268,0.00268,0.47655967
920061,西磁科技,19.25,17.87,72921607.0,3893364.0,7.722,0.07722000000000001,0.72921607
920062,科润智控,7.69,7.8,22619910.0,2941989.0,-1.41,-0.0141,0.2261991
920065,千岸科技,39.68,40.59,180432450.0,4477341.0,-2.242,-0.02242,1.8043245
920066,科拜尔,16.84,16.95,7186445.0,427850.0,-0.649,-0.00649,0.07186445
920068,天工股份,15.21,15.13,31722982.0,2075713.0,0.529,0.00529,0.31722982
920069,普昂医疗,33.36,34.0,14429132.0,430729.0,-1.882,-0.01882,0.14429132
920072,科莱瑞迪,27.33,28.06,63486840.0,2275639.0,-2.602,-0.026019999999999998,0.6348684
920075,柏星龙,15.66,15.85,15602685.0,997043.0,-1.199,-0.01199,0.15602685
920076,国亮新材,12.74,12.72,7813974.0,613701.0,0.157,0.00157,0.07813974
920077,吉林碳谷,14.56,14.17,84387826.0,5839236.0,2.752,0.02752,0.84387826
920078,族兴新材,20.32,20.05,72701018.0,3507001.0,1.347,0.01347,0.72701018
920079,乔路铭,15.09,15.16,117087125.0,7719135.0,-0.462,-0.00462,1.17087125
920080,奥美森,21.36,21.48,4746830.0,221111.0,-0.559,-0.00559,0.0474683
920081,欧伦电气,41.72,40.99,102946727.0,2482809.0,1.781,0.01781,1.02946727
920082,方正阀门,8.24,8.38,8982863.0,1084441.0,-1.671,-0.01671,0.08982863
920083,金戈新材,34.16,33.86,115588560.0,3342948.0,0.886,0.00886,1.1558856
920086,科马材料,21.21,21.55,13656182.0,642779.0,-1.578,-0.015780000000000002,0.13656182
920087,秋乐种业,11.66,9.92,192439866.0,17737638.0,17.54,0.1754,1.92439866
920088,科力股份,46.22,45.39,309888502.0,6785695.0,1.829,0.01829,3.09888502
920089,禾昌聚合,10.38,10.46,9461657.0,909779.0,-0.765,-0.0076500000000000005,0.09461657
920091,大鹏工业,31.26,31.44,21226350.0,675425.0,-0.573,-0.00573,0.2122635
920092,汉鑫科技,32.5,37.44,294633972.0,8784861.0,-13.194,-0.13194,2.94633972
920096,嘉晨智能,35.99,36.2,48088841.0,1334968.0,-0.58,-0.0058,0.48088841
920098,科隆新材,17.95,17.23,34448031.0,1947783.0,4.179,0.04179,0.34448031
920099,瑞华技术,19.28,19.65,13830171.0,708947.0,-1.883,-0.01883,0.13830171
920100,三协电机,35.9,36.4,79905149.0,2231450.0,-1.374,-0.01374,0.79905149
920101,志高机械,17.08,17.13,6000678.0,351747.0,-0.292,-0.00292,0.06000678
920106,林泰新材,37.51,36.82,30400396.0,804466.0,1.874,0.01874,0.30400396
920108,宏海科技,9.01,9.1,5873890.0,651118.0,-0.989,-0.00989,0.0587389
920110,雷特科技,26.15,25.95,3884388.0,149739.0,0.771,0.00771,0.03884388
920111,聚星科技,27.01,27.03,47571922.0,1756778.0,-0.074,-0.00074,0.47571922
920112,巴兰仕,16.35,16.28,3289841.0,201131.0,0.43,0.0043,0.03289841
920116,星图测控,50.6,49.03,192730870.0,3808815.0,3.202,0.03202,1.9273087
920117,龙鑫智能,33.38,35.17,436942941.0,12264791.0,-5.09,-0.0509,4.36942941
920118,太湖远大,19.7,19.55,19063279.0,967536.0,0.767,0.00767,0.19063279
920119,美德乐,48.98,48.05,19172802.0,394524.0,1.935,0.01935,0.19172802
920121,江天科技,27.84,27.89,5201422.0,186224.0,-0.179,-0.00179,0.05201422
920122,中纺标,23.18,22.56,39481756.0,1703619.0,2.748,0.02748,0.39481756
920123,芭薇股份,10.78,10.8,13929507.0,1294749.0,-0.185,-0.00185,0.13929507
920124,南特科技,12.74,12.81,11798113.0,926706.0,-0.546,-0.0054600000000000004,0.11798113
920125,鸿仕达,136.99,138.95,317363243.0,2323513.0,-1.411,-0.014110000000000001,3.17363243
920126,永大股份,10.56,10.55,37635892.0,3549627.0,0.095,0.00095,0.37635892
920128,胜业电气,18.42,18.43,26300274.0,1436997.0,-0.054,-0.00054,0.26300274
920130,立方控股,19.45,21.11,164517312.0,8295673.0,-7.864,-0.07864,1.64517312
920132,泰鹏智能,8.68,8.54,10800990.0,1245440.0,1.639,0.016390000000000002,0.1080099
920136,永励精密,22.54,21.4,156067037.0,6834349.0,5.327,0.05327,1.56067037
920139,华岭股份,15.55,15.52,100067215.0,6471599.0,0.193,0.00193,1.00067215
920145,恒合股份,10.1,10.12,5233998.0,517809.0,-0.198,-0.00198,0.05233998
920146,华阳变速,4.99,5.05,6798731.0,1355758.0,-1.188,-0.01188,0.06798731
920149,旭杰科技,7.98,7.96,4578642.0,577309.0,0.251,0.00251,0.04578642
920152,昆工科技,13.89,14.07,16428514.0,1170194.0,-1.279,-0.01279,0.16428514
920156,海昌智能,40.64,41.25,56362602.0,1379191.0,-1.479,-0.014790000000000001,0.56362602
920158,长江能科,8.38,8.4,17971732.0,2130109.0,-0.238,-0.0023799999999999997,0.17971732
920159,农大科技,28.8,28.0,27185380.0,958525.0,2.857,0.02857,0.2718538
920160,北矿检测,19.85,19.34,16243479.0,825876.0,2.637,0.02637,0.16243479
920161,龙辰科技,25.15,25.42,97738329.0,3907179.0,-1.062,-0.010620000000000001,0.97738329
920163,方大新材,11.17,11.33,18349903.0,1641345.0,-1.412,-0.014119999999999999,0.18349903
920166,海圣医疗,19.97,19.9,5392794.0,271873.0,0.352,0.0035199999999999997,0.05392794
920167,同享科技,15.41,15.51,23100851.0,1507080.0,-0.645,-0.00645,0.23100851
920168,通宝光电,15.89,15.97,6216346.0,390838.0,-0.501,-0.00501,0.06216346
920169,七丰精工,18.92,18.82,42702908.0,2261356.0,0.531,0.0053100000000000005,0.42702908
920171,志晟信息,17.58,17.58,48934251.0,2790938.0,0.0,0.0,0.48934251
920174,五新智能,29.52,27.82,67842102.0,2332213.0,6.111,0.06111,0.67842102
920175,东方碳素,8.28,8.09,28095906.0,3385834.0,2.349,0.02349,0.28095906
920176,维琪科技,82.99,82.11,264222185.0,3201325.0,1.072,0.01072,2.64222185
920177,恒道科技,25.38,25.18,14473340.0,569346.0,0.794,0.007940000000000001,0.1447334
920178,锐翔智能,91.52,92.89,115987822.0,1259012.0,-1.475,-0.014750000000000001,1.15987822
920179,凯德石英,54.73,53.45,237923476.0,4369555.0,2.395,0.02395,2.37923476
920180,爱得科技,11.8,11.84,4353033.0,368027.0,-0.338,-0.00338,0.04353033
920181,赛英电子,71.93,72.55,54622528.0,764888.0,-0.855,-0.00855,0.54622528
920183,海菲曼,29.23,29.6,6870909.0,234892.0,-1.25,-0.0125,0.06870909
920184,国源科技,11.96,11.94,22460804.0,1876977.0,0.168,0.00168,0.22460804
920185,贝特瑞,21.19,21.4,83847316.0,3939105.0,-0.981,-0.00981,0.83847316
920186,中科仪,73.33,74.03,485551707.0,6665614.0,-0.946,-0.00946,4.85551707
920187,通领科技,20.0,20.23,16942150.0,845309.0,-1.137,-0.01137,0.1694215
920188,悦龙科技,21.88,21.96,10055774.0,460061.0,-0.364,-0.00364,0.10055774
920189,康美特,22.22,22.59,138490484.0,6232186.0,-1.638,-0.01638,1.38490484
920190,雷神科技,26.27,26.0,188430789.0,7213842.0,1.038,0.01038,1.88430789
920191,瑞尔竞达,8.98,8.86,13800528.0,1537781.0,1.354,0.013540000000000002,0.13800528
920193,吉和昌,32.63,33.4,133849313.0,4097327.0,-2.305,-0.02305,1.33849313
920195,三祥科技,12.37,12.26,8543589.0,694121.0,0.897,0.00897,0.08543589
920198,微创光电,8.03,8.02,30241113.0,3802732.0,0.125,0.00125,0.30241113
920199,倍益康,28.39,28.22,92160148.0,3296173.0,0.602,0.00602,0.92160148
920200,振宏股份,31.67,32.12,97706818.0,3120337.0,-1.401,-0.01401,0.97706818
920204,沪江材料,12.78,12.71,5895967.0,463494.0,0.551,0.00551,0.05895967
920206,彩客科技,35.63,35.18,41505035.0,1173360.0,1.279,0.01279,0.41505035
920207,众诚科技,23.94,23.78,82900755.0,3503734.0,0.673,0.006730000000000001,0.82900755
920208,青矩技术,12.56,12.63,19945361.0,1596354.0,-0.554,-0.005540000000000001,0.19945361
920211,新睿电子,105.51,107.08,74720663.0,711581.0,-1.466,-0.01466,0.74720663
920212,智新电子,9.54,9.65,8262993.0,863178.0,-1.14,-0.011399999999999999,0.08262993
920218,新天力,18.19,17.31,62685035.0,3500377.0,5.084,0.050839999999999996,0.62685035
920220,朗信电气,43.24,43.29,33365143.0,773395.0,-0.116,-0.00116,0.33365143
920221,易实精密,13.16,13.26,14380139.0,1094224.0,-0.754,-0.00754,0.14380139
920222,益坤电气,29.82,31.02,102050326.0,3450182.0,-3.868,-0.03868,1.02050326
920223,荣亿精密,11.65,11.71,23949616.0,2050823.0,-0.512,-0.00512,0.23949616
920225,利通科技,15.24,15.26,48300590.0,3196402.0,-0.131,-0.00131,0.4830059
920227,美登科技,51.25,51.66,33107587.0,643768.0,-0.794,-0.007940000000000001,0.33107587
920230,欧康医药,10.39,10.38,16456803.0,1595143.0,0.096,0.00096,0.16456803
920237,力佳科技,13.08,13.04,14799523.0,1138032.0,0.307,0.00307,0.14799523
920238,长鹰硬科,81.4,77.09,436369946.0,5369978.0,5.591,0.05591,4.36369946
920239,长虹能源,22.37,22.69,21254200.0,950543.0,-1.41,-0.0141,0.212542
920242,建邦科技,14.1,14.24,7534599.0,534338.0,-0.983,-0.00983,0.07534599
920245,威博液压,12.93,12.88,9901909.0,764029.0,0.388,0.00388,0.09901909
920247,华密新材,15.51,14.88,55085901.0,3641000.0,4.234,0.04234,0.55085901
920249,利尔达,9.26,9.33,59125736.0,6397206.0,-0.75,-0.0075,0.59125736
920252,天宏锂电,16.23,16.52,33817509.0,2081895.0,-1.755,-0.01755,0.33817509
920258,聚仁新材,13.99,13.86,208030823.0,14697341.0,0.938,0.00938,2.08030823
920260,中寰股份,7.84,7.95,4406094.0,562538.0,-1.384,-0.013839999999999998,0.04406094
920261,一诺威,13.53,13.41,10550293.0,784755.0,0.895,0.00895,0.10550293
920262,太湖雪,14.18,13.97,39998423.0,2739405.0,1.503,0.015029999999999998,0.39998423
920263,中航泰达,7.14,7.2,8741242.0,1219493.0,-0.833,-0.008329999999999999,0.08741242
920266,生物谷,7.63,7.23,68592732.0,9144828.0,5.533,0.055330000000000004,0.68592732
920267,鑫汇科,18.95,18.97,57017211.0,3016140.0,-0.105,-0.00105,0.57017211
920270,天铭科技,12.22,12.36,12034800.0,982371.0,-1.133,-0.01133,0.120348
920271,邦德股份,9.62,9.49,8940779.0,939534.0,1.37,0.0137,0.08940779
920273,一致魔芋,17.6,17.14,54190973.0,3122045.0,2.684,0.026840000000000003,0.54190973
920274,宏裕包材,15.41,15.29,23413405.0,1513371.0,0.785,0.007850000000000001,0.23413405
920275,驱动力,6.85,6.56,9094629.0,1374785.0,4.421,0.04421,0.09094629
920278,鹿得医疗,6.21,6.25,6725720.0,1083360.0,-0.64,-0.0064,0.0672572
920284,灵鸽科技,19.07,19.1,60624676.0,3203563.0,-0.157,-0.00157,0.60624676
920299,灿能电力,16.75,17.04,40074077.0,2410769.0,-1.702,-0.01702,0.40074077
920300,辰光医疗,9.66,9.73,12313267.0,1271030.0,-0.719,-0.007189999999999999,0.12313267
920304,迪尔化工,8.63,8.7,8996786.0,1042116.0,-0.805,-0.00805,0.08996786
920339,恒太照明,11.38,11.55,25483562.0,2297207.0,-1.472,-0.01472,0.25483562
920344,三元基因,18.94,18.92,16872711.0,879573.0,0.106,0.00106,0.16872711
920346,威贸电子,15.37,15.5,10416128.0,677126.0,-0.839,-0.00839,0.10416128
920351,华光源海,11.59,11.76,17891744.0,1545873.0,-1.446,-0.014459999999999999,0.17891744
920357,雅葆轩,16.28,16.56,43627197.0,2680558.0,-1.691,-0.01691,0.43627197
920363,莱赛激光,10.61,10.7,22715961.0,2139952.0,-0.841,-0.008409999999999999,0.22715961
920367,新赣江,23.27,21.7,212338348.0,9417529.0,7.235,0.07235,2.12338348
920368,连城数控,24.75,25.0,90316475.0,3651950.0,-1.0,-0.01,0.90316475
920370,新安洁,2.67,2.71,4726859.0,1767928.0,-1.476,-0.01476,0.04726859
920371,欧福蛋业,7.2,7.05,19064703.0,2673761.0,2.128,0.02128,0.19064703
920374,云里物里,15.8,15.7,17900803.0,1132789.0,0.637,0.00637,0.17900803
920375,派诺科技,7.71,7.87,26272024.0,3403697.0,-2.033,-0.02033,0.26272024
920378,泰德股份,7.15,7.15,5390380.0,756265.0,0.0,0.0,0.0539038
920392,佳合科技,13.75,13.77,5296905.0,385927.0,-0.145,-0.00145,0.05296905
920394,民士达,46.88,47.6,54583238.0,1167898.0,-1.513,-0.01513,0.54583238
920395,朗鸿科技,7.23,7.22,4753236.0,657363.0,0.139,0.0013900000000000002,0.04753236
920396,常辅股份,22.05,23.11,108436535.0,4875650.0,-4.587,-0.045869999999999994,1.08436535
920402,硅烷科技,9.42,9.09,122445291.0,13232592.0,3.63,0.0363,1.22445291
920403,康农种业,20.3,18.78,113324167.0,5679138.0,8.094,0.08094,1.13324167
920405,海希通讯,16.89,17.05,10337756.0,610758.0,-0.938,-0.00938,0.10337756
920407,驰诚股份,10.83,10.66,8791329.0,819163.0,1.595,0.01595,0.08791329
920414,欧普泰,8.13,8.19,12426961.0,1528098.0,-0.733,-0.00733,0.12426961
920415,恒拓开源,9.35,9.4,29964891.0,3191701.0,-0.532,-0.00532,0.29964891
920418,苏轴股份,19.41,19.37,39368836.0,2022530.0,0.207,0.00207,0.39368836
920419,路斯股份,10.39,10.49,9314969.0,899093.0,-0.953,-0.00953,0.09314969
920422,润普食品,9.64,9.57,16763791.0,1767119.0,0.731,0.00731,0.16763791
920425,乐创技术,14.7,14.88,28771266.0,1952170.0,-1.21,-0.0121,0.28771266
920427,华维设计,8.69,8.73,8794613.0,1014862.0,-0.458,-0.00458,0.08794613
920429,康比特,9.09,9.1,8997540.0,995898.0,-0.11,-0.0011,0.0899754
920433,大唐药业,4.93,4.84,21116480.0,4350150.0,1.86,0.018600000000000002,0.2111648
920436,大地电气,10.58,10.63,9151387.0,864207.0,-0.47,-0.004699999999999999,0.09151387
920438,戈碧迦,125.59,121.0,801746495.0,6461117.0,3.793,0.03793,8.01746495
920445,龙竹科技,6.56,6.69,20755053.0,3158050.0,-1.943,-0.01943,0.20755053
920454,同心传动,11.03,11.11,7534326.0,683956.0,-0.72,-0.0072,0.07534326
920455,汇隆活塞,5.85,5.87,5066614.0,871750.0,-0.341,-0.0034100000000000003,0.05066614
920469,富恒新材,5.74,5.77,14665570.0,2565247.0,-0.52,-0.0052,0.1466557
920471,美邦科技,11.35,11.27,11189295.0,992969.0,0.71,0.0070999999999999995,0.11189295
920475,三友科技,12.12,11.83,17127076.0,1446172.0,2.451,0.02451,0.17127076
920476,海能技术,22.99,22.48,39987804.0,1749088.0,2.269,0.022690000000000002,0.39987804
920478,峆一药业,10.85,10.47,64491659.0,6037128.0,3.629,0.03629,0.64491659
920489,佳先股份,13.96,13.47,76544115.0,5673735.0,3.638,0.036379999999999996,0.76544115
920491,奥迪威,23.41,23.52,40675483.0,1736366.0,-0.468,-0.00468,0.40675483
920493,并行科技,123.1,126.95,342924981.0,2770073.0,-3.033,-0.03033,3.42924981
920496,许昌智能,6.41,6.49,14493217.0,2269374.0,-1.233,-0.01233,0.14493217
920504,博迅生物,17.11,17.05,4709024.0,276454.0,0.352,0.0035199999999999997,0.04709024
920505,九菱科技,30.37,28.81,120957650.0,3947947.0,5.415,0.054150000000000004,1.2095765
920508,殷图网联,15.32,15.61,14039341.0,915692.0,-1.858,-0.01858,0.14039341
920509,同惠电子,20.47,20.37,51804545.0,2538769.0,0.491,0.00491,0.51804545
920510,丰光精密,23.6,23.54,210978175.0,8946648.0,0.255,0.00255,2.10978175
920519,万德股份,10.07,10.09,6397249.0,641797.0,-0.198,-0.00198,0.06397249
920522,纳科诺尔,22.55,22.66,122584828.0,5444363.0,-0.485,-0.00485,1.22584828
920523,德瑞锂电,15.86,15.72,16133737.0,1026753.0,0.891,0.00891,0.16133737
920526,凯华材料,20.47,20.23,78572154.0,3833982.0,1.186,0.011859999999999999,0.78572154
920527,夜光明,14.0,14.15,15932838.0,1137510.0,-1.06,-0.0106,0.15932838
920533,骏创科技,18.3,18.48,24238594.0,1330453.0,-0.974,-0.00974,0.24238594
920541,铁大科技,9.81,9.72,11285327.0,1150023.0,0.926,0.009260000000000001,0.11285327
920547,无锡晶海,18.03,18.1,11236971.0,625969.0,-0.387,-0.00387,0.11236971
920553,凯腾精工,6.62,6.63,4663914.0,709428.0,-0.151,-0.00151,0.04663914
920556,雅达股份,6.82,6.92,12387993.0,1816471.0,-1.445,-0.014450000000000001,0.12387993
920564,天润科技,14.7,14.65,19263043.0,1309793.0,0.341,0.0034100000000000003,0.19263043
920566,梓橦宫,9.78,9.81,15208872.0,1556497.0,-0.306,-0.00306,0.15208872
920570,坤博精工,24.98,24.98,13317169.0,536802.0,0.0,0.0,0.13317169
920571,国航远洋,8.6,8.63,105523423.0,12407437.0,-0.348,-0.0034799999999999996,1.05523423
920576,天力复合,45.35,45.61,149553683.0,3269076.0,-0.57,-0.005699999999999999,1.49553683
920578,巨能股份,17.23,17.43,25707220.0,1494341.0,-1.147,-0.011470000000000001,0.2570722
920579,机科股份,15.15,14.89,16693890.0,1119041.0,1.746,0.01746,0.1669389
920580,科创新材,11.33,11.0,50774885.0,4389930.0,3.0,0.03,0.50774885
920592,华信永道,22.39,22.19,46955195.0,2108637.0,0.901,0.00901,0.46955195
920593,鼎智科技,25.9,25.91,59427675.0,2298046.0,-0.039,-0.00039,0.59427675
920599,同力股份,16.92,17.15,36329069.0,2131339.0,-1.341,-0.01341,0.36329069
920608,丰安股份,13.73,13.57,4783967.0,349475.0,1.179,0.01179,0.04783967
920627,力王股份,14.36,14.44,18184062.0,1260551.0,-0.554,-0.005540000000000001,0.18184062
920634,新威凌,17.9,17.96,66333958.0,3633816.0,-0.334,-0.00334,0.66333958
920639,晨光电缆,6.22,6.24,10268315.0,1659902.0,-0.321,-0.00321,0.10268315
920640,富士达,27.6,27.38,99094566.0,3597296.0,0.804,0.00804,0.99094566
920641,格利尔,12.83,12.94,17373041.0,1356689.0,-0.85,-0.0085,0.17373041
920642,通易航天,10.71,10.57,32462506.0,3055671.0,1.325,0.01325,0.32462506
920651,天罡股份,23.33,22.5,59328819.0,2448981.0,3.689,0.03689,0.59328819
920656,海昇药业,13.89,13.92,6829509.0,493505.0,-0.216,-0.00216,0.06829509
920662,方盛股份,19.31,19.48,27275083.0,1412489.0,-0.873,-0.00873,0.27275083
920663,明阳科技,12.85,12.46,19078912.0,1471478.0,3.13,0.0313,0.19078912
920665,科强股份,8.82,8.79,15572636.0,1779371.0,0.341,0.0034100000000000003,0.15572636
920670,数字人,13.56,13.72,47115801.0,3508854.0,-1.166,-0.011659999999999998,0.47115801
920675,秉扬科技,7.32,7.39,9674544.0,1323350.0,-0.947,-0.00947,0.09674544
920679,前进科技,15.44,15.35,2235252.0,145459.0,0.586,0.00586,0.02235252
920682,球冠电缆,5.86,5.9,12163978.0,2085518.0,-0.678,-0.0067800000000000004,0.12163978
920685,新芝生物,12.7,13.2,65016717.0,5103471.0,-3.788,-0.03788,0.65016717
920689,克莱特,20.32,20.46,15167270.0,742691.0,-0.684,-0.006840000000000001,0.1516727
920690,捷众科技,19.31,20.43,128649689.0,6634439.0,-5.482,-0.05482,1.28649689
920693,阿为特,23.73,23.75,17793006.0,751978.0,-0.084,-0.00084,0.17793006
920694,中裕科技,14.1,14.04,6216089.0,441503.0,0.427,0.0042699999999999995,0.06216089
920699,海达尔,74.54,71.19,157121410.0,2140802.0,4.706,0.047060000000000005,1.5712141
920701,豪声电子,14.02,13.38,71504993.0,5121668.0,4.783,0.047830000000000004,0.71504993
920703,广厦环能,9.54,9.5,3262605.0,342967.0,0.421,0.00421,0.03262605
920706,铁拓机械,14.63,14.61,19662079.0,1340415.0,0.137,0.0013700000000000001,0.19662079
920717,瑞星股份,8.08,8.11,29567178.0,3672056.0,-0.37,-0.0037,0.29567178
920718,合肥高科,9.82,9.81,6829647.0,699228.0,0.102,0.0010199999999999999,0.06829647
920719,宁新新材,7.86,7.9,12092835.0,1521966.0,-0.506,-0.00506,0.12092835
920720,吉冈精密,9.74,9.57,17089346.0,1764563.0,1.776,0.01776,0.17089346
920725,惠丰钻石,78.0,76.76,500499436.0,6437279.0,1.615,0.01615,5.00499436
920726,朱老六,16.46,16.23,67848969.0,4150703.0,1.417,0.01417,0.67848969
920729,永顺生物,6.6,6.6,2707392.0,411922.0,0.0,0.0,0.02707392
920735,德源药业,23.89,24.24,43600903.0,1823050.0,-1.444,-0.01444,0.43600903
920748,路桥信息,26.33,24.35,112335780.0,4140446.0,8.131,0.08131000000000001,1.1233578
920751,惠同新材,17.21,17.15,17497116.0,1001831.0,0.35,0.0034999999999999996,0.17497116
920753,天纺标,15.47,15.31,16161817.0,1041172.0,1.045,0.01045,0.16161817
920765,美之高,12.12,12.29,13830831.0,1131212.0,-1.383,-0.01383,0.13830831
920768,拾比佰,7.06,6.99,13459427.0,1925391.0,1.001,0.010009999999999998,0.13459427
920770,艾能聚,10.73,10.75,30441056.0,2871655.0,-0.186,-0.0018599999999999999,0.30441056
920779,武汉蓝电,24.3,24.82,40693327.0,1656232.0,-2.095,-0.020950000000000003,0.40693327
920781,瑞奇智造,5.94,6.09,25312525.0,4244523.0,-2.463,-0.02463,0.25312525
920786,骑士乳业,6.82,6.99,80696667.0,11774924.0,-2.432,-0.024319999999999998,0.80696667
920790,联迪信息,24.85,24.9,123788959.0,4977270.0,-0.201,-0.00201,1.23788959
920792,东和新材,10.09,10.33,15230850.0,1511202.0,-2.323,-0.02323,0.1523085
920799,艾融软件,31.76,31.72,145801752.0,4572438.0,0.126,0.00126,1.45801752
920802,保丽洁,10.55,10.56,6424394.0,607394.0,-0.095,-0.00095,0.06424394
920806,云星宇,10.78,10.84,75327079.0,7010851.0,-0.554,-0.005540000000000001,0.75327079
920807,奔朗新材,9.7,9.43,69274293.0,7132276.0,2.863,0.02863,0.69274293
920808,曙光数创,61.02,60.8,100148062.0,1649466.0,0.362,0.00362,1.00148062
920809,安达科技,8.34,8.3,94351950.0,11441923.0,0.482,0.00482,0.9435195
920810,春光智能,8.74,8.95,21130341.0,2437143.0,-2.346,-0.02346,0.21130341
920819,颖泰生物,2.74,2.76,10514665.0,3833767.0,-0.725,-0.0072499999999999995,0.10514665
920821,则成电子,19.53,19.23,124281117.0,6379433.0,1.56,0.015600000000000001,1.24281117
920826,盖世食品,8.06,8.08,24749908.0,3079512.0,-0.248,-0.00248,0.24749908
920832,齐鲁华信,6.17,6.17,3466724.0,562366.0,0.0,0.0,0.03466724
920833,美心翼申,8.76,8.68,5951824.0,680754.0,0.922,0.00922,0.05951824
920834,三维装备,8.95,8.34,32546256.0,3716029.0,7.314,0.07314,0.32546256
920837,华原股份,9.76,9.74,8091700.0,834008.0,0.205,0.0020499999999999997,0.080917
920839,万通液压,24.85,25.02,10072918.0,405738.0,-0.679,-0.006790000000000001,0.10072918
920855,浙江大农,12.33,12.38,2592895.0,210908.0,-0.404,-0.00404,0.02592895
920856,浩淼科技,11.21,10.9,45747263.0,4021467.0,2.844,0.02844,0.45747263
920857,泓禧科技,19.0,18.65,38105882.0,2030161.0,1.877,0.01877,0.38105882
920866,绿亨科技,6.13,5.86,32198411.0,5381723.0,4.608,0.046079999999999996,0.32198411
920870,恒进感应,11.28,11.37,10710059.0,946107.0,-0.792,-0.00792,0.10710059
920871,派特尔,11.39,10.89,20418987.0,1811785.0,4.591,0.04591,0.20418987
920873,中设咨询,7.55,7.52,16018294.0,2132464.0,0.399,0.0039900000000000005,0.16018294
920876,慧为智能,16.7,16.84,22379067.0,1340852.0,-0.831,-0.00831,0.22379067
920879,基康技术,13.1,13.16,12032173.0,914530.0,-0.456,-0.00456,0.12032173
920885,星辰科技,12.45,12.16,42303687.0,3395890.0,2.385,0.023849999999999996,0.42303687
920892,广咨国际,10.5,10.65,8024404.0,764675.0,-1.408,-0.014079999999999999,0.08024404
920895,花溪科技,12.62,12.75,12498188.0,977631.0,-1.02,-0.0102,0.12498188
920896,旺成科技,12.26,12.33,8206815.0,672742.0,-0.568,-0.005679999999999999,0.08206815
920906,舜宇精工,16.68,17.06,19350826.0,1148643.0,-2.227,-0.022269999999999998,0.19350826
920914,远航精密,18.4,18.82,30726774.0,1659674.0,-2.232,-0.022320000000000003,0.30726774
920924,广脉科技,17.38,15.1,163438768.0,9552165.0,15.099,0.15099,1.63438768
920925,锦好医疗,12.73,12.74,29480196.0,2333326.0,-0.078,-0.00078,0.29480196
920926,鸿智科技,10.65,10.82,12628250.0,1176991.0,-1.571,-0.01571,0.1262825
920931,无锡鼎邦,9.73,9.73,3532700.0,363690.0,0.0,0.0,0.035327
920932,科达自控,13.06,12.66,47171231.0,3677944.0,3.16,0.0316,0.47171231
920942,恒立钻具,17.85,17.48,24457921.0,1374188.0,2.117,0.02117,0.24457921
920943,优机股份,16.27,14.57,103313513.0,6250364.0,11.668,0.11667999999999999,1.03313513
920946,森萱医药,9.1,9.27,24800892.0,2708667.0,-1.834,-0.018340000000000002,0.24800892
920950,迅安科技,12.8,12.78,3094053.0,244038.0,0.156,0.00156,0.03094053
920953,国子软件,25.26,25.69,82479564.0,3272599.0,-1.674,-0.016739999999999998,0.82479564
920957,汉维科技,9.25,9.37,11408165.0,1233502.0,-1.281,-0.012809999999999998,0.11408165
920961,创远信科,20.54,18.52,135885596.0,6817755.0,10.907,0.10907,1.35885596
920964,润农节水,4.57,4.47,18231346.0,4012515.0,2.237,0.02237,0.18231346
920970,大禹生物,6.08,6.02,16010558.0,2653084.0,0.997,0.00997,0.16010558
920971,天马新材,26.76,26.38,173165376.0,6426806.0,1.44,0.0144,1.73165376
920974,凯大催化,6.19,6.09,12323631.0,1997418.0,1.642,0.01642,0.12323631
920976,视声智能,19.2,18.3,53158400.0,2852217.0,4.918,0.04918,0.531584
920978,开特股份,20.5,20.34,22910033.0,1121631.0,0.787,0.00787,0.22910033
920981,晶赛科技,31.6,30.14,124549894.0,4073382.0,4.844,0.048440000000000004,1.24549894
920982,锦波生物,127.46,129.03,109229250.0,859638.0,-1.217,-0.01217,1.0922925
920985,海泰新能,4.73,4.78,9854819.0,2091088.0,-1.046,-0.01046,0.09854819
920992,中科美菱,11.8,11.9,10711488.0,910821.0,-0.84,-0.0084,0.10711488
600000,浦发银行,9.29,9.26,621683353.0,67232905.0,0.324,0.0032400000000000003,6.21683353
600004,白云机场,7.66,7.72,63224589.0,8250345.0,-0.777,-0.00777,0.63224589
600006,东风股份,5.46,5.59,86445898.0,15773900.0,-2.326,-0.02326,0.86445898
600007,中国国贸,18.41,18.46,37816553.0,2062198.0,-0.271,-0.00271,0.37816553
600008,首创环保,2.86,2.88,215088508.0,75247718.0,-0.694,-0.006939999999999999,2.15088508
600009,上海机场,23.93,24.08,257328236.0,10754586.0,-0.623,-0.00623,2.57328236
600010,包钢股份,2.25,2.27,1261961239.0,556990143.0,-0.881,-0.00881,12.61961239
600011,华能国际,7.01,7.12,953626965.0,135844299.0,-1.545,-0.015449999999999998,9.53626965
600012,皖通高速,16.04,16.31,150424512.0,9412128.0,-1.655,-0.01655,1.50424512
600015,华夏银行,6.81,6.78,434802835.0,64196726.0,0.442,0.00442,4.34802835
600016,民生银行,3.52,3.52,993425027.0,283727268.0,0.0,0.0,9.93425027
600017,日照港,2.72,2.75,93347076.0,34455501.0,-1.091,-0.01091,0.93347076
600018,上港集团,5.2,5.17,263891929.0,50941198.0,0.58,0.0058,2.63891929
600019,宝钢股份,5.85,5.86,554116481.0,95281911.0,-0.171,-0.0017100000000000001,5.54116481
600020,中原高速,3.82,3.84,49842498.0,13073391.0,-0.521,-0.00521,0.49842498
600021,上海电力,14.77,14.93,614156458.0,41741861.0,-1.072,-0.01072,6.14156458
600022,山东钢铁,1.37,1.38,143636539.0,105154453.0,-0.725,-0.0072499999999999995,1.43636539
600023,浙能电力,4.96,4.94,171111475.0,34685052.0,0.405,0.004050000000000001,1.71111475
600025,华能水电,9.75,9.75,206511136.0,21243278.0,0.0,0.0,2.06511136
600026,中远海能,17.46,17.87,1079105540.0,62252759.0,-2.294,-0.022940000000000002,10.7910554
600027,华电国际,4.69,4.72,342801031.0,73428132.0,-0.636,-0.00636,3.42801031
600028,中国石化,5.08,4.98,1370437711.0,271999130.0,2.008,0.02008,13.70437711
600029,南方航空,5.18,5.24,375924885.0,72444365.0,-1.145,-0.01145,3.75924885
600030,中信证券,27.92,28.18,2949256586.0,105568499.0,-0.923,-0.00923,29.49256586
600031,三一重工,19.76,19.62,1273929350.0,64656634.0,0.714,0.00714,12.7392935
600032,浙江新能,7.36,7.45,189049042.0,25885090.0,-1.208,-0.01208,1.89049042
600033,福建高速,3.59,3.6,92803554.0,25946816.0,-0.278,-0.0027800000000000004,0.92803554
600035,楚天高速,3.47,3.5,57650903.0,16698700.0,-0.857,-0.00857,0.57650903
600036,招商银行,38.97,38.94,3312252529.0,85375464.0,0.077,0.00077,33.12252529
600037,歌华有线,7.07,7.13,129716592.0,18290855.0,-0.842,-0.00842,1.29716592
600038,中直股份,26.43,26.67,170248320.0,6448440.0,-0.9,-0.009000000000000001,1.7024832
600039,四川路桥,8.54,8.61,175521761.0,20703192.0,-0.813,-0.00813,1.75521761
600048,保利发展,5.27,5.15,1000004300.0,193005734.0,2.33,0.0233,10.000043
600050,中国联通,4.38,4.39,711410488.0,162300117.0,-0.228,-0.00228,7.11410488
600051,宁波联合,6.07,6.01,24301443.0,4035550.0,0.998,0.00998,0.24301443
600052,东望时代,3.81,3.82,36988844.0,9711100.0,-0.262,-0.00262,0.36988844
600054,黄山旅游,11.15,11.24,64696478.0,5788654.0,-0.801,-0.00801,0.64696478
600055,万东医疗,11.51,11.77,77998413.0,6754064.0,-2.209,-0.022090000000000002,0.77998413
600056,中国医药,9.2,9.33,186171548.0,20252040.0,-1.393,-0.01393,1.86171548
600057,厦门象屿,6.35,6.43,127637779.0,20134370.0,-1.244,-0.01244,1.27637779
600058,五矿发展,10.45,10.15,197467750.0,18747894.0,2.956,0.02956,1.9746775
600059,古越龙山,8.04,8.13,52086571.0,6458521.0,-1.107,-0.01107,0.52086571
600060,海信视像,26.4,27.23,495291958.0,18566792.0,-3.048,-0.03048,4.95291958
600061,国投资本,6.42,6.53,221743212.0,34422980.0,-1.685,-0.01685,2.21743212
600062,华润双鹤,16.0,16.18,143664588.0,8971249.0,-1.112,-0.011120000000000001,1.43664588
600063,皖维高新,5.94,5.97,269672240.0,45451950.0,-0.503,-0.00503,2.6967224
600064,南京高科,7.71,7.79,153710406.0,19907823.0,-1.027,-0.01027,1.53710406
600066,宇通客车,32.33,32.29,381160569.0,11904206.0,0.124,0.00124,3.81160569
600067,冠城新材,2.77,2.76,47124433.0,17216210.0,0.362,0.00362,0.47124433
600071,凤凰光学,15.74,15.66,35759989.0,2285301.0,0.511,0.00511,0.35759989
600072,中船科技,8.94,9.01,182878886.0,20400162.0,-0.777,-0.00777,1.82878886
600073,光明肉业,5.13,5.15,40854866.0,8003497.0,-0.388,-0.00388,0.40854866
600075,新疆天业,4.59,4.59,90237018.0,19836533.0,0.0,0.0,0.90237018
600076,康欣新材,3.06,3.05,71737140.0,23541997.0,0.328,0.00328,0.7173714
600078,澄星股份,10.82,11.03,358406758.0,33079962.0,-1.904,-0.019039999999999998,3.58406758
600081,东风科技,9.87,9.95,22889775.0,2318306.0,-0.804,-0.00804,0.22889775
600085,同仁堂,24.83,25.08,351082046.0,14217537.0,-0.997,-0.00997,3.51082046
600088,中视传媒,11.79,11.97,49543844.0,4193000.0,-1.504,-0.01504,0.49543844
600089,特变电工,21.18,21.64,2268157730.0,106498753.0,-2.126,-0.021259999999999998,22.6815773
600094,大名城,4.66,4.61,149325119.0,32500557.0,1.085,0.01085,1.49325119
600095,湘财股份,8.22,8.37,242261443.0,29333682.0,-1.792,-0.017920000000000002,2.42261443
600096,云天化,30.02,30.17,746358109.0,24841842.0,-0.497,-0.00497,7.46358109
600097,开创国际,8.34,8.21,25145163.0,3051900.0,1.583,0.01583,0.25145163
600098,广州发展,6.28,6.35,152116214.0,24257227.0,-1.102,-0.01102,1.52116214
600099,林海股份,8.61,8.48,25383509.0,2978800.0,1.533,0.01533,0.25383509
600100,同方股份,7.15,7.2,186338690.0,25988698.0,-0.694,-0.006939999999999999,1.8633869
600101,明星电力,8.23,8.32,137319666.0,16732946.0,-1.082,-0.010820000000000001,1.37319666
600103,青山纸业,2.99,3.08,389344773.0,130014571.0,-2.922,-0.029220000000000003,3.89344773
600104,上汽集团,10.77,10.86,627418879.0,58247812.0,-0.829,-0.008289999999999999,6.27418879
600105,永鼎股份,38.38,36.55,7310919836.0,197397503.0,5.007,0.050069999999999996,73.10919836
600106,重庆路桥,4.53,4.57,53326917.0,11857100.0,-0.875,-0.00875,0.53326917
600108,亚盛集团,3.19,3.14,367390904.0,115889410.0,1.592,0.01592,3.67390904
600109,国金证券,8.7,8.79,180108096.0,20668630.0,-1.024,-0.01024,1.80108096
600110,诺德股份,9.51,9.36,1350872161.0,142854472.0,1.603,0.01603,13.50872161
600111,北方稀土,41.91,41.77,4468914700.0,105686996.0,0.335,0.00335,44.689147
600113,浙江东日,30.67,31.11,203536471.0,6590164.0,-1.414,-0.01414,2.03536471
600114,东睦股份,28.61,29.06,535763718.0,18695618.0,-1.549,-0.015489999999999999,5.35763718
600115,中国东航,3.74,3.78,456819628.0,121933375.0,-1.058,-0.01058,4.56819628
600116,三峡水利,6.5,6.56,133639020.0,20616343.0,-0.915,-0.00915,1.3363902
600117,西宁特钢,2.31,2.29,40319430.0,17640287.0,0.873,0.00873,0.4031943
600118,中国卫星,65.33,63.13,3059145675.0,47116212.0,3.485,0.03485,30.59145675
600120,浙江东方,5.12,5.18,213824447.0,41624397.0,-1.158,-0.01158,2.13824447
600121,郑州煤电,4.26,3.91,665725971.0,162676732.0,8.951,0.08951,6.65725971
600123,兰花科创,6.99,6.93,275619432.0,39487462.0,0.866,0.00866,2.75619432
600125,铁龙物流,5.51,5.51,41205356.0,7507300.0,0.0,0.0,0.41205356
600126,杭钢股份,6.6,6.7,791062949.0,118143646.0,-1.493,-0.01493,7.91062949
600127,金健米业,6.17,5.61,283422997.0,47503809.0,9.982,0.09981999999999999,2.83422997
600128,苏豪弘业,8.1,8.03,27093529.0,3376700.0,0.872,0.00872,0.27093529
600129,太极集团,15.25,15.75,405304677.0,26403218.0,-3.175,-0.03175,4.05304677
600130,波导股份,4.29,4.32,286260163.0,66687013.0,-0.694,-0.006939999999999999,2.86260163
600131,国网信通,15.85,16.08,133962659.0,8415600.0,-1.43,-0.0143,1.33962659
600132,重庆啤酒,43.97,44.77,211021038.0,4789985.0,-1.787,-0.01787,2.11021038
600133,东湖高新,8.4,8.34,191391950.0,22799271.0,0.719,0.007189999999999999,1.9139195
600135,乐凯胶片,7.39,7.31,43746232.0,5968508.0,1.094,0.01094,0.43746232
600137,浪莎股份,17.56,17.46,20908931.0,1196950.0,0.573,0.00573,0.20908931
600138,中青旅,7.07,7.11,55501962.0,7857721.0,-0.563,-0.00563,0.55501962
600141,兴发集团,32.0,32.0,1447692895.0,45197227.0,0.0,0.0,14.47692895
600143,金发科技,16.15,16.0,1110329482.0,68912783.0,0.937,0.00937,11.10329482
600148,长春一东,15.15,15.1,22840786.0,1516944.0,0.331,0.00331,0.22840786
600149,廊坊发展,4.82,4.76,42380481.0,8867000.0,1.261,0.01261,0.42380481
600150,中国船舶,34.9,35.2,2359365260.0,67800544.0,-0.852,-0.00852,23.5936526
600151,航天机电,11.0,10.37,659315374.0,61258824.0,6.075,0.06075,6.59315374
600152,维科技术,8.07,8.02,136990181.0,17116201.0,0.623,0.00623,1.36990181
600153,建发股份,8.71,8.8,233072736.0,26886746.0,-1.023,-0.01023,2.33072736
600155,华创云信,5.93,6.01,135788766.0,22823589.0,-1.331,-0.013309999999999999,1.35788766
600156,华升股份,8.84,8.04,93794992.0,10704785.0,9.95,0.09949999999999999,0.93794992
600157,永泰能源,1.61,1.59,1119285664.0,705856753.0,1.258,0.012580000000000001,11.19285664
600158,中体产业,7.08,7.2,249401229.0,35228607.0,-1.667,-0.01667,2.49401229
600159,大龙地产,2.48,2.4,53013653.0,21766850.0,3.333,0.03333,0.53013653
600160,巨化股份,43.84,43.09,1749639508.0,40392070.0,1.741,0.017410000000000002,17.49639508
600161,天坛生物,12.25,12.53,227973050.0,18542752.0,-2.235,-0.02235,2.2797305
600162,香江控股,3.51,3.38,840898514.0,242980702.0,3.846,0.03846,8.40898514
600163,中闽能源,5.26,5.31,117874532.0,22519901.0,-0.942,-0.00942,1.17874532
600166,福田汽车,3.04,3.11,479920946.0,157932184.0,-2.251,-0.02251,4.79920946
600167,联美控股,5.87,5.92,39262543.0,6727952.0,-0.845,-0.00845,0.39262543
600168,武汉控股,4.3,4.29,19959541.0,4676133.0,0.233,0.00233,0.19959541
600170,上海建工,2.33,2.35,318478082.0,136759340.0,-0.851,-0.00851,3.18478082
600171,上海贝岭,23.43,23.71,385897677.0,16462007.0,-1.181,-0.011810000000000001,3.85897677
600172,黄河旋风,11.74,11.22,2696940895.0,232915047.0,4.635,0.046349999999999995,26.96940895
600173,卧龙新能,6.34,6.31,49439840.0,7813100.0,0.475,0.00475,0.4943984
600176,中国巨石,40.78,39.28,13376976141.0,332870547.0,3.819,0.03819,133.76976141
600177,雅戈尔,7.63,7.57,282302888.0,37348021.0,0.793,0.00793,2.82302888
600178,东安动力,9.55,9.65,57924116.0,6064800.0,-1.036,-0.010360000000000001,0.57924116
600179,安通控股,4.29,4.4,138862773.0,32099500.0,-2.5,-0.025,1.38862773
600182,S佳通,13.08,13.1,24848417.0,1901800.0,-0.153,-0.00153,0.24848417
600183,生益科技,127.25,122.79,9560626247.0,76058820.0,3.632,0.03632,95.60626247
600184,光电股份,17.89,17.73,317073116.0,17799847.0,0.902,0.00902,3.17073116
600185,珠免集团,4.74,4.82,96456953.0,20223706.0,-1.66,-0.0166,0.96456953
600186,莲花控股,9.68,9.58,2329596953.0,241921741.0,1.044,0.01044,23.29596953
600188,兖矿能源,21.27,19.34,1904392321.0,93026862.0,9.979,0.09978999999999999,19.04392321
600189,泉阳泉,7.34,7.36,72773415.0,9990290.0,-0.272,-0.00272,0.72773415
600191,华资实业,11.18,10.78,152017435.0,13909300.0,3.711,0.03711,1.52017435
600192,长城电工,7.34,7.79,197518091.0,26698353.0,-5.777,-0.05777,1.97518091
600195,中牧股份,6.54,6.52,28017089.0,4313850.0,0.307,0.00307,0.28017089
600196,复星医药,22.76,22.95,418194338.0,18317535.0,-0.828,-0.00828,4.18194338
600197,伊力特,10.38,10.42,68624463.0,6623861.0,-0.384,-0.00384,0.68624463
600198,大唐电信,7.28,7.25,150404895.0,20714150.0,0.414,0.00414,1.50404895
600199,金种子酒,8.13,7.82,580840808.0,72222469.0,3.964,0.03964,5.80840808
600201,生物股份,13.09,13.2,224867085.0,16974212.0,-0.833,-0.008329999999999999,2.24867085
600202,哈空调,4.86,4.79,36587086.0,7606100.0,1.461,0.014610000000000001,0.36587086
600203,福日电子,10.4,10.17,346495261.0,33114832.0,2.262,0.02262,3.46495261
600206,有研新材,43.79,39.81,4413325530.0,103009992.0,9.997,0.09997,44.1332553
600207,安彩高科,4.41,4.42,63183676.0,14442000.0,-0.226,-0.00226,0.63183676
600208,衢州发展,2.95,2.98,264145959.0,89757550.0,-1.007,-0.010069999999999999,2.64145959
600210,紫江企业,6.15,6.23,109911286.0,17852074.0,-1.284,-0.01284,1.09911286
600211,西藏药业,37.91,38.6,126308327.0,3319810.0,-1.788,-0.01788,1.26308327
600212,绿能慧充,5.39,5.51,46480418.0,8614600.0,-2.178,-0.02178,0.46480418
600215,派斯林,6.24,6.23,32480393.0,5213000.0,0.161,0.00161,0.32480393
600216,浙江医药,11.96,12.12,182095716.0,15170110.0,-1.32,-0.0132,1.82095716
600217,中再资环,3.17,3.17,41388299.0,13167490.0,0.0,0.0,0.41388299
600218,全柴动力,7.55,7.59,33897362.0,4486951.0,-0.527,-0.00527,0.33897362
600219,南山铝业,4.72,4.8,1053193997.0,222566116.0,-1.667,-0.01667,10.53193997
600221,海航控股,1.34,1.36,392688167.0,292492851.0,-1.471,-0.01471,3.92688167
600222,太龙药业,7.63,7.44,98941520.0,13089630.0,2.554,0.025539999999999997,0.9894152
600223,福瑞达,5.49,5.53,33935422.0,6200300.0,-0.723,-0.0072299999999999994,0.33935422
600226,亨通股份,5.85,5.74,904018590.0,156177046.0,1.916,0.01916,9.0401859
600227,赤天化,3.21,3.23,355725661.0,111881300.0,-0.619,-0.00619,3.55725661
600228,返利科技,7.77,7.73,344917273.0,44235028.0,0.517,0.00517,3.44917273
600229,城市传媒,5.07,5.08,17499639.0,3457350.0,-0.197,-0.00197,0.17499639
600230,沧州大化,14.23,14.12,233084311.0,16431899.0,0.779,0.00779,2.33084311
600231,凌钢股份,1.7,1.71,22528734.0,13290534.0,-0.585,-0.005849999999999999,0.22528734
600232,金鹰股份,6.13,6.04,28368419.0,4681300.0,1.49,0.0149,0.28368419
600233,圆通速递,18.7,19.2,476944972.0,25587983.0,-2.604,-0.02604,4.76944972
600234,科新发展,19.91,19.32,77428966.0,3926700.0,3.054,0.030539999999999998,0.77428966
600235,民丰特纸,5.48,5.43,20308611.0,3733300.0,0.921,0.009210000000000001,0.20308611
600236,桂冠电力,10.97,11.13,317551478.0,29226651.0,-1.438,-0.014379999999999999,3.17551478
600237,铜峰电子,8.48,8.53,335708282.0,39678008.0,-0.586,-0.00586,3.35708282
600241,时代万恒,7.28,7.09,52737444.0,7338300.0,2.68,0.0268,0.52737444
600246,万通发展,12.31,11.71,1589920297.0,131552207.0,5.124,0.051239999999999994,15.89920297
600248,陕建股份,2.88,2.91,56499372.0,19628350.0,-1.031,-0.01031,0.56499372
600249,两面针,5.11,5.09,47433884.0,9340203.0,0.393,0.00393,0.47433884
600250,南京商旅,8.45,8.44,44041473.0,5233200.0,0.118,0.0011799999999999998,0.44041473
600251,冠农股份,9.61,9.38,158996397.0,16759217.0,2.452,0.02452,1.58996397
600252,中恒集团,2.2,2.21,97177885.0,44509993.0,-0.452,-0.00452,0.97177885
600255,鑫科材料,3.35,3.32,273225324.0,82246465.0,0.904,0.00904,2.73225324
600256,广汇能源,5.59,5.37,1022479027.0,185343928.0,4.097,0.040970000000000006,10.22479027
600257,大湖股份,5.26,5.16,95988382.0,18550637.0,1.938,0.019379999999999998,0.95988382
600258,首旅酒店,12.01,12.14,188783421.0,15693064.0,-1.071,-0.010709999999999999,1.88783421
600259,中稀有色,84.98,83.45,1398336487.0,16363319.0,1.833,0.01833,13.98336487
600261,阳光照明,3.05,3.04,23096457.0,7603500.0,0.329,0.00329,0.23096457
600262,北方股份,15.63,14.21,275043564.0,17934229.0,9.993,0.09993,2.75043564
600266,城建发展,4.1,4.12,107532012.0,26301483.0,-0.485,-0.00485,1.07532012
600267,海正药业,11.92,12.01,594243670.0,49497696.0,-0.749,-0.00749,5.9424367
600268,国电南自,11.29,11.58,242750183.0,21454179.0,-2.504,-0.02504,2.42750183
600269,赣粤高速,3.95,4.02,108369901.0,27369250.0,-1.741,-0.017410000000000002,1.08369901
600271,航天信息,7.04,7.02,140886383.0,19977085.0,0.285,0.0028499999999999997,1.40886383
600272,开开实业,11.79,10.72,152111655.0,13309694.0,9.981,0.09981,1.52111655
600273,嘉化能源,6.89,6.91,118791383.0,17350570.0,-0.289,-0.0028899999999999998,1.18791383
600276,恒瑞医药,52.11,53.54,4727889147.0,89863125.0,-2.671,-0.026709999999999998,47.27889147
600278,东方创业,6.28,6.27,21178782.0,3388261.0,0.159,0.00159,0.21178782
600279,重庆港,4.29,4.3,29710097.0,6949341.0,-0.233,-0.00233,0.29710097
600280,中央商场,2.9,2.89,80422121.0,27869002.0,0.346,0.0034599999999999995,0.80422121
600281,华阳新材,4.34,4.29,79993062.0,18325100.0,1.166,0.011659999999999998,0.79993062
600282,南钢股份,4.96,4.88,293881842.0,59353920.0,1.639,0.016390000000000002,2.93881842
600283,钱江水利,7.94,8.01,20146044.0,2537972.0,-0.874,-0.00874,0.20146044
600284,浦东建设,5.16,5.18,45092940.0,8750864.0,-0.386,-0.00386,0.4509294
600285,羚锐制药,22.19,22.47,166428803.0,7483235.0,-1.246,-0.01246,1.66428803
600287,苏豪时尚,4.65,4.54,17404300.0,3805902.0,2.423,0.02423,0.174043
600288,大恒科技,11.07,10.82,420469887.0,38059764.0,2.311,0.02311,4.20469887
600292,电投水电,12.64,12.92,133622758.0,10507557.0,-2.167,-0.02167,1.33622758
600293,三峡新材,2.8,2.79,92869341.0,33533263.0,0.358,0.00358,0.92869341
600295,鄂尔多斯,12.14,12.17,157317555.0,12981952.0,-0.247,-0.00247,1.57317555
600298,安琪酵母,41.05,41.27,626890484.0,15302690.0,-0.533,-0.0053300000000000005,6.26890484
600299,安迪苏,8.69,8.45,537074344.0,63062438.0,2.84,0.028399999999999998,5.37074344
600300,维维股份,3.15,3.18,60837552.0,19340845.0,-0.943,-0.00943,0.60837552
600301,华锡有色,48.92,47.46,867023266.0,17792686.0,3.076,0.03076,8.67023266
600303,曙光股份,2.79,2.79,69867640.0,25235700.0,0.0,0.0,0.6986764
600305,恒顺醋业,6.88,6.97,55205589.0,8013777.0,-1.291,-0.01291,0.55205589
600307,酒钢宏兴,1.47,1.49,64556887.0,43997100.0,-1.342,-0.013420000000000001,0.64556887
600308,华泰股份,3.22,3.23,19505990.0,6091240.0,-0.31,-0.0031,0.1950599
600309,万华化学,74.97,74.45,2497312204.0,33319830.0,0.698,0.006979999999999999,24.97312204
600310,广西能源,4.47,4.47,237382601.0,53868703.0,0.0,0.0,2.37382601
600312,平高电气,20.46,20.94,549106565.0,26792911.0,-2.292,-0.02292,5.49106565
600313,农发种业,5.95,5.64,389999263.0,67076418.0,5.496,0.05496,3.89999263
600315,上海家化,17.29,17.63,199712381.0,11540997.0,-1.929,-0.01929,1.99712381
600316,洪都航空,26.04,25.55,416513086.0,16172559.0,1.918,0.01918,4.16513086
600318,新力金融,6.62,6.55,91543479.0,13877800.0,1.069,0.01069,0.91543479
600319,亚星化学,6.12,5.91,34580508.0,5735865.0,3.553,0.03553,0.34580508
600320,振华重工,4.2,4.26,149988783.0,35657851.0,-1.408,-0.014079999999999999,1.49988783
600322,津投城开,2.7,2.68,60329559.0,22546000.0,0.746,0.00746,0.60329559
600323,瀚蓝环境,30.21,30.34,171639242.0,5688790.0,-0.428,-0.00428,1.71639242
600325,华发股份,2.53,2.57,149102658.0,59114940.0,-1.556,-0.015560000000000001,1.49102658
600326,西藏天路,7.52,6.84,425888077.0,57934834.0,9.942,0.09942000000000001,4.25888077
600327,大东方,3.61,3.6,34004833.0,9511936.0,0.278,0.0027800000000000004,0.34004833
600328,中盐化工,6.34,6.39,85829746.0,13546041.0,-0.782,-0.00782,0.85829746
600329,达仁堂,36.87,37.3,143511452.0,3901130.0,-1.153,-0.01153,1.43511452
600330,天通股份,21.65,19.68,3309751361.0,160931731.0,10.01,0.1001,33.09751361
600331,宏达股份,13.19,13.29,855974741.0,64222655.0,-0.752,-0.00752,8.55974741
600332,白云山,21.39,21.49,234780121.0,11010002.0,-0.465,-0.0046500000000000005,2.34780121
600333,长春燃气,6.12,6.08,74359134.0,12189801.0,0.658,0.00658,0.74359134
600335,国机汽车,5.13,5.2,55683436.0,10869391.0,-1.346,-0.013460000000000001,0.55683436
600336,澳柯玛,6.24,6.3,28683547.0,4612008.0,-0.952,-0.009519999999999999,0.28683547
600338,西藏珠峰,13.47,13.56,734936572.0,54125325.0,-0.664,-0.00664,7.34936572
600339,中油工程,3.37,3.36,151974088.0,45274935.0,0.298,0.00298,1.51974088
600343,航天动力,19.56,19.01,672026461.0,34464427.0,2.893,0.028929999999999997,6.72026461
600345,长江通信,46.42,45.9,476683911.0,10318245.0,1.133,0.01133,4.76683911
600346,恒力石化,17.45,17.22,522568482.0,29956771.0,1.336,0.01336,5.22568482
600348,华阳股份,8.55,8.45,470376117.0,55383802.0,1.183,0.01183,4.70376117
600350,山东高速,10.81,10.78,176807580.0,16500236.0,0.278,0.0027800000000000004,1.7680758
600351,亚宝药业,6.66,6.76,170110243.0,25550439.0,-1.479,-0.014790000000000001,1.70110243
600352,浙江龙盛,13.1,13.26,750896797.0,57143941.0,-1.207,-0.01207,7.50896797
600353,旭光电子,26.48,25.37,1530049015.0,58432043.0,4.375,0.04375,15.30049015
600354,敦煌种业,6.42,5.94,614221649.0,97668844.0,8.081,0.08080999999999999,6.14221649
600356,恒丰纸业,8.32,8.34,33975162.0,4102250.0,-0.24,-0.0024,0.33975162
600358,国旅联合,5.26,5.2,48276087.0,9078100.0,1.154,0.01154,0.48276087
600359,新农开发,6.14,6.01,62579036.0,10261600.0,2.163,0.021629999999999996,0.62579036
600360,华微电子,10.37,10.1,804648929.0,78857922.0,2.673,0.02673,8.04648929
600361,创新新材,3.72,3.76,145263041.0,38934814.0,-1.064,-0.01064,1.45263041
600362,江西铜业,46.25,46.63,3646846703.0,77923526.0,-0.815,-0.00815,36.46846703
600363,联创光电,22.18,24.64,80786214.0,3642300.0,-9.984,-0.09984,0.80786214
600366,宁波韵升,11.95,11.9,809563195.0,67682006.0,0.42,0.0042,8.09563195
600367,红星发展,31.49,29.92,1806807633.0,58100374.0,5.247,0.052469999999999996,18.06807633
600368,五洲交通,3.93,3.92,58290689.0,14931012.0,0.255,0.00255,0.58290689
600369,西南证券,4.13,4.19,130365293.0,31512547.0,-1.432,-0.01432,1.30365293
600371,万向德农,7.09,6.91,67661672.0,9618940.0,2.605,0.02605,0.67661672
600372,中航机载,11.4,11.55,325026030.0,28496182.0,-1.299,-0.01299,3.2502603
600373,中文传媒,7.31,7.49,103993167.0,14146125.0,-2.403,-0.02403,1.03993167
600375,汉马科技,4.02,4.08,67866457.0,16845100.0,-1.471,-0.01471,0.67866457
600376,首开股份,4.09,4.24,722017858.0,171957013.0,-3.538,-0.035379999999999995,7.22017858
600377,宁沪高速,11.89,11.94,95699614.0,8055479.0,-0.419,-0.00419,0.95699614
600378,昊华科技,48.26,44.07,4085766828.0,88343105.0,9.508,0.09508,40.85766828
600379,宝光股份,13.15,12.6,273873582.0,21288886.0,4.365,0.04365,2.73873582
600380,健康元,10.01,10.11,115764277.0,11558127.0,-0.989,-0.00989,1.15764277
600382,广东明珠,6.34,6.37,91318378.0,14566160.0,-0.471,-0.00471,0.91318378
600383,金地集团,2.28,2.29,163797528.0,72031081.0,-0.437,-0.00437,1.63797528
600386,北巴传媒,3.32,3.32,21652505.0,6542800.0,0.0,0.0,0.21652505
600388,龙净环保,17.75,17.64,210030438.0,11918417.0,0.624,0.00624,2.10030438
600389,江山股份,20.79,20.45,308117394.0,14876498.0,1.663,0.01663,3.08117394
600390,五矿资本,4.92,4.99,175910972.0,35746340.0,-1.403,-0.01403,1.75910972
600391,航发科技,31.48,30.81,384042167.0,12516036.0,2.175,0.02175,3.84042167
600392,盛和资源,22.64,22.66,2727667668.0,119096778.0,-0.088,-0.0008799999999999999,27.27667668
600395,盘江股份,5.06,4.86,344900744.0,68829880.0,4.115,0.04115,3.44900744
600396,华电辽能,17.35,17.53,4225174799.0,246894966.0,-1.027,-0.01027,42.25174799
600397,江钨装备,16.89,15.35,407628793.0,24278920.0,10.033,0.10032999999999999,4.07628793
600398,海澜之家,6.06,6.07,182132425.0,30163034.0,-0.165,-0.00165,1.82132425
600399,抚顺特钢,4.27,4.31,131528760.0,30850965.0,-0.928,-0.00928,1.3152876
600400,红豆股份,3.08,3.02,142056818.0,47253002.0,1.987,0.019870000000000002,1.42056818
600403,大有能源,6.41,5.83,625302381.0,102660791.0,9.949,0.09949,6.25302381
600405,动力源,4.56,4.38,66958953.0,15040410.0,4.11,0.041100000000000005,0.66958953
600406,国电南瑞,24.17,24.54,1640132577.0,67923633.0,-1.508,-0.01508,16.40132577
600408,安泰集团,2.87,2.77,247081735.0,87419100.0,3.61,0.0361,2.47081735
600409,三友化工,6.51,6.55,203369820.0,31247500.0,-0.611,-0.00611,2.0336982
600410,华胜天成,15.97,16.15,2195128611.0,136771386.0,-1.115,-0.01115,21.95128611
600415,小商品城,12.23,12.4,958501428.0,77801555.0,-1.371,-0.01371,9.58501428
600416,湘电股份,9.18,9.35,150130210.0,16319663.0,-1.818,-0.01818,1.5013021
600418,江淮汽车,24.25,25.5,2989791045.0,122214218.0,-4.902,-0.04902,29.89791045
600419,天润乳业,8.66,8.69,55891842.0,6463720.0,-0.345,-0.00345,0.55891842
600420,国药现代,8.58,8.69,69003110.0,8031600.0,-1.266,-0.01266,0.6900311
600422,昆药集团,8.75,8.82,94016682.0,10818727.0,-0.794,-0.007940000000000001,0.94016682
600425,青松建化,3.53,3.49,63893422.0,18159420.0,1.146,0.01146,0.63893422
600426,华鲁恒升,21.23,21.0,913908543.0,43366256.0,1.095,0.01095,9.13908543
600428,中远海特,12.0,11.73,872711890.0,73059307.0,2.302,0.02302,8.7271189
600429,三元股份,4.47,4.54,58495600.0,13062400.0,-1.542,-0.01542,0.584956
600433,冠豪高新,3.39,3.43,108525408.0,32185996.0,-1.166,-0.011659999999999998,1.08525408
600435,北方导航,10.66,10.77,164007286.0,15360522.0,-1.021,-0.010209999999999999,1.64007286
600436,片仔癀,135.79,136.83,876793659.0,6503674.0,-0.76,-0.0076,8.76793659
600438,通威股份,12.31,12.79,1053267259.0,85326270.0,-3.753,-0.03753,10.53267259
600444,国机通用,13.3,13.22,27772264.0,2097600.0,0.605,0.00605,0.27772264
600446,金证股份,11.43,11.7,488387236.0,41965400.0,-2.308,-0.02308,4.88387236
600448,华纺股份,2.79,2.75,35390699.0,12838022.0,1.455,0.01455,0.35390699
600449,宁夏建材,14.09,13.78,417062680.0,28727766.0,2.25,0.0225,4.1706268
600452,涪陵电力,9.71,9.87,244895124.0,25238187.0,-1.621,-0.01621,2.44895124
600455,博通股份,23.69,23.53,36952527.0,1572400.0,0.68,0.0068000000000000005,0.36952527
600456,宝钛股份,28.46,29.1,217560588.0,7569763.0,-2.199,-0.02199,2.17560588
600458,时代新材,11.55,11.73,201346024.0,17384444.0,-1.535,-0.015349999999999999,2.01346024
600459,贵研铂业,20.62,20.73,1020774259.0,48749150.0,-0.531,-0.0053100000000000005,10.20774259
600460,士兰微,31.16,30.62,3158696360.0,102278434.0,1.764,0.01764,31.5869636
600461,洪城环境,8.93,8.95,99894369.0,11204091.0,-0.223,-0.00223,0.99894369
600463,空港股份,7.95,7.88,25258713.0,3207951.0,0.888,0.00888,0.25258713
600467,好当家,2.25,2.24,65517245.0,29297720.0,0.446,0.00446,0.65517245
600468,百利电气,6.45,6.74,451691239.0,69937102.0,-4.303,-0.04303,4.51691239
600469,风神股份,5.35,5.37,30122327.0,5657323.0,-0.372,-0.0037199999999999998,0.30122327
600470,六国化工,5.71,5.74,134229491.0,23696136.0,-0.523,-0.00523,1.34229491
600475,华光环能,14.95,15.72,241879658.0,15979437.0,-4.898,-0.048979999999999996,2.41879658
600477,杭萧钢构,2.43,2.44,83145180.0,34416235.0,-0.41,-0.0040999999999999995,0.8314518
600478,科力远,5.0,5.09,142823783.0,28503110.0,-1.768,-0.01768,1.42823783
600479,千金药业,9.71,9.73,38431994.0,3962496.0,-0.206,-0.0020599999999999998,0.38431994
600480,凌云股份,8.68,8.91,144755250.0,16592551.0,-2.581,-0.02581,1.4475525
600481,双良节能,4.32,4.35,200721896.0,46613041.0,-0.69,-0.0069,2.00721896
600482,中国动力,29.02,28.46,580447607.0,20202471.0,1.968,0.01968,5.80447607
600483,福能股份,10.66,10.75,143183064.0,13431165.0,-0.837,-0.008369999999999999,1.43183064
600486,扬农化工,54.86,55.37,340965544.0,6225190.0,-0.921,-0.009210000000000001,3.40965544
600487,亨通光电,56.15,54.41,16026986041.0,288933861.0,3.198,0.03198,160.26986041
600488,津药药业,5.86,5.55,860907068.0,151786540.0,5.586,0.05586,8.60907068
600489,中金黄金,25.11,24.25,4027391273.0,158707821.0,3.546,0.03546,40.27391273
600490,鹏欣资源,7.01,7.02,515386178.0,72758689.0,-0.142,-0.0014199999999999998,5.15386178
600493,凤竹纺织,5.92,5.81,30950777.0,5290700.0,1.893,0.01893,0.30950777
600495,晋西车轴,3.85,3.83,37284751.0,9735145.0,0.522,0.00522,0.37284751
600496,精工钢构,3.29,3.32,83045786.0,25317300.0,-0.904,-0.00904,0.83045786
600497,驰宏锌锗,10.32,10.26,2416223718.0,232269306.0,0.585,0.005849999999999999,24.16223718
600498,烽火通信,37.79,36.9,3310585564.0,88561505.0,2.412,0.02412,33.10585564
600499,科达制造,14.4,14.52,899571592.0,62789415.0,-0.826,-0.00826,8.99571592
600500,中化国际,5.01,4.97,401642470.0,81003240.0,0.805,0.00805,4.0164247
600501,航天晨光,14.87,14.73,112419613.0,7556198.0,0.95,0.0095,1.12419613
600502,安徽建工,4.6,4.64,162277307.0,35482299.0,-0.862,-0.00862,1.62277307
600503,华丽家族,2.14,2.12,70675458.0,33346119.0,0.943,0.00943,0.70675458
600505,西昌电力,11.31,11.37,104685747.0,9325782.0,-0.528,-0.00528,1.04685747
600506,统一股份,14.63,14.45,86704121.0,5970608.0,1.246,0.01246,0.86704121
600507,方大特钢,4.34,4.39,121710204.0,28022717.0,-1.139,-0.01139,1.21710204
600508,上海能源,8.72,8.49,137939641.0,15951575.0,2.709,0.02709,1.37939641
600509,天富能源,7.69,7.84,205609379.0,26703137.0,-1.913,-0.01913,2.05609379
600510,黑牡丹,6.89,6.75,70490495.0,10335901.0,2.074,0.020739999999999998,0.70490495
600511,国药股份,27.36,27.55,126178782.0,4614357.0,-0.69,-0.0069,1.26178782
600512,腾达建设,2.02,2.02,36035271.0,18000965.0,0.0,0.0,0.36035271
600513,联环药业,17.71,17.28,673085050.0,38311817.0,2.488,0.02488,6.7308505
600515,海南机场,2.91,2.95,238157680.0,81787272.0,-1.356,-0.013560000000000001,2.3815768
600516,方大炭素,5.21,5.26,251035477.0,47978615.0,-0.951,-0.00951,2.51035477
600517,国网英大,5.07,5.14,123421037.0,24369910.0,-1.362,-0.01362,1.23421037
600518,康美药业,1.34,1.37,251934338.0,187563320.0,-2.19,-0.0219,2.51934338
600519,贵州茅台,1308.55,1306.45,3326230801.0,2546328.0,0.161,0.00161,33.26230801
600520,三佳科技,23.95,23.33,226702432.0,9574600.0,2.658,0.02658,2.26702432
600521,华海药业,16.46,16.66,494392097.0,29759301.0,-1.2,-0.012,4.94392097
600522,中天科技,32.29,32.0,9327448567.0,289783854.0,0.906,0.00906,93.27448567
600523,贵航股份,11.38,11.43,45293987.0,3983650.0,-0.437,-0.00437,0.45293987
600526,菲达环保,4.4,4.42,28676193.0,6540371.0,-0.452,-0.00452,0.28676193
600527,江南高纤,2.19,2.18,96555746.0,44553028.0,0.459,0.00459,0.96555746
600528,中铁工业,7.21,7.25,86507718.0,12015679.0,-0.552,-0.005520000000000001,0.86507718
600529,山东药玻,19.31,19.45,187223191.0,9694605.0,-0.72,-0.0072,1.87223191
600531,豫光金铅,12.97,12.85,1089708226.0,83535642.0,0.934,0.009340000000000001,10.89708226
600533,栖霞建设,2.16,2.09,36881395.0,17358300.0,3.349,0.03349,0.36881395
600535,天士力,15.49,15.72,312268853.0,19977213.0,-1.463,-0.01463,3.12268853
600536,中国软件,32.77,33.53,885299827.0,26773506.0,-2.267,-0.02267,8.85299827
600538,国发股份,4.98,4.91,37988766.0,7664300.0,1.426,0.01426,0.37988766
600539,狮头股份,14.59,14.33,234971237.0,16320520.0,1.814,0.01814,2.34971237
600540,新赛股份,3.92,3.89,285207030.0,73585864.0,0.771,0.00771,2.8520703
600545,卓郎智能,4.35,4.28,370027275.0,86065366.0,1.636,0.01636,3.70027275
600546,山煤国际,13.22,12.24,780646814.0,60956310.0,8.007,0.08007,7.80646814
600547,山东黄金,29.96,28.95,3653816645.0,121465056.0,3.489,0.03489,36.53816645
600548,深高速,8.42,8.48,26620987.0,3162800.0,-0.708,-0.0070799999999999995,0.26620987
600549,厦门钨业,57.47,53.72,8079788997.0,144657276.0,6.981,0.06981,80.79788997
600550,保变电气,11.9,12.32,641228674.0,53647342.0,-3.409,-0.034089999999999995,6.41228674
600551,时代出版,6.97,7.02,25721206.0,3695900.0,-0.712,-0.00712,0.25721206
600552,凯盛科技,17.57,17.08,1353002739.0,77642700.0,2.869,0.028690000000000004,13.53002739
600556,天下秀,5.21,5.54,955372658.0,178540889.0,-5.957,-0.05957,9.55372658
600557,康缘药业,12.29,12.57,118007153.0,9591680.0,-2.228,-0.02228,1.18007153
600558,XD大西洋,4.82,4.83,47670434.0,9942900.0,-0.207,-0.00207,0.47670434
600559,老白干酒,12.04,12.13,206845839.0,17199917.0,-0.742,-0.0074199999999999995,2.06845839
600560,金自天正,11.07,11.06,20962585.0,1904400.0,0.09,0.0009,0.20962585
600561,江西长运,5.57,5.45,28120104.0,5139622.0,2.202,0.022019999999999998,0.28120104
600562,国睿科技,25.21,25.21,224100956.0,8973700.0,0.0,0.0,2.24100956
600563,法拉电子,137.22,141.69,875893645.0,6352296.0,-3.155,-0.031549999999999995,8.75893645
600566,济川药业,27.09,26.22,254149809.0,9519613.0,3.318,0.03318,2.54149809
600567,山鹰国际,1.34,1.35,71623917.0,53497143.0,-0.741,-0.00741,0.71623917
600569,安阳钢铁,1.79,1.81,35649988.0,19914587.0,-1.105,-0.011049999999999999,0.35649988
600570,恒生电子,23.17,23.33,929582050.0,39937140.0,-0.686,-0.006860000000000001,9.2958205
600571,信雅达,10.99,10.87,237511021.0,21341984.0,1.104,0.011040000000000001,2.37511021
600572,康恩贝,4.24,4.28,183275869.0,43268542.0,-0.935,-0.00935,1.83275869
600573,惠泉啤酒,9.69,9.74,49753024.0,5146900.0,-0.513,-0.00513,0.49753024
600575,淮河能源,3.41,3.49,221608978.0,65115300.0,-2.292,-0.02292,2.21608978
600576,祥源文旅,5.59,5.66,40133595.0,7189426.0,-1.237,-0.01237,0.40133595
600577,精达股份,8.15,8.24,437387380.0,53387487.0,-1.092,-0.010920000000000001,4.3738738
600578,京能电力,5.87,5.99,671031118.0,114810439.0,-2.003,-0.020030000000000003,6.71031118
600579,中化装备,7.26,7.21,47762448.0,6622725.0,0.693,0.0069299999999999995,0.47762448
600580,卧龙电驱,36.23,36.86,3151916152.0,86109567.0,-1.709,-0.01709,31.51916152
600582,天地科技,4.83,4.84,95552031.0,19843500.0,-0.207,-0.00207,0.95552031
600583,海油工程,5.6,5.61,137281682.0,24559600.0,-0.178,-0.00178,1.37281682
600584,长电科技,75.87,68.97,17259959743.0,235907084.0,10.004,0.10003999999999999,172.59959743
600585,海螺水泥,17.8,17.74,449740569.0,25415696.0,0.338,0.00338,4.49740569
600586,金晶科技,4.22,4.23,49229596.0,11701681.0,-0.236,-0.0023599999999999997,0.49229596
600587,新华医疗,12.72,12.9,78045646.0,6123625.0,-1.395,-0.01395,0.78045646
600588,用友网络,11.99,11.85,1860105550.0,154144239.0,1.181,0.011810000000000001,18.6010555
600589,大位科技,8.22,8.32,651336923.0,78848442.0,-1.202,-0.01202,6.51336923
600590,泰豪科技,8.55,8.66,225111075.0,26291508.0,-1.27,-0.0127,2.25111075
600592,龙溪股份,14.54,14.57,121783635.0,8375905.0,-0.206,-0.0020599999999999998,1.21783635
600593,大连圣亚,39.23,39.04,125435342.0,3211200.0,0.487,0.00487,1.25435342
600594,益佰制药,3.53,3.56,93381974.0,26510183.0,-0.843,-0.00843,0.93381974
600595,中孚实业,6.55,6.67,941816333.0,143621319.0,-1.799,-0.01799,9.41816333
600596,新安股份,10.93,10.86,402758373.0,36956309.0,0.645,0.00645,4.02758373
600597,光明乳业,6.83,6.92,69350655.0,10144070.0,-1.301,-0.013009999999999999,0.69350655
600598,北大荒,12.2,12.17,304841606.0,25016970.0,0.247,0.00247,3.04841606
600600,青岛啤酒,53.56,54.02,316005341.0,5894044.0,-0.852,-0.00852,3.16005341
600601,方正科技,11.7,10.64,4024133331.0,351207866.0,9.962,0.09962,40.24133331
600602,云赛智联,18.14,18.55,834003840.0,45792279.0,-2.21,-0.022099999999999998,8.3400384
600603,广汇物流,4.56,4.64,52818746.0,11567400.0,-1.724,-0.01724,0.52818746
600604,市北高新,4.58,4.58,53842892.0,11738862.0,0.0,0.0,0.53842892
600605,汇通能源,23.01,22.94,82214279.0,3585470.0,0.305,0.0030499999999999998,0.82214279
600606,绿地控股,1.3,1.3,160189304.0,124254585.0,0.0,0.0,1.60189304
600609,金杯汽车,3.3,3.33,50351136.0,15304892.0,-0.901,-0.00901,0.50351136
600610,中毅达,7.05,7.1,89361111.0,12704004.0,-0.704,-0.007039999999999999,0.89361111
600611,大众交通,4.89,4.69,1269976609.0,259531082.0,4.264,0.042640000000000004,12.69976609
600612,老凤祥,35.0,34.96,109961181.0,3118609.0,0.114,0.00114,1.09961181
600613,神奇制药,5.0,4.94,37628120.0,7620700.0,1.215,0.012150000000000001,0.3762812
600615,鑫源智造,9.18,9.13,16740436.0,1837000.0,0.548,0.0054800000000000005,0.16740436
600616,金枫酒业,4.16,4.13,19949881.0,4826660.0,0.726,0.00726,0.19949881
600617,国新能源,3.47,3.4,193637446.0,56428167.0,2.059,0.02059,1.93637446
600618,氯碱化工,10.5,10.45,69337121.0,6655422.0,0.478,0.0047799999999999995,0.69337121
600619,海立股份,14.19,14.46,362374818.0,25321504.0,-1.867,-0.01867,3.62374818
600620,天宸股份,4.25,4.23,17921198.0,4233843.0,0.473,0.00473,0.17921198
600621,华鑫股份,13.27,13.41,96861095.0,7304923.0,-1.044,-0.01044,0.96861095
600622,光大嘉宝,2.19,2.19,38197905.0,17553389.0,0.0,0.0,0.38197905
600623,华谊集团,8.64,8.35,346273188.0,40087982.0,3.473,0.03473,3.46273188
600626,申达股份,3.48,3.48,32058027.0,9241197.0,0.0,0.0,0.32058027
600628,新世界,6.07,6.05,32341277.0,5360400.0,0.331,0.00331,0.32341277
600629,华建集团,15.59,15.57,954993020.0,60681126.0,0.128,0.00128,9.5499302
600630,龙头股份,6.7,6.67,87472266.0,13182760.0,0.45,0.0045000000000000005,0.87472266
600633,浙数文化,11.33,11.4,419579005.0,36676699.0,-0.614,-0.00614,4.19579005
600635,大众公用,4.82,4.86,201824227.0,41854634.0,-0.823,-0.00823,2.01824227
600637,东方明珠,8.19,8.34,339695824.0,41323005.0,-1.799,-0.01799,3.39695824
600638,新黄浦,4.98,4.99,37847956.0,7595760.0,-0.2,-0.002,0.37847956
600639,浦东金桥,9.57,9.59,43851583.0,4592300.0,-0.209,-0.00209,0.43851583
600640,国脉文化,10.85,11.06,73795835.0,6739413.0,-1.899,-0.01899,0.73795835
600641,先导基电,28.44,26.58,2526220621.0,91301297.0,6.998,0.06998,25.26220621
600642,申能股份,8.35,8.37,175547661.0,21039559.0,-0.239,-0.0023899999999999998,1.75547661
600643,爱建集团,4.07,4.08,48713037.0,11989586.0,-0.245,-0.00245,0.48713037
600644,乐山电力,10.35,10.3,491759167.0,47776861.0,0.485,0.00485,4.91759167
600645,中源协和,18.87,18.95,223649003.0,11700315.0,-0.422,-0.00422,2.23649003
600648,外高桥,9.06,8.91,33402667.0,3719101.0,1.684,0.01684,0.33402667
600649,城投控股,3.7,3.72,52502727.0,14208800.0,-0.538,-0.00538,0.52502727
600650,锦江在线,11.15,11.12,204699292.0,18578401.0,0.27,0.0027,2.04699292
600651,飞乐音响,5.82,5.96,109448908.0,18696200.0,-2.349,-0.02349,1.09448908
600653,申华控股,1.66,1.66,29131600.0,17640740.0,0.0,0.0,0.291316
600654,中安科,2.97,2.98,202885957.0,68605550.0,-0.336,-0.00336,2.02885957
600655,豫园股份,4.61,4.65,66713046.0,14439300.0,-0.86,-0.0086,0.66713046
600657,信达地产,2.62,2.62,48058335.0,18454200.0,0.0,0.0,0.48058335
600658,电子城,4.09,4.03,53072887.0,13099760.0,1.489,0.01489,0.53072887
600660,福耀玻璃,56.05,56.58,538818925.0,9603334.0,-0.937,-0.00937,5.38818925
600661,昂立教育,9.33,9.73,164435170.0,17458420.0,-4.111,-0.04111,1.6443517
600662,外服控股,4.45,4.52,60990563.0,13644927.0,-1.549,-0.015489999999999999,0.60990563
600663,陆家嘴,9.06,8.83,288670127.0,32004165.0,2.605,0.02605,2.88670127
600664,哈药股份,6.22,6.77,3483927267.0,532289447.0,-8.124,-0.08124,34.83927267
600665,天地源,3.33,3.03,108553279.0,33491740.0,9.901,0.09901,1.08553279
600666,奥瑞德,3.91,3.93,967923277.0,246489928.0,-0.509,-0.00509,9.67923277
600667,太极实业,19.17,18.45,8512306270.0,454106595.0,3.902,0.03902,85.1230627
600668,尖峰集团,7.33,7.3,35244156.0,4833702.0,0.411,0.00411,0.35244156
600671,天目药业,21.88,22.06,98305003.0,4577100.0,-0.816,-0.008159999999999999,0.98305003
600673,东阳光,32.17,32.56,1546901727.0,47584126.0,-1.198,-0.01198,15.46901727
600674,川投能源,15.01,14.98,356831467.0,23854814.0,0.2,0.002,3.56831467
600675,中华企业,2.26,2.26,65107148.0,29034961.0,0.0,0.0,0.65107148
600676,久事动娱,6.98,7.39,181007607.0,25652620.0,-5.548,-0.05548,1.81007607
600679,上海凤凰,9.51,9.5,24669170.0,2609400.0,0.105,0.00105,0.2466917
600681,百川能源,3.42,3.41,71596561.0,21061260.0,0.293,0.00293,0.71596561
600682,南京新百,5.55,5.61,62561998.0,11276347.0,-1.07,-0.010700000000000001,0.62561998
600683,京投发展,8.84,8.55,150652508.0,17249750.0,3.392,0.03392,1.50652508
600684,珠江股份,3.47,3.48,40384575.0,11738969.0,-0.287,-0.0028699999999999997,0.40384575
600685,中船防务,26.12,26.64,306028136.0,11690971.0,-1.952,-0.01952,3.06028136
600686,金龙汽车,11.83,12.04,282976850.0,23849063.0,-1.744,-0.01744,2.8297685
600688,上海石化,2.86,2.83,190688565.0,67263438.0,1.06,0.0106,1.90688565
600689,上海三毛,10.24,10.17,23233054.0,2280700.0,0.688,0.00688,0.23233054
600690,海尔智家,22.12,22.34,757638937.0,34302450.0,-0.985,-0.00985,7.57638937
600691,潞化科技,2.47,2.46,58966294.0,24089800.0,0.407,0.00407,0.58966294
600692,亚通股份,6.02,5.93,43722916.0,7329901.0,1.518,0.01518,0.43722916
600693,东百集团,9.55,9.79,738416057.0,76674968.0,-2.451,-0.02451,7.38416057
600694,大商股份,14.62,14.62,48580585.0,3337435.0,0.0,0.0,0.48580585
600697,欧亚集团,10.5,10.41,27509037.0,2640400.0,0.865,0.00865,0.27509037
600698,湖南天雁,6.58,6.65,117352329.0,17901700.0,-1.053,-0.01053,1.17352329
600699,均胜电子,21.28,21.62,734035281.0,34274177.0,-1.573,-0.01573,7.34035281
600702,舍得酒业,38.16,37.54,802943308.0,21282968.0,1.652,0.01652,8.02943308
600703,三安光电,13.71,13.35,3457023667.0,252712286.0,2.697,0.02697,34.57023667
600704,物产中大,5.02,4.99,207294062.0,41584842.0,0.601,0.00601,2.07294062
600706,曲江文旅,7.58,7.63,35421629.0,4676180.0,-0.655,-0.00655,0.35421629
600707,彩虹股份,9.18,8.91,1322442702.0,145245002.0,3.03,0.030299999999999997,13.22442702
600708,光明地产,3.26,3.22,64536111.0,19776789.0,1.242,0.01242,0.64536111
600710,苏美达,10.72,10.85,87733065.0,8169857.0,-1.198,-0.01198,0.87733065
600711,盛屯矿业,11.4,11.52,1744166692.0,151017326.0,-1.042,-0.01042,17.44166692
600712,南宁百货,5.45,5.67,256621149.0,46599800.0,-3.88,-0.0388,2.56621149
600713,南京医药,5.09,5.06,58284198.0,11551890.0,0.593,0.0059299999999999995,0.58284198
600714,金瑞矿业,15.35,14.82,643366386.0,41427100.0,3.576,0.03576,6.43366386
600715,文投控股,1.62,1.64,52149581.0,32223900.0,-1.22,-0.012199999999999999,0.52149581
600716,凤凰股份,3.51,3.46,20876230.0,6013528.0,1.445,0.014450000000000001,0.2087623
600717,天津港,4.3,4.35,76524260.0,17806185.0,-1.149,-0.01149,0.7652426
600718,东软集团,8.43,8.56,121486738.0,14336100.0,-1.519,-0.015189999999999999,1.21486738
600719,大连热电,7.62,7.59,97505290.0,12965166.0,0.395,0.00395,0.9750529
600720,中交设计,5.28,5.36,70942226.0,13406506.0,-1.493,-0.01493,0.70942226
600721,百花医药,9.58,8.71,1188527589.0,125827113.0,9.989,0.09989,11.88527589
600722,金牛化工,10.75,10.95,855454963.0,80040803.0,-1.826,-0.018260000000000002,8.55454963
600724,宁波富达,5.11,5.03,45086747.0,8892800.0,1.59,0.0159,0.45086747
600725,云维股份,3.24,3.21,59757079.0,18604462.0,0.935,0.00935,0.59757079
600726,华电能源,6.26,6.24,1064579160.0,173818808.0,0.321,0.00321,10.6457916
600727,鲁北化工,7.64,7.53,278742147.0,36913500.0,1.461,0.014610000000000001,2.78742147
600728,佳都科技,4.85,4.96,203221410.0,41510275.0,-2.218,-0.02218,2.0322141
600729,重百集团,20.44,20.65,91313728.0,4464334.0,-1.017,-0.010169999999999998,0.91313728
600731,湖南海利,5.78,5.81,36542983.0,6345870.0,-0.516,-0.0051600000000000005,0.36542983
600732,爱旭股份,12.36,12.53,470139406.0,37564502.0,-1.357,-0.01357,4.70139406
600733,北汽蓝谷,5.57,5.96,1054947672.0,185902051.0,-6.544,-0.06544,10.54947672
600736,苏州高新,6.71,6.77,159564001.0,23837305.0,-0.886,-0.00886,1.59564001
600737,中粮糖业,12.82,12.97,790741620.0,61183950.0,-1.157,-0.01157,7.9074162
600738,丽尚国潮,3.97,3.96,39880495.0,10130000.0,0.253,0.00253,0.39880495
600739,辽宁成大,10.72,10.89,154110156.0,14355553.0,-1.561,-0.015609999999999999,1.54110156
600740,山西焦化,3.62,3.54,170193477.0,47380094.0,2.26,0.0226,1.70193477
600741,华域汽车,16.0,16.09,247765926.0,15544374.0,-0.559,-0.00559,2.47765926
600742,富维股份,7.7,7.59,52615230.0,6858312.0,1.449,0.014490000000000001,0.5261523
600743,华远控股,2.21,2.22,52407916.0,23857240.0,-0.45,-0.0045000000000000005,0.52407916
600744,华银电力,7.16,7.37,837959583.0,117111851.0,-2.849,-0.02849,8.37959583
600746,江苏索普,6.6,6.61,112724078.0,17142900.0,-0.151,-0.00151,1.12724078
600748,上实发展,3.89,3.93,66794207.0,17318190.0,-1.018,-0.01018,0.66794207
600749,西藏旅游,14.29,13.98,124386226.0,8785750.0,2.217,0.022170000000000002,1.24386226
600750,华润江中,25.0,25.32,112126064.0,4488957.0,-1.264,-0.01264,1.12126064
600751,海航科技,3.2,3.29,108966886.0,33924186.0,-2.736,-0.027360000000000002,1.08966886
600754,锦江酒店,19.18,19.28,207829356.0,10754297.0,-0.519,-0.00519,2.07829356
600755,厦门国贸,5.72,5.77,104421159.0,18270001.0,-0.867,-0.00867,1.04421159
600756,浪潮软件,15.85,16.67,524809158.0,32707262.0,-4.919,-0.04919,5.24809158
600757,长江传媒,7.77,7.95,92891255.0,11917950.0,-2.264,-0.022639999999999997,0.92891255
600758,辽宁能源,3.67,3.34,355762418.0,102379025.0,9.88,0.09880000000000001,3.55762418
600760,中航沈飞,42.65,42.52,547765526.0,12881492.0,0.306,0.00306,5.47765526
600761,安徽合力,17.4,17.88,266177843.0,15207726.0,-2.685,-0.02685,2.66177843
600763,通策医疗,35.89,36.4,261481965.0,7287006.0,-1.401,-0.01401,2.61481965
600764,中国海防,18.33,18.54,138311923.0,7524800.0,-1.133,-0.01133,1.38311923
600765,中航重机,13.47,13.55,188538795.0,14026980.0,-0.59,-0.0059,1.88538795
600768,宁波富邦,14.63,14.44,46254734.0,3191050.0,1.316,0.01316,0.46254734
600769,祥龙电业,14.75,14.49,169789533.0,11611557.0,1.794,0.01794,1.69789533
600770,综艺股份,5.25,5.31,133972913.0,25587981.0,-1.13,-0.0113,1.33972913
600771,广誉远,14.14,14.37,125943815.0,8883481.0,-1.601,-0.01601,1.25943815
600773,西藏城投,11.15,11.0,252470474.0,22699037.0,1.364,0.013640000000000001,2.52470474
600774,汉商集团,6.86,6.69,26683899.0,3940800.0,2.541,0.02541,0.26683899
600775,南京熊猫,9.96,10.07,232299395.0,23418526.0,-1.092,-0.010920000000000001,2.32299395
600776,东方通信,13.2,12.95,304900224.0,23193438.0,1.931,0.01931,3.04900224
600777,新潮能源,4.36,4.29,113265074.0,26155514.0,1.632,0.016319999999999998,1.13265074
600778,友好集团,5.36,5.33,28242630.0,5300300.0,0.563,0.00563,0.2824263
600779,水井坊,28.51,28.85,121340921.0,4252346.0,-1.179,-0.01179,1.21340921
600780,通宝能源,6.01,6.07,57559281.0,9597500.0,-0.988,-0.00988,0.57559281
600782,新钢股份,2.82,2.86,128138700.0,45397748.0,-1.399,-0.01399,1.281387
600783,鲁信创投,18.34,18.12,676027220.0,37103580.0,1.214,0.01214,6.7602722
600784,鲁银投资,7.7,7.67,94497164.0,12274700.0,0.391,0.00391,0.94497164
600785,新华百货,8.74,8.76,67809687.0,7814305.0,-0.228,-0.00228,0.67809687
600787,中储股份,4.64,4.67,86468811.0,18714930.0,-0.642,-0.00642,0.86468811
600789,鲁抗医药,7.36,7.34,186459552.0,25344673.0,0.272,0.00272,1.86459552
600790,轻纺城,3.31,3.35,37656615.0,11365500.0,-1.194,-0.01194,0.37656615
600791,京能置业,7.24,7.08,102605258.0,14279600.0,2.26,0.0226,1.02605258
600792,云煤能源,3.66,3.53,113829078.0,31414700.0,3.683,0.03683,1.13829078
600793,宜宾纸业,14.48,14.46,153781797.0,10692200.0,0.138,0.0013800000000000002,1.53781797
600794,保税科技,3.14,3.13,24546963.0,7835900.0,0.319,0.00319,0.24546963
600795,国电电力,5.02,5.0,501176166.0,100480337.0,0.4,0.004,5.01176166
600796,钱江生化,5.03,5.0,24137377.0,4826076.0,0.6,0.006,0.24137377
600797,浙大网新,7.33,7.42,369075414.0,50233553.0,-1.213,-0.01213,3.69075414
600798,宁波海运,3.24,3.25,53860868.0,16764057.0,-0.308,-0.00308,0.53860868
600800,渤海化学,3.4,3.36,76420786.0,22753400.0,1.19,0.011899999999999999,0.76420786
600801,华新建材,23.01,21.93,542397305.0,23844840.0,4.925,0.049249999999999995,5.42397305
600802,福建水泥,4.46,4.39,28512830.0,6453032.0,1.595,0.01595,0.2851283
600803,新奥股份,17.37,17.27,114236255.0,6601575.0,0.579,0.00579,1.14236255
600805,悦达投资,4.4,4.4,28410475.0,6515338.0,0.0,0.0,0.28410475
600807,济高发展,2.54,2.5,41676587.0,16579768.0,1.6,0.016,0.41676587
600808,马钢股份,2.58,2.62,161081846.0,62336700.0,-1.527,-0.015269999999999999,1.61081846
600809,山西汾酒,119.6,121.01,1041980832.0,8686097.0,-1.165,-0.01165,10.41980832
600810,神马股份,6.43,6.37,71768164.0,11253600.0,0.942,0.00942,0.71768164
600812,华北制药,4.76,4.76,96774039.0,20433968.0,0.0,0.0,0.96774039
600814,杭州解百,6.64,6.63,25194502.0,3810894.0,0.151,0.00151,0.25194502
600815,厦工股份,3.28,3.36,263639312.0,81215400.0,-2.381,-0.023809999999999998,2.63639312
600816,建元信托,2.54,2.58,156443008.0,61401860.0,-1.55,-0.0155,1.56443008
600817,宇通重工,9.26,9.33,18150200.0,1965300.0,-0.75,-0.0075,0.181502
600819,耀皮玻璃,5.42,5.44,38389141.0,7136942.0,-0.368,-0.00368,0.38389141
600820,隧道股份,5.43,5.47,110301029.0,20357179.0,-0.731,-0.00731,1.10301029
600821,金开新能,6.47,6.64,491436495.0,76013209.0,-2.56,-0.0256,4.91436495
600822,上海物贸,8.24,8.25,25832007.0,3155597.0,-0.121,-0.00121,0.25832007
600824,益民集团,3.53,3.55,27243485.0,7743800.0,-0.563,-0.00563,0.27243485
600825,新华传媒,5.09,5.14,54232429.0,10644601.0,-0.973,-0.009729999999999999,0.54232429
600826,兰生股份,8.03,8.2,41699571.0,5182551.0,-2.073,-0.02073,0.41699571
600827,百联股份,7.74,7.84,115696193.0,14923200.0,-1.276,-0.01276,1.15696193
600828,茂业商业,3.92,3.96,53560047.0,13660400.0,-1.01,-0.0101,0.53560047
600829,人民同泰,10.35,9.41,277752200.0,28105760.0,9.989,0.09989,2.777522
600830,香溢融通,8.1,8.06,31011264.0,3844101.0,0.496,0.00496,0.31011264
600831,广电网络,3.33,3.35,40500649.0,12188591.0,-0.597,-0.00597,0.40500649
600833,第一医药,10.01,9.77,92425991.0,9360242.0,2.456,0.02456,0.92425991
600834,申通地铁,7.36,7.33,13453074.0,1845100.0,0.409,0.00409,0.13453074
600835,上海机电,19.08,19.41,103038559.0,5380947.0,-1.7,-0.017,1.03038559
600838,上海九百,7.31,7.35,41343206.0,5678700.0,-0.544,-0.00544,0.41343206
600839,四川长虹,6.98,7.05,579327907.0,82541857.0,-0.993,-0.00993,5.79327907
600841,动力新科,5.86,5.99,88502756.0,15096000.0,-2.17,-0.0217,0.88502756
600843,上工申贝,7.12,7.08,50493480.0,7131300.0,0.565,0.00565,0.5049348
600844,金煤科技,3.46,3.48,202293410.0,58754400.0,-0.575,-0.00575,2.0229341
600845,宝信软件,18.94,19.38,483724886.0,25478869.0,-2.27,-0.0227,4.83724886
600846,同济科技,12.05,12.0,68577999.0,5691353.0,0.417,0.00417,0.68577999
600847,万里股份,12.22,12.23,23584061.0,1944500.0,-0.082,-0.00082,0.23584061
600848,上海临港,8.7,8.75,67064539.0,7718600.0,-0.571,-0.00571,0.67064539
600850,电科数字,15.7,16.01,293641743.0,18484032.0,-1.936,-0.01936,2.93641743
600851,海欣股份,7.92,8.01,63685888.0,8043299.0,-1.124,-0.011240000000000002,0.63685888
600853,龙建股份,3.24,3.23,26568335.0,8269626.0,0.31,0.0031,0.26568335
600854,春兰股份,4.43,4.39,24209672.0,5517400.0,0.911,0.00911,0.24209672
600855,航天长峰,12.71,12.68,81414421.0,6395498.0,0.237,0.0023699999999999997,0.81414421
600857,宁波中百,17.62,17.18,103331336.0,5903300.0,2.561,0.02561,1.03331336
600858,银座股份,4.82,4.78,40942344.0,8545800.0,0.837,0.008369999999999999,0.40942344
600859,王府井,10.12,10.27,156320418.0,15427808.0,-1.461,-0.014610000000000001,1.56320418
600860,京城股份,8.35,8.25,37780093.0,4568228.0,1.212,0.012119999999999999,0.37780093
600861,北京人力,13.58,13.6,30014107.0,2224500.0,-0.147,-0.00147,0.30014107
600862,中航高科,18.27,18.5,272266288.0,14885100.0,-1.243,-0.012430000000000002,2.72266288
600863,华能蒙电,4.73,4.8,543550567.0,115273168.0,-1.458,-0.01458,5.43550567
600864,哈投股份,5.42,5.5,125101529.0,23055100.0,-1.455,-0.01455,1.25101529
600865,百大集团,8.77,8.79,43271746.0,4952700.0,-0.228,-0.00228,0.43271746
600866,星湖科技,4.43,4.49,149813165.0,33924387.0,-1.336,-0.01336,1.49813165
600867,通化东宝,8.11,8.26,191946901.0,23623351.0,-1.816,-0.01816,1.91946901
600868,梅雁吉祥,2.78,2.8,152244822.0,55256101.0,-0.714,-0.00714,1.52244822
600869,远东股份,15.6,15.14,2097702658.0,136134241.0,3.038,0.030379999999999997,20.97702658
600871,石化油服,2.22,2.21,266697144.0,120495062.0,0.452,0.00452,2.66697144
600872,中炬高新,19.26,19.72,282525369.0,14589588.0,-2.333,-0.023330000000000004,2.82525369
600873,梅花生物,7.9,7.93,220015896.0,27873169.0,-0.378,-0.00378,2.20015896
600874,创业环保,5.53,5.55,35733037.0,6484270.0,-0.36,-0.0036,0.35733037
600875,东方电气,27.31,27.95,1716991716.0,62671914.0,-2.29,-0.0229,17.16991716
600876,凯盛新能,7.03,6.99,18621564.0,2667881.0,0.572,0.005719999999999999,0.18621564
600877,电科芯片,12.91,13.01,225009623.0,17409533.0,-0.769,-0.00769,2.25009623
600879,航天电子,16.05,15.9,1625663617.0,101126059.0,0.943,0.00943,16.25663617
600880,博瑞传播,4.07,4.14,91335838.0,22289208.0,-1.691,-0.01691,0.91335838
600881,亚泰集团,1.72,1.75,124112589.0,72185093.0,-1.714,-0.01714,1.24112589
600882,妙可蓝多,22.18,22.49,208641994.0,9489248.0,-1.378,-0.013779999999999999,2.08641994
600883,博闻科技,7.46,7.3,36443723.0,4932801.0,2.192,0.021920000000000002,0.36443723
600884,杉杉股份,12.57,12.82,737753405.0,58587490.0,-1.95,-0.0195,7.37753405
600885,宏发股份,35.55,36.3,727942845.0,20403601.0,-2.066,-0.020659999999999998,7.27942845
600886,国投电力,14.88,14.79,423841859.0,28565300.0,0.609,0.00609,4.23841859
600887,伊利股份,26.32,26.37,1102186276.0,41928590.0,-0.19,-0.0019,11.02186276
600888,新疆众和,9.87,9.77,643682924.0,65578720.0,1.024,0.01024,6.43682924
600892,大晟文化,4.58,4.16,656784579.0,145359600.0,10.096,0.10096,6.56784579
600893,航发动力,35.91,35.7,1354270848.0,38127982.0,0.588,0.00588,13.54270848
600894,广日股份,7.84,7.88,34313739.0,4392055.0,-0.508,-0.00508,0.34313739
600895,张江高科,32.7,33.15,1287389507.0,39217098.0,-1.357,-0.01357,12.87389507
600897,厦门空港,14.71,14.77,17321548.0,1177020.0,-0.406,-0.00406,0.17321548
600900,长江电力,27.75,27.76,2963193717.0,107092691.0,-0.036,-0.00035999999999999997,29.63193717
600901,江苏金租,6.4,6.37,191100547.0,29956383.0,0.471,0.00471,1.91100547
600903,贵州燃气,6.36,6.35,122236147.0,19359104.0,0.157,0.00157,1.22236147
600905,三峡能源,3.8,3.82,340238320.0,89841375.0,-0.524,-0.00524,3.4023832
600906,财达证券,6.62,6.65,170706068.0,25871532.0,-0.451,-0.00451,1.70706068
600908,无锡银行,5.46,5.52,139007794.0,25550230.0,-1.087,-0.01087,1.39007794
600909,华安证券,8.1,8.1,955987920.0,118389271.0,0.0,0.0,9.5598792
600916,中国黄金,7.73,7.93,591449244.0,74777929.0,-2.522,-0.02522,5.91449244
600917,重庆燃气,4.84,4.86,25173069.0,5221200.0,-0.412,-0.0041199999999999995,0.25173069
600918,中泰证券,5.58,5.65,165365886.0,29570891.0,-1.239,-0.012390000000000002,1.65365886
600919,江苏银行,11.75,11.6,1101641745.0,94237968.0,1.293,0.012929999999999999,11.01641745
600925,苏能股份,4.3,4.29,57772693.0,13450278.0,0.233,0.00233,0.57772693
600926,杭州银行,16.18,16.15,560088502.0,34798300.0,0.186,0.0018599999999999999,5.60088502
600927,永安期货,13.2,13.51,85267194.0,6402200.0,-2.295,-0.022949999999999998,0.85267194
600928,西安银行,3.57,3.58,85953564.0,24182597.0,-0.279,-0.0027900000000000004,0.85953564
600929,雪天盐业,5.49,5.59,122075958.0,22113565.0,-1.789,-0.01789,1.22075958
600930,华电新能,4.21,4.3,909523309.0,215423188.0,-2.093,-0.02093,9.09523309
600933,爱柯迪,13.79,14.0,131753162.0,9526100.0,-1.5,-0.015,1.31753162
600935,华塑股份,2.31,2.31,31376624.0,13708817.0,0.0,0.0,0.31376624
600936,北投科技,5.88,6.17,627777276.0,105531379.0,-4.7,-0.047,6.27777276
600938,中国海油,30.96,30.69,1276524620.0,41578789.0,0.88,0.0088,12.7652462
600939,重庆建工,2.68,2.66,18885564.0,7090700.0,0.752,0.00752,0.18885564
600941,中国移动,96.45,95.99,926945913.0,9649467.0,0.479,0.00479,9.26945913
600955,维远股份,12.83,12.76,33536950.0,2628500.0,0.549,0.00549,0.3353695
600956,新天绿能,7.3,7.43,64088640.0,8794914.0,-1.75,-0.0175,0.6408864
600958,东方证券,9.1,9.22,458924722.0,50281768.0,-1.302,-0.01302,4.58924722
600959,江苏有线,3.11,3.14,109876131.0,35359168.0,-0.955,-0.00955,1.09876131
600960,渤海汽车,4.0,3.99,38709106.0,9789008.0,0.251,0.00251,0.38709106
600961,株冶集团,26.97,26.66,2492482275.0,91366647.0,1.163,0.01163,24.92482275
600962,国投中鲁,30.51,28.87,658719622.0,21486304.0,5.681,0.05681,6.58719622
600963,岳阳林纸,3.34,3.38,93022651.0,27943308.0,-1.183,-0.01183,0.93022651
600966,博汇纸业,4.91,4.96,44041134.0,8992951.0,-1.008,-0.01008,0.44041134
600967,内蒙一机,11.42,11.62,278601919.0,24314689.0,-1.721,-0.01721,2.78601919
600968,海油发展,3.89,3.86,121159619.0,31319032.0,0.777,0.00777,1.21159619
600969,郴电国际,8.26,8.23,69746790.0,8534085.0,0.365,0.00365,0.6974679
600970,中材国际,7.81,7.82,188300779.0,24285731.0,-0.128,-0.00128,1.88300779
600971,恒源煤电,8.26,7.9,235197034.0,28861678.0,4.557,0.045570000000000006,2.35197034
600973,宝胜股份,6.16,6.28,135752164.0,21946668.0,-1.911,-0.019110000000000002,1.35752164
600975,新五丰,4.97,4.97,45952807.0,9301491.0,0.0,0.0,0.45952807
600976,健民集团,29.99,28.06,235437619.0,8072698.0,6.878,0.06878000000000001,2.35437619
600977,中国电影,12.6,12.7,736366616.0,57620416.0,-0.787,-0.00787,7.36366616
600979,广安爱众,4.03,4.08,97936004.0,24416660.0,-1.225,-0.01225,0.97936004
600980,北矿科技,18.76,18.45,77621134.0,4146300.0,1.68,0.0168,0.77621134
600981,苏豪汇鸿,2.41,2.41,34985210.0,14608700.0,0.0,0.0,0.3498521
600982,宁波能源,5.1,5.14,141799309.0,28001250.0,-0.778,-0.0077800000000000005,1.41799309
600983,惠而浦,7.85,7.88,14407456.0,1845400.0,-0.381,-0.00381,0.14407456
600984,建设机械,4.17,4.11,120607224.0,29130389.0,1.46,0.0146,1.20607224
600985,淮北矿业,16.5,15.0,668869951.0,42159762.0,10.0,0.1,6.68869951
600986,浙文互联,8.04,8.16,1035570095.0,127622076.0,-1.471,-0.01471,10.35570095
600987,航民股份,6.67,6.59,61546596.0,9260636.0,1.214,0.01214,0.61546596
600988,赤峰黄金,41.3,40.84,3721211659.0,88290061.0,1.126,0.01126,37.21211659
600989,宝丰能源,23.47,23.14,1680709454.0,72212335.0,1.426,0.01426,16.80709454
600990,四创电子,18.06,17.77,122288444.0,6727825.0,1.632,0.016319999999999998,1.22288444
600992,贵绳股份,10.16,9.9,100136804.0,9962800.0,2.626,0.02626,1.00136804
600993,马应龙,23.42,23.62,112178668.0,4792000.0,-0.847,-0.00847,1.12178668
600995,南网储能,12.68,12.91,190801639.0,15023318.0,-1.782,-0.01782,1.90801639
600996,贵广网络,7.14,7.14,133725075.0,18653711.0,0.0,0.0,1.33725075
600997,开滦股份,5.56,5.6,113958482.0,20438367.0,-0.714,-0.00714,1.13958482
600998,九州通,4.95,4.91,192749949.0,39173156.0,0.815,0.00815,1.92749949
600999,招商证券,18.0,17.94,1332076941.0,74479309.0,0.334,0.00334,13.32076941
601000,唐山港,4.74,4.75,177210430.0,37438568.0,-0.211,-0.00211,1.7721043
601001,晋控煤业,17.78,16.24,1030944379.0,59501835.0,9.483,0.09483000000000001,10.30944379
601002,晋亿实业,5.42,5.36,138549245.0,25308708.0,1.119,0.01119,1.38549245
601003,柳钢股份,3.92,3.97,202677452.0,50936212.0,-1.259,-0.012589999999999999,2.02677452
601005,重庆钢铁,1.2,1.21,88618878.0,73611100.0,-0.826,-0.00826,0.88618878
601006,大秦铁路,4.84,4.81,673117015.0,140042375.0,0.624,0.00624,6.73117015
601007,金陵饭店,6.56,6.55,31151388.0,4770028.0,0.153,0.00153,0.31151388
601008,连云港,4.34,4.41,49834359.0,11503100.0,-1.587,-0.01587,0.49834359
601009,南京银行,11.28,11.23,488742732.0,43507714.0,0.445,0.00445,4.88742732
601011,宝泰隆,2.66,2.6,147136120.0,55924250.0,2.308,0.02308,1.4713612
601012,隆基绿能,12.74,12.97,1386191342.0,108549733.0,-1.773,-0.01773,13.86191342
601015,陕西黑猫,3.58,3.34,392042364.0,112495341.0,7.186,0.07186,3.92042364
601016,节能风电,3.58,3.67,507396480.0,141463412.0,-2.452,-0.02452,5.0739648
601018,宁波港,3.38,3.39,190463127.0,56469200.0,-0.295,-0.00295,1.90463127
601019,山东出版,7.15,7.26,80813358.0,11311721.0,-1.515,-0.015149999999999999,0.80813358
601020,华钰矿业,20.7,20.94,739336029.0,35231385.0,-1.146,-0.01146,7.39336029
601021,春秋航空,46.4,46.85,241177512.0,5178674.0,-0.961,-0.00961,2.41177512
601022,宁波远洋,8.11,8.22,41732144.0,5144000.0,-1.338,-0.013380000000000001,0.41732144
601026,道生天合,15.02,15.34,79865744.0,5320602.0,-2.086,-0.02086,0.79865744
601033,永兴股份,14.46,14.66,59209834.0,4107710.0,-1.364,-0.013640000000000001,0.59209834
601038,一拖股份,13.52,13.51,103389510.0,7700174.0,0.074,0.00074,1.0338951
601058,赛轮轮胎,13.73,13.66,295747645.0,21592650.0,0.512,0.00512,2.95747645
601059,信达证券,16.64,16.82,92853085.0,5572100.0,-1.07,-0.010700000000000001,0.92853085
601061,中信金属,12.0,12.27,325763608.0,26793081.0,-2.2,-0.022000000000000002,3.25763608
601065,江盐集团,6.88,6.89,22153137.0,3230700.0,-0.145,-0.00145,0.22153137
601066,中信建投,25.95,26.03,624956518.0,24223623.0,-0.307,-0.00307,6.24956518
601068,中铝国际,4.57,4.6,46437905.0,10171476.0,-0.652,-0.006520000000000001,0.46437905
601069,西部黄金,28.6,26.98,1420532042.0,50067767.0,6.004,0.060039999999999996,14.20532042
601077,渝农商行,6.48,6.46,391733828.0,60758195.0,0.31,0.0031,3.91733828
601083,锦江航运,11.2,11.32,55850856.0,4984140.0,-1.06,-0.0106,0.55850856
601086,国芳集团,7.85,7.93,101442852.0,12887189.0,-1.009,-0.010089999999999998,1.01442852
601088,中国神华,43.97,43.0,1722450883.0,39505666.0,2.256,0.022559999999999997,17.22450883
601089,福元医药,17.15,17.43,61282998.0,3559800.0,-1.606,-0.01606,0.61282998
601096,宏盛华源,4.43,4.45,125738055.0,28547300.0,-0.449,-0.00449,1.25738055
601098,中南传媒,10.57,10.75,118369190.0,11161100.0,-1.674,-0.016739999999999998,1.1836919
601099,太平洋,3.45,3.51,320186956.0,92667686.0,-1.709,-0.01709,3.20186956
601100,恒立液压,105.1,105.68,551173347.0,5228801.0,-0.549,-0.00549,5.51173347
601101,昊华能源,12.72,11.56,385607354.0,30929690.0,10.035,0.10035,3.85607354
601106,中国一重,3.18,3.24,236346761.0,73976300.0,-1.852,-0.018520000000000002,2.36346761
601107,四川成渝,5.64,5.69,63778584.0,11335480.0,-0.879,-0.00879,0.63778584
601108,财通证券,8.43,8.55,313149281.0,37076319.0,-1.404,-0.014039999999999999,3.13149281
601111,中国国航,6.13,6.19,386345799.0,62916981.0,-0.969,-0.009689999999999999,3.86345799
601112,振石股份,15.48,15.58,78778161.0,5087625.0,-0.642,-0.00642,0.78778161
601113,华鼎股份,3.46,3.44,28801210.0,8380500.0,0.581,0.005809999999999999,0.2880121
601116,三江购物,10.55,10.61,96703749.0,9186000.0,-0.566,-0.005659999999999999,0.96703749
601117,中国化学,7.82,7.74,700120998.0,89811130.0,1.034,0.01034,7.00120998
601118,海南橡胶,5.33,5.31,343434254.0,64899747.0,0.377,0.00377,3.43434254
601121,宝地矿业,7.02,7.05,101204274.0,14340382.0,-0.426,-0.00426,1.01204274
601126,四方股份,44.67,44.58,1420171093.0,31873506.0,0.202,0.00202,14.20171093
601127,赛力斯,57.11,58.85,1922450980.0,33555713.0,-2.957,-0.02957,19.2245098
601128,常熟银行,6.21,6.22,286094492.0,46234614.0,-0.161,-0.00161,2.86094492
601133,柏诚股份,25.4,24.72,415206592.0,16489852.0,2.751,0.02751,4.15206592
601136,首创证券,14.69,14.83,128160215.0,8723152.0,-0.944,-0.009439999999999999,1.28160215
601137,博威合金,17.61,17.82,211141205.0,11949506.0,-1.178,-0.011779999999999999,2.11141205
601138,工业富联,68.27,65.92,16718421116.0,246661513.0,3.565,0.03565,167.18421116
601139,深圳燃气,6.41,6.45,128359594.0,20035800.0,-0.62,-0.0062,1.28359594
601155,新城控股,11.14,10.94,296535528.0,26774085.0,1.828,0.01828,2.96535528
601156,东航物流,17.37,17.04,215574270.0,12460038.0,1.937,0.019370000000000002,2.1557427
601158,重庆水务,4.13,4.15,29944377.0,7246000.0,-0.482,-0.00482,0.29944377
601162,天风证券,3.66,3.75,577270038.0,156836619.0,-2.4,-0.024,5.77270038
601163,三角轮胎,13.31,13.26,50814056.0,3849198.0,0.377,0.00377,0.50814056
601166,兴业银行,18.48,18.36,1479938685.0,80525543.0,0.654,0.006540000000000001,14.79938685
601168,西部矿业,39.73,41.02,4278196366.0,105622488.0,-3.145,-0.03145,42.78196366
601169,北京银行,5.03,5.03,547283247.0,108892361.0,0.0,0.0,5.47283247
601177,杭齿前进,13.2,13.26,68909074.0,5229469.0,-0.452,-0.00452,0.68909074
601179,中国西电,14.03,14.41,2634368116.0,187254911.0,-2.637,-0.02637,26.34368116
601186,中国铁建,6.2,6.21,247405873.0,39991000.0,-0.161,-0.00161,2.47405873
601187,厦门银行,7.37,7.43,130785722.0,17828600.0,-0.808,-0.00808,1.30785722
601188,龙江交通,2.85,2.87,46375578.0,16296433.0,-0.697,-0.00697,0.46375578
601198,东兴证券,13.84,14.02,277068974.0,20011357.0,-1.284,-0.01284,2.77068974
601199,江南水务,5.5,5.65,90568316.0,16373200.0,-2.655,-0.026549999999999997,0.90568316
601200,上海环境,7.04,7.09,60284480.0,8573057.0,-0.705,-0.00705,0.6028448
601208,东材科技,41.76,39.33,3980342361.0,96535619.0,6.178,0.06178,39.80342361
601211,国泰海通,17.86,18.0,1231529085.0,68788589.0,-0.778,-0.0077800000000000005,12.31529085
601212,白银有色,5.44,5.47,1533869858.0,279386877.0,-0.548,-0.0054800000000000005,15.33869858
601216,君正集团,4.63,4.66,234648905.0,50777579.0,-0.644,-0.00644,2.34648905
601218,吉鑫科技,4.57,4.62,186859232.0,40741828.0,-1.082,-0.010820000000000001,1.86859232
601222,林洋能源,5.65,5.75,118080299.0,20899799.0,-1.739,-0.017390000000000003,1.18080299
601225,陕西煤业,24.88,23.89,1361115990.0,55221765.0,4.144,0.041440000000000005,13.6111599
601226,华电科工,6.27,6.28,62749671.0,10065200.0,-0.159,-0.00159,0.62749671
601228,广州港,3.06,3.08,82784906.0,27083740.0,-0.649,-0.00649,0.82784906
601229,上海银行,9.3,9.28,402865898.0,43400432.0,0.216,0.00216,4.02865898
601231,环旭电子,27.52,25.96,2004772518.0,73795514.0,6.009,0.060090000000000005,20.04772518
601233,桐昆股份,23.35,22.99,901152165.0,38681327.0,1.566,0.01566,9.01152165
601236,红塔证券,7.01,7.1,95706463.0,13616908.0,-1.268,-0.01268,0.95706463
601238,广汽集团,5.26,5.35,127319557.0,24104340.0,-1.682,-0.016819999999999998,1.27319557
601279,英利汽车,3.18,3.2,39892269.0,12625000.0,-0.625,-0.00625,0.39892269
601288,农业银行,6.5,6.48,3819354471.0,590683719.0,0.309,0.00309,38.19354471
601298,青岛港,8.93,8.99,81490524.0,9117800.0,-0.667,-0.006670000000000001,0.81490524
601311,骆驼股份,7.9,7.97,116012849.0,14730342.0,-0.878,-0.00878,1.16012849
601318,中国平安,53.5,54.02,3541174548.0,66167463.0,-0.963,-0.00963,35.41174548
601319,中国人保,7.12,7.19,524850557.0,73495558.0,-0.974,-0.00974,5.24850557
601326,秦港股份,3.44,3.45,94750089.0,27649150.0,-0.29,-0.0029,0.94750089
601328,交通银行,6.94,6.93,1032512132.0,149189650.0,0.144,0.0014399999999999999,10.32512132
601330,绿色动力,7.18,7.27,62415960.0,8702654.0,-1.238,-0.01238,0.6241596
601333,广深铁路,2.99,3.01,202812459.0,67991959.0,-0.664,-0.00664,2.02812459
601336,新华保险,62.43,63.31,1344592921.0,21532359.0,-1.39,-0.0139,13.44592921
601339,百隆东方,8.15,8.43,117854391.0,14408220.0,-3.321,-0.03321,1.17854391
601360,三六零,9.86,9.82,1438525583.0,146465663.0,0.407,0.00407,14.38525583
601366,利群股份,3.53,3.53,31960240.0,9094300.0,0.0,0.0,0.3196024
601368,绿城水务,4.44,4.42,21529880.0,4880420.0,0.452,0.00452,0.2152988
601369,陕鼓动力,9.68,9.47,213179912.0,22340554.0,2.218,0.02218,2.13179912
601375,中原证券,4.15,4.19,147541093.0,35472348.0,-0.955,-0.00955,1.47541093
601377,兴业证券,5.91,6.01,565209195.0,95319009.0,-1.664,-0.01664,5.65209195
601388,怡球资源,3.22,3.23,120370378.0,37385370.0,-0.31,-0.0031,1.20370378
601390,中国中铁,4.49,4.49,510656130.0,113411245.0,0.0,0.0,5.1065613
601398,工商银行,7.57,7.52,3690034686.0,490535557.0,0.665,0.0066500000000000005,36.90034686
601399,国机重装,3.34,3.38,216280938.0,64829280.0,-1.183,-0.01183,2.16280938
601456,国联民生,8.97,9.07,142829769.0,15895183.0,-1.103,-0.01103,1.42829769
601500,通用股份,4.02,4.02,45525254.0,11370260.0,0.0,0.0,0.45525254
601512,中新集团,7.88,7.84,21718677.0,2773400.0,0.51,0.0051,0.21718677
601515,衢州东峰,3.32,3.34,52905363.0,16088381.0,-0.599,-0.00599,0.52905363
601518,吉林高速,2.77,2.79,32868595.0,11885086.0,-0.717,-0.007169999999999999,0.32868595
601519,大智慧,8.42,8.59,264628011.0,31208443.0,-1.979,-0.019790000000000002,2.64628011
601528,瑞丰银行,4.98,5.02,115808424.0,23374520.0,-0.797,-0.00797,1.15808424
601555,东吴证券,8.22,8.23,274234343.0,33424612.0,-0.122,-0.00122,2.74234343
601566,九牧王,8.43,8.4,41690204.0,4968611.0,0.357,0.00357,0.41690204
601567,三星电气,16.12,16.19,307191340.0,19193627.0,-0.432,-0.00432,3.0719134
601568,北元化工,3.73,3.72,76966855.0,20702400.0,0.269,0.00269,0.76966855
601577,长沙银行,9.34,9.31,192180565.0,20670360.0,0.322,0.00322,1.92180565
601579,会稽山,15.36,15.57,113774478.0,7361580.0,-1.349,-0.01349,1.13774478
601588,北辰实业,1.71,1.72,48601306.0,28492701.0,-0.581,-0.005809999999999999,0.48601306
601595,上海电影,18.08,18.26,133920193.0,7300444.0,-0.986,-0.00986,1.33920193
601598,中国外运,6.46,6.36,154524493.0,24058258.0,1.572,0.01572,1.54524493
601599,浙文影业,3.05,3.06,66344627.0,21744200.0,-0.327,-0.0032700000000000003,0.66344627
601600,中国铝业,9.61,9.77,2595830281.0,268214767.0,-1.638,-0.01638,25.95830281
601601,中国太保,31.67,32.02,1036502582.0,32695942.0,-1.093,-0.01093,10.36502582
601606,长城军工,32.66,33.64,1372373555.0,41863375.0,-2.913,-0.02913,13.72373555
601607,上海医药,16.43,16.46,171730292.0,10499300.0,-0.182,-0.00182,1.71730292
601608,中信重工,4.84,4.88,235601376.0,48197830.0,-0.82,-0.008199999999999999,2.35601376
601609,金田股份,10.26,10.42,295178900.0,28526900.0,-1.536,-0.01536,2.951789
601611,中国核建,11.98,12.7,1370945845.0,113363050.0,-5.669,-0.05669,13.70945845
601615,明阳智能,11.48,11.68,546727514.0,47118818.0,-1.712,-0.01712,5.46727514
601616,广电电气,3.72,3.77,127151640.0,34472717.0,-1.326,-0.013260000000000001,1.2715164
601618,中国中冶,2.63,2.65,266270644.0,101577791.0,-0.755,-0.00755,2.66270644
601619,嘉泽新能,4.64,4.66,160348861.0,34762907.0,-0.429,-0.0042899999999999995,1.60348861
601628,中国人寿,38.15,38.05,1092074746.0,28718917.0,0.263,0.00263,10.92074746
601633,长城汽车,15.72,15.97,306300167.0,19529827.0,-1.565,-0.01565,3.06300167
601636,旗滨集团,6.03,5.99,456835723.0,76246385.0,0.668,0.00668,4.56835723
601658,邮储银行,4.97,4.96,879122961.0,177414820.0,0.202,0.00202,8.79122961
601665,齐鲁银行,6.24,6.15,296259073.0,47991370.0,1.463,0.01463,2.96259073
601666,平煤股份,8.92,8.11,536057359.0,62852741.0,9.988,0.09988,5.36057359
601668,中国建筑,4.57,4.58,869724624.0,190713663.0,-0.218,-0.00218,8.69724624
601669,中国电建,4.81,4.85,493840390.0,102636892.0,-0.825,-0.00825,4.9384039
601677,明泰铝业,16.93,17.17,412162087.0,24299543.0,-1.398,-0.01398,4.12162087
601678,滨化股份,7.28,6.62,2507535117.0,352096869.0,9.97,0.09970000000000001,25.07535117
601686,友发集团,5.23,5.22,24531579.0,4709500.0,0.192,0.00192,0.24531579
601688,华泰证券,19.49,19.77,1320264323.0,67599926.0,-1.416,-0.014159999999999999,13.20264323
601689,拓普集团,49.77,50.22,1186778366.0,23823826.0,-0.896,-0.008960000000000001,11.86778366
601696,中银证券,11.89,12.11,415187335.0,34808544.0,-1.817,-0.01817,4.15187335
601698,中国卫通,26.99,26.81,883498971.0,32727408.0,0.671,0.006710000000000001,8.83498971
601699,潞安环能,16.24,14.76,1045383852.0,66986427.0,10.027,0.10027,10.45383852
601700,风范股份,7.16,6.51,1288381235.0,180437164.0,9.985,0.09985,12.88381235
601702,华峰铝业,15.47,15.57,112926894.0,7300900.0,-0.642,-0.00642,1.12926894
601717,中创智领,16.05,16.04,341707676.0,21349106.0,0.062,0.00062,3.41707676
601727,上海电气,6.88,7.02,619132665.0,89739457.0,-1.994,-0.01994,6.19132665
601728,中国电信,6.3,6.23,826912679.0,131493449.0,1.124,0.011240000000000002,8.26912679
601766,中国中车,5.93,5.95,934020770.0,158006832.0,-0.336,-0.00336,9.3402077
601777,千里科技,8.63,8.79,350042225.0,39951725.0,-1.82,-0.0182,3.50042225
601778,晶科科技,3.9,3.91,634124564.0,162771687.0,-0.256,-0.00256,6.34124564
601788,光大证券,14.65,14.82,302123647.0,20612527.0,-1.147,-0.011470000000000001,3.02123647
601789,宁波建工,4.41,4.46,164575771.0,37407816.0,-1.121,-0.01121,1.64575771
601798,蓝科高新,7.53,7.52,42254062.0,5624100.0,0.133,0.00133,0.42254062
601799,星宇股份,94.17,95.38,196108216.0,2072111.0,-1.269,-0.01269,1.96108216
601800,中国交建,6.12,6.14,231412628.0,37881080.0,-0.326,-0.0032600000000000003,2.31412628
601801,皖新传媒,5.55,5.59,65014232.0,11709500.0,-0.716,-0.00716,0.65014232
601808,中海油服,12.23,12.16,159634977.0,13089862.0,0.576,0.0057599999999999995,1.59634977
601811,新华文轩,12.02,12.26,31539906.0,2617700.0,-1.958,-0.01958,0.31539906
601816,京沪高铁,5.08,5.07,611089726.0,120783252.0,0.197,0.00197,6.11089726
601818,光大银行,3.06,3.07,593440356.0,193938338.0,-0.326,-0.0032600000000000003,5.93440356
601825,沪农商行,8.36,8.37,180446739.0,21693378.0,-0.119,-0.0011899999999999999,1.80446739
601827,三峰环境,8.35,8.35,55308048.0,6610900.0,0.0,0.0,0.55308048
601828,美凯龙,2.21,2.24,65273189.0,29476373.0,-1.339,-0.013389999999999999,0.65273189
601838,成都银行,17.97,17.89,283724971.0,15830677.0,0.447,0.00447,2.83724971
601857,中国石油,10.68,10.63,1337129718.0,125401273.0,0.47,0.004699999999999999,13.37129718
601858,中国科传,26.28,25.36,899225117.0,35385093.0,3.628,0.03628,8.99225117
601860,紫金银行,2.59,2.6,155345221.0,60302600.0,-0.385,-0.00385,1.55345221
601865,福莱特,10.68,10.93,245410161.0,22925169.0,-2.287,-0.022869999999999998,2.45410161
601866,中远海发,2.41,2.44,166227358.0,69008695.0,-1.23,-0.0123,1.66227358
601868,中国能建,2.59,2.62,874758725.0,337873038.0,-1.145,-0.01145,8.74758725
601869,长飞光纤,328.25,312.4,6111282207.0,18989547.0,5.074,0.05074,61.11282207
601872,招商轮船,17.88,18.1,1748654506.0,98795616.0,-1.215,-0.012150000000000001,17.48654506
601877,正泰电器,25.39,25.86,431286290.0,16961223.0,-1.817,-0.01817,4.3128629
601878,浙商证券,9.44,9.56,232030071.0,24519374.0,-1.255,-0.012549999999999999,2.32030071
601880,辽港股份,1.47,1.49,162049714.0,110295363.0,-1.342,-0.013420000000000001,1.62049714
601881,中国银河,12.44,12.64,403128042.0,32302569.0,-1.582,-0.01582,4.03128042
601882,海天精工,19.48,19.44,59013456.0,3043800.0,0.206,0.0020599999999999998,0.59013456
601886,江河集团,8.4,8.38,29669534.0,3546500.0,0.239,0.0023899999999999998,0.29669534
601888,中国中免,55.56,56.39,1928175496.0,34607129.0,-1.472,-0.01472,19.28175496
601890,亚星锚链,8.49,8.56,117222270.0,13802666.0,-0.818,-0.00818,1.1722227
601898,中煤能源,14.2,13.34,1272985425.0,91572610.0,6.447,0.06447,12.72985425
601899,紫金矿业,34.5,34.1,14063625579.0,402667434.0,1.173,0.01173,140.63625579
601900,南方传媒,11.79,11.84,109891664.0,9260499.0,-0.422,-0.00422,1.09891664
601901,方正证券,7.04,7.13,349828621.0,49604253.0,-1.262,-0.01262,3.49828621
601908,京运通,3.09,3.16,129752571.0,41998696.0,-2.215,-0.02215,1.29752571
601916,浙商银行,2.93,2.94,454631712.0,154637635.0,-0.34,-0.0034000000000000002,4.54631712
601918,新集能源,9.82,9.43,819623030.0,83979450.0,4.136,0.04136,8.1962303
601919,中远海控,15.37,15.4,1028633051.0,67073288.0,-0.195,-0.0019500000000000001,10.28633051
601921,浙版传媒,7.2,7.25,49563480.0,6892681.0,-0.69,-0.0069,0.4956348
601928,凤凰传媒,9.39,9.57,106792820.0,11336300.0,-1.881,-0.01881,1.0679282
601929,吉视传媒,2.45,2.51,238942101.0,97326543.0,-2.39,-0.0239,2.38942101
601933,永辉超市,3.22,3.31,614471589.0,189880417.0,-2.719,-0.02719,6.14471589
601939,建设银行,10.11,9.96,2028541659.0,202971456.0,1.506,0.01506,20.28541659
601949,中国出版,5.4,5.51,70047062.0,12927404.0,-1.996,-0.01996,0.70047062
601952,苏垦农发,8.3,8.2,157879640.0,19137781.0,1.22,0.012199999999999999,1.5787964
601956,东贝集团,4.88,4.88,26937898.0,5551400.0,0.0,0.0,0.26937898
601958,XD金钼股,22.87,22.62,1496392837.0,65647309.0,1.105,0.011049999999999999,14.96392837
601963,重庆银行,10.95,10.96,129116580.0,11848128.0,-0.091,-0.00091,1.2911658
601965,中国汽研,14.01,14.45,273185187.0,19500417.0,-3.045,-0.030449999999999998,2.73185187
601966,玲珑轮胎,11.27,11.4,111098461.0,9855300.0,-1.14,-0.011399999999999999,1.11098461
601968,宝钢包装,4.55,4.58,40851689.0,9032200.0,-0.655,-0.00655,0.40851689
601969,海南矿业,9.12,9.26,171908618.0,18800362.0,-1.512,-0.01512,1.71908618
601975,招商南油,3.73,3.8,644423928.0,172838677.0,-1.842,-0.018420000000000002,6.44423928
601985,中国核电,8.83,8.82,1172294031.0,133270872.0,0.113,0.00113,11.72294031
601988,中国银行,5.79,5.73,1718744020.0,298461311.0,1.047,0.01047,17.1874402
601990,南京证券,6.77,6.86,127848079.0,18864121.0,-1.312,-0.01312,1.27848079
601991,大唐发电,6.25,6.43,2322675509.0,371683500.0,-2.799,-0.02799,23.22675509
601992,金隅集团,1.42,1.41,65370965.0,46378800.0,0.709,0.00709,0.65370965
601995,中金公司,34.91,35.69,941514894.0,26867266.0,-2.185,-0.02185,9.41514894
601996,丰林集团,2.39,2.38,37854454.0,16011900.0,0.42,0.0042,0.37854454
601997,贵阳银行,5.64,5.66,262529001.0,46701141.0,-0.353,-0.0035299999999999997,2.62529001
601998,中信银行,7.55,7.55,363788344.0,48439952.0,0.0,0.0,3.63788344
601999,出版传媒,6.02,6.0,27183374.0,4536487.0,0.333,0.00333,0.27183374
603000,人民网,17.29,17.47,433472167.0,24901044.0,-1.03,-0.0103,4.33472167
603001,奥康国际,7.27,7.01,107947311.0,15030500.0,3.709,0.03709,1.07947311
603002,宏昌电子,14.04,13.52,937781291.0,67547650.0,3.846,0.03846,9.37781291
603004,鼎龙科技,20.85,20.22,202566305.0,9714455.0,3.116,0.03116,2.02566305
603005,晶方科技,32.3,31.5,2059463122.0,64198155.0,2.54,0.0254,20.59463122
603006,联明股份,11.07,10.88,31683095.0,2888900.0,1.746,0.01746,0.31683095
603007,顺景科技,4.83,4.93,126447838.0,26206430.0,-2.028,-0.02028,1.26447838
603009,北特科技,40.5,40.45,242841934.0,5982877.0,0.124,0.00124,2.42841934
603010,万盛股份,10.79,10.61,86725425.0,8131612.0,1.697,0.01697,0.86725425
603011,合锻智能,20.62,20.29,1515309713.0,73718278.0,1.626,0.01626,15.15309713
603012,创力集团,8.7,8.67,183331644.0,20922884.0,0.346,0.0034599999999999995,1.83331644
603013,亚普股份,16.76,17.02,43777299.0,2608850.0,-1.528,-0.01528,0.43777299
603014,威高血净,33.95,33.67,75175453.0,2222694.0,0.832,0.00832,0.75175453
603015,弘讯科技,10.67,10.49,67185877.0,6319122.0,1.716,0.017159999999999998,0.67185877
603016,新宏泰,29.14,29.44,59761849.0,2059800.0,-1.019,-0.01019,0.59761849
603017,中衡设计,9.42,9.35,37219801.0,3975700.0,0.749,0.00749,0.37219801
603018,华设集团,5.31,5.36,36733124.0,6931400.0,-0.933,-0.00933,0.36733124
603019,中科曙光,87.8,88.65,3956787021.0,45182019.0,-0.959,-0.00959,39.56787021
603020,爱普股份,10.11,10.1,61333349.0,6067700.0,0.099,0.00099,0.61333349
603022,新通联,8.45,8.37,25023186.0,2989600.0,0.956,0.009559999999999999,0.25023186
603023,威帝股份,3.87,3.87,44169598.0,11511342.0,0.0,0.0,0.44169598
603025,大豪科技,13.52,13.69,94996880.0,7001605.0,-1.242,-0.01242,0.9499688
603026,石大胜华,67.01,66.9,628913690.0,9406211.0,0.164,0.00164,6.2891369
603027,千禾味业,7.54,7.64,100151759.0,13302413.0,-1.309,-0.01309,1.00151759
603028,赛福天,6.68,6.65,26151543.0,3943000.0,0.451,0.00451,0.26151543
603029,天鹅股份,14.91,14.8,26510786.0,1788000.0,0.743,0.00743,0.26510786
603030,全筑股份,2.04,2.03,55287001.0,27463000.0,0.493,0.00493,0.55287001
603031,安孚科技,39.3,39.04,420769618.0,10760115.0,0.666,0.00666,4.20769618
603032,德新科技,19.1,18.98,201436257.0,10560650.0,0.632,0.00632,2.01436257
603033,三维股份,7.96,7.88,57093199.0,7193151.0,1.015,0.01015,0.57093199
603035,常熟汽饰,11.02,11.07,38523937.0,3509676.0,-0.452,-0.00452,0.38523937
603036,如通股份,13.01,12.79,85267223.0,6577600.0,1.72,0.0172,0.85267223
603037,凯众股份,10.29,10.3,32329620.0,3156840.0,-0.097,-0.00097,0.3232962
603038,华立股份,13.72,13.47,54353271.0,3969900.0,1.856,0.01856,0.54353271
603039,泛微网络,49.1,44.64,1885855890.0,39155112.0,9.991,0.09991,18.8585589
603040,新坐标,55.75,56.41,97007535.0,1725555.0,-1.17,-0.011699999999999999,0.97007535
603041,美思德,10.74,10.53,17175959.0,1612700.0,1.994,0.01994,0.17175959
603042,华脉科技,13.0,12.58,175406847.0,13580738.0,3.339,0.03339,1.75406847
603043,广州酒家,13.66,13.82,54259028.0,3981660.0,-1.158,-0.01158,0.54259028
603045,福达合金,54.2,53.56,650306113.0,12010566.0,1.195,0.01195,6.50306113
603048,浙江黎明,20.72,20.42,72741792.0,3465800.0,1.469,0.014690000000000002,0.72741792
603049,中策橡胶,49.12,48.94,98735562.0,2015486.0,0.368,0.00368,0.98735562
603050,科林电气,18.35,18.64,48798943.0,2656027.0,-1.556,-0.015560000000000001,0.48798943
603051,鹿山新材,20.52,20.04,113523959.0,5562639.0,2.395,0.02395,1.13523959
603052,可川科技,53.09,51.78,192129450.0,3673950.0,2.53,0.0253,1.9212945
603053,成都燃气,8.92,8.91,12185080.0,1371800.0,0.112,0.0011200000000000001,0.1218508
603055,台华新材,8.35,8.41,43526284.0,5225349.0,-0.713,-0.00713,0.43526284
603057,紫燕食品,22.31,22.81,46581185.0,2091329.0,-2.192,-0.021920000000000002,0.46581185
603058,永吉股份,10.07,10.02,177969287.0,17859924.0,0.499,0.00499,1.77969287
603059,倍加洁,24.22,24.07,29026345.0,1207025.0,0.623,0.00623,0.29026345
603060,国检集团,5.58,5.52,69741704.0,12382831.0,1.087,0.01087,0.69741704
603061,金海通,307.73,292.86,1642091492.0,5362125.0,5.078,0.050780000000000006,16.42091492
603062,麦加芯彩,38.2,38.15,11610997.0,303900.0,0.131,0.00131,0.11610997
603063,禾望电气,32.07,32.41,939974831.0,29202832.0,-1.049,-0.01049,9.39974831
603065,宿迁联盛,15.77,15.51,747394584.0,47659591.0,1.676,0.01676,7.47394584
603066,音飞储存,9.02,8.99,38408163.0,4286400.0,0.334,0.00334,0.38408163
603067,振华股份,33.23,33.63,760533466.0,22804012.0,-1.189,-0.011890000000000001,7.60533466
603068,博通集成,41.6,39.66,1200818412.0,30071510.0,4.892,0.048920000000000005,12.00818412
603069,海汽集团,13.41,13.51,49249944.0,3677000.0,-0.74,-0.0074,0.49249944
603070,万控智造,11.62,11.7,26303935.0,2277066.0,-0.684,-0.006840000000000001,0.26303935
603071,物产环能,11.98,11.98,42540604.0,3577300.0,0.0,0.0,0.42540604
603072,天和磁材,32.46,32.75,108048511.0,3289422.0,-0.885,-0.00885,1.08048511
603073,彩蝶实业,15.94,16.02,32955913.0,2084916.0,-0.499,-0.00499,0.32955913
603075,热威股份,19.18,18.95,44783459.0,2351819.0,1.214,0.01214,0.44783459
603076,乐惠国际,20.28,20.06,36276559.0,1794799.0,1.097,0.01097,0.36276559
603077,和邦生物,2.4,2.43,360210090.0,149615336.0,-1.235,-0.012350000000000002,3.6021009
603078,江化微,34.19,31.08,1082564805.0,32706377.0,10.006,0.10006,10.82564805
603079,圣达生物,11.48,11.41,25782712.0,2257000.0,0.613,0.00613,0.25782712
603080,新疆火炬,18.9,18.74,26055600.0,1383000.0,0.854,0.008539999999999999,0.260556
603081,大丰实业,9.56,9.05,123221468.0,13040500.0,5.635,0.05635,1.23221468
603082,北自科技,37.25,36.8,205371856.0,5550202.0,1.223,0.012230000000000001,2.05371856
603083,剑桥科技,152.8,149.56,3717161498.0,24782263.0,2.166,0.02166,37.17161498
603085,天成自控,10.2,9.94,112989655.0,11087246.0,2.616,0.026160000000000003,1.12989655
603086,先达股份,5.56,5.52,31943709.0,5788781.0,0.725,0.0072499999999999995,0.31943709
603087,甘李药业,68.2,70.4,602687116.0,8778015.0,-3.125,-0.03125,6.02687116
603088,宁波精达,9.25,9.39,53859620.0,5824720.0,-1.491,-0.014910000000000001,0.5385962
603089,正裕工业,8.76,8.63,14437850.0,1666400.0,1.506,0.01506,0.1443785
603090,宏盛股份,39.35,39.2,133275766.0,3431100.0,0.383,0.00383,1.33275766
603091,众鑫股份,49.36,48.86,30059994.0,609280.0,1.023,0.01023,0.30059994
603092,德力佳,49.48,50.0,79645599.0,1608483.0,-1.04,-0.0104,0.79645599
603093,南华期货,18.03,18.19,192775852.0,10658400.0,-0.88,-0.0088,1.92775852
603095,越剑智能,13.1,12.91,43842417.0,3373862.0,1.472,0.01472,0.43842417
603096,新经典,14.77,14.62,24406765.0,1658023.0,1.026,0.01026,0.24406765
603097,江苏华辰,21.0,20.55,118053851.0,5737840.0,2.19,0.0219,1.18053851
603098,森特股份,10.18,10.19,43751706.0,4329100.0,-0.098,-0.00098,0.43751706
603099,长白山,38.75,38.6,188342114.0,4871758.0,0.389,0.0038900000000000002,1.88342114
603100,川仪股份,18.41,18.75,72902308.0,3935145.0,-1.813,-0.01813,0.72902308
603101,汇嘉时代,7.37,7.31,61510092.0,8396440.0,0.821,0.00821,0.61510092
603102,百合股份,34.1,33.75,19584149.0,579050.0,1.037,0.010369999999999999,0.19584149
603103,横店影视,15.11,15.21,75904440.0,5030050.0,-0.657,-0.00657,0.7590444
603105,芯能科技,7.19,7.3,63251898.0,8827449.0,-1.507,-0.015069999999999998,0.63251898
603106,恒银科技,10.04,9.13,1163964192.0,121973926.0,9.967,0.09967000000000001,11.63964192
603107,上海汽配,12.09,12.29,44251223.0,3651900.0,-1.627,-0.01627,0.44251223
603108,润达医疗,10.47,10.49,293979320.0,27714844.0,-0.191,-0.00191,2.9397932
603109,神驰机电,16.97,17.12,24026783.0,1417480.0,-0.876,-0.00876,0.24026783
603110,东方材料,24.88,24.09,429881923.0,17421800.0,3.279,0.03279,4.29881923
603111,康尼机电,5.79,5.82,26063202.0,4513850.0,-0.515,-0.00515,0.26063202
603112,华翔股份,15.2,15.22,69827626.0,4602222.0,-0.131,-0.00131,0.69827626
603113,金能科技,4.55,4.49,39709097.0,8812380.0,1.336,0.01336,0.39709097
603115,海星股份,79.93,77.58,1014503186.0,12845200.0,3.029,0.030289999999999997,10.14503186
603116,红蜻蜓,5.96,5.9,90324214.0,14868380.0,1.017,0.010169999999999998,0.90324214
603117,万林物流,3.67,3.63,39093234.0,10763280.0,1.102,0.01102,0.39093234
603118,共进股份,14.78,14.4,1741086122.0,120036671.0,2.639,0.026389999999999997,17.41086122
603119,浙江荣泰,53.6,53.71,578004070.0,10794437.0,-0.205,-0.0020499999999999997,5.7800407
603120,肯特催化,48.35,47.59,139324375.0,2908514.0,1.597,0.015969999999999998,1.39324375
603121,华培动力,12.02,12.07,56637558.0,4720735.0,-0.414,-0.00414,0.56637558
603122,合富中国,12.39,11.26,312219967.0,26316050.0,10.036,0.10035999999999999,3.12219967
603123,翠微股份,10.07,9.15,419857707.0,42925722.0,10.055,0.10055,4.19857707
603124,江南新材,128.78,118.7,1067771275.0,8484100.0,8.492,0.08492000000000001,10.67771275
603125,常青科技,23.0,22.61,207502283.0,9106364.0,1.725,0.01725,2.07502283
603126,中材节能,6.03,6.02,42592042.0,7121000.0,0.166,0.00166,0.42592042
603127,昭衍新药,46.26,46.3,2012812828.0,43544421.0,-0.086,-0.00086,20.12812828
603128,华贸物流,5.3,5.32,56377048.0,10684600.0,-0.376,-0.00376,0.56377048
603129,春风动力,294.46,298.56,602358147.0,2055072.0,-1.373,-0.01373,6.02358147
603130,云中马,40.53,41.0,78709026.0,1926400.0,-1.146,-0.01146,0.78709026
603131,上海沪工,15.55,15.36,117597421.0,7590217.0,1.237,0.01237,1.17597421
603132,金徽股份,19.21,18.34,382154545.0,20013956.0,4.744,0.047439999999999996,3.82154545
603135,中重科技,9.55,9.36,86183940.0,9094093.0,2.03,0.0203,0.8618394
603136,天目湖,8.94,8.9,22473946.0,2528895.0,0.449,0.00449,0.22473946
603137,恒尚节能,25.0,26.17,665296271.0,26242744.0,-4.471,-0.04471,6.65296271
603138,海量数据,13.51,13.54,115575966.0,8477756.0,-0.222,-0.00222,1.15575966
603139,康惠股份,36.25,34.93,81836369.0,2286900.0,3.779,0.03779,0.81836369
603150,万朗磁塑,50.33,49.83,67976084.0,1363643.0,1.003,0.010029999999999999,0.67976084
603151,邦基科技,12.61,12.43,37387089.0,2988200.0,1.448,0.01448,0.37387089
603153,上海建科,13.34,13.34,18583023.0,1399715.0,0.0,0.0,0.18583023
603155,新亚强,13.6,13.17,157583644.0,11707750.0,3.265,0.03265,1.57583644
603156,养元饮品,45.98,45.07,542997468.0,11819158.0,2.019,0.02019,5.42997468
603158,腾龙股份,10.34,10.6,229436518.0,22028950.0,-2.453,-0.02453,2.29436518
603159,上海亚虹,19.15,18.58,55650364.0,2958100.0,3.068,0.03068,0.55650364
603160,汇顶科技,52.25,53.27,319537246.0,6105970.0,-1.915,-0.01915,3.19537246
603161,科华控股,14.07,14.4,63029021.0,4500365.0,-2.292,-0.02292,0.63029021
603162,海通发展,11.59,11.19,508730247.0,44390447.0,3.575,0.035750000000000004,5.08730247
603163,圣晖集成,80.54,77.87,300924568.0,3762866.0,3.429,0.03429,3.00924568
603165,荣晟环保,13.8,13.87,45959491.0,3352401.0,-0.505,-0.00505,0.45959491
603166,福达股份,11.59,11.84,226857825.0,19794140.0,-2.111,-0.021110000000000004,2.26857825
603167,渤海轮渡,8.72,8.78,28015045.0,3209000.0,-0.683,-0.00683,0.28015045
603168,莎普爱思,5.35,5.31,31140067.0,5867090.0,0.753,0.00753,0.31140067
603169,兰石重装,6.98,7.09,115313708.0,16378513.0,-1.551,-0.01551,1.15313708
603170,宝立食品,13.01,13.13,39087021.0,3014700.0,-0.914,-0.00914,0.39087021
603171,税友股份,49.68,50.0,914126832.0,18136805.0,-0.64,-0.0064,9.14126832
603172,万丰股份,16.97,16.84,22231012.0,1321500.0,0.772,0.00772,0.22231012
603173,福斯达,32.08,32.38,49145934.0,1539900.0,-0.926,-0.009260000000000001,0.49145934
603175,超颖电子,83.05,83.76,206156420.0,2482510.0,-0.848,-0.00848,2.0615642
603176,汇通集团,4.58,4.53,18655280.0,4107500.0,1.104,0.011040000000000001,0.1865528
603177,德创环保,9.1,8.92,34559075.0,3832500.0,2.018,0.020179999999999997,0.34559075
603178,圣龙股份,16.95,17.64,275615381.0,16209225.0,-3.912,-0.03912,2.75615381
603179,新泉股份,38.84,39.72,690356722.0,17773392.0,-2.216,-0.022160000000000003,6.90356722
603180,金牌家居,14.93,14.75,12782170.0,864198.0,1.22,0.012199999999999999,0.1278217
603181,皇马科技,13.23,13.23,79691297.0,6014403.0,0.0,0.0,0.79691297
603182,嘉华股份,12.18,12.06,20443126.0,1689490.0,0.995,0.00995,0.20443126
603183,建研院,4.57,4.44,157515742.0,34853982.0,2.928,0.02928,1.57515742
603185,弘元绿能,16.51,16.3,432980567.0,25788152.0,1.288,0.01288,4.32980567
603186,华正新材,130.0,119.31,3047448010.0,23882175.0,8.96,0.08960000000000001,30.4744801
603187,海容冷链,11.95,12.02,76562893.0,6429000.0,-0.582,-0.00582,0.76562893
603188,亚邦股份,4.06,4.01,34407605.0,8548550.0,1.247,0.012470000000000002,0.34407605
603190,亚通精工,16.4,16.36,23437553.0,1435030.0,0.244,0.00244,0.23437553
603191,望变电气,14.04,14.24,113985634.0,8131813.0,-1.404,-0.014039999999999999,1.13985634
603192,汇得科技,22.33,22.67,55760912.0,2488480.0,-1.5,-0.015,0.55760912
603193,润本股份,21.13,21.41,62929575.0,2983300.0,-1.308,-0.013080000000000001,0.62929575
603194,中力股份,34.26,34.92,58706277.0,1705885.0,-1.89,-0.0189,0.58706277
603195,公牛集团,40.78,41.49,177346079.0,4343433.0,-1.711,-0.01711,1.77346079
603196,璞源材料,20.99,20.14,56762674.0,2769900.0,4.22,0.042199999999999994,0.56762674
603197,保隆科技,30.31,30.37,96561537.0,3175440.0,-0.198,-0.00198,0.96561537
603198,迎驾贡酒,36.88,36.81,208207680.0,5673756.0,0.19,0.0019,2.0820768
603199,九华旅游,32.38,32.36,41728254.0,1292900.0,0.062,0.00062,0.41728254
603200,上海洗霸,37.79,38.18,271441142.0,7136669.0,-1.021,-0.010209999999999999,2.71441142
603201,常润股份,17.3,17.6,277909708.0,15595865.0,-1.705,-0.01705,2.77909708
603202,天有为,53.26,54.07,62359641.0,1168224.0,-1.498,-0.01498,0.62359641
603203,快克智能,42.86,41.79,568566919.0,13369639.0,2.56,0.0256,5.68566919
603205,健尔康,21.16,21.04,14283164.0,679930.0,0.57,0.005699999999999999,0.14283164
603206,嘉环科技,15.04,15.54,221806784.0,14623076.0,-3.218,-0.03218,2.21806784
603207,小方制药,22.5,22.5,27661052.0,1233083.0,0.0,0.0,0.27661052
603208,江山欧派,10.98,10.89,17317576.0,1593236.0,0.826,0.00826,0.17317576
603209,兴通股份,13.71,13.67,37460811.0,2741570.0,0.293,0.00293,0.37460811
603210,泰鸿万立,13.56,13.7,36633899.0,2701000.0,-1.022,-0.01022,0.36633899
603211,晋拓股份,26.1,25.6,229328800.0,8786308.0,1.953,0.019530000000000002,2.293288
603212,赛伍技术,11.21,11.22,113480357.0,10147677.0,-0.089,-0.00089,1.13480357
603213,镇洋发展,14.07,13.86,40171230.0,2874752.0,1.515,0.015149999999999999,0.4017123
603214,爱婴室,13.47,13.34,34070445.0,2543480.0,0.975,0.00975,0.34070445
603215,比依股份,14.14,14.05,15650257.0,1116700.0,0.641,0.00641,0.15650257
603216,梦天家居,21.05,20.96,96234597.0,4583900.0,0.429,0.0042899999999999995,0.96234597
603217,元利科技,22.75,22.57,83541389.0,3688440.0,0.798,0.007980000000000001,0.83541389
603218,日月股份,10.08,10.13,77652992.0,7713800.0,-0.494,-0.00494,0.77652992
603219,富佳股份,14.69,14.91,62997697.0,4228344.0,-1.476,-0.01476,0.62997697
603220,中贝通信,20.29,19.58,1093093561.0,54211479.0,3.626,0.03626,10.93093561
603221,爱丽家居,24.79,22.54,396490928.0,16003986.0,9.982,0.09981999999999999,3.96490928
603222,济民健康,8.59,8.55,474451383.0,56322457.0,0.468,0.00468,4.74451383
603223,恒通股份,11.04,10.91,105761049.0,9597885.0,1.192,0.01192,1.05761049
603225,新凤鸣,19.69,19.25,293190526.0,15036983.0,2.286,0.022860000000000002,2.93190526
603226,菲林格尔,48.28,47.53,93112043.0,1947000.0,1.578,0.015780000000000002,0.93112043
603227,雪峰科技,7.66,7.67,57261413.0,7493100.0,-0.13,-0.0013,0.57261413
603228,景旺电子,86.32,78.47,3941005536.0,46534187.0,10.004,0.10003999999999999,39.41005536
603229,奥翔药业,7.74,7.77,38167388.0,4950976.0,-0.386,-0.00386,0.38167388
603230,内蒙新华,9.1,9.11,11998264.0,1327400.0,-0.11,-0.0011,0.11998264
603231,索宝蛋白,15.28,15.05,28584903.0,1894351.0,1.528,0.01528,0.28584903
603232,格尔软件,15.72,15.66,178415021.0,11312000.0,0.383,0.00383,1.78415021
603233,大参林,17.91,18.26,155702094.0,8642848.0,-1.917,-0.01917,1.55702094
603235,天新药业,23.7,23.6,7546602.0,320700.0,0.424,0.00424,0.07546602
603236,移远通信,49.52,47.32,744349838.0,15162120.0,4.649,0.046490000000000004,7.44349838
603237,五芳斋,14.15,14.4,13542367.0,962820.0,-1.736,-0.01736,0.13542367
603238,诺邦股份,11.93,11.79,29922728.0,2535100.0,1.187,0.01187,0.29922728
603239,浙江仙通,14.32,14.62,46084956.0,3208704.0,-2.052,-0.02052,0.46084956
603248,锡华科技,18.98,19.19,71573098.0,3750601.0,-1.094,-0.01094,0.71573098
603255,鼎际得,27.24,27.04,31807393.0,1172332.0,0.74,0.0074,0.31807393
603256,宏和科技,148.74,138.11,4579470197.0,31655089.0,7.697,0.07697,45.79470197
603257,中国瑞林,66.5,65.9,78173539.0,1187009.0,0.91,0.0091,0.78173539
603258,电魂网络,13.33,13.44,49010042.0,3650706.0,-0.818,-0.00818,0.49010042
603259,药明康德,142.7,147.5,11197821427.0,77509417.0,-3.254,-0.03254,111.97821427
603260,合盛硅业,35.11,35.21,442086294.0,12559706.0,-0.284,-0.0028399999999999996,4.42086294
603261,立航科技,50.45,51.16,165715237.0,3224600.0,-1.388,-0.013879999999999998,1.65715237
603262,技源集团,20.44,19.34,198826275.0,9975155.0,5.688,0.05688,1.98826275
603266,天龙股份,15.79,15.85,26994616.0,1711281.0,-0.379,-0.00379,0.26994616
603267,鸿远电子,51.4,52.19,651335058.0,12668609.0,-1.514,-0.01514,6.51335058
603268,松发股份,180.0,172.87,2397942283.0,13319988.0,4.124,0.04124,23.97942283
603269,海鸥股份,13.6,12.56,491878643.0,36687812.0,8.28,0.0828,4.91878643
603270,金帝股份,27.01,25.28,181906779.0,6910839.0,6.843,0.06843,1.81906779
603271,永杰新材,43.15,43.12,71643435.0,1658153.0,0.07,0.0007000000000000001,0.71643435
603273,天元智能,14.07,14.04,25875477.0,1851300.0,0.214,0.00214,0.25875477
603275,众辰科技,36.61,36.59,28060371.0,767899.0,0.055,0.00055,0.28060371
603276,恒兴新材,15.17,15.17,43927479.0,2893050.0,0.0,0.0,0.43927479
603277,银都股份,10.7,10.78,15387118.0,1446917.0,-0.742,-0.0074199999999999995,0.15387118
603278,大业股份,9.49,9.43,175570104.0,18585807.0,0.636,0.00636,1.75570104
603279,景津装备,12.98,13.06,71018192.0,5476740.0,-0.613,-0.00613,0.71018192
603280,南方路机,25.66,25.69,28903446.0,1125700.0,-0.117,-0.00117,0.28903446
603281,江瀚新材,21.24,21.03,62756758.0,2962471.0,0.999,0.00999,0.62756758
603282,亚光股份,14.57,14.47,14096905.0,969800.0,0.691,0.0069099999999999995,0.14096905
603283,赛腾股份,42.98,41.96,963794651.0,22700728.0,2.431,0.024310000000000002,9.63794651
603284,林平发展,39.45,38.77,63371525.0,1622374.0,1.754,0.01754,0.63371525
603285,键邦股份,35.86,32.6,155953895.0,4463389.0,10.0,0.1,1.55953895
603286,日盈电子,41.21,41.33,165438589.0,3988500.0,-0.29,-0.0029,1.65438589
603288,海天味业,36.55,36.97,617802423.0,16852505.0,-1.136,-0.011359999999999999,6.17802423
603289,泰瑞机器,8.3,8.22,27082995.0,3293850.0,0.973,0.009729999999999999,0.27082995
603290,斯达半导,86.35,86.33,662047733.0,7680752.0,0.023,0.00023,6.62047733
603291,联合水务,8.84,8.72,39179905.0,4432000.0,1.376,0.01376,0.39179905
603293,埃泰克,37.18,37.49,74724168.0,2010553.0,-0.827,-0.00827,0.74724168
603296,华勤技术,81.23,80.04,2252478484.0,27973542.0,1.487,0.014870000000000001,22.52478484
603297,永新光学,105.07,102.22,334118385.0,3195509.0,2.788,0.02788,3.34118385
603298,杭叉集团,26.4,27.23,249552812.0,9377417.0,-3.048,-0.03048,2.49552812
603299,苏盐井神,9.14,9.26,45103518.0,4927010.0,-1.296,-0.012960000000000001,0.45103518
603300,海南华铁,5.03,5.11,223556480.0,44071245.0,-1.566,-0.01566,2.2355648
603301,振德医疗,87.33,87.78,171232143.0,1945227.0,-0.513,-0.00513,1.71232143
603303,得邦照明,20.42,19.93,61108478.0,3003518.0,2.459,0.02459,0.61108478
603305,旭升集团,11.88,12.03,242711336.0,20382921.0,-1.247,-0.012470000000000002,2.42711336
603306,华懋科技,67.5,67.46,1196202791.0,17800896.0,0.059,0.0005899999999999999,11.96202791
603307,扬州金泉,24.04,23.85,14533048.0,606615.0,0.797,0.00797,0.14533048
603308,应流股份,48.07,47.69,911315449.0,19059917.0,0.797,0.00797,9.11315449
603309,维力医疗,11.57,11.66,85009880.0,7396645.0,-0.772,-0.00772,0.8500988
603310,巍华新材,14.9,14.71,32150851.0,2177212.0,1.292,0.012920000000000001,0.32150851
603311,金海高科,29.22,28.16,144597844.0,5064700.0,3.764,0.03764,1.44597844
603312,西典新能,31.91,32.21,38981432.0,1210949.0,-0.931,-0.00931,0.38981432
603313,梦百合,6.11,5.85,183798557.0,30676363.0,4.444,0.04444,1.83798557
603315,福鞍股份,12.32,12.3,80496914.0,6557600.0,0.163,0.0016300000000000002,0.80496914
603316,诚邦股份,13.74,13.46,176163261.0,12979200.0,2.08,0.0208,1.76163261
603317,天味食品,14.27,14.83,255178437.0,17736293.0,-3.776,-0.037759999999999995,2.55178437
603318,水发燃气,9.26,8.98,495003200.0,54326728.0,3.118,0.03118,4.950032
603319,美湖股份,26.4,25.05,510390360.0,19633307.0,5.389,0.05389,5.1039036
603320,迪贝电气,16.77,16.54,26514336.0,1593800.0,1.391,0.01391,0.26514336
603321,梅轮电梯,6.12,6.08,17386885.0,2855607.0,0.658,0.00658,0.17386885
603322,超讯科技,27.32,27.29,144880450.0,5309600.0,0.11,0.0011,1.4488045
603323,苏农银行,4.28,4.29,151288943.0,35458685.0,-0.233,-0.00233,1.51288943
603324,盛剑科技,26.93,26.24,159141913.0,5999550.0,2.63,0.0263,1.59141913
603325,博隆技术,53.59,53.88,14648469.0,274000.0,-0.538,-0.00538,0.14648469
603326,我乐家居,6.64,6.52,24083710.0,3684300.0,1.84,0.0184,0.2408371
603327,福蓉科技,9.15,9.2,300854548.0,32992821.0,-0.543,-0.005430000000000001,3.00854548
603328,依顿电子,9.86,9.93,159307008.0,16140937.0,-0.705,-0.00705,1.59307008
603329,上海雅仕,10.03,9.84,36272078.0,3658150.0,1.931,0.01931,0.36272078
603330,天洋新材,7.59,7.2,207935304.0,27566156.0,5.417,0.054169999999999996,2.07935304
603331,百达精工,12.33,11.96,67207382.0,5535400.0,3.094,0.03094,0.67207382
603332,苏州龙杰,11.0,10.85,39549677.0,3615682.0,1.382,0.013819999999999999,0.39549677
603333,福华尚纬,9.17,8.65,366906318.0,40791001.0,6.012,0.06011999999999999,3.66906318
603334,丰倍生物,32.94,32.93,49071932.0,1492267.0,0.03,0.0003,0.49071932
603335,迪生力,6.84,6.69,216065727.0,32194391.0,2.242,0.02242,2.16065727
603336,宏辉果蔬,10.18,9.84,355599612.0,34666366.0,3.455,0.03455,3.55599612
603337,杰克科技,44.91,46.28,301687687.0,6704888.0,-2.96,-0.0296,3.01687687
603338,浙江鼎力,56.66,56.99,279739856.0,4948738.0,-0.579,-0.00579,2.79739856
603339,四方科技,13.94,13.7,150434596.0,10881891.0,1.752,0.01752,1.50434596
603341,龙旗科技,36.58,36.83,313196267.0,8541437.0,-0.679,-0.006790000000000001,3.13196267
603344,星德胜,22.61,22.58,32688034.0,1456096.0,0.133,0.00133,0.32688034
603345,安井食品,84.02,85.11,490697315.0,5835050.0,-1.281,-0.012809999999999998,4.90697315
603348,文灿股份,14.43,14.57,59390329.0,4128277.0,-0.961,-0.00961,0.59390329
603350,安乃达,27.5,27.63,17275404.0,629607.0,-0.471,-0.00471,0.17275404
603351,威尔药业,24.93,24.1,32690012.0,1326500.0,3.444,0.03444,0.32690012
603352,至信股份,27.01,27.44,107835206.0,3909220.0,-1.567,-0.01567,1.07835206
603353,和顺石油,29.72,29.54,92474352.0,3125100.0,0.609,0.00609,0.92474352
603355,莱克电气,28.4,29.03,64880336.0,2269099.0,-2.17,-0.0217,0.64880336
603356,华菱精工,15.7,15.78,35573812.0,2276600.0,-0.507,-0.00507,0.35573812
603357,设计总院,6.09,6.08,17739170.0,2937472.0,0.164,0.00164,0.1773917
603358,华达科技,42.03,41.73,465621472.0,11105649.0,0.719,0.007189999999999999,4.65621472
603360,百傲化学,13.56,13.77,150696689.0,11046798.0,-1.525,-0.01525,1.50696689
603363,傲农生物,2.87,2.87,79557093.0,27967100.0,0.0,0.0,0.79557093
603365,水星家纺,17.95,17.83,22575166.0,1269513.0,0.673,0.006730000000000001,0.22575166
603366,日出东方,6.85,6.9,66722272.0,9754266.0,-0.725,-0.0072499999999999995,0.66722272
603367,辰欣药业,14.7,14.54,254878439.0,17475070.0,1.1,0.011000000000000001,2.54878439
603368,柳药集团,15.51,15.45,59933491.0,3893999.0,0.388,0.00388,0.59933491
603369,今世缘,27.08,27.45,386394879.0,14255964.0,-1.348,-0.01348,3.86394879
603370,华新精科,34.36,35.26,33554586.0,974771.0,-2.552,-0.02552,0.33554586
603373,安邦护卫,37.84,37.76,120326964.0,3210579.0,0.212,0.00212,1.20326964
603375,盛景微,37.09,35.78,96497280.0,2649312.0,3.661,0.036610000000000004,0.9649728
603376,大明电子,25.85,26.45,47791942.0,1842535.0,-2.268,-0.02268,0.47791942
603379,三美股份,65.75,63.03,806836528.0,12523298.0,4.315,0.04315,8.06836528
603380,易德龙,32.91,32.61,85057408.0,2596711.0,0.92,0.0092,0.85057408
603381,永臻股份,14.87,15.0,55294103.0,3741500.0,-0.867,-0.00867,0.55294103
603382,海阳科技,18.29,18.25,41555935.0,2280500.0,0.219,0.00219,0.41555935
603383,顶点软件,30.41,30.68,157972972.0,5157234.0,-0.88,-0.0088,1.57972972
603385,惠达卫浴,5.24,5.17,16767472.0,3236320.0,1.354,0.013540000000000002,0.16767472
603386,骏亚科技,12.77,12.36,91970997.0,7313200.0,3.317,0.033170000000000005,0.91970997
603387,基蛋生物,8.97,8.9,79808036.0,8978891.0,0.787,0.00787,0.79808036
603389,亚振家居,46.08,44.96,105591481.0,2313000.0,2.491,0.02491,1.05591481
603390,通达电气,10.09,10.02,57663434.0,5749150.0,0.699,0.00699,0.57663434
603391,力聚热能,60.25,60.58,155978764.0,2623300.0,-0.545,-0.00545,1.55978764
603392,万泰生物,29.2,29.97,164664208.0,5622516.0,-2.569,-0.02569,1.64664208
603393,新天然气,25.8,25.4,148117136.0,5764668.0,1.575,0.01575,1.48117136
603395,红四方,22.39,22.68,65432082.0,2921278.0,-1.279,-0.01279,0.65432082
603396,金辰股份,24.36,24.57,57199121.0,2353700.0,-0.855,-0.00855,0.57199121
603399,永杉锂业,15.69,15.75,916967784.0,58437228.0,-0.381,-0.00381,9.16967784
603400,华之杰,44.54,44.97,262745604.0,5935712.0,-0.956,-0.009559999999999999,2.62745604
603402,陕西旅游,65.2,65.76,110335907.0,1688138.0,-0.852,-0.00852,1.10335907
603406,天富龙,27.0,27.1,24898096.0,922026.0,-0.369,-0.00369,0.24898096
603407,长裕集团,63.51,62.63,545671609.0,8580621.0,1.405,0.01405,5.45671609
603408,建霖家居,10.54,10.41,38637341.0,3686800.0,1.249,0.012490000000000001,0.38637341
603409,汇通控股,17.41,17.41,28701547.0,1650065.0,0.0,0.0,0.28701547
603416,信捷电气,51.37,51.82,95193183.0,1845600.0,-0.868,-0.00868,0.95193183
603418,友升股份,43.71,44.63,43712815.0,995249.0,-2.061,-0.02061,0.43712815
603421,鼎信通讯,6.41,5.83,223021149.0,35933730.0,9.949,0.09949,2.23021149
603435,嘉德利,53.65,53.21,405237242.0,7562719.0,0.827,0.00827,4.05237242
603439,三力制药,11.09,10.8,108785126.0,9889625.0,2.685,0.02685,1.08785126
603444,吉比特,383.52,392.0,866889142.0,2235980.0,-2.163,-0.021629999999999996,8.66889142
603456,九洲药业,15.18,15.46,340286739.0,22227718.0,-1.811,-0.01811,3.40286739
603458,勘设股份,9.35,9.18,135790759.0,14715894.0,1.852,0.018520000000000002,1.35790759
603459,红板科技,95.98,91.55,2071532894.0,21916955.0,4.839,0.04839,20.71532894
603466,风语筑,11.4,11.38,580471259.0,51212307.0,0.176,0.0017599999999999998,5.80471259
603477,巨星农牧,14.96,14.95,211045033.0,14225299.0,0.067,0.00067,2.11045033
603486,科沃斯,58.4,59.91,299411881.0,5084624.0,-2.52,-0.0252,2.99411881
603488,展鹏科技,8.56,8.46,60387513.0,7148350.0,1.182,0.011819999999999999,0.60387513
603489,八方股份,26.71,26.66,59336773.0,2220400.0,0.188,0.00188,0.59336773
603496,恒为科技,25.96,25.96,487009079.0,18736679.0,0.0,0.0,4.87009079
603499,翔港科技,12.13,11.97,60101838.0,4963544.0,1.337,0.01337,0.60101838
603500,祥和实业,9.58,9.57,101062119.0,10636004.0,0.104,0.00104,1.01062119
603501,豪威集团,89.65,90.83,2218841474.0,24838079.0,-1.299,-0.01299,22.18841474
603505,金石资源,17.02,16.68,327600613.0,19513160.0,2.038,0.02038,3.27600613
603506,南都物业,10.15,10.05,19769097.0,1962514.0,0.995,0.00995,0.19769097
603507,振江股份,24.33,24.27,201184634.0,8315148.0,0.247,0.00247,2.01184634
603508,思维列控,23.13,23.37,96247949.0,4167316.0,-1.027,-0.01027,0.96247949
603511,爱慕股份,11.9,11.84,13701361.0,1155900.0,0.507,0.00507,0.13701361
603515,欧普照明,17.11,17.21,23963581.0,1407463.0,-0.581,-0.005809999999999999,0.23963581
603516,淳中科技,98.32,98.8,533593805.0,5429807.0,-0.486,-0.00486,5.33593805
603518,锦泓集团,7.93,7.91,42307499.0,5375684.0,0.253,0.00253,0.42307499
603519,立霸股份,15.21,15.66,136227824.0,8989387.0,-2.874,-0.02874,1.36227824
603520,司太立,8.84,8.92,70337454.0,7955658.0,-0.897,-0.00897,0.70337454
603527,众源新材,9.82,9.65,72165045.0,7403606.0,1.762,0.01762,0.72165045
603528,多伦科技,6.4,6.37,90422232.0,14076012.0,0.471,0.00471,0.90422232
603529,爱玛科技,21.04,21.43,126041839.0,5980035.0,-1.82,-0.0182,1.26041839
603530,神马电力,45.05,45.14,116638555.0,2612663.0,-0.199,-0.00199,1.16638555
603533,掌阅科技,23.11,23.73,633668910.0,27218300.0,-2.613,-0.02613,6.3366891
603535,嘉诚国际,6.44,6.48,21938593.0,3412300.0,-0.617,-0.00617,0.21938593
603536,惠发食品,9.05,9.03,38099983.0,4226940.0,0.221,0.00221,0.38099983
603538,美诺华,27.39,27.57,1468415712.0,53460042.0,-0.653,-0.00653,14.68415712
603551,奥普科技,9.43,9.44,15081000.0,1606200.0,-0.106,-0.00106,0.15081
603556,海兴电力,27.07,26.22,494722376.0,18333971.0,3.242,0.03242,4.94722376
603558,健盛集团,12.89,12.76,65751425.0,5150320.0,1.019,0.01019,0.65751425
603559,中通国脉,9.44,9.07,207952977.0,22348300.0,4.079,0.04079,2.07952977
603565,中谷物流,10.49,10.64,140821286.0,13429504.0,-1.41,-0.0141,1.40821286
603566,普莱柯,10.13,10.29,58669078.0,5802100.0,-1.555,-0.01555,0.58669078
603567,珍宝岛,6.44,6.6,560688693.0,87047164.0,-2.424,-0.024239999999999998,5.60688693
603568,伟明环保,15.44,15.41,226248328.0,14856260.0,0.195,0.0019500000000000001,2.26248328
603569,长久物流,5.81,5.82,20151292.0,3488950.0,-0.172,-0.00172,0.20151292
603577,汇金通,9.88,10.01,80657995.0,8190700.0,-1.299,-0.01299,0.80657995
603578,三星新材,11.9,11.85,47529371.0,3989694.0,0.422,0.00422,0.47529371
603579,荣泰健康,18.06,18.04,39635094.0,2211100.0,0.111,0.00111,0.39635094
603580,艾艾精工,53.7,56.22,673617460.0,12551852.0,-4.482,-0.04482,6.7361746
603583,捷昌驱动,24.23,24.45,118443607.0,4889641.0,-0.9,-0.009000000000000001,1.18443607
603585,苏利股份,10.11,10.08,34641467.0,3449734.0,0.298,0.00298,0.34641467
603586,金麒麟,13.35,13.26,18578449.0,1400100.0,0.679,0.006790000000000001,0.18578449
603587,地素时尚,11.48,11.53,24257415.0,2116790.0,-0.434,-0.00434,0.24257415
603588,高能环境,14.02,14.13,1007471865.0,71080442.0,-0.778,-0.0077800000000000005,10.07471865
603589,口子窖,19.96,20.08,178815113.0,8971400.0,-0.598,-0.00598,1.78815113
603590,康辰药业,30.75,30.55,87325506.0,2859100.0,0.655,0.00655,0.87325506
603596,伯特利,27.5,27.04,640385613.0,23652005.0,1.701,0.01701,6.40385613
603598,引力传媒,18.07,18.3,432606548.0,23912913.0,-1.257,-0.01257,4.32606548
603599,广信股份,10.42,10.42,91974731.0,8858803.0,0.0,0.0,0.91974731
603600,永艺股份,9.56,9.57,30144062.0,3166300.0,-0.104,-0.00104,0.30144062
603601,再升科技,9.7,9.16,1999273349.0,206433234.0,5.895,0.058949999999999995,19.99273349
603602,纵横通信,11.49,11.05,147497768.0,12734090.0,3.982,0.03982,1.47497768
603605,珀莱雅,57.9,58.9,304802646.0,5251564.0,-1.698,-0.01698,3.04802646
603606,东方电缆,38.88,39.79,756280276.0,19450122.0,-2.287,-0.022869999999999998,7.56280276
603607,京华激光,22.02,22.04,104516721.0,4749340.0,-0.091,-0.00091,1.04516721
603608,天创时尚,19.1,18.52,316046995.0,16626150.0,3.132,0.03132,3.16046995
603609,禾丰股份,6.21,6.2,11898809.0,1928600.0,0.161,0.00161,0.11898809
603610,麒盛科技,15.15,15.18,103172900.0,6806466.0,-0.198,-0.00198,1.031729
603611,诺力股份,17.19,17.26,37553994.0,2184360.0,-0.406,-0.00406,0.37553994
603612,索通发展,16.83,17.13,195510380.0,11581300.0,-1.751,-0.017509999999999998,1.9551038
603613,国联股份,19.63,19.94,237300850.0,11931104.0,-1.555,-0.01555,2.3730085
603615,茶花股份,16.28,15.88,44312278.0,2750460.0,2.519,0.02519,0.44312278
603616,韩建河山,5.28,5.15,72847580.0,14046300.0,2.524,0.02524,0.7284758
603617,君禾股份,7.02,6.88,76062594.0,10995744.0,2.035,0.02035,0.76062594
603618,杭电股份,26.51,26.22,2732802077.0,103421065.0,1.106,0.01106,27.32802077
603619,中曼石油,22.43,21.29,1013332937.0,46025496.0,5.355,0.05355000000000001,10.13332937
603626,科森科技,15.68,15.11,758012155.0,49249450.0,3.772,0.03772,7.58012155
603628,清源股份,9.5,9.5,28894062.0,3061800.0,0.0,0.0,0.28894062
603629,利通电子,122.52,112.65,9273563272.0,76776423.0,8.762,0.08762,92.73563272
603630,拉芳家化,14.97,15.1,91141565.0,6090950.0,-0.861,-0.00861,0.91141565
603633,徕木股份,6.27,6.16,50852408.0,8231704.0,1.786,0.01786,0.50852408
603636,南威软件,7.24,7.2,110710302.0,15297765.0,0.556,0.005560000000000001,1.10710302
603637,镇海股份,12.92,12.85,89455829.0,6942400.0,0.545,0.00545,0.89455829
603638,艾迪精密,19.99,20.23,186936727.0,9306327.0,-1.186,-0.011859999999999999,1.86936727
603639,海利尔,10.61,10.59,18241305.0,1731600.0,0.189,0.00189,0.18241305
603648,畅联股份,9.18,9.1,19647260.0,2160600.0,0.879,0.00879,0.1964726
603650,彤程新材,62.16,58.13,1691259113.0,28146587.0,6.933,0.06933,16.91259113
603655,朗博科技,27.31,26.48,37838374.0,1397800.0,3.134,0.03134,0.37838374
603656,泰禾智能,17.65,17.69,39531706.0,2218700.0,-0.226,-0.00226,0.39531706
603657,春光科技,28.17,26.14,207642863.0,7579824.0,7.766,0.07766,2.07642863
603658,安图生物,32.01,32.66,98405498.0,3065092.0,-1.99,-0.0199,0.98405498
603659,璞泰来,24.0,24.61,726235607.0,30120788.0,-2.479,-0.02479,7.26235607
603660,苏州科达,10.9,10.46,346583791.0,31882191.0,4.207,0.042069999999999996,3.46583791
603661,恒林股份,31.55,31.89,69256604.0,2195900.0,-1.066,-0.010660000000000001,0.69256604
603662,柯力传感,53.86,54.25,329730733.0,6110115.0,-0.719,-0.007189999999999999,3.29730733
603663,三祥新材,39.31,37.26,1689129981.0,43793716.0,5.502,0.05502,16.89129981
603665,康隆达,22.16,22.2,34236990.0,1549296.0,-0.18,-0.0018,0.3423699
603666,亿嘉和,25.8,24.64,183818198.0,7106279.0,4.708,0.047080000000000004,1.83818198
603667,五洲新春,55.13,55.0,933757629.0,16907674.0,0.236,0.0023599999999999997,9.33757629
603668,天马科技,10.47,10.66,113494103.0,10889037.0,-1.782,-0.01782,1.13494103
603669,灵康药业,5.89,5.72,116572686.0,20159970.0,2.972,0.02972,1.16572686
603676,卫信康,8.9,8.77,18699235.0,2119200.0,1.482,0.01482,0.18699235
603677,奇精机械,13.31,13.27,20083324.0,1518800.0,0.301,0.00301,0.20083324
603678,火炬电子,48.78,48.25,1910719726.0,39485153.0,1.098,0.01098,19.10719726
603679,华体科技,22.63,21.73,356680453.0,15955871.0,4.142,0.041420000000000005,3.56680453
603680,今创集团,10.59,10.62,88205081.0,8279886.0,-0.282,-0.0028199999999999996,0.88205081
603681,永冠新材,18.21,17.59,138381616.0,7693100.0,3.525,0.03525,1.38381616
603682,锦和商管,11.4,11.01,375125485.0,34083700.0,3.542,0.03542,3.75125485
603683,晶华新材,15.69,15.24,438372895.0,28444600.0,2.953,0.029529999999999997,4.38372895
603685,晨丰科技,26.2,25.48,88337732.0,3420352.0,2.826,0.02826,0.88337732
603686,福龙马,13.34,13.43,147867173.0,11099424.0,-0.67,-0.0067,1.47867173
603687,大胜达,14.44,14.1,296393503.0,20812063.0,2.411,0.02411,2.96393503
603688,石英股份,47.57,46.51,848369885.0,18064411.0,2.279,0.022789999999999998,8.48369885
603689,皖天然气,7.46,7.46,25228064.0,3395916.0,0.0,0.0,0.25228064
603690,至纯科技,23.59,23.16,1170041162.0,50156658.0,1.857,0.01857,11.70041162
603693,江苏新能,12.18,12.4,109354195.0,9024714.0,-1.774,-0.01774,1.09354195
603696,安记食品,12.99,13.46,278725769.0,21356852.0,-3.492,-0.03492,2.78725769
603697,有友食品,9.73,9.75,32318788.0,3342560.0,-0.205,-0.0020499999999999997,0.32318788
603698,航天工程,23.59,23.02,495023087.0,21214823.0,2.476,0.02476,4.95023087
603699,纽威股份,51.78,51.78,444546704.0,8572800.0,0.0,0.0,4.44546704
603700,宁水集团,11.27,11.55,60718791.0,5350500.0,-2.424,-0.024239999999999998,0.60718791
603701,德宏股份,20.0,19.57,61011465.0,3075965.0,2.197,0.02197,0.61011465
603703,盛洋科技,9.23,9.11,67324614.0,7323337.0,1.317,0.01317,0.67324614
603706,东方环宇,19.05,18.87,26285064.0,1394069.0,0.954,0.00954,0.26285064
603707,健友股份,7.94,8.03,72434610.0,9110860.0,-1.121,-0.01121,0.7243461
603708,家家悦,9.43,9.45,26999242.0,2874673.0,-0.212,-0.00212,0.26999242
603709,中源家居,11.07,10.97,23230239.0,2114205.0,0.912,0.00912,0.23230239
603711,香飘飘,11.16,11.22,64748499.0,5815436.0,-0.535,-0.005350000000000001,0.64748499
603712,七一二,12.05,12.16,130537927.0,10824000.0,-0.905,-0.00905,1.30537927
603713,密尔克卫,67.3,62.4,382219202.0,5773313.0,7.853,0.07853,3.82219202
603716,塞力医疗,17.56,16.79,817362694.0,46961702.0,4.586,0.045860000000000005,8.17362694
603717,天域生物,6.07,5.9,61890986.0,10337400.0,2.881,0.02881,0.61890986
603719,良品铺子,9.94,9.95,60873193.0,6137100.0,-0.101,-0.00101,0.60873193
603721,中广天择,18.0,18.17,102619547.0,5705400.0,-0.936,-0.00936,1.02619547
603722,阿科力,30.71,30.13,52565389.0,1736340.0,1.925,0.01925,0.52565389
603725,天安新材,10.47,10.14,153214171.0,14857586.0,3.254,0.03254,1.53214171
603726,朗迪集团,23.62,23.52,118540365.0,5029900.0,0.425,0.00425,1.18540365
603727,博迈科,17.92,18.15,65240228.0,3630800.0,-1.267,-0.012669999999999999,0.65240228
603728,鸣志电器,52.17,52.48,328374680.0,6270530.0,-0.591,-0.0059099999999999995,3.2837468
603730,岱美股份,10.65,10.6,253116023.0,23628442.0,0.472,0.004719999999999999,2.53116023
603733,仙鹤股份,20.52,20.52,139134680.0,6763138.0,0.0,0.0,1.3913468
603737,三棵树,23.46,23.77,228512585.0,9757522.0,-1.304,-0.013040000000000001,2.28512585
603738,泰晶科技,36.47,33.15,2134032533.0,61128516.0,10.015,0.10015,21.34032533
603739,蔚蓝生物,11.63,11.51,28724474.0,2494000.0,1.043,0.01043,0.28724474
603755,日辰股份,23.03,22.86,22211551.0,976500.0,0.744,0.0074399999999999996,0.22211551
603757,大元泵业,59.1,58.4,457884715.0,7780545.0,1.199,0.01199,4.57884715
603758,秦安股份,9.53,9.35,76737943.0,8037500.0,1.925,0.01925,0.76737943
603759,海天股份,7.26,7.22,22212910.0,3088700.0,0.554,0.005540000000000001,0.2221291
603766,隆鑫通用,14.01,14.57,460117971.0,32681381.0,-3.844,-0.03844,4.60117971
603767,中马传动,14.98,15.07,60439023.0,4041400.0,-0.597,-0.00597,0.60439023
603768,常青股份,11.19,11.06,41808446.0,3748800.0,1.175,0.01175,0.41808446
603773,沃格光电,86.43,78.57,1135934680.0,13415129.0,10.004,0.10003999999999999,11.3593468
603776,永安行,21.45,20.86,101994107.0,4847311.0,2.828,0.02828,1.01994107
603777,来伊份,14.49,14.54,101676844.0,7024819.0,-0.344,-0.00344,1.01676844
603778,国晟科技,10.81,10.64,770768440.0,71986480.0,1.598,0.01598,7.7076844
603779,威龙股份,7.84,7.63,153451985.0,19713700.0,2.752,0.02752,1.53451985
603786,科博达,42.7,43.4,93216105.0,2164520.0,-1.613,-0.01613,0.93216105
603787,新日股份,10.07,10.1,52282611.0,5227600.0,-0.297,-0.00297,0.52282611
603788,宁波高发,14.2,13.97,23778932.0,1689580.0,1.646,0.01646,0.23778932
603790,雅运股份,21.28,21.43,76129297.0,3603900.0,-0.7,-0.006999999999999999,0.76129297
603797,联泰环保,4.1,4.05,27769316.0,6852159.0,1.235,0.012350000000000002,0.27769316
603798,康普顿,13.54,13.08,103150902.0,7708960.0,3.517,0.03517,1.03150902
603799,华友钴业,41.4,42.02,3481528743.0,83559109.0,-1.475,-0.014750000000000001,34.81528743
603800,洪田股份,60.38,55.75,509137216.0,8619100.0,8.305,0.08305,5.09137216
603801,志邦家居,5.91,5.85,36819682.0,6291673.0,1.026,0.01026,0.36819682
603803,瑞斯康达,10.57,10.21,280818138.0,26934829.0,3.526,0.03526,2.80818138
603806,福斯特,15.04,15.24,375375128.0,24887380.0,-1.312,-0.01312,3.75375128
603808,歌力思,8.03,7.89,31255807.0,3924950.0,1.774,0.01774,0.31255807
603809,豪能股份,9.41,9.54,120485636.0,12787712.0,-1.363,-0.01363,1.20485636
603810,丰山集团,11.71,11.49,23160564.0,2002500.0,1.915,0.01915,0.23160564
603811,诚意药业,7.21,7.22,22691477.0,3159544.0,-0.139,-0.0013900000000000002,0.22691477
603813,原尚股份,32.95,33.01,11961524.0,363200.0,-0.182,-0.00182,0.11961524
603815,交建股份,5.46,5.57,76381342.0,13969800.0,-1.975,-0.01975,0.76381342
603816,顾家家居,24.75,24.95,195668048.0,7968477.0,-0.802,-0.008020000000000001,1.95668048
603817,海峡环保,5.65,5.63,40674481.0,7247400.0,0.355,0.0035499999999999998,0.40674481
603818,曲美家居,3.52,3.42,80778216.0,23108400.0,2.924,0.02924,0.80778216
603819,神力股份,13.95,13.51,94144089.0,6797778.0,3.257,0.03257,0.94144089
603823,百合花,66.8,60.73,1134316622.0,17090478.0,9.995,0.09995,11.34316622
603826,坤彩科技,17.22,17.36,438261526.0,25084389.0,-0.806,-0.008060000000000001,4.38261526
603829,洛凯股份,14.94,15.02,47047913.0,3161002.0,-0.533,-0.0053300000000000005,0.47047913
603833,欧派家居,33.03,33.05,201021294.0,6136301.0,-0.061,-0.00061,2.01021294
603836,海程邦达,8.75,8.68,21935061.0,2517840.0,0.806,0.008060000000000001,0.21935061
603839,安正时尚,6.76,6.79,18844120.0,2795840.0,-0.442,-0.00442,0.1884412
603848,好太太,13.4,13.42,18487678.0,1387600.0,-0.149,-0.00149,0.18487678
603855,华荣股份,16.57,16.73,34137858.0,2066200.0,-0.956,-0.009559999999999999,0.34137858
603856,东宏股份,11.35,11.45,47955220.0,4216500.0,-0.873,-0.00873,0.4795522
603858,XD步长制,15.43,15.48,68570430.0,4442882.0,-0.323,-0.0032300000000000002,0.6857043
603859,能科科技,43.45,42.95,687205037.0,15669457.0,1.164,0.01164,6.87205037
603860,中公高科,25.77,25.59,20933648.0,816100.0,0.703,0.00703,0.20933648
603861,白云电器,12.33,12.5,118160982.0,9611000.0,-1.36,-0.013600000000000001,1.18160982
603863,松炀资源,12.85,13.04,64139419.0,5021200.0,-1.457,-0.014570000000000001,0.64139419
603866,桃李面包,4.31,4.32,47477916.0,11083782.0,-0.231,-0.00231,0.47477916
603867,新化股份,29.0,28.32,189208898.0,6572658.0,2.401,0.024009999999999997,1.89208898
603868,飞科电器,31.07,31.29,22732661.0,734603.0,-0.703,-0.00703,0.22732661
603871,嘉友国际,12.77,12.92,160444665.0,12601397.0,-1.161,-0.01161,1.60444665
603876,鼎胜新材,20.64,21.89,681518632.0,32729490.0,-5.71,-0.0571,6.81518632
603877,太平鸟,12.96,12.93,30664470.0,2380200.0,0.232,0.00232,0.3066447
603878,武进不锈,4.99,4.98,62424816.0,12595500.0,0.201,0.00201,0.62424816
603879,永悦科技,5.04,5.05,55590061.0,11030300.0,-0.198,-0.00198,0.55590061
603880,南卫股份,7.24,7.39,87353098.0,11817585.0,-2.03,-0.0203,0.87353098
603881,数据港,26.01,26.4,1105632003.0,42403696.0,-1.477,-0.01477,11.05632003
603882,金域医学,28.03,27.8,202015131.0,7195900.0,0.827,0.00827,2.02015131
603883,老百姓,12.39,12.56,137514058.0,11126774.0,-1.354,-0.013540000000000002,1.37514058
603885,吉祥航空,11.19,11.21,152889178.0,13685900.0,-0.178,-0.00178,1.52889178
603886,元祖股份,10.65,10.58,28578593.0,2694331.0,0.662,0.00662,0.28578593
603887,城地香江,9.52,9.66,199837238.0,20857368.0,-1.449,-0.014490000000000001,1.99837238
603888,新华网,17.09,17.29,187663760.0,10953792.0,-1.157,-0.01157,1.8766376
603889,新澳股份,5.62,5.65,60490858.0,10824537.0,-0.531,-0.0053100000000000005,0.60490858
603890,春秋电子,18.76,18.31,457346046.0,24711324.0,2.458,0.02458,4.57346046
603893,瑞芯微,203.0,199.0,3495982581.0,17242421.0,2.01,0.020099999999999996,34.95982581
603895,天永智能,24.25,24.6,47401358.0,1965300.0,-1.423,-0.01423,0.47401358
603896,寿仙谷,14.59,14.65,21017305.0,1444850.0,-0.41,-0.0040999999999999995,0.21017305
603897,长城科技,26.57,26.38,159394835.0,6021400.0,0.72,0.0072,1.59394835
603898,好莱客,11.06,10.71,55544473.0,5109800.0,3.268,0.03268,0.55544473
603899,晨光股份,22.61,22.96,72629339.0,3200500.0,-1.524,-0.01524,0.72629339
603900,莱绅通灵,5.99,5.95,120671045.0,19889550.0,0.672,0.00672,1.20671045
603901,永创智能,9.69,9.62,77136775.0,7978379.0,0.728,0.00728,0.77136775
603903,中持股份,12.5,12.23,157697498.0,12723000.0,2.208,0.022080000000000002,1.57697498
603906,龙蟠科技,19.62,19.6,462633611.0,23695133.0,0.102,0.0010199999999999999,4.62633611
603908,牧高笛,18.22,18.11,17242120.0,951480.0,0.607,0.00607,0.1724212
603909,建发合诚,9.1,9.02,15885825.0,1759200.0,0.887,0.00887,0.15885825
603912,佳力图,7.8,7.8,190995803.0,24461549.0,0.0,0.0,1.90995803
603915,国茂股份,13.57,13.75,73014828.0,5361900.0,-1.309,-0.01309,0.73014828
603916,苏博特,10.84,10.37,105582853.0,9878300.0,4.532,0.04532,1.05582853
603917,合力科技,11.84,11.71,44500952.0,3753527.0,1.11,0.0111,0.44500952
603918,金桥信息,11.3,11.22,251422977.0,22219656.0,0.713,0.00713,2.51422977
603919,金徽酒,16.88,16.55,478818853.0,28203959.0,1.994,0.01994,4.78818853
603920,世运电路,35.23,34.48,916818397.0,26210339.0,2.175,0.02175,9.16818397
603926,铁流股份,15.96,15.92,63623375.0,3991550.0,0.251,0.00251,0.63623375
603927,中科软,14.03,14.22,197239478.0,13955958.0,-1.336,-0.01336,1.97239478
603928,兴业股份,12.52,11.94,672936430.0,54412770.0,4.858,0.04858,6.7293643
603929,亚翔集成,162.35,159.28,1226062268.0,7584981.0,1.927,0.01927,12.26062268
603931,格林达,36.4,34.64,456367558.0,12938780.0,5.081,0.05081,4.56367558
603933,睿能科技,19.17,19.02,78262161.0,4113680.0,0.789,0.007890000000000001,0.78262161
603936,博敏电子,14.48,13.9,738510660.0,51485035.0,4.173,0.04173,7.3851066
603937,丽岛新材,11.12,10.85,56480118.0,5159552.0,2.488,0.02488,0.56480118
603938,三孚股份,41.33,39.8,744661819.0,18309251.0,3.844,0.03844,7.44661819
603939,益丰药房,22.47,22.62,340424290.0,15331951.0,-0.663,-0.0066300000000000005,3.4042429
603948,建业股份,20.5,20.31,27739255.0,1359900.0,0.935,0.00935,0.27739255
603949,雪龙集团,13.97,13.85,42679448.0,3079580.0,0.866,0.00866,0.42679448
603950,长源东谷,57.59,57.61,348865117.0,6105032.0,-0.035,-0.00035000000000000005,3.48865117
603955,大千生态,20.71,20.51,36177721.0,1752200.0,0.975,0.00975,0.36177721
603956,威派格,7.0,6.92,394393983.0,55780896.0,1.156,0.011559999999999999,3.94393983
603958,哈森股份,14.74,14.35,52278162.0,3589400.0,2.718,0.02718,0.52278162
603960,克来机电,16.21,16.09,93567701.0,5735094.0,0.746,0.00746,0.93567701
603966,法兰泰克,7.9,7.93,56481212.0,7169602.0,-0.378,-0.00378,0.56481212
603967,中创物流,11.4,11.51,28461742.0,2491730.0,-0.956,-0.009559999999999999,0.28461742
603968,醋化股份,10.05,9.91,20643159.0,2073301.0,1.413,0.01413,0.20643159
603969,银龙股份,7.49,7.38,102598536.0,13730477.0,1.491,0.014910000000000001,1.02598536
603970,中农立华,10.3,10.28,27417882.0,2689282.0,0.195,0.0019500000000000001,0.27417882
603976,正川股份,28.65,26.96,162146801.0,5769542.0,6.269,0.06269,1.62146801
603977,国泰集团,12.04,11.92,158122750.0,13204774.0,1.007,0.010069999999999999,1.5812275
603978,深圳新星,19.59,19.14,185638358.0,9579157.0,2.351,0.02351,1.85638358
603979,金诚信,78.4,78.68,894551713.0,11351332.0,-0.356,-0.00356,8.94551713
603980,吉华集团,6.77,6.74,191537705.0,28321513.0,0.445,0.00445,1.91537705
603982,泉峰汽车,5.9,5.89,21983177.0,3754528.0,0.17,0.0017000000000000001,0.21983177
603983,丸美生物,28.3,28.75,117601221.0,4129000.0,-1.565,-0.01565,1.17601221
603985,恒润股份,16.59,16.6,194902284.0,11727000.0,-0.06,-0.0006,1.94902284
603986,兆易创新,385.0,385.44,23396310414.0,61861191.0,-0.114,-0.00114,233.96310414
603987,康德莱,7.32,7.35,26355827.0,3615100.0,-0.408,-0.004079999999999999,0.26355827
603988,中电电机,22.72,20.65,454383924.0,20069472.0,10.024,0.10024,4.54383924
603989,艾华集团,27.92,27.24,820976012.0,29805706.0,2.496,0.02496,8.20976012
603990,麦迪科技,20.7,19.12,560469918.0,27807852.0,8.264,0.08263999999999999,5.60469918
603991,领先股份,129.76,122.57,455749513.0,3523375.0,5.866,0.05866,4.55749513
603992,松霖科技,24.68,24.58,48986575.0,1996442.0,0.407,0.00407,0.48986575
603993,洛阳钼业,20.37,20.47,6708672221.0,324131065.0,-0.489,-0.00489,67.08672221
603995,甬金股份,22.84,22.47,215210275.0,9431743.0,1.647,0.01647,2.15210275
603997,继峰股份,12.83,13.16,255399970.0,19787678.0,-2.508,-0.02508,2.5539997
603998,方盛制药,9.41,9.45,52878265.0,5639800.0,-0.423,-0.00423,0.52878265
603999,读者传媒,5.53,5.56,26226014.0,4751500.0,-0.54,-0.0054,0.26226014
605001,威奥股份,5.47,5.4,31950677.0,5871760.0,1.296,0.012960000000000001,0.31950677
605003,众望布艺,21.6,20.16,33797931.0,1630414.0,7.143,0.07143,0.33797931
605005,合兴股份,15.38,15.11,31111367.0,2036200.0,1.787,0.01787,0.31111367
605006,山东玻纤,14.43,13.85,721696960.0,50558581.0,4.188,0.04188,7.2169696
605007,五洲特纸,16.37,16.1,88919032.0,5492500.0,1.677,0.01677,0.88919032
605008,长鸿高科,11.44,11.45,22129452.0,1954800.0,-0.087,-0.0008699999999999999,0.22129452
605009,豪悦护理,23.93,24.1,22614796.0,945440.0,-0.705,-0.00705,0.22614796
605011,杭州热电,17.68,17.85,107706371.0,6115857.0,-0.952,-0.009519999999999999,1.07706371
605016,百龙创园,21.74,21.75,62882638.0,2896641.0,-0.046,-0.00046,0.62882638
605018,长华集团,12.63,12.75,71651140.0,5651300.0,-0.941,-0.00941,0.7165114
605020,永和股份,35.32,34.58,633131883.0,18126228.0,2.14,0.021400000000000002,6.33131883
605028,世茂能源,25.99,26.18,34990136.0,1341400.0,-0.726,-0.00726,0.34990136
605033,美邦股份,18.14,18.21,77339584.0,4308268.0,-0.384,-0.00384,0.77339584
605050,福然德,10.61,10.65,37348638.0,3494800.0,-0.376,-0.00376,0.37348638
605055,迎丰股份,9.28,9.04,43063062.0,4669400.0,2.655,0.026549999999999997,0.43063062
605056,咸亨国际,15.02,15.13,150445668.0,10069880.0,-0.727,-0.0072699999999999996,1.50445668
605058,澳弘电子,25.9,25.41,58756018.0,2284454.0,1.928,0.01928,0.58756018
605060,联德股份,40.2,40.18,170979204.0,4261478.0,0.05,0.0005,1.70979204
605066,天正电气,6.72,6.7,37041530.0,5558367.0,0.299,0.00299,0.3704153
605068,明新旭腾,21.14,21.95,264896979.0,12259000.0,-3.69,-0.0369,2.64896979
605069,正和生态,10.87,10.65,70124065.0,6525400.0,2.066,0.020659999999999998,0.70124065
605077,华康股份,11.07,10.95,49495523.0,4530679.0,1.096,0.010960000000000001,0.49495523
605080,浙江自然,20.11,20.19,28468613.0,1416200.0,-0.396,-0.00396,0.28468613
605086,龙高股份,23.77,23.92,31995451.0,1355100.0,-0.627,-0.00627,0.31995451
605088,冠盛股份,21.26,21.6,87753585.0,4128100.0,-1.574,-0.01574,0.87753585
605089,味知香,20.85,20.18,42753745.0,2044040.0,3.32,0.0332,0.42753745
605090,九丰能源,34.05,33.56,516958219.0,15284087.0,1.46,0.0146,5.16958219
605098,行动教育,56.63,59.0,119340603.0,2111566.0,-4.017,-0.040170000000000004,1.19340603
605099,共创草坪,32.69,33.04,32643017.0,996832.0,-1.059,-0.010589999999999999,0.32643017
605100,华丰股份,32.6,30.5,183396708.0,5812760.0,6.885,0.06885,1.83396708
605108,同庆楼,12.74,12.7,43178968.0,3405000.0,0.315,0.00315,0.43178968
605111,新洁能,55.13,52.29,1185267187.0,22096839.0,5.431,0.05431,11.85267187
605116,奥锐特,19.71,19.84,61568274.0,3140700.0,-0.655,-0.00655,0.61568274
605117,德业股份,83.5,83.76,1103323547.0,13408603.0,-0.31,-0.0031,11.03323547
605118,力鼎光电,29.27,28.98,123356518.0,4229080.0,1.001,0.010009999999999998,1.23356518
605122,四方新材,10.95,10.84,19261036.0,1770550.0,1.015,0.01015,0.19261036
605123,派克新材,78.82,83.2,390142800.0,4966962.0,-5.264,-0.05264,3.901428
605128,上海沿浦,23.02,23.64,99476291.0,4286765.0,-2.623,-0.026230000000000003,0.99476291
605133,嵘泰股份,26.42,26.34,140556658.0,5317360.0,0.304,0.0030399999999999997,1.40556658
605136,丽人丽妆,8.28,8.25,67484861.0,8193173.0,0.364,0.00364,0.67484861
605138,盛泰集团,5.69,5.61,18834699.0,3337500.0,1.426,0.01426,0.18834699
605151,西上海,17.99,17.8,22632740.0,1271000.0,1.067,0.010669999999999999,0.2263274
605155,西大门,14.25,14.2,112143017.0,7959230.0,0.352,0.0035199999999999997,1.12143017
605158,华达新材,6.82,6.74,16570512.0,2459300.0,1.187,0.01187,0.16570512
605162,新中港,8.52,8.57,130327552.0,15384674.0,-0.583,-0.005829999999999999,1.30327552
605166,聚合顺,8.69,8.59,48825462.0,5614500.0,1.164,0.01164,0.48825462
605167,利柏特,14.87,15.87,336338650.0,22404303.0,-6.301,-0.06301,3.3633865
605168,三人行,39.52,39.37,215559431.0,5453035.0,0.381,0.00381,2.15559431
605169,洪通燃气,10.09,10.03,21440953.0,2136302.0,0.598,0.00598,0.21440953
605177,东亚药业,16.66,16.63,23095537.0,1396500.0,0.18,0.0018,0.23095537
605178,时空科技,65.17,64.24,497595956.0,7701000.0,1.448,0.01448,4.97595956
605179,一鸣食品,21.66,23.34,880285347.0,39918200.0,-7.198,-0.07198,8.80285347
605180,华生科技,11.94,11.73,19111724.0,1619871.0,1.79,0.0179,0.19111724
605183,确成股份,14.5,14.6,31383190.0,2173010.0,-0.685,-0.00685,0.3138319
605186,健麾信息,25.64,24.89,80487829.0,3178100.0,3.013,0.03013,0.80487829
605188,国光连锁,12.67,12.81,92758425.0,7292060.0,-1.093,-0.01093,0.92758425
605189,富春染织,16.24,16.79,393192048.0,24168516.0,-3.276,-0.03276,3.93192048
605196,华通线缆,33.61,32.8,641799787.0,19280399.0,2.47,0.024700000000000003,6.41799787
605198,安德利,62.81,61.41,176200898.0,2839800.0,2.28,0.022799999999999997,1.76200898
605208,永茂泰,13.46,13.05,147976490.0,11142800.0,3.142,0.03142,1.4797649
605218,伟时电子,13.71,13.56,35416047.0,2591900.0,1.106,0.01106,0.35416047
605222,起帆电缆,19.78,19.76,135689471.0,6904400.0,0.101,0.00101,1.35689471
605228,神通科技,11.09,11.1,79662274.0,7217300.0,-0.09,-0.0009,0.79662274
605255,天普股份,70.45,69.3,73248146.0,1044700.0,1.659,0.01659,0.73248146
605258,协和电子,26.88,25.97,66165509.0,2500917.0,3.504,0.03504,0.66165509
605259,绿田机械,18.18,18.13,11430768.0,631732.0,0.276,0.0027600000000000003,0.11430768
605266,健之佳,16.36,16.27,21372136.0,1312189.0,0.553,0.00553,0.21372136
605268,王力安防,9.22,9.22,20350967.0,2216300.0,0.0,0.0,0.20350967
605277,新亚电子,15.33,15.33,96731059.0,6323619.0,0.0,0.0,0.96731059
605286,同力天启,23.55,23.54,43458429.0,1855100.0,0.042,0.00042,0.43458429
605287,德才股份,37.21,36.9,204820372.0,5564887.0,0.84,0.0084,2.04820372
605288,凯迪股份,59.6,58.59,159705972.0,2757708.0,1.724,0.01724,1.59705972
605289,罗曼股份,94.99,91.8,466157535.0,4950397.0,3.475,0.03475,4.66157535
605296,神农集团,30.03,29.78,72607490.0,2429407.0,0.839,0.00839,0.7260749
605298,必得科技,47.28,46.35,41756485.0,892379.0,2.006,0.020059999999999998,0.41756485
605299,舒华体育,12.47,12.4,135041486.0,10931200.0,0.565,0.00565,1.35041486
605300,佳禾食品,9.67,9.75,21303907.0,2211801.0,-0.821,-0.00821,0.21303907
605303,园林股份,21.15,21.21,59999500.0,2845900.0,-0.283,-0.0028299999999999996,0.599995
605305,中际联合,40.1,39.8,160397718.0,4013283.0,0.754,0.00754,1.60397718
605318,法狮龙,80.71,75.92,232286922.0,2966700.0,6.309,0.06309000000000001,2.32286922
605319,无锡振华,24.74,24.1,86670453.0,3542270.0,2.656,0.02656,0.86670453
605333,沪光股份,16.95,17.27,36544302.0,2153188.0,-1.853,-0.01853,0.36544302
605337,李子园,9.45,9.51,46140280.0,4899129.0,-0.631,-0.00631,0.4614028
605338,巴比食品,18.93,19.07,27230100.0,1440700.0,-0.734,-0.00734,0.272301
605339,南侨食品,13.19,13.25,21749949.0,1655600.0,-0.453,-0.00453,0.21749949
605358,立昂微,43.48,41.64,2263067576.0,53077427.0,4.419,0.04418999999999999,22.63067576
605365,立达信,13.72,13.74,40101619.0,2941710.0,-0.146,-0.00146,0.40101619
605366,宏柏新材,8.47,7.7,299475261.0,37119626.0,10.0,0.1,2.99475261
605368,蓝天燃气,6.73,6.73,23404774.0,3498403.0,0.0,0.0,0.23404774
605369,拱东医疗,16.95,16.83,23517146.0,1404594.0,0.713,0.00713,0.23517146
605376,博迁新材,163.82,157.65,3477172758.0,21608233.0,3.914,0.03914,34.77172758
605377,华旺科技,9.12,9.05,42323860.0,4674360.0,0.773,0.00773,0.4232386
605378,野马电池,14.03,14.03,22755573.0,1633625.0,0.0,0.0,0.22755573
605388,均瑶健康,5.88,5.97,125915935.0,21499860.0,-1.508,-0.01508,1.25915935
605389,长龄液压,75.34,75.0,74078016.0,985650.0,0.453,0.00453,0.74078016
605398,新炬网络,21.16,21.09,34572768.0,1631340.0,0.332,0.00332,0.34572768
605399,晨光新材,10.84,10.42,58380599.0,5488298.0,4.031,0.04031,0.58380599
605488,福莱新材,28.19,27.97,283372515.0,9958249.0,0.787,0.00787,2.83372515
605499,东鹏饮料,120.89,122.54,1277349488.0,10566284.0,-1.346,-0.013460000000000001,12.77349488
605500,森林包装,6.92,6.78,42159251.0,6182845.0,2.065,0.020649999999999998,0.42159251
605507,国邦医药,15.37,15.9,122269003.0,7887011.0,-3.333,-0.03333,1.22269003
605555,德昌股份,12.08,12.0,42029687.0,3509160.0,0.667,0.006670000000000001,0.42029687
605566,福莱蒽特,25.75,24.58,120110936.0,4721100.0,4.76,0.047599999999999996,1.20110936
605567,春雪食品,8.81,8.72,23206607.0,2660300.0,1.032,0.010320000000000001,0.23206607
605577,龙版传媒,9.6,9.64,29970958.0,3132700.0,-0.415,-0.00415,0.29970958
605580,恒盛能源,18.25,18.08,100895592.0,5595206.0,0.94,0.009399999999999999,1.00895592
605588,冠石科技,45.35,43.99,81180913.0,1824000.0,3.092,0.03092,0.81180913
605589,圣泉集团,39.53,38.91,1794893579.0,45534603.0,1.593,0.01593,17.94893579
605598,上海港湾,27.67,27.18,98103790.0,3565990.0,1.803,0.01803,0.9810379
605599,菜百股份,16.57,16.17,272897237.0,16341343.0,2.474,0.02474,2.72897237
688001,华兴源创,49.12,48.14,418832183.0,8593672.0,2.036,0.02036,4.18832183
688002,睿创微纳,155.51,151.84,1673182821.0,10846990.0,2.417,0.024169999999999997,16.73182821
688003,天准科技,77.66,75.79,411845310.0,5376232.0,2.467,0.02467,4.1184531
688004,博汇科技,22.8,23.06,95610425.0,4139816.0,-1.127,-0.01127,0.95610425
688005,容百科技,27.9,28.86,443461820.0,15793789.0,-3.326,-0.03326,4.4346182
688006,杭可科技,22.52,22.37,269226768.0,12017982.0,0.671,0.006710000000000001,2.69226768
688007,光峰科技,10.84,10.85,49114007.0,4531875.0,-0.092,-0.00092,0.49114007
688008,澜起科技,208.36,212.0,9991269827.0,48197830.0,-1.717,-0.01717,99.91269827
688009,中国通号,4.94,5.0,157256302.0,31841514.0,-1.2,-0.012,1.57256302
688010,福光股份,27.0,26.5,133399892.0,4998903.0,1.887,0.01887,1.33399892
688011,新光光电,72.98,71.61,209497459.0,2851631.0,1.913,0.01913,2.09497459
688012,中微公司,361.59,358.0,10610439299.0,29424121.0,1.003,0.010029999999999999,106.10439299
688013,天臣医疗,24.85,24.69,19590854.0,794391.0,0.648,0.0064800000000000005,0.19590854
688015,交控科技,15.98,16.08,18751068.0,1174592.0,-0.622,-0.00622,0.18751068
688016,心脉医疗,91.62,93.15,110222518.0,1200291.0,-1.643,-0.01643,1.10222518
688017,绿的谐波,336.04,340.54,3716147827.0,11032552.0,-1.321,-0.01321,37.16147827
688018,乐鑫科技,111.02,110.69,739382799.0,6670041.0,0.298,0.00298,7.39382799
688019,安集科技,244.4,241.09,2222198707.0,9182666.0,1.373,0.01373,22.22198707
688020,方邦股份,121.8,118.8,560720955.0,4651156.0,2.525,0.025249999999999998,5.60720955
688021,奥福科技,20.26,19.93,28215899.0,1397335.0,1.656,0.01656,0.28215899
688023,安恒信息,41.7,41.2,165139003.0,3972615.0,1.214,0.01214,1.65139003
688025,杰普特,315.4,311.17,980327347.0,3122207.0,1.359,0.01359,9.80327347
688026,洁特生物,15.36,13.87,86635873.0,5864934.0,10.743,0.10743,0.86635873
688027,国盾量子,412.95,421.8,805660755.0,1949537.0,-2.098,-0.02098,8.05660755
688028,沃尔德,82.5,79.0,857136984.0,10448348.0,4.43,0.0443,8.57136984
688029,南微医学,70.8,71.89,114973067.0,1626191.0,-1.516,-0.01516,1.14973067
688030,山石网科,17.99,17.38,113041776.0,6309014.0,3.51,0.0351,1.13041776
688031,星环科技,114.45,118.07,1161809594.0,10061659.0,-3.066,-0.03066,11.61809594
688032,禾迈股份,78.54,79.45,64137188.0,815512.0,-1.145,-0.01145,0.64137188
688035,德邦科技,61.0,60.03,293010164.0,4861185.0,1.616,0.01616,2.93010164
688036,传音控股,57.4,56.9,1138147118.0,19789003.0,0.879,0.00879,11.38147118
688037,芯源微,301.98,298.97,1987292822.0,6633121.0,1.007,0.010069999999999999,19.87292822
688038,中科通达,18.56,17.36,65127657.0,3649415.0,6.912,0.06912,0.65127657
688039,当虹科技,36.38,36.43,88585133.0,2421857.0,-0.137,-0.0013700000000000001,0.88585133
688041,海光信息,291.05,288.85,4706661955.0,16258761.0,0.762,0.00762,47.06661955
688045,必易微,53.02,51.53,89013159.0,1708868.0,2.892,0.028919999999999998,0.89013159
688046,药康生物,27.76,27.26,264843349.0,9539711.0,1.834,0.018340000000000002,2.64843349
688047,龙芯中科,111.55,112.2,525717139.0,4689710.0,-0.579,-0.00579,5.25717139
688048,长光华芯,267.8,259.0,4033001452.0,15269888.0,3.398,0.03398,40.33001452
688049,炬芯科技,42.03,42.33,356110839.0,8443831.0,-0.709,-0.00709,3.56110839
688050,爱博医疗,40.14,41.04,102295852.0,2538495.0,-2.193,-0.02193,1.02295852
688051,佳华科技,24.19,24.46,39101266.0,1611691.0,-1.104,-0.011040000000000001,0.39101266
688052,纳芯微,200.5,202.05,399601150.0,1995325.0,-0.767,-0.00767,3.9960115
688055,龙腾光电,4.02,4.09,54197675.0,13460927.0,-1.711,-0.01711,0.54197675
688056,莱伯泰科,42.25,42.77,69718305.0,1666946.0,-1.216,-0.012159999999999999,0.69718305
688057,金达莱,18.53,17.82,149375925.0,8133458.0,3.984,0.03984,1.49375925
688058,宝兰德,23.0,22.85,26515884.0,1151922.0,0.656,0.00656,0.26515884
688059,华锐精密,93.43,88.29,1036627935.0,11221666.0,5.822,0.05822,10.36627935
688060,云涌科技,35.36,33.76,21060020.0,609117.0,4.739,0.04739,0.2106002
688061,灿瑞科技,35.7,35.68,55291159.0,1550329.0,0.056,0.0005600000000000001,0.55291159
688062,迈威生物,28.35,28.51,226706442.0,8012251.0,-0.561,-0.00561,2.26706442
688063,派能科技,44.64,45.49,273254527.0,6122825.0,-1.869,-0.01869,2.73254527
688065,凯赛生物,44.58,45.08,214997231.0,4849041.0,-1.109,-0.01109,2.14997231
688067,爱威科技,21.57,21.55,18942926.0,882867.0,0.093,0.0009299999999999999,0.18942926
688068,热景生物,104.19,104.09,395365372.0,3762163.0,0.096,0.00096,3.95365372
688069,德林海,38.46,35.94,131768929.0,3499303.0,7.012,0.07012,1.31768929
688070,纵横股份,34.28,34.49,95836306.0,2720238.0,-0.609,-0.00609,0.95836306
688071,华依科技,37.33,37.37,214609060.0,5828233.0,-0.107,-0.00107,2.1460906
688072,拓荆科技,682.03,677.88,5600069553.0,8225102.0,0.612,0.00612,56.00069553
688073,毕得医药,51.33,51.44,90504590.0,1757239.0,-0.214,-0.00214,0.9050459
688075,安旭生物,28.42,28.44,16167361.0,573678.0,-0.07,-0.0007000000000000001,0.16167361
688077,大地熊,25.38,24.67,112934956.0,4446987.0,2.878,0.02878,1.12934956
688078,龙软科技,22.8,22.73,21352047.0,938277.0,0.308,0.00308,0.21352047
688079,美迪凯,15.29,14.92,230056573.0,15222072.0,2.48,0.0248,2.30056573
688080,映翰通,35.93,35.38,54802576.0,1524725.0,1.555,0.01555,0.54802576
688081,兴图新科,29.82,30.08,61288092.0,2045834.0,-0.864,-0.00864,0.61288092
688082,盛美上海,279.1,280.41,2283651482.0,8230077.0,-0.467,-0.0046700000000000005,22.83651482
688083,中望软件,51.56,51.84,183200565.0,3539177.0,-0.54,-0.0054,1.83200565
688084,晶品特装,43.39,43.92,48681934.0,1118055.0,-1.207,-0.01207,0.48681934
688085,三友医疗,13.09,13.11,54562143.0,4203419.0,-0.153,-0.00153,0.54562143
688087,英科再生,40.36,40.11,51674877.0,1282706.0,0.623,0.00623,0.51674877
688088,虹软科技,34.78,35.54,261322147.0,7431122.0,-2.138,-0.02138,2.61322147
688090,瑞松科技,64.93,58.15,882887739.0,14335772.0,11.66,0.1166,8.82887739
688091,上海谊众,38.93,39.31,95526420.0,2447104.0,-0.967,-0.00967,0.9552642
688092,爱科科技,22.2,22.34,14324504.0,647270.0,-0.627,-0.00627,0.14324504
688093,世华科技,26.66,27.12,52863060.0,1973597.0,-1.696,-0.01696,0.5286306
688095,福昕软件,70.55,72.6,711175565.0,10032473.0,-2.824,-0.028239999999999998,7.11175565
688096,京源环保,8.72,8.49,58907649.0,6872610.0,2.709,0.02709,0.58907649
688097,博众精工,43.19,43.3,214954973.0,5009052.0,-0.254,-0.00254,2.14954973
688098,申联生物,8.41,8.37,19966382.0,2382347.0,0.478,0.0047799999999999995,0.19966382
688099,晶晨股份,98.73,96.92,1678815173.0,17147658.0,1.868,0.018680000000000002,16.78815173
688100,威胜信息,30.71,31.14,105829861.0,3442011.0,-1.381,-0.01381,1.05829861
688101,三达膜,15.62,15.59,56561461.0,3651158.0,0.192,0.00192,0.56561461
688102,斯瑞新材,34.59,33.19,771502194.0,22480467.0,4.218,0.04218,7.71502194
688103,国力电子,74.56,69.88,288817859.0,3997346.0,6.697,0.06697,2.88817859
688105,诺唯赞,19.58,19.78,247625043.0,12421677.0,-1.011,-0.01011,2.47625043
688106,金宏气体,29.95,28.45,1200273750.0,40614357.0,5.272,0.05272,12.0027375
688107,安路科技,31.18,31.08,231495199.0,7470194.0,0.322,0.00322,2.31495199
688108,赛诺医疗,17.47,17.56,163730312.0,9363227.0,-0.513,-0.00513,1.63730312
688109,品茗科技,76.23,74.15,82530546.0,1088120.0,2.805,0.028050000000000002,0.82530546
688110,东芯股份,111.9,109.92,2363163390.0,21447135.0,1.801,0.018009999999999998,23.6316339
688111,金山办公,267.1,279.15,4758215895.0,17423352.0,-4.317,-0.04317,47.58215895
688112,鼎阳科技,51.48,50.54,106002349.0,2072369.0,1.86,0.018600000000000002,1.06002349
688113,联测科技,35.86,35.13,28498249.0,798303.0,2.078,0.02078,0.28498249
688114,华大智造,49.91,51.85,226414839.0,4466672.0,-3.742,-0.03742,2.26414839
688115,思林杰,55.48,54.0,159851799.0,2903734.0,2.741,0.02741,1.59851799
688116,天奈科技,33.46,34.22,225725141.0,6707560.0,-2.221,-0.02221,2.25725141
688117,圣诺生物,24.74,24.5,141736469.0,5705975.0,0.98,0.0098,1.41736469
688118,普元信息,21.61,21.6,66260803.0,3054675.0,0.046,0.00046,0.66260803
688119,中钢洛耐,4.03,4.0,37247763.0,9281003.0,0.75,0.0075,0.37247763
688120,华海清科,244.6,243.0,3725231544.0,15473089.0,0.658,0.00658,37.25231544
688122,西部超导,53.33,54.77,665502937.0,12429545.0,-2.629,-0.02629,6.65502937
688123,聚辰股份,120.36,120.0,1024711363.0,8600798.0,0.3,0.003,10.24711363
688125,安达智能,117.29,115.1,206612381.0,1765156.0,1.903,0.019030000000000002,2.06612381
688126,沪硅产业,25.88,25.5,3356956309.0,131567633.0,1.49,0.0149,33.56956309
688127,蓝特光学,64.12,62.56,580156942.0,9165488.0,2.494,0.024940000000000004,5.80156942
688128,中国电研,22.46,22.8,51505964.0,2290922.0,-1.491,-0.014910000000000001,0.51505964
688129,东来技术,20.97,20.99,12029017.0,577506.0,-0.095,-0.00095,0.12029017
688130,晶华微,20.78,20.2,50811070.0,2470876.0,2.871,0.02871,0.5081107
688131,皓元医药,80.37,80.52,277377717.0,3432346.0,-0.186,-0.0018599999999999999,2.77377717
688132,邦彦技术,13.48,13.29,22046912.0,1637963.0,1.43,0.0143,0.22046912
688133,泰坦科技,23.9,21.89,255896688.0,10824684.0,9.182,0.09182,2.55896688
688135,利扬芯片,23.93,23.31,380576050.0,16167455.0,2.66,0.026600000000000002,3.8057605
688136,科兴制药,18.51,18.72,60893391.0,3264651.0,-1.122,-0.01122,0.60893391
688137,近岸蛋白,38.93,39.61,40949518.0,1047546.0,-1.717,-0.01717,0.40949518
688138,清溢光电,31.35,30.57,249641793.0,8084562.0,2.552,0.02552,2.49641793
688139,海尔生物,28.18,28.78,88694329.0,3127488.0,-2.085,-0.02085,0.88694329
688141,杰华特,130.7,128.01,2108426788.0,16249484.0,2.101,0.02101,21.08426788
688143,长盈通,104.68,102.4,1654926866.0,15917298.0,2.227,0.022269999999999998,16.54926866
688146,中船特气,308.0,286.32,9257525687.0,30785196.0,7.572,0.07572,92.57525687
688147,微导纳米,97.95,96.48,1180633028.0,12226932.0,1.524,0.01524,11.80633028
688148,芳源股份,7.11,7.03,112480898.0,15887504.0,1.138,0.01138,1.12480898
688150,莱特光电,37.8,36.76,413765859.0,11106760.0,2.829,0.028290000000000003,4.13765859
688151,华强科技,16.08,16.18,62309456.0,3885284.0,-0.618,-0.00618,0.62309456
688152,麒麟信安,29.03,28.6,75200396.0,2593912.0,1.503,0.015029999999999998,0.75200396
688153,唯捷创芯,25.94,26.05,107340738.0,4145443.0,-0.422,-0.00422,1.07340738
688155,先惠技术,60.81,61.31,141428699.0,2325695.0,-0.816,-0.008159999999999999,1.41428699
688156,路德科技,20.57,20.12,56957512.0,2781063.0,2.237,0.02237,0.56957512
688157,松井股份,18.68,18.75,48360786.0,2580490.0,-0.373,-0.00373,0.48360786
688158,优刻得,35.24,35.35,1186986757.0,33481971.0,-0.311,-0.00311,11.86986757
688159,有方科技,33.4,33.2,98940527.0,2981979.0,0.602,0.00602,0.98940527
688160,步科股份,113.19,116.26,208729559.0,1837318.0,-2.641,-0.02641,2.08729559
688161,威高骨科,21.52,21.8,22178538.0,1033408.0,-1.284,-0.01284,0.22178538
688162,巨一科技,23.08,22.89,29248233.0,1279313.0,0.83,0.0083,0.29248233
688163,赛伦生物,31.15,30.62,39645095.0,1279992.0,1.731,0.017310000000000002,0.39645095
688165,埃夫特,17.54,17.5,140020765.0,7958172.0,0.229,0.00229,1.40020765
688166,博瑞医药,34.83,35.7,685695603.0,19406661.0,-2.437,-0.02437,6.85695603
688167,炬光科技,208.64,208.35,2047283147.0,9939369.0,0.139,0.0013900000000000002,20.47283147
688168,安博通,36.61,35.47,178478003.0,4930720.0,3.214,0.03214,1.78478003
688169,石头科技,105.62,108.23,555494376.0,5239334.0,-2.412,-0.02412,5.55494376
688170,德龙激光,52.19,50.58,394805022.0,7519207.0,3.183,0.03183,3.94805022
688171,纬德信息,27.6,27.69,50388558.0,1826494.0,-0.325,-0.0032500000000000003,0.50388558
688172,燕东微,53.98,52.8,866701574.0,16273523.0,2.235,0.02235,8.66701574
688173,希荻微,13.65,13.37,131825908.0,9725235.0,2.094,0.02094,1.31825908
688175,高凌信息,18.67,17.9,71315966.0,3901083.0,4.302,0.043019999999999996,0.71315966
688176,亚虹医药,12.41,12.4,148281502.0,11978610.0,0.081,0.0008100000000000001,1.48281502
688177,百奥泰,17.57,17.9,38152620.0,2165539.0,-1.844,-0.01844,0.3815262
688178,万德斯,27.15,26.92,36857256.0,1367978.0,0.854,0.008539999999999999,0.36857256
688179,阿拉丁,19.35,19.29,170599063.0,8895577.0,0.311,0.00311,1.70599063
688180,君实生物,36.96,37.6,547986420.0,14768670.0,-1.702,-0.01702,5.4798642
688181,八亿时空,38.72,37.75,221088628.0,5796384.0,2.57,0.025699999999999997,2.21088628
688182,灿勤科技,26.02,25.07,172028072.0,6700154.0,3.789,0.03789,1.72028072
688183,生益电子,108.2,107.53,1540315162.0,14157503.0,0.623,0.00623,15.40315162
688185,康希诺,50.33,51.24,67109729.0,1323977.0,-1.776,-0.01776,0.67109729
688186,广大特材,14.69,14.91,63935976.0,4347905.0,-1.476,-0.01476,0.63935976
688187,时代电气,49.74,50.15,354501700.0,7182108.0,-0.818,-0.00818,3.545017
688188,柏楚电子,106.5,107.6,245658217.0,2298185.0,-1.022,-0.01022,2.45658217
688190,云路股份,73.98,73.0,127371194.0,1737336.0,1.342,0.013420000000000001,1.27371194
688191,智洋创新,21.03,20.06,201552911.0,9776731.0,4.835,0.04835,2.01552911
688192,迪哲医药,52.44,53.03,434640419.0,8266352.0,-1.113,-0.01113,4.34640419
688193,仁度生物,48.62,48.8,10495581.0,216513.0,-0.369,-0.00369,0.10495581
688195,腾景科技,129.28,125.0,1243152095.0,9746363.0,3.424,0.03424,12.43152095
688196,卓越新能,34.5,34.1,70263856.0,2043053.0,1.173,0.01173,0.70263856
688197,首药控股,32.64,33.08,66643452.0,2036658.0,-1.33,-0.013300000000000001,0.66643452
688198,佰仁医疗,79.68,80.62,54720759.0,685735.0,-1.166,-0.011659999999999998,0.54720759
688199,久日新材,22.83,22.21,136500573.0,6071799.0,2.792,0.027919999999999997,1.36500573
688200,华峰测控,395.15,375.42,2535996928.0,6545003.0,5.255,0.05255,25.35996928
688202,美迪西,81.8,79.16,596257707.0,7325019.0,3.335,0.03335,5.96257707
688203,海正生材,10.15,10.03,21719321.0,2154474.0,1.196,0.01196,0.21719321
688205,德科立,133.7,128.59,1392485883.0,10584972.0,3.974,0.039740000000000004,13.92485883
688206,概伦电子,34.29,34.2,239198542.0,7058448.0,0.263,0.00263,2.39198542
688207,格灵深瞳,19.4,18.95,323569746.0,16565814.0,2.375,0.02375,3.23569746
688208,道通科技,28.39,29.08,336868985.0,11728713.0,-2.373,-0.02373,3.36868985
688209,英集芯,21.87,21.7,196080009.0,8991166.0,0.783,0.00783,1.96080009
688210,统联精密,27.42,27.0,98263380.0,3591573.0,1.556,0.015560000000000001,0.9826338
688211,中科微至,29.75,29.82,18506073.0,621838.0,-0.235,-0.0023499999999999997,0.18506073
688212,澳华内镜,26.61,26.85,36638389.0,1372510.0,-0.894,-0.00894,0.36638389
688213,思特威,91.45,90.5,811724244.0,8991334.0,1.05,0.0105,8.11724244
688215,瑞晟智能,41.4,38.14,133853768.0,3346561.0,8.547,0.08547,1.33853768
688216,气派科技,30.1,28.8,167894811.0,5698472.0,4.514,0.04514,1.67894811
688217,睿昂基因,22.15,22.47,22439701.0,1007329.0,-1.424,-0.01424,0.22439701
688218,江苏北人,38.67,37.69,170058428.0,4427637.0,2.6,0.026000000000000002,1.70058428
688219,会通股份,10.7,10.74,50891313.0,4774368.0,-0.372,-0.0037199999999999998,0.50891313
688220,翱捷科技,103.7,96.85,1480164637.0,14501960.0,7.073,0.07073,14.80164637
688221,前沿生物,19.07,18.81,236221561.0,12530550.0,1.382,0.013819999999999999,2.36221561
688222,成都先导,30.88,30.85,422635369.0,13670398.0,0.097,0.00097,4.22635369
688223,晶科能源,4.43,4.57,504797372.0,113395782.0,-3.063,-0.03063,5.04797372
688225,亚信安全,14.35,13.08,309651822.0,21429561.0,9.709,0.09709,3.09651822
688226,威腾电气,29.65,29.37,130826594.0,4435546.0,0.953,0.00953,1.30826594
688227,品高股份,82.29,79.5,409233854.0,4980139.0,3.509,0.035089999999999996,4.09233854
688228,开普云,74.09,74.11,231633715.0,3123508.0,-0.027,-0.00027,2.31633715
688229,博睿数据,73.3,70.97,99653602.0,1386494.0,3.283,0.03283,0.99653602
688230,芯导科技,53.22,53.3,63348403.0,1196310.0,-0.15,-0.0015,0.63348403
688231,隆达股份,28.57,27.93,137042412.0,4838905.0,2.291,0.02291,1.37042412
688232,新点软件,19.4,19.68,70440874.0,3610645.0,-1.423,-0.01423,0.70440874
688233,神工股份,109.6,105.25,1611276483.0,14910040.0,4.133,0.04133,16.11276483
688234,天岳先进,95.6,93.52,1234271836.0,13008714.0,2.224,0.022240000000000003,12.34271836
688235,百济神州,269.0,280.6,2876015125.0,10588219.0,-4.134,-0.04134,28.76015125
688236,春立医疗,14.56,14.73,16523872.0,1132558.0,-1.154,-0.01154,0.16523872
688237,超卓航科,60.71,57.14,269502966.0,4478488.0,6.248,0.06248,2.69502966
688238,和元生物,5.98,6.04,80494888.0,13470622.0,-0.993,-0.00993,0.80494888
688239,航宇科技,44.92,44.62,186397807.0,4156013.0,0.672,0.00672,1.86397807
688244,永信至诚,16.06,15.65,72434159.0,4504166.0,2.62,0.0262,0.72434159
688246,嘉和美康,19.2,19.46,63195523.0,3260882.0,-1.336,-0.01336,0.63195523
688247,宣泰医药,8.58,8.51,40761758.0,4803980.0,0.823,0.00823,0.40761758
688248,南网科技,48.18,48.76,242135862.0,5011909.0,-1.189,-0.011890000000000001,2.42135862
688249,晶合集成,39.69,39.2,834697948.0,21112264.0,1.25,0.0125,8.34697948
688251,井松智能,21.35,21.21,44664468.0,2104455.0,0.66,0.0066,0.44664468
688252,天德钰,18.96,17.93,246954725.0,13106715.0,5.745,0.05745,2.46954725
688253,英诺特,65.88,60.36,261610469.0,4043087.0,9.145,0.09144999999999999,2.61610469
688255,凯尔达,25.81,25.61,87401995.0,3381184.0,0.781,0.00781,0.87401995
688256,寒武纪,1168.15,1136.9,14303868410.0,12478455.0,2.749,0.02749,143.0386841
688257,新锐股份,58.88,56.47,1327017647.0,22765595.0,4.268,0.042679999999999996,13.27017647
688258,卓易信息,113.71,115.01,640627433.0,5581456.0,-1.13,-0.0113,6.40627433
688259,创耀科技,30.37,30.12,40514908.0,1340919.0,0.83,0.0083,0.40514908
688260,昀冢科技,106.82,106.63,988877938.0,9375985.0,0.178,0.00178,9.88877938
688261,东微半导,71.4,70.98,419308461.0,5881572.0,0.592,0.00592,4.19308461
688262,国芯科技,26.9,26.89,340559837.0,12687620.0,0.037,0.00037,3.40559837
688265,南模生物,35.75,35.95,23068060.0,644731.0,-0.556,-0.005560000000000001,0.2306806
688266,泽璟制药,112.22,110.35,927512818.0,8351551.0,1.695,0.01695,9.27512818
688267,中触媒,19.47,19.38,45369160.0,2354943.0,0.464,0.00464,0.4536916
688268,华特气体,151.1,139.0,1812754966.0,12434905.0,8.705,0.08705,18.12754966
688269,凯立新材,31.47,31.06,72756472.0,2296092.0,1.32,0.0132,0.72756472
688271,联影医疗,111.0,112.93,559778928.0,5022589.0,-1.709,-0.01709,5.59778928
688272,富吉瑞,28.68,27.95,48512151.0,1686945.0,2.612,0.02612,0.48512151
688273,麦澜德,30.64,31.02,28393806.0,921996.0,-1.225,-0.01225,0.28393806
688275,万润新能,80.51,80.1,293339224.0,3683165.0,0.512,0.00512,2.93339224
688276,百克生物,14.9,15.06,22456752.0,1507561.0,-1.062,-0.010620000000000001,0.22456752
688277,天智航,17.34,17.84,147285875.0,8517366.0,-2.803,-0.02803,1.47285875
688278,特宝生物,54.58,57.6,247867850.0,4457284.0,-5.243,-0.052430000000000004,2.4786785
688279,峰岹科技,167.55,166.35,289230196.0,1737780.0,0.721,0.007209999999999999,2.89230196
688280,精进电动,5.78,5.93,158787759.0,26960346.0,-2.53,-0.0253,1.58787759
688281,华秦科技,47.53,48.37,131833243.0,2748283.0,-1.737,-0.01737,1.31833243
688282,理工导航,55.2,53.8,44826687.0,816819.0,2.602,0.026019999999999998,0.44826687
688283,坤恒顺维,27.83,27.43,32144172.0,1157511.0,1.458,0.01458,0.32144172
688285,高铁电气,7.37,7.31,15063331.0,2059150.0,0.821,0.00821,0.15063331
688286,敏芯股份,43.44,43.03,162863231.0,3778365.0,0.953,0.00953,1.62863231
688288,鸿泉技术,18.21,18.29,37602496.0,2053983.0,-0.437,-0.00437,0.37602496
688289,圣湘生物,15.32,15.37,80472788.0,5272554.0,-0.325,-0.0032500000000000003,0.80472788
688290,景业智能,68.4,61.4,156598914.0,2362614.0,11.401,0.11401,1.56598914
688291,金橙子,41.25,41.38,84452882.0,2048423.0,-0.314,-0.00314,0.84452882
688292,浩瀚深度,18.14,17.69,86920059.0,4809618.0,2.544,0.02544,0.86920059
688293,奥浦迈,53.76,54.6,164711166.0,3025549.0,-1.538,-0.01538,1.64711166
688295,中复神鹰,43.99,41.79,561735073.0,12724184.0,5.264,0.05264,5.61735073
688296,和达科技,17.33,16.11,111782216.0,6621836.0,7.573,0.07573,1.11782216
688297,中无人机,40.69,41.23,399986821.0,9652767.0,-1.31,-0.0131,3.99986821
688298,东方生物,19.04,19.02,22615992.0,1193547.0,0.105,0.00105,0.22615992
688299,长阳科技,12.89,12.87,66870613.0,5213183.0,0.155,0.00155,0.66870613
688300,联瑞新材,136.08,125.05,2186648522.0,16529026.0,8.82,0.0882,21.86648522
688301,奕瑞科技,91.45,90.08,604449528.0,6671777.0,1.521,0.01521,6.04449528
688302,海创药业,34.3,34.25,47326318.0,1371436.0,0.146,0.00146,0.47326318
688303,大全能源,18.67,19.14,290484378.0,15483638.0,-2.456,-0.02456,2.90484378
688305,科德数控,57.89,56.38,193660067.0,3396459.0,2.678,0.026779999999999998,1.93660067
688306,均普智能,9.5,9.41,95817857.0,10133078.0,0.956,0.009559999999999999,0.95817857
688307,中润光学,44.62,43.7,223505662.0,5043925.0,2.105,0.02105,2.23505662
688308,欧科亿,99.46,95.3,1527112382.0,15549273.0,4.365,0.04365,15.27112382
688309,恒誉环保,68.02,66.43,175088695.0,2575322.0,2.393,0.023929999999999996,1.75088695
688310,迈得医疗,15.05,13.77,61838333.0,4287233.0,9.296,0.09295999999999999,0.61838333
688311,盟升电子,23.63,23.55,107442647.0,4554002.0,0.34,0.0034000000000000002,1.07442647
688312,燕麦科技,47.11,46.37,292805480.0,6279144.0,1.596,0.015960000000000002,2.9280548
688313,仕佳光子,118.75,114.61,3757741632.0,32245352.0,3.612,0.03612,37.57741632
688314,康拓医疗,33.78,33.54,33375034.0,993289.0,0.716,0.00716,0.33375034
688315,诺禾致源,13.24,13.35,43936501.0,3318181.0,-0.824,-0.008239999999999999,0.43936501
688316,青云科技,54.83,57.19,360000709.0,6493312.0,-4.127,-0.04127,3.60000709
688317,之江生物,16.64,16.71,21769453.0,1308986.0,-0.419,-0.00419,0.21769453
688318,财富趋势,82.25,81.46,878263053.0,10609076.0,0.97,0.0097,8.78263053
688319,欧林生物,26.11,24.5,276642970.0,10812588.0,6.571,0.06570999999999999,2.7664297
688320,禾川科技,31.46,31.12,109923075.0,3499858.0,1.093,0.01093,1.09923075
688321,微芯生物,27.1,27.35,212929257.0,7839425.0,-0.914,-0.00914,2.12929257
688322,奥比中光,108.96,109.02,1338834248.0,12278448.0,-0.055,-0.00055,13.38834248
688323,瑞华泰,27.05,26.13,460654072.0,17282111.0,3.521,0.03521,4.60654072
688325,赛微微电,108.85,106.84,84940966.0,782940.0,1.881,0.01881,0.84940966
688326,经纬恒润,69.92,71.4,143605619.0,2039593.0,-2.073,-0.02073,1.43605619
688327,云从科技,11.3,11.49,244257602.0,21487154.0,-1.654,-0.01654,2.44257602
688328,深科达,73.89,70.48,644033826.0,8895229.0,4.838,0.04838,6.44033826
688329,艾隆科技,19.22,18.82,25852889.0,1346688.0,2.125,0.02125,0.25852889
688330,宏力达,33.09,33.91,34251430.0,1028080.0,-2.418,-0.02418,0.3425143
688331,荣昌生物,119.16,117.8,1858106281.0,15285809.0,1.154,0.01154,18.58106281
688332,中科蓝讯,86.74,85.5,448577895.0,5200586.0,1.45,0.014499999999999999,4.48577895
688333,铂力特,100.55,96.2,1519802388.0,15228920.0,4.522,0.04522,15.19802388
688334,西高院,18.27,18.51,28626666.0,1568668.0,-1.297,-0.012969999999999999,0.28626666
688335,复洁科技,20.08,19.81,41075687.0,2058701.0,1.363,0.01363,0.41075687
688336,三生国健,42.69,42.95,456507890.0,10662906.0,-0.605,-0.00605,4.5650789
688337,普源精电,43.79,43.01,169370115.0,3887833.0,1.814,0.01814,1.69370115
688338,赛科希德,26.95,26.8,19842603.0,742545.0,0.56,0.005600000000000001,0.19842603
688339,亿华通,17.48,17.7,42231643.0,2401150.0,-1.243,-0.012430000000000002,0.42231643
688343,云天励飞,60.47,60.25,649314597.0,10784772.0,0.365,0.00365,6.49314597
688345,博力威,54.16,52.79,104372541.0,1923961.0,2.595,0.02595,1.04372541
688347,华虹宏力,258.1,252.5,5856054629.0,23030565.0,2.218,0.02218,58.56054629
688348,昱能科技,32.13,32.6,51700201.0,1605598.0,-1.442,-0.014419999999999999,0.51700201
688349,三一重能,15.06,15.16,133219859.0,8890344.0,-0.66,-0.0066,1.33219859
688350,富淼科技,29.86,29.55,58048636.0,1957949.0,1.049,0.01049,0.58048636
688351,微电生理,20.15,20.35,58568827.0,2909365.0,-0.983,-0.00983,0.58568827
688352,颀中科技,15.87,15.28,463218161.0,29286400.0,3.861,0.038610000000000005,4.63218161
688353,华盛锂电,94.95,95.3,578730797.0,6051818.0,-0.367,-0.00367,5.78730797
688355,明志科技,17.36,17.26,17640289.0,1017196.0,0.579,0.00579,0.17640289
688356,键凯科技,68.2,68.16,55995076.0,824462.0,0.059,0.0005899999999999999,0.55995076
688357,建龙微纳,27.03,27.35,19802031.0,731839.0,-1.17,-0.011699999999999999,0.19802031
688358,祥生医疗,28.88,28.78,29429108.0,1020877.0,0.347,0.0034699999999999996,0.29429108
688359,三孚新科,98.49,93.53,601334055.0,6264575.0,5.303,0.05303,6.01334055
688360,德马科技,15.7,15.58,67010886.0,4285949.0,0.77,0.0077,0.67010886
688361,中科飞测,345.0,341.6,3404760884.0,9993994.0,0.995,0.00995,34.04760884
688362,甬矽电子,65.59,60.77,2766223596.0,42647380.0,7.932,0.07932,27.66223596
688363,华熙生物,38.08,39.08,152500070.0,3982173.0,-2.559,-0.02559,1.5250007
688365,光云科技,16.2,16.01,336454949.0,20460615.0,1.187,0.01187,3.36454949
688366,昊海生科,31.09,31.71,22143630.0,711597.0,-1.955,-0.01955,0.2214363
688367,工大高科,30.21,30.15,45868904.0,1516445.0,0.199,0.00199,0.45868904
688368,晶丰明源,117.7,113.83,434323455.0,3736236.0,3.4,0.034,4.34323455
688369,致远互联,23.85,23.74,410850799.0,17006161.0,0.463,0.0046300000000000004,4.10850799
688370,丛麟科技,21.82,21.96,6905850.0,317295.0,-0.638,-0.00638,0.0690585
688371,菲沃泰,27.07,25.96,273682778.0,10272996.0,4.276,0.04276,2.73682778
688372,伟测科技,121.41,120.68,960719916.0,7944803.0,0.605,0.00605,9.60719916
688373,盟科药业,4.85,4.8,52839940.0,11014110.0,1.042,0.01042,0.5283994
688375,国博电子,78.1,79.28,399406049.0,5086098.0,-1.488,-0.014879999999999999,3.99406049
688376,美埃科技,68.74,66.9,194223412.0,2859432.0,2.75,0.0275,1.94223412
688377,迪威尔,20.46,20.54,50196453.0,2439576.0,-0.389,-0.0038900000000000002,0.50196453
688378,奥来德,40.2,38.98,372519523.0,9307269.0,3.13,0.0313,3.72519523
688379,华光新材,49.35,48.09,133330798.0,2720139.0,2.62,0.0262,1.33330798
688380,中微半导,39.11,38.84,508008523.0,13121034.0,0.695,0.00695,5.08008523
688381,帝奥微,30.83,29.77,296512413.0,9789947.0,3.561,0.03561,2.96512413
688382,益方生物,19.01,19.21,345113174.0,18186098.0,-1.041,-0.010409999999999999,3.45113174
688383,新益昌,110.18,103.86,339795607.0,3200266.0,6.085,0.06085,3.39795607
688385,复旦微电,53.22,52.99,726946496.0,13738340.0,0.434,0.00434,7.26946496
688386,泛亚微透,54.1,53.3,124865565.0,2336237.0,1.501,0.015009999999999999,1.24865565
688387,信科移动,14.18,13.65,949198284.0,67356764.0,3.883,0.03883,9.49198284
688388,嘉元科技,26.4,26.25,878076481.0,33404308.0,0.571,0.00571,8.78076481
688389,普门科技,10.85,10.97,17418684.0,1604481.0,-1.094,-0.01094,0.17418684
688390,固德威,66.31,66.76,452980967.0,6876790.0,-0.674,-0.00674,4.52980967
688391,钜泉科技,25.47,25.45,41715123.0,1637591.0,0.079,0.00079,0.41715123
688392,骄成超声,138.02,134.45,629295596.0,4580269.0,2.655,0.026549999999999997,6.29295596
688393,安必平,18.88,18.81,25079899.0,1331939.0,0.372,0.0037199999999999998,0.25079899
688395,正弦电气,21.72,21.82,25942037.0,1198193.0,-0.458,-0.00458,0.25942037
688396,华润微,58.47,58.15,1336140959.0,22994451.0,0.55,0.0055000000000000005,13.36140959
688398,赛特新材,20.72,20.65,16783010.0,812010.0,0.339,0.0033900000000000002,0.1678301
688399,硕世生物,27.72,27.5,39914454.0,1450690.0,0.8,0.008,0.39914454
688400,凌云光,46.88,46.84,611713817.0,13054326.0,0.085,0.0008500000000000001,6.11713817
688401,路维光电,69.15,67.88,407832126.0,5963616.0,1.871,0.01871,4.07832126
688403,汇成股份,23.58,21.7,2163493438.0,92355403.0,8.664,0.08664,21.63493438
688408,中信博,26.97,27.55,111364833.0,4121860.0,-2.105,-0.02105,1.11364833
688409,富创精密,183.8,173.64,2268424017.0,12674760.0,5.851,0.05851,22.68424017
688410,山外山,11.08,11.2,76959589.0,6902899.0,-1.071,-0.010709999999999999,0.76959589
688411,海博思创,210.82,212.3,478869628.0,2268669.0,-0.697,-0.00697,4.78869628
688416,恒烁股份,70.7,69.8,467927498.0,6680050.0,1.289,0.012889999999999999,4.67927498
688418,震有科技,36.98,36.48,148752705.0,4011076.0,1.371,0.01371,1.48752705
688419,耐科装备,41.39,40.52,171151775.0,4187951.0,2.147,0.02147,1.71151775
688420,美腾科技,21.52,21.49,7940619.0,370438.0,0.14,0.0014000000000000002,0.07940619
688425,铁建重工,4.25,4.3,76710517.0,18011751.0,-1.163,-0.01163,0.76710517
688426,康为世纪,18.33,18.08,16258807.0,891265.0,1.383,0.01383,0.16258807
688428,诺诚健华,27.35,26.83,257884161.0,9485580.0,1.938,0.019379999999999998,2.57884161
688429,时创能源,10.51,10.2,22976790.0,2238238.0,3.039,0.03039,0.2297679
688432,有研硅,37.85,32.97,3366889758.0,94354886.0,14.801,0.14801,33.66889758
688433,华曙高科,87.28,79.3,664973759.0,7787708.0,10.063,0.10063000000000001,6.64973759
688435,英方软件,31.79,31.64,78733443.0,2473942.0,0.474,0.004739999999999999,0.78733443
688439,振华风光,39.77,40.5,87986349.0,2204642.0,-1.802,-0.01802,0.87986349
688443,智翔金泰,22.94,23.42,83884008.0,3649239.0,-2.05,-0.020499999999999997,0.83884008
688448,磁谷科技,50.8,49.29,93412099.0,1857277.0,3.064,0.03064,0.93412099
688449,联芸科技,56.62,57.43,529319032.0,9395172.0,-1.41,-0.0141,5.29319032
688450,光格科技,32.68,31.72,80880110.0,2499814.0,3.026,0.03026,0.8088011
688455,科捷智能,14.86,14.6,29005890.0,1971530.0,1.781,0.01781,0.2900589
688456,有研粉材,82.99,78.54,999243453.0,12110503.0,5.666,0.05666,9.99243453
688458,美芯晟,33.31,32.64,76801717.0,2338288.0,2.053,0.02053,0.76801717
688459,哈铁科技,8.16,8.15,6348074.0,779255.0,0.123,0.00123,0.06348074
688466,金科环境,13.33,13.29,18442424.0,1384618.0,0.301,0.00301,0.18442424
688468,科美诊断,6.17,6.15,12833787.0,2092207.0,0.325,0.0032500000000000003,0.12833787
688469,芯联集成,8.26,8.27,1172199684.0,141155613.0,-0.121,-0.00121,11.72199684
688472,阿特斯,10.2,10.47,544031581.0,53026097.0,-2.579,-0.02579,5.44031581
688475,萤石网络,30.87,31.28,205032834.0,6628343.0,-1.311,-0.01311,2.05032834
688478,晶升股份,46.52,44.82,266675344.0,5855521.0,3.793,0.03793,2.66675344
688479,友车科技,30.42,30.63,104641343.0,3411312.0,-0.686,-0.006860000000000001,1.04641343
688480,赛恩斯,79.48,78.75,163702549.0,2023520.0,0.927,0.00927,1.63702549
688484,南芯科技,35.88,36.2,294134742.0,8210481.0,-0.884,-0.00884,2.94134742
688485,九州一轨,54.97,54.0,329292349.0,5962239.0,1.796,0.01796,3.29292349
688486,龙迅股份,45.26,45.48,157755011.0,3494633.0,-0.484,-0.00484,1.57755011
688488,艾迪药业,16.16,15.48,225175498.0,14312170.0,4.393,0.04393,2.25175498
688489,三未信安,23.98,23.46,35514959.0,1488129.0,2.217,0.022170000000000002,0.35514959
688498,源杰科技,1333.0,1298.0,6599990871.0,5037630.0,2.696,0.02696,65.99990871
688499,利元亨,36.28,36.55,131463154.0,3616462.0,-0.739,-0.00739,1.31463154
688500,慧辰股份,35.91,35.89,89468825.0,2496193.0,0.056,0.0005600000000000001,0.89468825
688501,DR青达环,13.29,13.26,42165373.0,3183090.0,0.226,0.00226,0.42165373
688502,茂莱光学,379.02,372.99,772803255.0,2054718.0,1.617,0.01617,7.72803255
688503,聚和材料,72.97,65.89,1402505038.0,20415041.0,10.745,0.10744999999999999,14.02505038
688505,复旦张江,7.42,7.5,30315978.0,4079657.0,-1.067,-0.010669999999999999,0.30315978
688506,百利天恒,301.97,289.91,619856659.0,2094111.0,4.16,0.0416,6.19856659
688507,索辰科技,179.36,174.53,1816712520.0,10242081.0,2.767,0.02767,18.1671252
688508,芯朋微,77.45,73.78,656526730.0,8539449.0,4.974,0.04974,6.5652673
688509,正元地信,4.17,4.17,24670192.0,5955821.0,0.0,0.0,0.24670192
688510,航亚科技,21.94,21.46,186378408.0,8644662.0,2.237,0.02237,1.86378408
688511,天微电子,22.42,21.84,43650355.0,1961952.0,2.656,0.02656,0.43650355
688512,慧智微,13.5,12.6,277625736.0,20818307.0,7.143,0.07143,2.77625736
688513,苑东生物,45.66,45.54,112207181.0,2457157.0,0.264,0.00264,1.12207181
688515,裕太微,153.61,149.79,820887482.0,5435880.0,2.55,0.0255,8.20887482
688516,奥特维,40.88,40.97,272503318.0,6681024.0,-0.22,-0.0022,2.72503318
688517,金冠电气,15.64,15.69,33223885.0,2136249.0,-0.319,-0.00319,0.33223885
688518,联赢激光,19.59,19.8,219362393.0,11160068.0,-1.061,-0.01061,2.19362393
688519,南亚新材,259.64,252.16,2110518381.0,8135813.0,2.966,0.029660000000000002,21.10518381
688520,神州细胞,35.02,36.22,114118907.0,3228570.0,-3.313,-0.03313,1.14118907
688521,芯原股份,217.17,215.16,3585204315.0,16695965.0,0.934,0.009340000000000001,35.85204315
688522,纳睿雷达,19.61,19.81,62520560.0,3173816.0,-1.01,-0.0101,0.6252056
688523,航天环宇,45.9,45.33,249629363.0,5412462.0,1.257,0.01257,2.49629363
688525,佰维存储,232.94,233.07,8538324473.0,37418082.0,-0.056,-0.0005600000000000001,85.38324473
688526,科前生物,12.84,12.89,15426886.0,1205136.0,-0.388,-0.00388,0.15426886
688528,秦川物联,9.35,9.22,13127252.0,1416348.0,1.41,0.0141,0.13127252
688529,豪森智能,15.95,15.43,42240777.0,2678942.0,3.37,0.0337,0.42240777
688530,欧莱新材,58.5,51.25,1097546803.0,19538213.0,14.146,0.14146,10.97546803
688531,日联科技,128.19,127.68,601088355.0,4684973.0,0.399,0.0039900000000000005,6.01088355
688533,上声电子,21.62,21.81,24065966.0,1112000.0,-0.871,-0.00871,0.24065966
688535,华海诚科,98.9,95.85,990496653.0,10185386.0,3.182,0.03182,9.90496653
688536,思瑞浦,243.17,238.66,817980197.0,3417464.0,1.89,0.0189,8.17980197
688538,和辉光电,2.4,2.43,164108870.0,68354361.0,-1.235,-0.012350000000000002,1.6410887
688539,高华科技,26.39,26.2,90842510.0,3440091.0,0.725,0.0072499999999999995,0.9084251
688543,国科军工,38.3,38.49,226194738.0,5915599.0,-0.494,-0.00494,2.26194738
688545,兴福电子,80.4,75.98,1712751063.0,21948976.0,5.817,0.05817,17.12751063
688548,广钢气体,37.16,34.75,1660394182.0,45021583.0,6.935,0.06935,16.60394182
688549,中巨芯,27.85,23.21,4944339555.0,189752698.0,19.991,0.19991,49.44339555
688550,瑞联新材,39.13,39.23,149636498.0,3850119.0,-0.255,-0.00255,1.49636498
688551,科威尔,38.92,38.1,129556959.0,3372321.0,2.152,0.02152,1.29556959
688552,航天南湖,26.88,26.74,77368790.0,2899049.0,0.524,0.00524,0.7736879
688553,汇宇制药,11.07,11.03,90379544.0,8217033.0,0.363,0.00363,0.90379544
688556,高测股份,8.64,8.65,163610021.0,18936291.0,-0.116,-0.00116,1.63610021
688557,兰剑智能,19.91,19.88,21933955.0,1108262.0,0.151,0.00151,0.21933955
688558,国盛智科,30.72,30.04,45838703.0,1507106.0,2.264,0.022639999999999997,0.45838703
688559,海目星,47.1,47.2,525468978.0,11156020.0,-0.212,-0.00212,5.25468978
688560,明冠新材,11.79,11.8,36885803.0,3141114.0,-0.085,-0.0008500000000000001,0.36885803
688561,奇安信,28.0,27.17,441614717.0,15987880.0,3.055,0.03055,4.41614717
688562,航天软件,14.47,14.47,59991008.0,4143531.0,0.0,0.0,0.59991008
688563,航材股份,51.9,52.78,111679669.0,2142498.0,-1.667,-0.01667,1.11679669
688565,力源科技,10.84,10.32,34550748.0,3319994.0,5.039,0.05039,0.34550748
688566,吉贝尔,24.55,24.87,29029931.0,1178991.0,-1.287,-0.01287,0.29029931
688567,孚能科技,10.19,10.32,113786933.0,11159892.0,-1.26,-0.0126,1.13786933
688568,中科星图,36.76,37.02,459589305.0,12483823.0,-0.702,-0.007019999999999999,4.59589305
688569,铁科轨道,16.79,16.78,11014253.0,657795.0,0.06,0.0006,0.11014253
688570,天玛智控,14.71,14.81,10459766.0,711465.0,-0.675,-0.006750000000000001,0.10459766
688571,杭华股份,9.53,8.71,159601848.0,17280522.0,9.414,0.09414,1.59601848
688573,信宇人,15.78,15.92,27816134.0,1761701.0,-0.879,-0.00879,0.27816134
688575,亚辉龙,9.1,9.26,63654072.0,6972113.0,-1.728,-0.01728,0.63654072
688576,西山科技,38.99,39.35,15272549.0,392887.0,-0.915,-0.00915,0.15272549
688577,浙海德曼,42.15,41.76,47728789.0,1139855.0,0.934,0.009340000000000001,0.47728789
688578,艾力斯,110.72,111.12,921132666.0,8390806.0,-0.36,-0.0036,9.21132666
688579,地纬智能,8.14,8.08,31223392.0,3829105.0,0.743,0.00743,0.31223392
688580,伟思医疗,49.1,49.14,60973882.0,1251514.0,-0.081,-0.0008100000000000001,0.60973882
688581,安杰思,53.36,53.7,24070041.0,450970.0,-0.633,-0.00633,0.24070041
688582,芯动联科,41.76,41.25,221549236.0,5353254.0,1.236,0.01236,2.21549236
688583,思看科技,75.6,79.26,138418250.0,1783268.0,-4.618,-0.046180000000000006,1.3841825
688584,上海合晶,28.74,27.04,704690977.0,25226703.0,6.287,0.06287,7.04690977
688585,上纬新材,163.88,159.79,853991920.0,5253181.0,2.56,0.0256,8.5399192
688586,江航装备,10.72,10.84,67344935.0,6297725.0,-1.107,-0.01107,0.67344935
688588,凌志软件,10.07,9.92,53351490.0,5309802.0,1.512,0.01512,0.5335149
688589,力合微,17.9,18.16,88318169.0,4964543.0,-1.432,-0.01432,0.88318169
688590,新致软件,13.74,13.69,163140075.0,11720566.0,0.365,0.00365,1.63140075
688591,泰凌微,28.54,28.6,115535790.0,4060495.0,-0.21,-0.0021,1.1553579
688592,司南导航,24.3,24.01,21494638.0,895441.0,1.208,0.01208,0.21494638
688593,新相微,30.28,31.63,665906917.0,21304823.0,-4.268,-0.042679999999999996,6.65906917
688595,芯海科技,28.29,28.47,109629846.0,3883221.0,-0.632,-0.00632,1.09629846
688596,正帆科技,61.0,57.42,2824632291.0,46506397.0,6.235,0.06235,28.24632291
688597,煜邦电力,6.73,6.64,46376239.0,6899176.0,1.355,0.01355,0.46376239
688598,金博股份,28.96,27.91,442192724.0,15514250.0,3.762,0.03762,4.42192724
688599,天合光能,13.83,14.3,489146036.0,34967195.0,-3.287,-0.032869999999999996,4.89146036
688600,皖仪科技,27.22,27.44,217957595.0,7979265.0,-0.802,-0.008020000000000001,2.17957595
688601,力芯微,40.1,39.17,176874178.0,4443948.0,2.374,0.02374,1.76874178
688602,康鹏科技,6.56,6.63,33573731.0,5127324.0,-1.056,-0.01056,0.33573731
688603,天承科技,105.68,98.78,723070162.0,7042652.0,6.985,0.06985000000000001,7.23070162
688605,先锋精科,74.7,72.33,581179200.0,8021628.0,3.277,0.03277,5.811792
688606,奥泰生物,45.0,44.75,15981836.0,357307.0,0.559,0.00559,0.15981836
688607,康众医疗,44.59,41.91,209850688.0,4827628.0,6.395,0.06394999999999999,2.09850688
688608,恒玄科技,113.98,116.17,664600551.0,5817854.0,-1.885,-0.01885,6.64600551
688609,九联科技,9.44,9.4,168999775.0,17992127.0,0.426,0.00426,1.68999775
688610,埃科光电,149.99,143.43,320496264.0,2170028.0,4.574,0.045739999999999996,3.20496264
688611,杭州柯林,59.83,61.37,76079154.0,1261589.0,-2.509,-0.025089999999999998,0.76079154
688612,威迈斯,32.88,30.97,225999673.0,6947623.0,6.167,0.061669999999999996,2.25999673
688613,XD奥精医,15.01,14.98,30295527.0,2025193.0,0.2,0.002,0.30295527
688615,合合信息,121.56,122.8,1141813588.0,9361337.0,-1.01,-0.0101,11.41813588
688616,西力科技,10.5,10.43,21377870.0,2042651.0,0.671,0.006710000000000001,0.2137787
688617,惠泰医疗,209.71,214.97,227785129.0,1075706.0,-2.447,-0.024470000000000002,2.27785129
688618,三旺通信,28.56,28.33,81947147.0,2893378.0,0.812,0.00812,0.81947147
688619,罗普特,14.03,13.72,47394563.0,3408469.0,2.259,0.02259,0.47394563
688620,安凯微,15.13,14.35,306329396.0,20526571.0,5.436,0.05436,3.06329396
688621,阳光诺和,60.46,60.88,104812065.0,1730311.0,-0.69,-0.0069,1.04812065
688623,双元科技,60.15,59.67,27567281.0,460406.0,0.804,0.00804,0.27567281
688625,呈和科技,54.38,53.8,249373968.0,4596515.0,1.078,0.010780000000000001,2.49373968
688626,翔宇医疗,44.44,44.68,92121737.0,2079178.0,-0.537,-0.005370000000000001,0.92121737
688627,精智达,436.72,429.7,1921031761.0,4418235.0,1.634,0.01634,19.21031761
688628,优利德,66.5,64.63,288370861.0,4378254.0,2.893,0.028929999999999997,2.88370861
688629,华丰科技,146.99,143.44,2574760383.0,17680915.0,2.475,0.02475,25.74760383
688630,芯碁微装,392.62,361.0,2836938717.0,7423349.0,8.759,0.08759,28.36938717
688631,莱斯信息,42.65,43.05,46761748.0,1088453.0,-0.929,-0.00929,0.46761748
688633,星球石墨,23.81,23.6,80647610.0,3388983.0,0.89,0.0089,0.8064761
688635,长进光子,255.0,254.7,541150505.0,2140277.0,0.118,0.0011799999999999998,5.41150505
688636,智明达,19.23,19.0,181311519.0,9494167.0,1.211,0.012110000000000001,1.81311519
688638,誉辰智能,32.1,31.66,15696528.0,489957.0,1.39,0.0139,0.15696528
688639,华恒生物,17.07,17.2,86483272.0,5086385.0,-0.756,-0.00756,0.86483272
688648,中邮科技,31.41,31.62,49827359.0,1583964.0,-0.664,-0.00664,0.49827359
688651,盛邦安全,23.83,22.74,47905438.0,2055797.0,4.793,0.04793,0.47905438
688652,京仪装备,140.29,139.5,897851966.0,6466523.0,0.566,0.005659999999999999,8.97851966
688653,康希通信,13.1,12.46,239208776.0,18888431.0,5.136,0.05136,2.39208776
688655,迅捷兴,34.1,33.16,279034937.0,8256589.0,2.835,0.02835,2.79034937
688656,浩欧博,86.04,87.03,27008067.0,314269.0,-1.138,-0.01138,0.27008067
688657,浩辰软件,32.45,32.13,61202270.0,1881130.0,0.996,0.00996,0.6120227
688658,悦康药业,12.32,12.57,137072005.0,11034130.0,-1.989,-0.01989,1.37072005
688659,元琛科技,9.74,9.44,25914575.0,2694888.0,3.178,0.03178,0.25914575
688660,电气风电,8.94,9.17,243394727.0,26700154.0,-2.508,-0.02508,2.43394727
688661,和林微纳,104.0,96.92,857413283.0,8304997.0,7.305,0.07305,8.57413283
688662,富信科技,83.8,78.65,1317280656.0,16213428.0,6.548,0.06548,13.17280656
688663,新风光,53.8,52.75,294476063.0,5539349.0,1.991,0.01991,2.94476063
688665,四方光电,45.63,45.47,16646031.0,368273.0,0.352,0.0035199999999999997,0.16646031
688667,菱电电控,91.57,88.5,64880128.0,721871.0,3.469,0.03469,0.64880128
688668,鼎通科技,232.0,227.28,1316874003.0,5725211.0,2.077,0.02077,13.16874003
688669,聚石化学,63.36,59.53,281852374.0,4588368.0,6.434,0.06434000000000001,2.81852374
688670,金迪克,14.8,14.79,19982342.0,1345486.0,0.068,0.00068,0.19982342
688671,碧兴物联,23.6,23.71,38235361.0,1622515.0,-0.464,-0.00464,0.38235361
688676,金盘科技,68.36,69.68,770582523.0,11329208.0,-1.894,-0.01894,7.70582523
688677,海泰新光,72.06,71.95,293835477.0,4079599.0,0.153,0.00153,2.93835477
688678,福立旺,17.88,17.16,283782027.0,16057771.0,4.196,0.04196,2.83782027
688679,通源环境,36.28,38.0,147668795.0,4016244.0,-4.526,-0.045259999999999995,1.47668795
688680,海优新材,34.94,35.56,66637356.0,1914587.0,-1.744,-0.01744,0.66637356
688681,科汇股份,16.2,16.06,24941769.0,1541282.0,0.872,0.00872,0.24941769
688682,霍莱沃,31.36,31.04,37788873.0,1214751.0,1.031,0.01031,0.37788873
688683,莱尔科技,29.87,29.28,48101887.0,1636617.0,2.015,0.02015,0.48101887
688685,迈信林,43.18,44.6,197678940.0,4591007.0,-3.184,-0.03184,1.9767894
688686,奥普特,115.98,114.08,210526788.0,1830998.0,1.665,0.01665,2.10526788
688687,凯因科技,16.41,16.6,29365901.0,1787418.0,-1.145,-0.01145,0.29365901
688689,银河微电,38.6,37.13,342469505.0,9037100.0,3.959,0.03959,3.42469505
688690,纳微科技,38.1,37.58,396651845.0,10358382.0,1.384,0.013839999999999998,3.96651845
688691,灿芯股份,65.8,64.6,427593463.0,6576154.0,1.858,0.01858,4.27593463
688692,达梦数据,239.8,244.0,424381612.0,1755427.0,-1.721,-0.01721,4.24381612
688693,锴威特,77.82,64.85,35331136.0,454011.0,20.0,0.2,0.35331136
688695,中创股份,19.45,19.2,25031350.0,1292013.0,1.302,0.01302,0.2503135
688696,极米科技,66.7,67.08,80605555.0,1190329.0,-0.566,-0.005659999999999999,0.80605555
688697,纽威数控,14.05,14.27,160814518.0,11396425.0,-1.542,-0.01542,1.60814518
688698,伟创电气,49.22,49.61,175522398.0,3548159.0,-0.786,-0.00786,1.75522398
688699,明微电子,59.8,55.4,339925739.0,5887749.0,7.942,0.07942,3.39925739
688700,东威科技,58.02,56.25,746665986.0,13081823.0,3.147,0.03147,7.46665986
688701,卓锦股份,7.68,7.74,17660859.0,2303403.0,-0.775,-0.00775,0.17660859
688702,盛科通信,390.02,350.44,4977826742.0,13264254.0,11.294,0.11294,49.77826742
688707,振华新材,10.81,10.76,70220599.0,6491346.0,0.465,0.0046500000000000005,0.70220599
688708,佳驰科技,46.4,47.1,50436139.0,1076992.0,-1.486,-0.01486,0.50436139
688709,成都华微,26.29,26.4,146147270.0,5567641.0,-0.417,-0.00417,1.4614727
688710,益诺思,77.88,77.4,202234850.0,2586649.0,0.62,0.0062,2.0223485
688711,宏微科技,24.49,24.3,228750285.0,9375903.0,0.782,0.00782,2.28750285
688712,北芯生命,34.16,35.23,224158767.0,6510022.0,-3.037,-0.030369999999999998,2.24158767
688716,中研股份,29.06,29.1,73115627.0,2527624.0,-0.137,-0.0013700000000000001,0.73115627
688717,艾罗能源,59.11,59.03,308691166.0,5275770.0,0.136,0.00136,3.08691166
688718,唯赛勃,13.24,13.18,18368090.0,1389814.0,0.455,0.00455,0.1836809
688719,爱科赛博,47.7,46.84,189504655.0,3998892.0,1.836,0.01836,1.89504655
688720,艾森股份,62.38,60.15,434862159.0,7098010.0,3.707,0.03707,4.34862159
688721,龙图光罩,39.23,38.12,173788811.0,4522865.0,2.912,0.02912,1.73788811
688722,同益中,14.36,14.43,40601293.0,2820102.0,-0.485,-0.00485,0.40601293
688726,拉普拉斯,44.18,44.46,328868704.0,7466556.0,-0.63,-0.0063,3.28868704
688727,恒坤新材,47.5,42.57,412972760.0,9302603.0,11.581,0.11581,4.1297276
688728,格科微,15.85,15.65,869320190.0,55164801.0,1.278,0.01278,8.6932019
688729,屹唐股份,25.89,25.18,1247805788.0,48200590.0,2.82,0.0282,12.47805788
688733,壹石通,27.97,27.68,151550945.0,5432305.0,1.048,0.01048,1.51550945
688737,中自科技,18.59,18.48,22490680.0,1215317.0,0.595,0.0059499999999999996,0.2249068
688739,成大生物,19.99,20.07,31023959.0,1557542.0,-0.399,-0.0039900000000000005,0.31023959
688750,金天钛业,14.69,14.87,57209076.0,3876102.0,-1.21,-0.0121,0.57209076
688755,汉邦科技,25.13,24.72,24993913.0,998217.0,1.659,0.01659,0.24993913
688757,胜科纳米,32.29,31.28,273921281.0,8620557.0,3.229,0.03229,2.73921281
688758,赛分科技,26.3,26.16,337806595.0,12551985.0,0.535,0.005350000000000001,3.37806595
688759,必贝特,23.25,22.98,104997174.0,4537357.0,1.175,0.01175,1.04997174
688765,禾元生物,34.79,35.15,122598752.0,3519353.0,-1.024,-0.01024,1.22598752
688766,普冉股份,374.8,373.88,5733379544.0,15796243.0,0.246,0.00246,57.33379544
688767,博拓生物,38.04,38.33,48913966.0,1294308.0,-0.757,-0.00757,0.48913966
688768,容知日新,45.9,45.87,27962293.0,614506.0,0.065,0.00065,0.27962293
688772,珠海冠宇,14.24,14.84,502064653.0,34976952.0,-4.043,-0.04043,5.02064653
688775,影石创新,133.98,137.35,590111679.0,4362991.0,-2.454,-0.024540000000000003,5.90111679
688776,国光电气,50.36,50.85,93908537.0,1854593.0,-0.964,-0.00964,0.93908537
688777,中控技术,104.5,106.59,2508303076.0,24106584.0,-1.961,-0.019610000000000002,25.08303076
688778,厦钨新能,47.11,47.85,327322354.0,6911970.0,-1.546,-0.01546,3.27322354
688779,五矿新能,7.84,7.88,181726952.0,23115488.0,-0.508,-0.00508,1.81726952
688781,视涯科技,37.63,38.61,74236998.0,1960808.0,-2.538,-0.02538,0.74236998
688783,西安奕材,31.0,29.14,1443770931.0,48113260.0,6.383,0.06383,14.43770931
688785,恒运昌,261.8,254.0,216879079.0,838457.0,3.071,0.03071,2.16879079
688786,悦安新材,27.33,26.95,160593644.0,5900967.0,1.41,0.0141,1.60593644
688787,海天瑞声,110.9,109.67,310888946.0,2829542.0,1.122,0.01122,3.10888946
688788,科思科技,30.6,31.17,108015115.0,3522305.0,-1.829,-0.01829,1.08015115
688789,宏华数科,46.17,47.5,77295378.0,1661974.0,-2.8,-0.027999999999999997,0.77295378
688790,昂瑞微,94.88,95.65,33789293.0,356070.0,-0.805,-0.00805,0.33789293
688793,倍轻松,17.41,17.4,21885128.0,1266880.0,0.057,0.00057,0.21885128
688795,摩尔线程,586.0,593.13,698865597.0,1190276.0,-1.202,-0.01202,6.98865597
688796,百奥赛图,114.5,116.22,212338198.0,1856709.0,-1.48,-0.0148,2.12338198
688797,臻宝科技,335.42,323.59,1501126567.0,4566406.0,3.656,0.03656,15.01126567
688798,艾为电子,55.83,56.49,129376333.0,2325683.0,-1.168,-0.01168,1.29376333
688799,华纳药厂,44.0,43.99,118001418.0,2651561.0,0.023,0.00023,1.18001418
688800,瑞可达,58.48,53.18,1380731712.0,24554929.0,9.966,0.09966,13.80731712
688802,沐曦股份,722.7,726.03,774575322.0,1074739.0,-0.459,-0.00459,7.74575322
688805,健信超导,40.62,41.47,39868369.0,973447.0,-2.05,-0.020499999999999997,0.39868369
688806,泰诺麦博,26.15,26.7,258969526.0,9844240.0,-2.06,-0.0206,2.58969526
688807,优迅股份,245.1,243.99,459271034.0,1884295.0,0.455,0.00455,4.59271034
688808,联讯仪器,2095.01,2079.0,2901043046.0,1409306.0,0.77,0.0077,29.01043046
688809,强一股份,468.0,473.0,755634772.0,1615172.0,-1.057,-0.01057,7.55634772
688811,有研复材,23.18,22.9,231032242.0,9978296.0,1.223,0.012230000000000001,2.31032242
688813,泰金新能,109.6,108.95,611701973.0,5635463.0,0.597,0.00597,6.11701973
688816,易思维,50.18,51.22,18330974.0,363709.0,-2.03,-0.0203,0.18330974
688818,电科蓝天,49.64,49.4,482257218.0,9730842.0,0.486,0.00486,4.82257218
688819,天能股份,22.22,22.63,60971154.0,2734221.0,-1.812,-0.01812,0.60971154
688820,盛合晶微,136.26,132.22,2584788987.0,19014470.0,3.056,0.03056,25.84788987
688825,长鑫科技,51.96,54.3,29151895973.0,560574859.0,-4.309,-0.04309,291.51895973
688981,中芯国际,124.15,125.45,6429444648.0,51888149.0,-1.036,-0.010360000000000001,64.29444648
000001,平安银行,11.27,11.25,1171011830.0,104634257.0,0.178,0.00178,11.7101183
000002,万 科Ａ,3.26,3.28,425181475.0,131211991.0,-0.61,-0.0060999999999999995,4.25181475
000006,深振业Ａ,6.83,6.79,138271825.0,20491800.0,0.589,0.005889999999999999,1.38271825
000007,全新好,9.82,9.55,80146102.0,8328345.0,2.827,0.02827,0.80146102
000008,神州高铁,2.44,2.42,86921969.0,35944026.0,0.826,0.00826,0.86921969
000009,中国宝安,7.5,7.64,368687802.0,49005935.0,-1.832,-0.01832,3.68687802
000011,深物业A,8.1,8.13,78539297.0,9725900.0,-0.369,-0.00369,0.78539297
000012,南 玻Ａ,3.89,3.96,111183894.0,28635054.0,-1.768,-0.01768,1.11183894
000014,沙河股份,10.1,10.13,51307049.0,5092620.0,-0.296,-0.00296,0.51307049
000017,深中华A,6.17,6.2,62747526.0,10153556.0,-0.484,-0.00484,0.62747526
000019,深粮控股,6.29,6.09,132763197.0,21511022.0,3.284,0.03284,1.32763197
000020,深华发Ａ,11.06,10.92,36799630.0,3366300.0,1.282,0.01282,0.3679963
000021,深科技,39.91,38.7,6575241570.0,167100380.0,3.127,0.03127,65.7524157
000025,特 力Ａ,15.15,15.28,147571469.0,9664859.0,-0.851,-0.00851,1.47571469
000026,飞亚达,17.09,17.08,205729976.0,12015700.0,0.059,0.0005899999999999999,2.05729976
000027,深圳能源,6.37,6.44,136995452.0,21517114.0,-1.087,-0.01087,1.36995452
000028,国药一致,20.4,20.6,62687382.0,3070948.0,-0.971,-0.00971,0.62687382
000029,深深房Ａ,22.39,22.06,105219239.0,4726101.0,1.496,0.01496,1.05219239
000030,富奥股份,4.24,4.29,38114085.0,9000237.0,-1.166,-0.011659999999999998,0.38114085
000031,大悦城,2.24,2.24,64182608.0,28934100.0,0.0,0.0,0.64182608
000032,深桑达Ａ,14.58,14.62,632479172.0,43672296.0,-0.274,-0.0027400000000000002,6.32479172
000034,神州数码,25.57,25.9,1088937730.0,42462731.0,-1.274,-0.01274,10.8893773
000035,中国天楹,4.96,5.17,327748929.0,65378093.0,-4.062,-0.04062,3.27748929
000036,华联控股,4.16,4.18,87397510.0,21091185.0,-0.478,-0.0047799999999999995,0.8739751
000037,深南电A,10.07,10.11,263583657.0,26324100.0,-0.396,-0.00396,2.63583657
000039,中集集团,8.5,8.68,318458446.0,37376175.0,-2.074,-0.020739999999999998,3.18458446
000042,中洲控股,8.41,8.31,44413562.0,5287965.0,1.203,0.01203,0.44413562
000045,深纺织Ａ,10.13,9.98,82675973.0,8246789.0,1.503,0.015029999999999998,0.82675973
000048,京基智农,21.6,21.17,411271362.0,19156945.0,2.031,0.02031,4.11271362
000049,德赛电池,24.7,25.08,193328453.0,7808106.0,-1.515,-0.015149999999999999,1.93328453
000050,深天马Ａ,6.71,6.72,238114292.0,35857071.0,-0.149,-0.00149,2.38114292
000055,方大集团,3.45,3.43,22957630.0,6706140.0,0.583,0.005829999999999999,0.2295763
000058,深 赛 格,6.81,6.91,53297976.0,7814933.0,-1.447,-0.01447,0.53297976
000059,华锦股份,4.58,4.53,91605031.0,20090712.0,1.104,0.011040000000000001,0.91605031
000060,中金岭南,6.59,6.71,1455532546.0,218738420.0,-1.788,-0.01788,14.55532546
000061,农 产 品,5.87,5.92,132615497.0,22556868.0,-0.845,-0.00845,1.32615497
000062,深圳华强,22.99,23.27,631503946.0,27471893.0,-1.203,-0.01203,6.31503946
000063,中兴通讯,34.7,34.74,5160714137.0,150150774.0,-0.115,-0.00115,51.60714137
000065,北方国际,9.2,9.29,218271882.0,23630567.0,-0.969,-0.009689999999999999,2.18271882
000066,中国长城,14.73,14.72,2131996623.0,144005239.0,0.068,0.00068,21.31996623
000068,华控赛格,2.91,2.88,43551110.0,15078500.0,1.042,0.01042,0.4355111
000069,华侨城Ａ,1.93,1.83,301289549.0,158273745.0,5.464,0.05464,3.01289549
000070,特发信息,14.26,14.17,908394613.0,64041069.0,0.635,0.00635,9.08394613
000088,盐 田 港,4.47,4.51,87652748.0,19594146.0,-0.887,-0.00887,0.87652748
000089,深圳机场,6.59,6.62,93277444.0,14119400.0,-0.453,-0.00453,0.93277444
000090,天健集团,3.42,3.35,71865914.0,21374033.0,2.09,0.0209,0.71865914
000096,广聚能源,7.76,7.72,45488697.0,5890800.0,0.518,0.005180000000000001,0.45488697
000099,中信海直,14.36,14.56,113159395.0,7854045.0,-1.374,-0.01374,1.13159395
000100,TCL科技,4.82,4.87,2550948198.0,531895959.0,-1.027,-0.01027,25.50948198
000151,中成股份,10.09,9.98,67902213.0,6731399.0,1.102,0.01102,0.67902213
000153,丰原药业,5.56,5.51,37442451.0,6811878.0,0.907,0.00907,0.37442451
000155,川能动力,11.97,12.2,525144217.0,43633824.0,-1.885,-0.01885,5.25144217
000156,华数传媒,6.91,7.07,65006602.0,9345500.0,-2.263,-0.022629999999999997,0.65006602
000157,中联重科,7.27,7.29,338813857.0,46593974.0,-0.274,-0.0027400000000000002,3.38813857
000158,常山北明,13.8,14.08,546851159.0,39436748.0,-1.989,-0.01989,5.46851159
000159,国际实业,5.77,5.75,51116252.0,8937116.0,0.348,0.0034799999999999996,0.51116252
000166,申万宏源,4.54,4.64,497518683.0,109268039.0,-2.155,-0.02155,4.97518683
000301,东方盛虹,12.9,12.59,375673504.0,29389488.0,2.462,0.024620000000000003,3.75673504
000333,美的集团,85.32,85.47,1780112924.0,20869634.0,-0.176,-0.0017599999999999998,17.80112924
000338,潍柴动力,29.38,30.22,2166182693.0,73271196.0,-2.78,-0.0278,21.66182693
000400,许继电气,22.86,23.48,599393369.0,26206713.0,-2.641,-0.02641,5.99393369
000401,金隅冀东,3.63,3.63,34207502.0,9464116.0,0.0,0.0,0.34207502
000402,金 融 街,2.51,2.49,106434755.0,42832961.0,0.803,0.00803,1.06434755
000403,派林生物,10.5,10.5,108994827.0,10442790.0,0.0,0.0,1.08994827
000404,长虹华意,7.67,7.78,96288785.0,12573697.0,-1.414,-0.01414,0.96288785
000407,胜利股份,4.07,4.03,71802031.0,17727800.0,0.993,0.00993,0.71802031
000408,藏格矿业,86.79,86.57,1617396077.0,18515128.0,0.254,0.00254,16.17396077
000409,云鼎科技,8.93,8.97,56046971.0,6278596.0,-0.446,-0.00446,0.56046971
000410,沈阳机床,4.88,4.92,73112023.0,15052402.0,-0.813,-0.00813,0.73112023
000411,英特集团,9.59,9.52,50529195.0,5284732.0,0.735,0.00735,0.50529195
000415,渤海租赁,4.52,4.58,214958710.0,47270600.0,-1.31,-0.0131,2.1495871
000417,合百集团,6.04,6.03,234061455.0,38846505.0,0.166,0.00166,2.34061455
000419,通程控股,4.9,4.89,28194143.0,5778850.0,0.204,0.0020399999999999997,0.28194143
000420,吉林化纤,3.78,3.82,198353635.0,52208239.0,-1.047,-0.01047,1.98353635
000421,南京公用,5.4,5.42,38411927.0,7131170.0,-0.369,-0.00369,0.38411927
000422,湖北宜化,13.31,13.47,387643244.0,29263009.0,-1.188,-0.01188,3.87643244
000423,东阿阿胶,53.85,54.25,295619388.0,5464343.0,-0.737,-0.00737,2.95619388
000425,徐工机械,8.42,8.41,755572315.0,89639465.0,0.119,0.0011899999999999999,7.55572315
000426,兴业银锡,37.58,36.3,4927620267.0,129908805.0,3.526,0.03526,49.27620267
000428,华天酒店,3.96,4.1,245810014.0,61424335.0,-3.415,-0.03415,2.45810014
000429,粤高速Ａ,14.19,14.2,122208862.0,8637547.0,-0.07,-0.0007000000000000001,1.22208862
000430,张家界,6.54,6.57,38054701.0,5824060.0,-0.457,-0.00457,0.38054701
000498,山东路桥,5.02,5.06,47320580.0,9436800.0,-0.791,-0.00791,0.4732058
000501,武商集团,7.16,7.17,47398558.0,6654448.0,-0.139,-0.0013900000000000002,0.47398558
000503,国新健康,7.56,7.64,157561178.0,20668884.0,-1.047,-0.01047,1.57561178
000504,南华生物,8.22,8.11,51801778.0,6362800.0,1.356,0.013560000000000001,0.51801778
000505,京粮控股,5.93,5.6,182778764.0,31479635.0,5.893,0.058929999999999996,1.82778764
000506,招金黄金,16.48,15.62,1976047307.0,119803620.0,5.506,0.055060000000000005,19.76047307
000507,珠海港,4.98,4.99,44980358.0,9078631.0,-0.2,-0.002,0.44980358
000509,华塑控股,3.24,3.16,103943722.0,32668016.0,2.532,0.02532,1.03943722
000510,新金路,16.11,16.12,1442022204.0,88491688.0,-0.062,-0.00062,14.42022204
000513,丽珠集团,30.13,30.37,165539735.0,5497805.0,-0.79,-0.0079,1.65539735
000514,渝 开 发,3.95,3.91,35884977.0,9208214.0,1.023,0.01023,0.35884977
000516,国际医学,4.16,4.25,100155190.0,23963300.0,-2.118,-0.021179999999999997,1.0015519
000517,荣安地产,2.12,2.14,77244621.0,36373700.0,-0.935,-0.00935,0.77244621
000518,四环生物,3.96,3.89,166645883.0,42355100.0,1.799,0.01799,1.66645883
000519,中兵红箭,14.57,14.8,745757764.0,51120705.0,-1.554,-0.01554,7.45757764
000520,凤凰航运,3.96,3.94,63067824.0,16040050.0,0.508,0.00508,0.63067824
000521,长虹美菱,4.96,4.98,40740371.0,8245400.0,-0.402,-0.00402,0.40740371
000523,红棉股份,2.89,2.9,63812218.0,22209588.0,-0.345,-0.00345,0.63812218
000524,岭南控股,9.34,9.37,55601419.0,5958013.0,-0.32,-0.0032,0.55601419
000525,红太阳,4.56,4.6,93237310.0,20476026.0,-0.87,-0.0087,0.9323731
000526,学大教育,35.61,35.5,198963214.0,5610400.0,0.31,0.0031,1.98963214
000528,柳 工,8.38,8.46,248897416.0,29602525.0,-0.946,-0.00946,2.48897416
000529,广弘控股,4.77,4.72,18475406.0,3895972.0,1.059,0.010589999999999999,0.18475406
000530,冰山冷热,5.02,5.02,56845581.0,11375500.0,0.0,0.0,0.56845581
000531,穗恒运Ａ,5.84,5.98,80747698.0,13746840.0,-2.341,-0.02341,0.80747698
000532,华金资本,10.8,10.82,58932589.0,5461299.0,-0.185,-0.00185,0.58932589
000533,顺钠股份,12.12,12.7,1581135539.0,130136813.0,-4.567,-0.04567,15.81135539
000534,万泽股份,26.4,26.76,245826243.0,9328066.0,-1.345,-0.01345,2.45826243
000536,华映科技,3.32,3.33,167787596.0,50860740.0,-0.3,-0.003,1.67787596
000537,绿发电力,7.6,7.75,168809871.0,22231620.0,-1.935,-0.01935,1.68809871
000538,云南白药,50.69,50.9,445014360.0,8794720.0,-0.413,-0.00413,4.4501436
000539,粤电力Ａ,5.92,5.98,410322428.0,69824860.0,-1.003,-0.010029999999999999,4.10322428
000541,佛山照明,4.97,5.0,40691907.0,8193889.0,-0.6,-0.006,0.40691907
000543,皖能电力,7.81,7.94,292587392.0,37507186.0,-1.637,-0.01637,2.92587392
000544,中原环保,7.37,7.41,23706924.0,3215028.0,-0.54,-0.0054,0.23706924
000545,金浦钛业,2.54,2.56,78815001.0,31282100.0,-0.781,-0.00781,0.78815001
000546,金圆股份,4.67,4.73,125096960.0,26596000.0,-1.268,-0.01268,1.2509696
000547,航天发展,15.66,15.39,1229553220.0,78886213.0,1.754,0.01754,12.2955322
000548,湖南投资,4.39,4.37,20315225.0,4666402.0,0.458,0.00458,0.20315225
000550,江铃汽车,16.4,16.73,62522706.0,3800951.0,-1.973,-0.01973,0.62522706
000551,创元科技,13.5,13.53,349799643.0,26035469.0,-0.222,-0.00222,3.49799643
000552,甘肃能化,2.59,2.55,253185228.0,98498078.0,1.569,0.01569,2.53185228
000553,安道麦A,5.5,5.36,53990623.0,9965313.0,2.612,0.02612,0.53990623
000554,泰山石油,6.53,6.44,135655151.0,20937100.0,1.398,0.01398,1.35655151
000555,神州信息,11.16,11.07,376220178.0,33722274.0,0.813,0.00813,3.76220178
000557,西部创业,3.7,3.73,27129480.0,7368000.0,-0.804,-0.00804,0.2712948
000558,天府文旅,3.44,3.46,64644370.0,18802800.0,-0.578,-0.0057799999999999995,0.6464437
000559,万向钱潮,11.8,11.99,560782638.0,47089814.0,-1.585,-0.01585,5.60782638
000560,我爱我家,2.23,2.23,247298605.0,111331600.0,0.0,0.0,2.47298605
000561,烽火电子,7.62,7.62,66711694.0,8767101.0,0.0,0.0,0.66711694
000563,陕国投Ａ,3.01,3.06,158912246.0,52759808.0,-1.634,-0.01634,1.58912246
000564,供销大集,1.42,1.45,305969826.0,215097874.0,-2.069,-0.02069,3.05969826
000565,渝三峡Ａ,5.9,5.87,43552007.0,7434800.0,0.511,0.00511,0.43552007
000566,海南海药,5.85,6.13,1430751113.0,241640365.0,-4.568,-0.04568,14.30751113
000567,海德股份,6.24,6.24,103413194.0,16518300.0,0.0,0.0,1.03413194
000568,泸州老窖,87.01,87.52,913682994.0,10500005.0,-0.583,-0.005829999999999999,9.13682994
000570,苏常柴Ａ,5.0,5.0,50109230.0,10089734.0,0.0,0.0,0.5010923
000571,新大洲A,7.3,6.93,359449794.0,49843950.0,5.339,0.05339000000000001,3.59449794
000572,海马汽车,3.85,3.92,180870509.0,46990269.0,-1.786,-0.01786,1.80870509
000573,粤宏远Ａ,3.61,3.71,125081422.0,34602747.0,-2.695,-0.026949999999999998,1.25081422
000576,甘化科工,7.15,7.02,62543694.0,8796702.0,1.852,0.018520000000000002,0.62543694
000581,威孚高科,17.53,17.66,113420602.0,6478200.0,-0.736,-0.00736,1.13420602
000582,北部湾港,12.52,12.91,535280794.0,42399577.0,-3.021,-0.03021,5.35280794
000586,汇源通信,11.92,11.66,68076039.0,5804500.0,2.23,0.0223,0.68076039
000589,贵州轮胎,4.28,4.33,92941577.0,21709148.0,-1.155,-0.01155,0.92941577
000590,古汉医药,8.63,8.52,29568204.0,3448100.0,1.291,0.01291,0.29568204
000591,太阳能,4.48,4.55,206583889.0,46166900.0,-1.538,-0.01538,2.06583889
000592,平潭发展,6.66,6.61,1193733645.0,181193924.0,0.756,0.00756,11.93733645
000593,德龙汇能,22.72,22.52,957788384.0,42527833.0,0.888,0.00888,9.57788384
000595,新能股份,6.26,6.67,930878062.0,147330400.0,-6.147,-0.061470000000000004,9.30878062
000596,古井贡酒,90.15,90.0,672509839.0,7497147.0,0.167,0.00167,6.72509839
000597,东北制药,4.58,4.61,41142015.0,9005200.0,-0.651,-0.00651,0.41142015
000598,兴蓉环境,7.16,7.14,153199448.0,21439096.0,0.28,0.0028000000000000004,1.53199448
000599,青岛双星,4.99,4.95,59952578.0,12120321.0,0.808,0.00808,0.59952578
000600,建投能源,8.72,8.85,261556268.0,30101900.0,-1.469,-0.014690000000000002,2.61556268
000601,韶能股份,6.64,6.69,333996664.0,50640800.0,-0.747,-0.00747,3.33996664
000603,盛达资源,31.3,29.15,3822800917.0,120984721.0,7.376,0.07376,38.22800917
000605,渤海股份,5.81,5.78,25616003.0,4429500.0,0.519,0.00519,0.25616003
000607,华媒控股,3.64,3.67,57087371.0,15626014.0,-0.817,-0.00817,0.57087371
000608,阳光股份,7.15,6.92,313693845.0,43955773.0,3.324,0.03324,3.13693845
000612,焦作万方,11.42,11.5,428983578.0,37402524.0,-0.696,-0.006959999999999999,4.28983578
000617,中油资本,7.18,7.14,923598995.0,128066050.0,0.56,0.005600000000000001,9.23598995
000619,海螺新材,4.68,4.62,31350361.0,6755605.0,1.299,0.01299,0.31350361
000620,盈新发展,2.78,2.79,469097693.0,169682169.0,-0.358,-0.00358,4.69097693
000623,吉林敖东,18.08,18.3,247832101.0,13693842.0,-1.202,-0.01202,2.47832101
000625,长安汽车,7.38,7.56,728224383.0,98142936.0,-2.381,-0.023809999999999998,7.28224383
000626,远大控股,7.49,7.28,81877823.0,11060400.0,2.885,0.028849999999999997,0.81877823
000628,高新发展,39.31,39.7,303233922.0,7733377.0,-0.982,-0.00982,3.03233922
000629,钒钛股份,3.14,3.17,344492812.0,109465380.0,-0.946,-0.00946,3.44492812
000630,铜陵有色,6.57,6.67,2949776314.0,443618387.0,-1.499,-0.014990000000000002,29.49776314
000631,顺发恒能,2.91,2.93,35371314.0,12247396.0,-0.683,-0.00683,0.35371314
000633,合金投资,5.2,5.1,49108318.0,9525301.0,1.961,0.019610000000000002,0.49108318
000635,英 力 特,6.5,6.44,31360362.0,4872858.0,0.932,0.00932,0.31360362
000636,风华高科,58.28,57.8,12228600135.0,214586199.0,0.83,0.0083,122.28600135
000637,茂化实华,3.84,3.73,44082719.0,11559400.0,2.949,0.02949,0.44082719
000650,仁和药业,5.33,5.39,79996595.0,15029841.0,-1.113,-0.01113,0.79996595
000651,格力电器,40.25,40.27,1476771500.0,36755494.0,-0.05,-0.0005,14.767715
000652,泰达股份,3.51,3.54,37710615.0,10770900.0,-0.847,-0.00847,0.37710615
000655,金岭矿业,6.92,6.88,45813518.0,6660300.0,0.581,0.005809999999999999,0.45813518
000656,金科股份,1.19,1.21,131988755.0,110589784.0,-1.653,-0.01653,1.31988755
000657,中钨高新,62.5,57.43,10522454712.0,171501560.0,8.828,0.08828,105.22454712
000659,珠海中富,2.79,2.77,58632585.0,21332700.0,0.722,0.00722,0.58632585
000661,长春高新,75.15,76.95,673090505.0,8854039.0,-2.339,-0.02339,6.73090505
000663,永安林业,5.45,5.35,25910431.0,4807769.0,1.869,0.01869,0.25910431
000665,湖北广电,3.99,4.01,46289398.0,11643947.0,-0.499,-0.00499,0.46289398
000668,荣丰控股,19.74,19.76,39825480.0,2018210.0,-0.101,-0.00101,0.3982548
000670,盈方微,6.9,7.08,306107050.0,44441100.0,-2.542,-0.025419999999999998,3.0610705
000672,上峰材料,13.87,13.75,267118644.0,19414056.0,0.873,0.00873,2.67118644
000676,智度股份,7.5,7.85,1025467508.0,135248996.0,-4.459,-0.04459,10.25467508
000678,襄阳轴承,8.94,9.02,104004248.0,11577546.0,-0.887,-0.00887,1.04004248
000679,大连友谊,6.02,5.83,36928084.0,6237700.0,3.259,0.03259,0.36928084
000680,山推股份,11.16,11.21,198521693.0,17674128.0,-0.446,-0.00446,1.98521693
000681,视觉中国,18.49,18.88,694747304.0,37324848.0,-2.066,-0.020659999999999998,6.94747304
000682,东方电子,12.27,12.52,229246976.0,18668153.0,-1.997,-0.01997,2.29246976
000683,博源化工,6.12,5.96,593625028.0,98085948.0,2.685,0.02685,5.93625028
000685,中山公用,11.01,11.17,178284313.0,16141331.0,-1.432,-0.01432,1.78284313
000686,东北证券,8.08,8.17,127282877.0,15707817.0,-1.102,-0.01102,1.27282877
000688,国城矿业,30.83,30.14,849959823.0,27871746.0,2.289,0.02289,8.49959823
000690,宝新能源,4.83,4.9,266860267.0,55348078.0,-1.429,-0.01429,2.66860267
000691,亚太实业,9.7,9.72,124614629.0,12806510.0,-0.206,-0.0020599999999999998,1.24614629
000692,惠天热电,4.24,3.85,49224949.0,11750603.0,10.13,0.1013,0.49224949
000695,滨海能源,12.75,12.88,63036996.0,4944300.0,-1.009,-0.010089999999999998,0.63036996
000697,炼石航空,8.67,8.55,61272777.0,7105200.0,1.404,0.014039999999999999,0.61272777
000700,模塑科技,11.65,11.3,679215083.0,58625561.0,3.097,0.03097,6.79215083
000701,厦门信达,4.99,4.92,70438267.0,14158020.0,1.423,0.01423,0.70438267
000702,正虹科技,5.35,5.3,31117567.0,5892597.0,0.943,0.00943,0.31117567
000703,恒逸石化,17.2,16.39,1607533004.0,94782929.0,4.942,0.04942,16.07533004
000705,浙江震元,6.6,6.55,38434222.0,5859219.0,0.763,0.0076300000000000005,0.38434222
000707,双环科技,4.51,4.49,38903456.0,8715228.0,0.445,0.00445,0.38903456
000708,中信特钢,14.1,14.16,198540877.0,14023649.0,-0.424,-0.00424,1.98540877
000709,河钢股份,2.14,2.15,176896733.0,83079716.0,-0.465,-0.0046500000000000005,1.76896733
000710,贝瑞基因,8.91,9.19,285723004.0,31748777.0,-3.047,-0.03047,2.85723004
000712,锦龙股份,9.51,9.81,553159042.0,57930191.0,-3.058,-0.03058,5.53159042
000713,国投丰乐,5.88,5.78,77045855.0,13181992.0,1.73,0.0173,0.77045855
000715,中兴商业,4.84,4.82,25664189.0,5334330.0,0.415,0.00415,0.25664189
000716,黑芝麻,4.78,4.74,95541832.0,20138400.0,0.844,0.00844,0.95541832
000717,中南股份,2.27,2.24,53120477.0,23617573.0,1.339,0.013389999999999999,0.53120477
000718,苏宁环球,1.89,1.89,35860104.0,19063195.0,0.0,0.0,0.35860104
000719,中原传媒,12.38,12.48,65378658.0,5287930.0,-0.801,-0.00801,0.65378658
000720,新能泰山,3.93,3.57,348588088.0,91004344.0,10.084,0.10084,3.48588088
000721,西安饮食,6.62,6.56,116343092.0,17697640.0,0.915,0.00915,1.16343092
000722,湖南发展,13.48,13.46,204042217.0,15194033.0,0.149,0.00149,2.04042217
000723,美锦能源,3.6,3.57,273302439.0,76287422.0,0.84,0.0084,2.73302439
000725,京东方Ａ,5.96,5.97,11084502000.0,1871411278.0,-0.168,-0.00168,110.84502
000726,鲁 泰Ａ,5.95,5.93,24270651.0,4107587.0,0.337,0.00337,0.24270651
000727,冠捷科技,2.26,2.28,175577382.0,78102300.0,-0.877,-0.00877,1.75577382
000728,国元证券,7.25,7.33,159297506.0,21943478.0,-1.091,-0.01091,1.59297506
000729,燕京啤酒,12.67,12.58,307254784.0,24214978.0,0.715,0.00715,3.07254784
000731,四川美丰,5.81,5.78,31599832.0,5497896.0,0.519,0.00519,0.31599832
000733,振华科技,41.79,42.45,687373891.0,16453961.0,-1.555,-0.01555,6.87373891
000735,罗 牛 山,5.16,5.24,181721476.0,35227802.0,-1.527,-0.015269999999999999,1.81721476
000736,中交发展,4.47,4.45,51833178.0,11739580.0,0.449,0.00449,0.51833178
000737,北方铜业,14.14,14.39,1023646191.0,71695926.0,-1.737,-0.01737,10.23646191
000738,航发控制,18.35,18.37,239614400.0,13124997.0,-0.109,-0.00109,2.396144
000739,普洛药业,21.28,21.88,579071343.0,26811997.0,-2.742,-0.02742,5.79071343
000750,国海证券,3.81,3.87,170419156.0,44626755.0,-1.55,-0.0155,1.70419156
000751,锌业股份,5.18,5.12,933325252.0,178270423.0,1.172,0.01172,9.33325252
000753,漳州发展,4.8,4.82,73408561.0,15346750.0,-0.415,-0.00415,0.73408561
000755,山西高速,4.69,4.69,15550546.0,3338100.0,0.0,0.0,0.15550546
000756,新华制药,14.29,13.67,367046425.0,26123959.0,4.535,0.04535,3.67046425
000757,浩物股份,3.95,3.83,55930311.0,14325359.0,3.133,0.03133,0.55930311
000758,中色股份,6.1,6.19,257129143.0,41805004.0,-1.454,-0.014539999999999999,2.57129143
000759,中百集团,6.74,6.93,500356507.0,73775600.0,-2.742,-0.02742,5.00356507
000761,本钢板材,2.34,2.35,32179199.0,13825100.0,-0.426,-0.00426,0.32179199
000762,西藏矿业,23.71,23.84,397197234.0,16735267.0,-0.545,-0.00545,3.97197234
000766,通化金马,17.09,17.27,261922923.0,15302013.0,-1.042,-0.01042,2.61922923
000767,晋控电力,3.81,3.81,494253780.0,131582693.0,0.0,0.0,4.9425378
000768,中航西飞,20.83,20.86,417612290.0,20124920.0,-0.144,-0.0014399999999999999,4.1761229
000776,广发证券,21.2,21.37,943178491.0,44511423.0,-0.796,-0.00796,9.43178491
000777,中核科技,17.97,18.7,312952179.0,17258446.0,-3.904,-0.03904,3.12952179
000778,新兴铸管,3.79,3.87,286865005.0,75637435.0,-2.067,-0.02067,2.86865005
000779,甘咨询,14.28,13.49,841023574.0,58594933.0,5.856,0.05856,8.41023574
000782,恒申新材,7.56,7.47,103014124.0,13707100.0,1.205,0.01205,1.03014124
000783,长江证券,8.93,8.96,877299881.0,97993534.0,-0.335,-0.00335,8.77299881
000785,居然智家,2.26,2.28,121498170.0,53932594.0,-0.877,-0.00877,1.2149817
000786,北新建材,18.51,18.69,433459699.0,23460732.0,-0.963,-0.00963,4.33459699
000788,北大医药,5.25,5.26,61304500.0,11737600.0,-0.19,-0.0019,0.613045
000789,万年青,4.12,4.07,14947838.0,3654100.0,1.229,0.01229,0.14947838
000790,华神科技,3.82,3.81,60346049.0,15893950.0,0.262,0.00262,0.60346049
000791,甘肃能源,7.77,7.91,189762039.0,24451518.0,-1.77,-0.0177,1.89762039
000792,盐湖股份,28.53,28.28,1578563086.0,55654493.0,0.884,0.00884,15.78563086
000795,英洛华,8.64,8.64,159774744.0,18420370.0,0.0,0.0,1.59774744
000796,凯撒旅业,3.89,3.9,95182530.0,24575900.0,-0.256,-0.00256,0.9518253
000797,中国武夷,2.4,2.4,51422708.0,21547704.0,0.0,0.0,0.51422708
000798,中水渔业,8.15,8.02,57001240.0,7058400.0,1.621,0.01621,0.5700124
000799,酒鬼酒,41.07,41.09,596767100.0,14528350.0,-0.049,-0.00049,5.967671
000800,一汽解放,6.24,6.37,106709756.0,17048500.0,-2.041,-0.020409999999999998,1.06709756
000801,四川九洲,11.48,11.64,143355664.0,12400158.0,-1.375,-0.01375,1.43355664
000802,北京文化,4.27,4.28,673543900.0,150618074.0,-0.234,-0.00234,6.735439
000803,山高环能,7.17,7.09,87775742.0,12262900.0,1.128,0.011279999999999998,0.87775742
000807,云铝股份,26.66,26.82,2300277562.0,86333410.0,-0.597,-0.00597,23.00277562
000809,和展能源,3.35,3.28,51916171.0,15752614.0,2.134,0.021339999999999998,0.51916171
000810,创维数字,9.8,9.84,192691682.0,19708498.0,-0.407,-0.00407,1.92691682
000811,冰轮环境,40.31,39.47,2151370474.0,54017653.0,2.128,0.02128,21.51370474
000812,陕西金叶,3.53,3.49,65743888.0,18734030.0,1.146,0.01146,0.65743888
000813,德展健康,3.29,3.34,84507374.0,25724900.0,-1.497,-0.01497,0.84507374
000815,美利云,18.31,18.85,3090927436.0,168019915.0,-2.865,-0.028650000000000002,30.90927436
000816,智慧农业,2.68,2.67,108810897.0,40898924.0,0.375,0.00375,1.08810897
000818,航锦科技,13.54,13.69,325294694.0,23894098.0,-1.096,-0.010960000000000001,3.25294694
000819,岳阳兴长,12.02,12.04,48275651.0,4025400.0,-0.166,-0.00166,0.48275651
000820,神雾节能,3.76,4.12,294974379.0,76987486.0,-8.738,-0.08738,2.94974379
000822,山东海化,4.31,4.29,52551000.0,12263904.0,0.466,0.00466,0.52551
000823,超声电子,14.3,14.08,910204718.0,64124550.0,1.563,0.015629999999999998,9.10204718
000825,太钢不锈,3.57,3.63,111786893.0,31236776.0,-1.653,-0.01653,1.11786893
000828,东莞控股,9.96,10.06,61689237.0,6193857.0,-0.994,-0.00994,0.61689237
000829,天音控股,8.49,8.58,211659933.0,24931931.0,-1.049,-0.01049,2.11659933
000830,鲁西化工,12.85,13.0,390271899.0,30380480.0,-1.154,-0.01154,3.90271899
000831,中国稀土,51.99,51.6,2097084811.0,40170339.0,0.756,0.00756,20.97084811
000833,粤桂股份,20.37,20.35,449666457.0,22299671.0,0.098,0.00098,4.49666457
000837,秦川机床,9.96,9.9,163672622.0,16524912.0,0.606,0.006059999999999999,1.63672622
000839,国安股份,3.14,2.85,841371438.0,281415653.0,10.175,0.10175000000000001,8.41371438
000848,承德露露,8.87,8.99,149129871.0,16765213.0,-1.335,-0.013349999999999999,1.49129871
000850,华茂股份,4.1,4.05,32167265.0,7912587.0,1.235,0.012350000000000002,0.32167265
000852,石化机械,5.31,5.37,48036494.0,9051394.0,-1.117,-0.01117,0.48036494
000856,冀东装备,7.87,7.81,27581800.0,3530900.0,0.768,0.00768,0.275818
000858,五 粮 液,74.48,75.5,3033081692.0,40608132.0,-1.351,-0.01351,30.33081692
000859,国风新材,8.91,8.63,609967997.0,69166733.0,3.244,0.032440000000000004,6.09967997
000860,顺鑫农业,10.86,10.9,105899462.0,9766057.0,-0.367,-0.00367,1.05899462
000862,银星能源,5.65,5.63,175896495.0,31563401.0,0.355,0.0035499999999999998,1.75896495
000863,三湘印象,3.98,3.94,52344763.0,13323659.0,1.015,0.01015,0.52344763
000868,安凯客车,3.6,3.63,34500192.0,9619201.0,-0.826,-0.00826,0.34500192
000869,张 裕Ａ,17.34,17.49,20190007.0,1164137.0,-0.858,-0.008579999999999999,0.20190007
000875,电投绿能,5.24,5.35,254278062.0,48581098.0,-2.056,-0.020560000000000002,2.54278062
000876,新 希 望,6.95,6.97,186224771.0,26915589.0,-0.287,-0.0028699999999999997,1.86224771
000877,天山股份,3.84,3.8,72121048.0,18784900.0,1.053,0.01053,0.72121048
000878,云南铜业,16.6,16.77,1078541717.0,64327431.0,-1.014,-0.01014,10.78541717
000880,潍柴重机,22.89,22.81,209170972.0,9186922.0,0.351,0.0035099999999999997,2.09170972
000881,中广核技,6.46,6.54,53612111.0,8286706.0,-1.223,-0.012230000000000001,0.53612111
000882,华联股份,1.43,1.44,61589548.0,43143320.0,-0.694,-0.006939999999999999,0.61589548
000883,湖北能源,4.66,4.68,108076236.0,23304467.0,-0.427,-0.0042699999999999995,1.08076236
000885,城发环境,12.85,12.93,56050171.0,4374100.0,-0.619,-0.00619,0.56050171
000886,海南高速,4.58,4.63,59519751.0,12986301.0,-1.08,-0.0108,0.59519751
000887,中鼎股份,18.84,18.64,636008223.0,33797533.0,1.073,0.01073,6.36008223
000888,峨眉山Ａ,9.69,9.73,59767423.0,6183600.0,-0.411,-0.00411,0.59767423
000889,中嘉博创,4.12,3.92,587151609.0,142271954.0,5.102,0.05102,5.87151609
000890,法尔胜,7.48,7.43,142478153.0,19131100.0,0.673,0.006730000000000001,1.42478153
000892,欢瑞世纪,4.04,4.09,340853058.0,84058101.0,-1.222,-0.01222,3.40853058
000893,亚钾国际,48.18,49.0,818350088.0,16999977.0,-1.673,-0.016730000000000002,8.18350088
000895,双汇发展,25.38,25.33,218927885.0,8632345.0,0.197,0.00197,2.18927885
000897,津滨发展,1.75,1.76,47698707.0,27381640.0,-0.568,-0.005679999999999999,0.47698707
000898,鞍钢股份,2.05,2.06,72852280.0,35631810.0,-0.485,-0.00485,0.7285228
000899,赣能股份,10.94,11.07,191891042.0,17663689.0,-1.174,-0.011739999999999999,1.91891042
000900,现代投资,3.71,3.73,44707147.0,12113550.0,-0.536,-0.00536,0.44707147
000901,航天科技,14.9,14.93,301432322.0,20218577.0,-0.201,-0.00201,3.01432322
000902,新洋丰,13.5,13.73,215591834.0,15863132.0,-1.675,-0.01675,2.15591834
000905,厦门港务,8.61,8.73,72227559.0,8393813.0,-1.375,-0.01375,0.72227559
000906,浙商中拓,5.44,5.49,27113098.0,4987500.0,-0.911,-0.00911,0.27113098
000908,石药景峰,6.83,6.21,237053333.0,36162790.0,9.984,0.09984,2.37053333
000910,大亚圣象,5.29,5.23,20603931.0,3930400.0,1.147,0.011470000000000001,0.20603931
000912,泸天化,3.64,3.64,57090742.0,15862901.0,0.0,0.0,0.57090742
000913,钱江摩托,11.71,11.97,61830786.0,5266650.0,-2.172,-0.021720000000000003,0.61830786
000915,华特达因,25.37,25.45,67363503.0,2666800.0,-0.314,-0.00314,0.67363503
000917,电广传媒,7.07,7.21,193292638.0,27208444.0,-1.942,-0.01942,1.93292638
000919,金陵药业,6.34,6.33,56721422.0,8999400.0,0.158,0.00158,0.56721422
000920,沃顿科技,11.55,11.45,130997351.0,11461800.0,0.873,0.00873,1.30997351
000921,海信家电,26.86,27.22,158418733.0,5881701.0,-1.323,-0.013229999999999999,1.58418733
000922,佳电股份,11.59,11.68,127908606.0,11020488.0,-0.771,-0.00771,1.27908606
000923,河钢资源,14.71,14.97,289291903.0,19541246.0,-1.737,-0.01737,2.89291903
000925,众合科技,7.56,7.59,156419822.0,20714540.0,-0.395,-0.00395,1.56419822
000926,福星股份,2.19,2.16,93002326.0,42740860.0,1.389,0.01389,0.93002326
000927,中国铁物,2.47,2.5,121077285.0,49250783.0,-1.2,-0.012,1.21077285
000928,中钢国际,5.11,5.17,73708372.0,14401236.0,-1.161,-0.01161,0.73708372
000929,兰州黄河,8.9,8.86,29128983.0,3303731.0,0.451,0.00451,0.29128983
000930,中粮科技,4.74,4.75,93116001.0,19688569.0,-0.211,-0.00211,0.93116001
000931,中 关 村,4.09,4.07,22817835.0,5619300.0,0.491,0.00491,0.22817835
000932,华菱钢铁,3.75,3.84,501077119.0,133217277.0,-2.344,-0.02344,5.01077119
000933,神火股份,26.34,26.2,1833986016.0,70120789.0,0.534,0.00534,18.33986016
000935,四川双马,22.6,22.88,116874004.0,5176007.0,-1.224,-0.01224,1.16874004
000936,华西股份,5.24,5.28,64341015.0,12285971.0,-0.758,-0.00758,0.64341015
000937,冀中能源,4.74,4.61,141822730.0,30296753.0,2.82,0.0282,1.4182273
000938,紫光股份,37.94,36.94,14668206633.0,393913850.0,2.707,0.027069999999999997,146.68206633
000948,南天信息,15.01,15.49,342429238.0,22692244.0,-3.099,-0.030990000000000004,3.42429238
000949,新乡化纤,6.48,6.45,246327990.0,38212899.0,0.465,0.0046500000000000005,2.4632799
000950,重药控股,5.34,5.37,186668310.0,35277506.0,-0.559,-0.00559,1.8666831
000951,中国重汽,22.04,22.02,199380366.0,9113732.0,0.091,0.00091,1.99380366
000952,广济药业,5.88,5.87,31246964.0,5349660.0,0.17,0.0017000000000000001,0.31246964
000953,中哲精化,5.62,5.58,26876190.0,4805700.0,0.717,0.007169999999999999,0.2687619
000955,欣龙控股,4.21,4.15,42915738.0,10282100.0,1.446,0.014459999999999999,0.42915738
000957,中通客车,10.2,10.27,93642617.0,9234172.0,-0.682,-0.0068200000000000005,0.93642617
000958,电投产融,5.53,5.5,132019987.0,24073700.0,0.545,0.00545,1.32019987
000959,首钢股份,3.77,3.79,113924275.0,30309472.0,-0.528,-0.00528,1.13924275
000960,锡业股份,39.25,38.6,3603896919.0,91938748.0,1.684,0.01684,36.03896919
000962,东方钽业,53.86,51.63,2740716007.0,51139718.0,4.319,0.04319,27.40716007
000963,华东医药,27.82,27.92,442558337.0,15910861.0,-0.358,-0.00358,4.42558337
000965,天保基建,3.18,3.17,39513734.0,12516961.0,0.315,0.00315,0.39513734
000966,长源电力,4.21,4.29,250239522.0,59692592.0,-1.865,-0.01865,2.50239522
000967,盈峰环境,9.37,9.47,1818574579.0,196341830.0,-1.056,-0.01056,18.18574579
000968,蓝焰控股,6.96,6.93,166185896.0,24016852.0,0.433,0.00433,1.66185896
000969,安泰科技,17.11,17.19,643118372.0,37398495.0,-0.465,-0.0046500000000000005,6.43118372
000970,中科三环,13.46,13.22,1125691391.0,83435549.0,1.815,0.01815,11.25691391
000972,中基健康,3.43,3.37,35969787.0,10623678.0,1.78,0.0178,0.35969787
000973,佛塑科技,12.43,12.49,414234968.0,33472384.0,-0.48,-0.0048,4.14234968
000975,山金国际,25.46,24.22,2397376260.0,94318286.0,5.12,0.0512,23.9737626
000977,浪潮信息,76.79,77.2,6753744209.0,88176514.0,-0.531,-0.0053100000000000005,67.53744209
000978,桂林旅游,6.05,6.08,44892303.0,7424298.0,-0.493,-0.00493,0.44892303
000980,众泰汽车,1.73,1.8,222908829.0,128414644.0,-3.889,-0.03889,2.22908829
000981,山子高科,3.01,3.17,2990536798.0,976210839.0,-5.047,-0.050469999999999994,29.90536798
000983,山西焦煤,6.67,6.46,694987277.0,105044358.0,3.251,0.03251,6.94987277
000985,大庆华科,15.02,14.67,29296530.0,1972600.0,2.386,0.023860000000000003,0.2929653
000987,越秀资本,7.74,7.89,263249051.0,33840599.0,-1.901,-0.01901,2.63249051
000988,华工科技,103.01,100.43,8235225740.0,80435006.0,2.569,0.02569,82.3522574
000989,九芝堂,9.05,9.09,280586872.0,30988945.0,-0.44,-0.0044,2.80586872
000990,诚志股份,6.58,6.55,323389686.0,49410623.0,0.458,0.00458,3.23389686
000993,闽东电力,10.15,10.28,107117364.0,10592915.0,-1.265,-0.01265,1.07117364
000995,皇台酒业,10.79,10.9,187982838.0,17405897.0,-1.009,-0.010089999999999998,1.87982838
000997,新 大 陆,18.68,18.68,519317835.0,27423399.0,0.0,0.0,5.19317835
000998,隆平高科,8.25,8.28,286582669.0,34691140.0,-0.362,-0.00362,2.86582669
000999,华润三九,24.97,25.32,388022889.0,15568193.0,-1.382,-0.013819999999999999,3.88022889
001201,东瑞股份,11.52,11.4,38432727.0,3360303.0,1.053,0.01053,0.38432727
001202,炬申股份,13.2,13.09,34824800.0,2663766.0,0.84,0.0084,0.348248
001203,大中矿业,27.7,28.02,581646118.0,20900703.0,-1.142,-0.01142,5.81646118
001205,盛航股份,13.6,13.66,20768840.0,1530700.0,-0.439,-0.00439,0.2076884
001206,依依股份,16.57,16.27,112537512.0,6851090.0,1.844,0.01844,1.12537512
001207,联科科技,15.6,15.54,48358396.0,3128060.0,0.386,0.00386,0.48358396
001208,华菱线缆,15.24,15.41,447104808.0,29277300.0,-1.103,-0.01103,4.47104808
001209,洪兴股份,16.64,16.54,21966575.0,1324600.0,0.605,0.00605,0.21966575
001210,金房能源,21.78,20.79,407473458.0,18773917.0,4.762,0.047619999999999996,4.07473458
001211,双枪科技,20.81,20.71,68465541.0,3296227.0,0.483,0.00483,0.68465541
001212,中旗新材,34.67,34.57,134175411.0,3888520.0,0.289,0.0028899999999999998,1.34175411
001213,中铁特货,3.55,3.55,24962292.0,7053100.0,0.0,0.0,0.24962292
001215,千味央厨,33.32,32.92,60987566.0,1850950.0,1.215,0.012150000000000001,0.60987566
001216,华瓷股份,14.01,14.18,38595188.0,2743800.0,-1.199,-0.01199,0.38595188
001217,华尔泰,9.76,9.78,35429059.0,3633100.0,-0.204,-0.0020399999999999997,0.35429059
001218,丽臣实业,23.66,23.02,52215851.0,2222976.0,2.78,0.0278,0.52215851
001219,青岛食品,12.37,12.33,22148606.0,1805291.0,0.324,0.0032400000000000003,0.22148606
001220,世盟股份,30.06,30.28,27142773.0,902381.0,-0.727,-0.0072699999999999996,0.27142773
001221,悍高集团,39.84,40.5,95793981.0,2409960.0,-1.63,-0.0163,0.95793981
001222,源飞宠物,14.0,14.16,44452125.0,3172300.0,-1.13,-0.0113,0.44452125
001223,欧克科技,37.43,38.45,137420516.0,3697056.0,-2.653,-0.02653,1.37420516
001225,和泰机电,44.66,45.22,150584461.0,3361600.0,-1.238,-0.01238,1.50584461
001226,拓山重工,41.64,41.05,17791431.0,430900.0,1.437,0.01437,0.17791431
001227,兰州银行,2.18,2.19,178313663.0,82127268.0,-0.457,-0.00457,1.78313663
001228,永泰运,27.4,27.81,23261450.0,849300.0,-1.474,-0.01474,0.2326145
001229,魅视科技,40.0,42.32,582738893.0,13916780.0,-5.482,-0.05482,5.82738893
001230,劲旅环境,19.18,18.74,92807757.0,4868132.0,2.348,0.023479999999999997,0.92807757
001231,农心科技,19.33,19.15,16164740.0,843300.0,0.94,0.009399999999999999,0.1616474
001233,海安集团,44.0,44.9,57986675.0,1314310.0,-2.004,-0.02004,0.57986675
001234,泰慕士,20.42,20.16,29735156.0,1460100.0,1.29,0.0129,0.29735156
001236,弘业期货,7.63,7.72,69061828.0,9041900.0,-1.166,-0.011659999999999998,0.69061828
001237,惠康科技,54.74,55.22,94481050.0,1727235.0,-0.869,-0.00869,0.9448105
001238,浙江正特,25.6,25.26,13296161.0,529860.0,1.346,0.013460000000000001,0.13296161
001239,永达股份,11.74,11.69,26587057.0,2278100.0,0.428,0.00428,0.26587057
001248,华润新能,13.32,13.7,1790703761.0,133961213.0,-2.774,-0.02774,17.90703761
001255,博菲电气,24.85,24.85,24807719.0,1005500.0,0.0,0.0,0.24807719
001256,炜冈科技,27.24,26.64,124833671.0,4597000.0,2.252,0.02252,1.24833671
001257,盛龙股份,25.58,25.67,609278215.0,23556082.0,-0.351,-0.0035099999999999997,6.09278215
001258,立新能源,12.19,13.53,1882717389.0,147922667.0,-9.904,-0.09904,18.82717389
001259,利仁科技,46.65,45.79,45576165.0,986700.0,1.878,0.018779999999999998,0.45576165
001260,坤泰股份,16.75,16.43,20212305.0,1218500.0,1.948,0.01948,0.20212305
001266,宏英智能,34.25,33.6,179541141.0,5277100.0,1.935,0.01935,1.79541141
001267,汇绿生态,38.81,35.28,2778782038.0,74291620.0,10.006,0.10006,27.78782038
001268,联合精密,19.5,19.62,57375571.0,2949720.0,-0.612,-0.00612,0.57375571
001269,欧晶科技,19.29,19.32,42028172.0,2189600.0,-0.155,-0.00155,0.42028172
001270,铖昌科技,116.2,114.42,1281358063.0,11002135.0,1.556,0.015560000000000001,12.81358063
001277,速达股份,28.06,27.74,28135082.0,1010591.0,1.154,0.01154,0.28135082
001278,一彬科技,15.35,15.21,24029820.0,1579207.0,0.92,0.0092,0.2402982
001279,强邦新材,24.71,24.92,17376404.0,704300.0,-0.843,-0.00843,0.17376404
001280,中国铀业,64.77,65.48,652582051.0,9963125.0,-1.084,-0.01084,6.52582051
001282,三联锻造,16.44,16.9,164314628.0,9566344.0,-2.722,-0.02722,1.64314628
001283,豪鹏科技,41.75,42.45,118483368.0,2838352.0,-1.649,-0.01649,1.18483368
001285,瑞立科密,41.91,42.39,45968184.0,1097077.0,-1.132,-0.011319999999999998,0.45968184
001286,陕西能源,10.43,10.29,284557560.0,27430599.0,1.361,0.01361,2.8455756
001287,中电港,22.73,22.7,526884364.0,23284028.0,0.132,0.00132,5.26884364
001288,运机集团,28.2,26.29,265291623.0,9481623.0,7.265,0.07264999999999999,2.65291623
001289,龙源电力,16.05,16.33,145917013.0,9101344.0,-1.715,-0.017150000000000002,1.45917013
001296,长江材料,18.13,17.99,31516585.0,1747760.0,0.778,0.0077800000000000005,0.31516585
001298,好上好,17.26,17.31,137584705.0,7993068.0,-0.289,-0.0028899999999999998,1.37584705
001299,美能能源,9.97,9.86,23424914.0,2370039.0,1.116,0.011160000000000002,0.23424914
001300,三柏硕,10.56,10.63,37731326.0,3581000.0,-0.659,-0.00659,0.37731326
001301,尚太科技,52.53,53.77,247258568.0,4710575.0,-2.306,-0.02306,2.47258568
001306,夏厦精密,52.59,53.03,35432785.0,675700.0,-0.83,-0.0083,0.35432785
001308,康冠科技,19.4,19.04,115399844.0,5929875.0,1.891,0.01891,1.15399844
001309,德明利,388.25,386.24,8679727800.0,22711246.0,0.52,0.0052,86.797278
001311,多利科技,16.64,16.22,79552566.0,4862960.0,2.589,0.02589,0.79552566
001312,福恩股份,17.8,17.88,44979904.0,2530960.0,-0.447,-0.00447,0.44979904
001313,粤海饲料,7.22,7.22,84025108.0,11749900.0,0.0,0.0,0.84025108
001314,亿道信息,53.3,52.08,226495782.0,4265354.0,2.343,0.02343,2.26495782
001316,润贝航科,26.59,26.69,57833100.0,2180166.0,-0.375,-0.00375,0.578331
001317,三羊马,54.5,54.96,322641958.0,5897400.0,-0.837,-0.008369999999999999,3.22641958
001318,阳光乳业,10.93,11.02,35821448.0,3291800.0,-0.817,-0.00817,0.35821448
001319,铭科精技,19.34,19.19,32238043.0,1669600.0,0.782,0.00782,0.32238043
001322,箭牌家居,6.16,6.19,17461695.0,2850700.0,-0.485,-0.00485,0.17461695
001323,慕思股份,16.95,17.36,57003975.0,3355885.0,-2.362,-0.023620000000000002,0.57003975
001324,长青科技,19.24,18.9,35162598.0,1853015.0,1.799,0.01799,0.35162598
001325,元创股份,36.0,36.6,51942891.0,1427988.0,-1.639,-0.016390000000000002,0.51942891
001326,联域股份,56.6,54.68,76648146.0,1383000.0,3.511,0.03511,0.76648146
001328,登康口腔,29.78,30.38,62362208.0,2099600.0,-1.975,-0.01975,0.62362208
001330,博纳影业,5.16,5.23,340249283.0,65353601.0,-1.338,-0.013380000000000001,3.40249283
001331,胜通能源,52.49,50.2,565090896.0,10902515.0,4.562,0.04562,5.65090896
001332,锡装股份,31.14,31.23,51253553.0,1656855.0,-0.288,-0.0028799999999999997,0.51253553
001333,光华股份,19.5,19.62,21563667.0,1100200.0,-0.612,-0.00612,0.21563667
001335,信凯科技,31.43,31.81,26769736.0,855100.0,-1.195,-0.01195,0.26769736
001336,楚环科技,17.57,17.46,21993675.0,1259520.0,0.63,0.0063,0.21993675
001337,四川黄金,45.01,43.27,1507054132.0,33304053.0,4.021,0.040209999999999996,15.07054132
001338,永顺泰,8.77,8.78,30948385.0,3551200.0,-0.114,-0.00114,0.30948385
001339,智微智能,83.54,77.01,1453493282.0,17896260.0,8.479,0.08478999999999999,14.53493282
001356,富岭股份,8.62,8.72,30439564.0,3540500.0,-1.147,-0.011470000000000001,0.30439564
001358,兴欣新材,25.54,26.11,158840603.0,6187545.0,-2.183,-0.02183,1.58840603
001359,平安电工,86.06,86.17,646643941.0,7491218.0,-0.128,-0.00128,6.46643941
001360,南矿集团,14.88,15.47,130348258.0,8696686.0,-3.814,-0.03814,1.30348258
001365,天海电子,37.38,37.9,215038590.0,5760508.0,-1.372,-0.013720000000000001,2.1503859
001366,播恩集团,11.58,11.46,27142027.0,2367590.0,1.047,0.01047,0.27142027
001367,海森药业,18.23,18.18,22883920.0,1257700.0,0.275,0.0027500000000000003,0.2288392
001368,通达创智,21.32,21.29,21429009.0,1010919.0,0.141,0.0014099999999999998,0.21429009
001369,双欣材料,12.82,13.05,135540503.0,10549879.0,-1.762,-0.01762,1.35540503
001373,翔腾新材,27.09,26.89,47881460.0,1778021.0,0.744,0.0074399999999999996,0.4788146
001376,百通能源,11.27,11.4,198976673.0,17503000.0,-1.14,-0.011399999999999999,1.98976673
001378,德冠新材,19.59,17.81,157014265.0,8236145.0,9.994,0.09994,1.57014265
001379,腾达科技,15.6,15.69,20657353.0,1327800.0,-0.574,-0.0057399999999999994,0.20657353
001380,华纬科技,16.41,16.46,18894802.0,1156140.0,-0.304,-0.0030399999999999997,0.18894802
001382,新亚电缆,17.2,17.52,63089848.0,3661500.0,-1.826,-0.018260000000000002,0.63089848
001386,马可波罗,15.2,15.04,60420550.0,4019239.0,1.064,0.01064,0.6042055
001387,雪祺电气,11.73,11.63,27964993.0,2405090.0,0.86,0.0086,0.27964993
001388,信通电子,22.78,23.41,249871121.0,10938668.0,-2.691,-0.02691,2.49871121
001389,广合科技,160.77,160.32,1352199748.0,8482765.0,0.281,0.0028100000000000004,13.52199748
001390,古麒绒材,17.95,17.78,30193472.0,1689270.0,0.956,0.009559999999999999,0.30193472
001391,国货航,4.25,4.32,111908213.0,26310011.0,-1.62,-0.016200000000000003,1.11908213
001393,维通利,44.91,45.94,146465208.0,3252876.0,-2.242,-0.02242,1.46465208
001395,亚联机械,29.49,29.84,59486760.0,2007950.0,-1.173,-0.01173,0.5948676
001396,誉帆科技,34.55,34.7,31395217.0,903484.0,-0.432,-0.00432,0.31395217
001399,惠科股份,23.87,24.01,953699800.0,39960729.0,-0.583,-0.005829999999999999,9.536998
001400,江顺科技,76.49,73.28,248443229.0,3287860.0,4.38,0.0438,2.48443229
001696,宗申动力,15.36,15.53,737338306.0,47856305.0,-1.095,-0.01095,7.37338306
001872,招商港口,22.05,21.95,41904107.0,1907933.0,0.456,0.00456,0.41904107
001896,豫能控股,13.12,13.49,1058115822.0,80841919.0,-2.743,-0.02743,10.58115822
001914,招商积余,8.71,8.79,66411143.0,7608267.0,-0.91,-0.0091,0.66411143
001965,招商公路,9.52,9.58,110372493.0,11625125.0,-0.626,-0.00626,1.10372493
001979,招商蛇口,6.99,6.88,611986650.0,88573305.0,1.599,0.01599,6.1198665
002001,新 和 成,30.45,29.8,1014776394.0,33374328.0,2.181,0.02181,10.14776394
002003,伟星股份,10.41,10.41,129414899.0,12539873.0,0.0,0.0,1.29414899
002004,华邦健康,4.37,4.42,87637814.0,20064200.0,-1.131,-0.01131,0.87637814
002005,德豪润达,2.3,2.33,42151344.0,18517100.0,-1.288,-0.01288,0.42151344
002006,精工科技,13.84,13.9,98087940.0,7083992.0,-0.432,-0.00432,0.9808794
002007,华兰生物,13.12,13.3,150497528.0,11450500.0,-1.353,-0.01353,1.50497528
002008,大族激光,95.2,94.8,3967989132.0,41807504.0,0.422,0.00422,39.67989132
002009,天奇股份,17.78,17.97,304768986.0,17023024.0,-1.057,-0.01057,3.04768986
002010,传化智联,4.86,4.97,121000875.0,24722474.0,-2.213,-0.02213,1.21000875
002011,盾安环境,10.41,10.55,125780252.0,12106495.0,-1.327,-0.013269999999999999,1.25780252
002012,凯恩股份,6.54,6.44,108037284.0,16628100.0,1.553,0.015529999999999999,1.08037284
002014,永新股份,10.97,10.97,49936509.0,4544870.0,0.0,0.0,0.49936509
002015,协鑫能科,15.75,16.12,1159655240.0,73632594.0,-2.295,-0.022949999999999998,11.5965524
002016,世荣兆业,4.51,4.56,62107693.0,13762556.0,-1.096,-0.010960000000000001,0.62107693
002017,东信和平,14.5,14.0,468980906.0,32356310.0,3.571,0.03571,4.68980906
002019,亿帆医药,10.04,10.22,128362950.0,12717900.0,-1.761,-0.01761,1.2836295
002020,京新药业,13.65,13.83,213434174.0,15608562.0,-1.302,-0.01302,2.13434174
002021,中捷资源,2.71,2.71,103658346.0,38329960.0,0.0,0.0,1.03658346
002022,科华生物,5.22,5.18,23884583.0,4607600.0,0.772,0.00772,0.23884583
002023,海特高新,10.42,10.33,270418813.0,25909054.0,0.871,0.00871,2.70418813
002025,航天电器,65.51,66.33,1179899300.0,18035847.0,-1.236,-0.01236,11.798993
002026,山东威达,10.36,10.3,54149034.0,5252417.0,0.583,0.005829999999999999,0.54149034
002027,分众传媒,5.14,5.28,1078370446.0,209153953.0,-2.652,-0.026520000000000002,10.78370446
002028,思源电气,160.56,160.95,1244070757.0,7813291.0,-0.242,-0.00242,12.44070757
002029,七 匹 狼,8.92,8.77,196551182.0,22236856.0,1.71,0.0171,1.96551182
002030,达安基因,5.57,5.55,169227022.0,30154633.0,0.36,0.0036,1.69227022
002031,巨轮智能,5.3,5.38,471114278.0,88522473.0,-1.487,-0.014870000000000001,4.71114278
002032,苏 泊 尔,41.33,41.52,91504538.0,2222000.0,-0.458,-0.00458,0.91504538
002033,丽江股份,8.71,8.75,97019461.0,11161201.0,-0.457,-0.00457,0.97019461
002034,旺能环境,14.09,14.37,135887266.0,9648397.0,-1.949,-0.01949,1.35887266
002035,华帝股份,4.82,4.85,34844007.0,7239001.0,-0.619,-0.00619,0.34844007
002036,联创电子,7.45,7.8,761803276.0,101146451.0,-4.487,-0.04487,7.61803276
002037,保利联合,6.99,6.82,120545340.0,17197947.0,2.493,0.024929999999999997,1.2054534
002038,双鹭药业,5.69,5.73,147319802.0,25922832.0,-0.698,-0.006979999999999999,1.47319802
002039,黔源电力,19.76,19.93,196413910.0,10004399.0,-0.853,-0.00853,1.9641391
002040,南 京 港,8.12,8.18,45017962.0,5558187.0,-0.733,-0.00733,0.45017962
002041,登海种业,9.14,8.74,341503935.0,38187562.0,4.577,0.04577,3.41503935
002042,华孚时尚,3.84,3.87,103418778.0,26955294.0,-0.775,-0.00775,1.03418778
002043,兔 宝 宝,12.65,12.82,247057090.0,19806269.0,-1.326,-0.013260000000000001,2.4705709
002044,美年健康,4.79,4.93,470208273.0,97296102.0,-2.84,-0.028399999999999998,4.70208273
002045,国光电器,8.6,8.66,148028170.0,17198500.0,-0.693,-0.0069299999999999995,1.4802817
002046,国机精工,46.29,45.35,588828667.0,12816313.0,2.073,0.02073,5.88828667
002047,宝鹰股份,3.32,3.33,106871598.0,32395600.0,-0.3,-0.003,1.06871598
002048,宁波华翔,19.14,19.41,317027389.0,16539559.0,-1.391,-0.01391,3.17027389
002049,紫光国微,66.5,67.2,1597501197.0,24074655.0,-1.042,-0.01042,15.97501197
002050,三花智控,38.71,39.41,2566473329.0,66055710.0,-1.776,-0.01776,25.66473329
002051,中工国际,9.19,9.48,355518839.0,38342066.0,-3.059,-0.030590000000000003,3.55518839
002052,同洲电子,9.75,8.86,223434492.0,23950660.0,10.045,0.10045,2.23434492
002053,云南能投,9.56,9.74,68792011.0,7178900.0,-1.848,-0.01848,0.68792011
002054,德美化工,7.21,7.16,77332305.0,10781505.0,0.698,0.006979999999999999,0.77332305
002056,横店东磁,21.68,21.94,713365848.0,32836818.0,-1.185,-0.011850000000000001,7.13365848
002057,中钢天源,8.54,8.43,221099748.0,25981643.0,1.305,0.013049999999999999,2.21099748
002058,威尔泰,16.66,16.92,86332484.0,5213432.0,-1.537,-0.01537,0.86332484
002059,云南旅游,4.5,4.5,34012348.0,7587298.0,0.0,0.0,0.34012348
002060,广东建工,3.37,3.4,65633938.0,19465723.0,-0.882,-0.00882,0.65633938
002061,浙江交科,3.55,3.58,71291053.0,20110510.0,-0.838,-0.00838,0.71291053
002062,宏润建设,7.95,7.95,108239416.0,13563694.0,0.0,0.0,1.08239416
002063,远光软件,5.71,5.81,284275576.0,49482082.0,-1.721,-0.01721,2.84275576
002064,华峰化学,11.82,11.55,732616238.0,62355535.0,2.338,0.02338,7.32616238
002065,东华软件,7.45,7.58,385955079.0,51364165.0,-1.715,-0.017150000000000002,3.85955079
002066,瑞泰科技,20.82,20.74,67342714.0,3251300.0,0.386,0.00386,0.67342714
002067,景兴纸业,4.5,4.57,251975434.0,55654029.0,-1.532,-0.01532,2.51975434
002068,黑猫股份,8.14,8.1,185266369.0,22960048.0,0.494,0.00494,1.85266369
002069,獐子岛,3.26,3.23,32446667.0,10017200.0,0.929,0.00929,0.32446667
002072,凯瑞德,7.37,7.18,48079965.0,6596200.0,2.646,0.026459999999999997,0.48079965
002073,软控股份,5.65,5.73,83163371.0,14698706.0,-1.396,-0.013959999999999998,0.83163371
002074,国轩高科,27.65,28.27,835537332.0,30134351.0,-2.193,-0.02193,8.35537332
002075,沙钢股份,4.1,4.1,170688440.0,41901597.0,0.0,0.0,1.7068844
002076,星光股份,2.1,2.08,90028419.0,43291700.0,0.962,0.00962,0.90028419
002077,大港股份,12.59,12.5,553409073.0,44238575.0,0.72,0.0072,5.53409073
002078,太阳纸业,13.9,14.11,379117224.0,27352602.0,-1.488,-0.014879999999999999,3.79117224
002079,苏州固锝,9.57,9.52,416326463.0,43715819.0,0.525,0.00525,4.16326463
002080,中材科技,51.52,48.81,3905074296.0,77466449.0,5.552,0.05551999999999999,39.05074296
002081,金 螳 螂,4.0,3.98,432772211.0,109254353.0,0.503,0.00503,4.32772211
002083,孚日股份,11.68,11.68,855828964.0,73195802.0,0.0,0.0,8.55828964
002084,海鸥住工,3.54,3.51,54804831.0,15501169.0,0.855,0.00855,0.54804831
002085,万丰奥威,10.65,10.83,278514655.0,25973182.0,-1.662,-0.01662,2.78514655
002086,东方海洋,1.87,1.87,57609726.0,31041900.0,0.0,0.0,0.57609726
002088,鲁阳节能,7.6,7.58,18217071.0,2403380.0,0.264,0.00264,0.18217071
002090,金智科技,9.43,9.54,76240585.0,8106750.0,-1.153,-0.01153,0.76240585
002091,江苏国泰,7.7,7.8,72040157.0,9336201.0,-1.282,-0.01282,0.72040157
002092,中泰化学,4.49,4.44,247761569.0,55493970.0,1.126,0.01126,2.47761569
002093,国脉科技,7.07,7.15,108938430.0,15336708.0,-1.119,-0.01119,1.0893843
002094,青岛金王,4.8,4.78,84943175.0,17746827.0,0.418,0.00418,0.84943175
002095,生 意 宝,14.51,14.48,52585029.0,3628000.0,0.207,0.00207,0.52585029
002096,易普力,9.53,9.48,61088863.0,6406100.0,0.527,0.00527,0.61088863
002097,山河智能,7.35,7.37,160696499.0,21788502.0,-0.271,-0.00271,1.60696499
002098,浔兴股份,6.77,6.67,26113834.0,3896850.0,1.499,0.014990000000000002,0.26113834
002099,海翔药业,5.27,5.41,76326718.0,14355144.0,-2.588,-0.02588,0.76326718
002100,天康生物,7.03,7.05,169399414.0,24279400.0,-0.284,-0.0028399999999999996,1.69399414
002101,广东鸿图,8.89,8.98,39650444.0,4471465.0,-1.002,-0.01002,0.39650444
002103,广博股份,6.58,6.73,74497058.0,11276880.0,-2.229,-0.02229,0.74497058
002104,恒宝股份,11.76,10.69,326119666.0,28324263.0,10.009,0.10009,3.26119666
002105,信隆健康,5.52,5.43,41282968.0,7533970.0,1.657,0.01657,0.41282968
002106,莱宝高科,10.44,10.49,255401537.0,24577600.0,-0.477,-0.00477,2.55401537
002107,沃华医药,6.08,6.15,50513884.0,8322100.0,-1.138,-0.01138,0.50513884
002108,沧州明珠,4.34,4.4,106654223.0,24609687.0,-1.364,-0.013640000000000001,1.06654223
002110,三钢闽光,3.17,3.21,65102837.0,20531941.0,-1.246,-0.01246,0.65102837
002111,威海广泰,9.55,9.61,60853554.0,6380440.0,-0.624,-0.00624,0.60853554
002112,三变科技,16.34,17.12,559505002.0,34056319.0,-4.556,-0.04556,5.59505002
002114,罗平锌电,7.14,7.1,83783519.0,11718073.0,0.563,0.00563,0.83783519
002115,三维通信,11.79,11.8,946221287.0,79774213.0,-0.085,-0.0008500000000000001,9.46221287
002116,中国海诚,7.07,7.09,19985150.0,2841677.0,-0.282,-0.0028199999999999996,0.1998515
002117,东港股份,8.31,8.22,74475247.0,8987600.0,1.095,0.01095,0.74475247
002119,康强电子,23.11,22.3,1651936535.0,72088256.0,3.632,0.03632,16.51936535
002120,韵达股份,6.71,6.81,242016376.0,36000966.0,-1.468,-0.01468,2.42016376
002121,科陆电子,5.2,5.31,122401037.0,23430999.0,-2.072,-0.020720000000000002,1.22401037
002123,梦网科技,8.76,8.69,317062368.0,36028028.0,0.806,0.008060000000000001,3.17062368
002124,天邦食品,2.24,2.26,120372764.0,54030340.0,-0.885,-0.00885,1.20372764
002125,湘潭电化,12.58,12.75,264517042.0,21040785.0,-1.333,-0.01333,2.64517042
002126,银轮股份,40.91,41.19,767989010.0,18821976.0,-0.68,-0.0068000000000000005,7.6798901
002127,南极电商,3.1,3.15,138155551.0,44567902.0,-1.587,-0.01587,1.38155551
002128,电投能源,27.79,27.11,508450699.0,18464622.0,2.508,0.02508,5.08450699
002129,TCL中环,8.87,9.14,1046563160.0,117442202.0,-2.954,-0.02954,10.4656316
002130,沃尔核材,17.23,17.52,639377508.0,36964800.0,-1.655,-0.01655,6.39377508
002131,利欧股份,5.48,5.67,5684828500.0,1036019149.0,-3.351,-0.03351,56.848285
002132,恒星科技,4.15,4.07,239607258.0,58391057.0,1.966,0.01966,2.39607258
002133,广宇集团,2.63,2.61,35102173.0,13477940.0,0.766,0.00766,0.35102173
002134,天津普林,21.03,20.46,174711510.0,8391000.0,2.786,0.02786,1.7471151
002135,东南网架,6.44,6.38,62723598.0,9726700.0,0.94,0.009399999999999999,0.62723598
002136,安 纳 达,12.23,12.3,72312656.0,5916650.0,-0.569,-0.00569,0.72312656
002137,实益达,7.88,7.88,233985429.0,29852787.0,0.0,0.0,2.33985429
002138,顺络电子,48.48,49.6,1827010205.0,37751847.0,-2.258,-0.02258,18.27010205
002139,拓邦股份,10.2,10.43,236900961.0,23101488.0,-2.205,-0.02205,2.36900961
002140,东华科技,9.15,9.09,75373273.0,8267420.0,0.66,0.0066,0.75373273
002141,贤丰控股,5.73,5.63,1125786861.0,197804241.0,1.776,0.01776,11.25786861
002142,宁波银行,31.74,31.65,957050110.0,30260046.0,0.284,0.0028399999999999996,9.5705011
002144,宏达高科,10.58,10.38,47996712.0,4584200.0,1.927,0.01927,0.47996712
002145,钛能化学,4.53,4.62,255812329.0,56280054.0,-1.948,-0.01948,2.55812329
002146,荣盛发展,1.13,1.13,87776499.0,78638736.0,0.0,0.0,0.87776499
002148,北纬科技,6.47,6.38,121938536.0,18925139.0,1.411,0.014110000000000001,1.21938536
002149,西部材料,38.55,38.06,1786229191.0,46375822.0,1.287,0.01287,17.86229191
002150,正泰电源,21.3,21.32,109613105.0,5164751.0,-0.094,-0.00094,1.09613105
002151,北斗星通,29.51,29.65,406521399.0,13744401.0,-0.472,-0.004719999999999999,4.06521399
002152,广电运通,10.38,10.36,391031986.0,37543012.0,0.193,0.00193,3.91031986
002153,石基信息,8.54,8.57,277034909.0,32216685.0,-0.35,-0.0034999999999999996,2.77034909
002154,报 喜 鸟,4.19,4.1,191201669.0,46293265.0,2.195,0.021949999999999997,1.91201669
002155,湖南黄金,25.15,24.68,2501424902.0,98833736.0,1.904,0.019039999999999998,25.01424902
002156,通富微电,60.96,58.0,9529120159.0,159068224.0,5.103,0.05103,95.29120159
002157,正邦科技,2.91,2.96,312767685.0,107342500.0,-1.689,-0.016890000000000002,3.12767685
002158,汉钟精机,28.39,27.33,481180523.0,17278519.0,3.879,0.03879,4.81180523
002159,三特索道,13.2,13.27,33042000.0,2509900.0,-0.528,-0.00528,0.33042
002160,常铝股份,3.88,3.9,68911043.0,17766978.0,-0.513,-0.00513,0.68911043
002161,远 望 谷,5.8,5.57,112136529.0,19752741.0,4.129,0.04128999999999999,1.12136529
002162,悦心健康,4.02,4.01,48300603.0,12144580.0,0.249,0.00249,0.48300603
002163,海南发展,8.33,8.39,165169675.0,19923322.0,-0.715,-0.00715,1.65169675
002164,宁波东力,11.45,11.3,117613320.0,10361950.0,1.327,0.013269999999999999,1.1761332
002165,红 宝 丽,6.7,6.69,293863736.0,44284521.0,0.149,0.00149,2.93863736
002166,莱茵生物,6.68,6.7,67785534.0,10213568.0,-0.299,-0.00299,0.67785534
002167,东方锆业,17.06,16.57,2475126094.0,147232686.0,2.957,0.02957,24.75126094
002169,智光电气,12.83,12.45,349474825.0,27657576.0,3.052,0.030520000000000002,3.49474825
002170,芭田股份,11.53,11.67,169501242.0,14628509.0,-1.2,-0.012,1.69501242
002171,楚江新材,9.86,9.98,511442891.0,51484941.0,-1.202,-0.01202,5.11442891
002172,澳洋健康,3.25,3.25,39351449.0,12148900.0,0.0,0.0,0.39351449
002173,创新医疗,21.15,21.26,1745416353.0,82156143.0,-0.517,-0.00517,17.45416353
002174,游族网络,11.78,12.22,414945737.0,34837981.0,-3.601,-0.03601,4.14945737
002176,江特电机,9.3,9.47,931452502.0,99256881.0,-1.795,-0.01795,9.31452502
002177,御银股份,6.04,5.93,448501653.0,73749575.0,1.855,0.01855,4.48501653
002178,延华智能,4.58,4.61,50297401.0,10976000.0,-0.651,-0.00651,0.50297401
002179,中航光电,34.67,34.75,1076936769.0,31265850.0,-0.23,-0.0023,10.76936769
002180,奔图科技,19.69,17.9,222488651.0,11299576.0,10.0,0.1,2.22488651
002181,粤 传 媒,9.37,9.81,917101421.0,98010748.0,-4.485,-0.04485,9.17101421
002182,宝武镁业,12.77,13.12,567758089.0,44276531.0,-2.668,-0.026680000000000002,5.67758089
002183,怡 亚 通,4.69,4.75,220647796.0,47157801.0,-1.263,-0.012629999999999999,2.20647796
002184,海得控制,9.85,9.9,58459607.0,5970027.0,-0.505,-0.00505,0.58459607
002185,华天科技,17.26,16.59,8042750895.0,473222342.0,4.039,0.040389999999999995,80.42750895
002186,全 聚 德,9.26,9.19,28423585.0,3090100.0,0.762,0.00762,0.28423585
002187,广百股份,5.31,5.34,49418801.0,9338950.0,-0.562,-0.005620000000000001,0.49418801
002188,中天服务,5.29,5.28,43337302.0,8264800.0,0.189,0.00189,0.43337302
002189,中光学,18.77,18.81,71090733.0,3802200.0,-0.213,-0.00213,0.71090733
002190,成飞集成,23.44,23.43,119312618.0,5103917.0,0.043,0.00043,1.19312618
002191,劲嘉股份,3.74,3.75,31834733.0,8517600.0,-0.267,-0.00267,0.31834733
002192,融捷股份,66.95,67.56,1013985889.0,15120793.0,-0.903,-0.00903,10.13985889
002194,武汉凡谷,10.09,9.17,400226902.0,40527645.0,10.033,0.10032999999999999,4.00226902
002195,岩山科技,6.91,7.15,1897174074.0,272214685.0,-3.357,-0.03357,18.97174074
002196,方正电机,11.16,11.2,273633079.0,24499590.0,-0.357,-0.00357,2.73633079
002197,证通电子,7.24,7.18,397038156.0,54879747.0,0.836,0.00836,3.97038156
002199,东晶电子,13.94,13.75,275803118.0,20122458.0,1.382,0.013819999999999999,2.75803118
002200,交投生态,6.84,6.93,25213403.0,3681500.0,-1.299,-0.01299,0.25213403
002201,九鼎新材,8.31,8.21,165213094.0,20000337.0,1.218,0.01218,1.65213094
002202,金风科技,20.76,20.16,3662388850.0,175766548.0,2.976,0.029759999999999998,36.6238885
002203,海亮股份,19.22,19.43,576370127.0,30006536.0,-1.081,-0.01081,5.76370127
002204,大连重工,5.34,5.4,101377952.0,18949172.0,-1.111,-0.01111,1.01377952
002205,国统股份,10.43,10.25,25233871.0,2435000.0,1.756,0.01756,0.25233871
002206,海 利 得,5.42,5.36,86231372.0,16036450.0,1.119,0.01119,0.86231372
002208,合肥城建,11.39,11.31,610249301.0,53861354.0,0.707,0.00707,6.10249301
002209,达 意 隆,10.8,10.76,28789517.0,2669800.0,0.372,0.0037199999999999998,0.28789517
002210,飞马国际,2.27,2.32,131506923.0,57890950.0,-2.155,-0.02155,1.31506923
002212,天融信,7.36,6.69,588989376.0,81735712.0,10.015,0.10015,5.88989376
002213,大为股份,29.32,28.86,768547771.0,26359793.0,1.594,0.01594,7.68547771
002214,大立科技,16.34,14.85,24147252.0,1477800.0,10.034,0.10034000000000001,0.24147252
002215,诺 普 信,9.12,9.18,133155898.0,14620353.0,-0.654,-0.006540000000000001,1.33155898
002216,三全食品,12.85,12.98,84529546.0,6585350.0,-1.002,-0.01002,0.84529546
002218,拓日新能,4.14,4.19,205946444.0,50123955.0,-1.193,-0.011930000000000001,2.05946444
002219,新里程,2.1,2.1,109940682.0,52682522.0,0.0,0.0,1.09940682
002221,东华能源,5.64,5.71,93075896.0,16479504.0,-1.226,-0.01226,0.93075896
002222,福晶科技,59.55,58.21,2245019269.0,38052161.0,2.302,0.02302,22.45019269
002223,鱼跃医疗,26.99,27.57,389722122.0,14404480.0,-2.104,-0.02104,3.89722122
002224,三 力 士,3.53,3.49,29560306.0,8453500.0,1.146,0.01146,0.29560306
002225,濮耐股份,3.74,3.76,96390156.0,25995600.0,-0.532,-0.00532,0.96390156
002226,江南化工,5.02,5.09,93554441.0,18458430.0,-1.375,-0.01375,0.93554441
002228,合兴包装,3.12,3.11,46703041.0,15061200.0,0.322,0.00322,0.46703041
002229,鸿博股份,10.81,11.01,337191370.0,31105955.0,-1.817,-0.01817,3.3719137
002230,科大讯飞,43.68,44.17,2607093742.0,59336109.0,-1.109,-0.01109,26.07093742
002232,启明信息,14.88,14.96,79274510.0,5316664.0,-0.535,-0.005350000000000001,0.7927451
002233,塔牌集团,7.62,7.41,159574225.0,21130118.0,2.834,0.02834,1.59574225
002234,民和股份,7.26,7.18,30078153.0,4172017.0,1.114,0.01114,0.30078153
002235,安妮股份,8.37,8.35,211721586.0,25274500.0,0.24,0.0024,2.11721586
002236,大华股份,17.02,17.18,567004714.0,33254064.0,-0.931,-0.00931,5.67004714
002237,恒邦股份,13.9,13.98,664898333.0,47125754.0,-0.572,-0.005719999999999999,6.64898333
002238,天威视讯,6.14,6.13,36303102.0,5917641.0,0.163,0.0016300000000000002,0.36303102
002239,奥特佳,2.52,2.55,131356540.0,52147400.0,-1.176,-0.01176,1.3135654
002240,盛新锂能,31.12,30.72,1461699024.0,47514349.0,1.302,0.01302,14.61699024
002241,歌尔股份,23.44,23.71,1999118182.0,84970562.0,-1.139,-0.01139,19.99118182
002242,九阳股份,9.0,9.13,76216771.0,8467448.0,-1.424,-0.01424,0.76216771
002243,力合科创,7.31,7.43,93776910.0,12748400.0,-1.615,-0.01615,0.9377691
002244,滨江集团,8.56,8.63,232721795.0,27142500.0,-0.811,-0.008110000000000001,2.32721795
002245,蔚蓝锂芯,16.99,16.79,1284165535.0,75746205.0,1.191,0.01191,12.84165535
002246,北化股份,19.94,20.26,215285731.0,10754027.0,-1.579,-0.01579,2.15285731
002247,聚力文化,2.27,2.21,69471611.0,30954750.0,2.715,0.027149999999999997,0.69471611
002248,华东数控,9.12,8.97,106818117.0,11840500.0,1.672,0.01672,1.06818117
002249,大洋电机,7.46,7.56,325577632.0,43501052.0,-1.323,-0.013229999999999999,3.25577632
002250,联化科技,16.02,16.3,270887106.0,16792229.0,-1.718,-0.01718,2.70887106
002251,步步高,3.68,3.78,339709816.0,91936008.0,-2.646,-0.026459999999999997,3.39709816
002252,上海莱士,4.9,5.06,326714208.0,66130555.0,-3.162,-0.03162,3.26714208
002253,川大智胜,10.03,10.11,59066807.0,5845201.0,-0.791,-0.00791,0.59066807
002254,泰和新材,12.35,12.24,288258493.0,23477658.0,0.899,0.00899,2.88258493
002255,海陆重工,8.59,8.73,168025834.0,19601500.0,-1.604,-0.016040000000000002,1.68025834
002256,兆新股份,3.38,3.43,142711678.0,42323101.0,-1.458,-0.01458,1.42711678
002258,利尔化学,14.3,14.62,416585436.0,29068683.0,-2.189,-0.02189,4.16585436
002259,升达林业,3.97,3.9,56691450.0,14586900.0,1.795,0.01795,0.5669145
002261,拓维信息,27.4,27.81,1414051362.0,51468714.0,-1.474,-0.01474,14.14051362
002262,恩华药业,21.43,21.62,241840390.0,11296681.0,-0.879,-0.00879,2.4184039
002263,大东南,3.05,3.05,146320393.0,48467162.0,0.0,0.0,1.46320393
002264,新 华 都,6.63,6.7,126648766.0,19186325.0,-1.045,-0.01045,1.26648766
002265,建设工业,18.75,19.23,297611292.0,15779739.0,-2.496,-0.02496,2.97611292
002266,浙富控股,5.0,4.98,415480295.0,82850218.0,0.402,0.00402,4.15480295
002267,陕天然气,7.16,7.21,50234524.0,7017012.0,-0.693,-0.0069299999999999995,0.50234524
002268,电科网安,14.81,14.73,270158998.0,18248644.0,0.543,0.005430000000000001,2.70158998
002269,美邦服饰,1.44,1.43,91946165.0,64230900.0,0.699,0.00699,0.91946165
002270,华明装备,20.45,21.05,531505189.0,25859559.0,-2.85,-0.0285,5.31505189
002271,东方雨虹,11.67,11.81,375967578.0,32192430.0,-1.185,-0.011850000000000001,3.75967578
002272,川润股份,14.61,14.54,373900977.0,25683528.0,0.481,0.00481,3.73900977
002273,水晶光电,27.32,27.14,1475998994.0,54070256.0,0.663,0.0066300000000000005,14.75998994
002274,华昌化工,5.6,5.54,132832689.0,23972309.0,1.083,0.01083,1.32832689
002275,桂林三金,13.16,13.15,21813014.0,1667600.0,0.076,0.0007599999999999999,0.21813014
002276,万马股份,10.49,10.66,233056465.0,22200937.0,-1.595,-0.01595,2.33056465
002277,友阿股份,5.81,5.82,103058170.0,17843667.0,-0.172,-0.00172,1.0305817
002278,神开股份,7.97,7.97,56357323.0,7102083.0,0.0,0.0,0.56357323
002279,久其软件,6.98,6.99,478362330.0,68258300.0,-0.143,-0.0014299999999999998,4.7836233
002281,光迅科技,175.49,171.55,8787535299.0,50783418.0,2.297,0.02297,87.87535299
002282,博深股份,5.87,5.87,19670681.0,3374400.0,0.0,0.0,0.19670681
002283,天润工业,8.92,8.98,157914991.0,17790014.0,-0.668,-0.00668,1.57914991
002284,亚太股份,9.51,9.7,214621093.0,22497473.0,-1.959,-0.01959,2.14621093
002285,世联行,2.16,2.16,65729681.0,30710394.0,0.0,0.0,0.65729681
002286,保龄宝,8.07,8.05,76372441.0,9578349.0,0.248,0.00248,0.76372441
002287,奇正藏药,20.42,20.6,37468246.0,1835900.0,-0.874,-0.00874,0.37468246
002289,宇顺电子,33.7,32.36,190719835.0,5741250.0,4.141,0.04141,1.90719835
002290,禾盛新材,57.2,56.35,382155012.0,6766203.0,1.508,0.01508,3.82155012
002291,遥望科技,5.7,5.9,475526782.0,82948236.0,-3.39,-0.0339,4.75526782
002292,奥飞娱乐,8.16,8.31,414254562.0,50476121.0,-1.805,-0.01805,4.14254562
002293,罗莱生活,11.16,11.21,62275553.0,5595750.0,-0.446,-0.00446,0.62275553
002294,信立泰,33.85,34.35,833777884.0,24516842.0,-1.456,-0.01456,8.33777884
002295,精艺股份,8.6,8.57,22467716.0,2628834.0,0.35,0.0034999999999999996,0.22467716
002296,辉煌科技,9.08,9.04,91151276.0,10100120.0,0.442,0.00442,0.91151276
002297,博云新材,18.72,17.86,1578979571.0,85313822.0,4.815,0.048150000000000005,15.78979571
002298,中电鑫龙,8.56,8.78,603391824.0,70029558.0,-2.506,-0.02506,6.03391824
002299,圣农发展,16.63,16.64,114383874.0,6894600.0,-0.06,-0.0006,1.14383874
002300,太阳电缆,7.26,7.39,257724488.0,35595213.0,-1.759,-0.017589999999999998,2.57724488
002301,齐心集团,7.07,6.92,93262437.0,13224000.0,2.168,0.02168,0.93262437
002302,西部建设,5.08,4.62,85666166.0,17262902.0,9.957,0.09957,0.85666166
002303,美盈森,5.59,5.23,788381492.0,147376663.0,6.883,0.06883,7.88381492
002304,洋河股份,40.88,41.29,313970903.0,7677223.0,-0.993,-0.00993,3.13970903
002307,北新路桥,3.12,3.1,136223957.0,43530458.0,0.645,0.00645,1.36223957
002309,中利集团,3.23,3.31,561312320.0,174089234.0,-2.417,-0.024169999999999997,5.6131232
002310,东方新能,2.48,2.55,329339680.0,132892148.0,-2.745,-0.027450000000000002,3.2933968
002311,海大集团,47.58,46.99,429992748.0,9099317.0,1.256,0.01256,4.29992748
002312,川发龙蟒,8.49,8.58,160197536.0,18879050.0,-1.049,-0.01049,1.60197536
002313,日海智能,8.41,8.18,88365083.0,10632831.0,2.812,0.02812,0.88365083
002314,南山控股,2.14,2.11,69786446.0,32887550.0,1.422,0.01422,0.69786446
002315,焦点科技,27.52,28.15,339120122.0,12177806.0,-2.238,-0.02238,3.39120122
002316,亚联发展,4.51,4.34,69977396.0,15785350.0,3.917,0.039169999999999996,0.69977396
002317,众生药业,27.4,27.52,842128590.0,30627829.0,-0.436,-0.00436,8.4212859
002318,久立特材,19.89,20.33,293983046.0,14735845.0,-2.164,-0.021640000000000003,2.93983046
002319,乐通股份,11.35,10.73,300595050.0,26585252.0,5.778,0.05778,3.0059505
002320,海峡股份,6.8,6.88,99244473.0,14601983.0,-1.163,-0.01163,0.99244473
002321,华英农业,1.93,1.91,41409927.0,21742400.0,1.047,0.01047,0.41409927
002322,理工能科,10.78,10.71,36102597.0,3369200.0,0.654,0.006540000000000001,0.36102597
002324,普利特,9.31,9.45,174023487.0,18646199.0,-1.481,-0.01481,1.74023487
002326,永太科技,19.31,19.2,685218421.0,35642076.0,0.573,0.00573,6.85218421
002327,富安娜,6.49,6.51,21966628.0,3396700.0,-0.307,-0.00307,0.21966628
002328,新朋股份,7.06,6.92,391003790.0,55332860.0,2.023,0.02023,3.9100379
002329,皇氏集团,3.21,3.29,147251764.0,45800508.0,-2.432,-0.024319999999999998,1.47251764
002330,得利斯,3.83,3.82,31574183.0,8299450.0,0.262,0.00262,0.31574183
002331,皖通科技,7.05,6.99,50969521.0,7252491.0,0.858,0.008579999999999999,0.50969521
002332,仙琚制药,8.46,8.6,89428489.0,10513100.0,-1.628,-0.01628,0.89428489
002333,罗普斯金,5.47,5.36,79996402.0,14740100.0,2.052,0.02052,0.79996402
002334,英威腾,6.7,6.76,63152658.0,9437100.0,-0.888,-0.00888,0.63152658
002335,科华数据,30.99,31.6,723081617.0,23272954.0,-1.93,-0.019299999999999998,7.23081617
002337,赛象科技,4.6,4.55,33024385.0,7224100.0,1.099,0.01099,0.33024385
002338,奥普光电,42.17,41.92,305127197.0,7282097.0,0.596,0.00596,3.05127197
002339,积成电子,7.3,7.38,99556665.0,13688555.0,-1.084,-0.01084,0.99556665
002340,格林美,6.75,6.84,1134093337.0,165684001.0,-1.316,-0.01316,11.34093337
002342,巨力索具,8.23,8.08,500685874.0,61238542.0,1.856,0.01856,5.00685874
002343,慈文传媒,5.17,5.2,58171694.0,11219380.0,-0.577,-0.00577,0.58171694
002344,海宁皮城,3.78,3.75,28910323.0,7715900.0,0.8,0.008,0.28910323
002345,潮宏基,10.69,10.65,377273603.0,34491095.0,0.376,0.00376,3.77273603
002346,柘中股份,20.19,20.0,201299618.0,10106429.0,0.95,0.0095,2.01299618
002347,泰尔股份,5.93,5.91,59397610.0,10056500.0,0.338,0.00338,0.5939761
002348,高乐股份,11.85,12.12,880158548.0,74283256.0,-2.228,-0.02228,8.80158548
002349,精华制药,6.66,6.68,58245848.0,8760800.0,-0.299,-0.00299,0.58245848
002350,北京科锐,16.37,16.14,381060431.0,23841865.0,1.425,0.01425,3.81060431
002351,漫步者,10.25,10.36,69454584.0,6762300.0,-1.062,-0.010620000000000001,0.69454584
002352,顺丰控股,33.72,34.01,585462784.0,17303945.0,-0.853,-0.00853,5.85462784
002353,杰瑞股份,144.57,148.99,2413959468.0,16458514.0,-2.967,-0.029670000000000002,24.13959468
002354,天娱数科,8.1,7.92,3535214191.0,441402055.0,2.273,0.02273,35.35214191
002355,兴民智通,5.04,4.94,555099376.0,106167870.0,2.024,0.02024,5.55099376
002356,鹏飞绿能,2.71,2.7,44630269.0,16633570.0,0.37,0.0037,0.44630269
002357,富临运业,8.97,8.94,48454096.0,5452000.0,0.336,0.00336,0.48454096
002358,森源电气,5.63,5.73,133833339.0,23837500.0,-1.745,-0.01745,1.33833339
002361,神剑股份,11.7,11.41,2631122790.0,221816226.0,2.542,0.025419999999999998,26.3112279
002362,汉王科技,16.08,16.23,93824800.0,5798602.0,-0.924,-0.00924,0.938248
002363,隆基机械,6.44,6.41,33115244.0,5185000.0,0.468,0.00468,0.33115244
002364,中恒电气,38.54,39.01,920476804.0,23888083.0,-1.205,-0.01205,9.20476804
002365,永安药业,12.91,12.75,358573912.0,28008156.0,1.255,0.012549999999999999,3.58573912
002366,融发核电,6.4,6.74,908983284.0,140742186.0,-5.045,-0.05045,9.08983284
002367,康力电梯,5.42,5.41,40835368.0,7561304.0,0.185,0.00185,0.40835368
002368,太极股份,14.76,14.98,144278879.0,9683667.0,-1.469,-0.014690000000000002,1.44278879
002369,卓翼科技,6.27,5.7,169185084.0,27497977.0,10.0,0.1,1.69185084
002370,亚太药业,5.13,5.09,100941758.0,19805200.0,0.786,0.00786,1.00941758
002371,北方华创,742.5,734.2,7971136882.0,10759015.0,1.13,0.0113,79.71136882
002372,伟星新材,8.61,8.65,108362892.0,12616051.0,-0.462,-0.00462,1.08362892
002373,千方科技,8.01,8.15,181347435.0,22458933.0,-1.718,-0.01718,1.81347435
002374,中锐股份,3.14,3.1,70915886.0,22834700.0,1.29,0.0129,0.70915886
002375,亚厦股份,3.52,3.53,43098078.0,12306068.0,-0.283,-0.0028299999999999996,0.43098078
002376,新北洋,6.99,6.35,266856382.0,38308497.0,10.079,0.10079,2.66856382
002377,国创高新,2.63,2.6,47612835.0,18301600.0,1.154,0.01154,0.47612835
002378,章源钨业,26.37,25.21,2325946696.0,89070265.0,4.601,0.04601,23.25946696
002379,宏桥控股,18.86,18.84,1171775910.0,62325878.0,0.106,0.00106,11.7177591
002380,科远智慧,29.35,29.49,180174124.0,6139800.0,-0.475,-0.00475,1.80174124
002381,双箭股份,5.36,5.3,21927271.0,4130700.0,1.132,0.011319999999999998,0.21927271
002382,蓝帆医疗,5.88,5.93,70808241.0,12060396.0,-0.843,-0.00843,0.70808241
002383,合众思壮,7.07,7.01,86945433.0,12332836.0,0.856,0.00856,0.86945433
002384,东山精密,187.68,188.83,16095175805.0,85929115.0,-0.609,-0.00609,160.95175805
002385,大北农,3.03,3.04,274821392.0,91237253.0,-0.329,-0.00329,2.74821392
002386,天原股份,5.92,5.85,132464906.0,22384617.0,1.197,0.011970000000000001,1.32464906
002387,维信诺,7.18,7.12,111702887.0,15679514.0,0.843,0.00843,1.11702887
002388,新亚制程,5.02,4.91,240388880.0,48355600.0,2.24,0.022400000000000003,2.4038888
002389,航天彩虹,18.95,18.47,769694791.0,40468644.0,2.599,0.025990000000000003,7.69694791
002390,信邦制药,2.93,2.94,57698909.0,19755248.0,-0.34,-0.0034000000000000002,0.57698909
002391,长青股份,5.28,5.26,28604533.0,5449032.0,0.38,0.0038,0.28604533
002392,北京利尔,7.37,7.43,104481024.0,14153600.0,-0.808,-0.00808,1.04481024
002393,力生制药,14.28,14.43,32365552.0,2268516.0,-1.04,-0.0104,0.32365552
002394,联发股份,9.63,9.14,67084720.0,7088800.0,5.361,0.05361,0.6708472
002395,双象股份,12.35,12.33,25409178.0,2068364.0,0.162,0.0016200000000000001,0.25409178
002396,星网锐捷,29.02,28.7,3073889183.0,107231558.0,1.115,0.01115,30.73889183
002397,梦洁股份,3.52,3.52,46170673.0,13175750.0,0.0,0.0,0.46170673
002398,垒知集团,4.08,4.03,43314890.0,10746732.0,1.241,0.012410000000000001,0.4331489
002399,海普瑞,9.69,9.71,48295815.0,4977000.0,-0.206,-0.0020599999999999998,0.48295815
002400,省广集团,6.93,7.13,882511239.0,126485238.0,-2.805,-0.028050000000000002,8.82511239
002401,中远海科,12.57,12.6,55406599.0,4380342.0,-0.238,-0.0023799999999999997,0.55406599
002402,和而泰,21.33,21.65,625751135.0,29268511.0,-1.478,-0.01478,6.25751135
002403,爱仕达,9.57,9.39,48330344.0,5066500.0,1.917,0.01917,0.48330344
002404,嘉欣丝绸,5.94,5.89,54938514.0,9295400.0,0.849,0.00849,0.54938514
002405,四维图新,6.73,6.88,417254099.0,61382514.0,-2.18,-0.0218,4.17254099
002406,远东传动,6.83,6.8,81482092.0,11966400.0,0.441,0.00441,0.81482092
002407,多氟多,36.09,32.81,7607945021.0,223599217.0,9.997,0.09997,76.07945021
002408,齐翔腾达,5.05,5.08,101425245.0,20055503.0,-0.591,-0.0059099999999999995,1.01425245
002409,雅克科技,145.01,140.62,5524030602.0,38681150.0,3.122,0.031219999999999998,55.24030602
002410,广联达,9.6,9.74,369068718.0,38287256.0,-1.437,-0.01437,3.69068718
002412,汉森制药,7.0,7.0,197685110.0,28363756.0,0.0,0.0,1.9768511
002413,雷科防务,8.69,8.45,1078795243.0,123315306.0,2.84,0.028399999999999998,10.78795243
002414,高德红外,13.49,13.58,1086201203.0,80513328.0,-0.663,-0.0066300000000000005,10.86201203
002415,海康威视,37.45,38.44,3817616742.0,101703425.0,-2.575,-0.025750000000000002,38.17616742
002416,爱施德,9.72,9.84,146433502.0,15029654.0,-1.22,-0.012199999999999999,1.46433502
002418,康盛股份,3.75,3.69,165218557.0,44524200.0,1.626,0.01626,1.65218557
002419,天虹股份,4.56,4.57,41987870.0,9260700.0,-0.219,-0.00219,0.4198787
002420,毅昌科技,5.67,5.63,46888468.0,8276900.0,0.71,0.0070999999999999995,0.46888468
002421,达实智能,3.44,3.53,1644067213.0,475088013.0,-2.55,-0.0255,16.44067213
002422,科伦药业,42.51,42.9,1132710660.0,26634104.0,-0.909,-0.00909,11.3271066
002423,中粮资本,9.21,9.19,137032255.0,14942700.0,0.218,0.00218,1.37032255
002425,凯撒文化,3.82,3.47,418956369.0,110081094.0,10.086,0.10086,4.18956369
002426,胜利精密,2.77,2.74,260808656.0,95063559.0,1.095,0.01095,2.60808656
002427,尤夫股份,4.36,4.36,44772341.0,10330426.0,0.0,0.0,0.44772341
002428,云南锗业,90.98,82.71,7063060985.0,78157354.0,9.999,0.09999000000000001,70.63060985
002429,兆驰股份,8.01,7.99,595331750.0,74523343.0,0.25,0.0025,5.9533175
002430,杭氧股份,24.33,24.15,465724855.0,19249247.0,0.745,0.00745,4.65724855
002432,九安医疗,71.37,69.69,3270613012.0,46060255.0,2.411,0.02411,32.70613012
002434,万里扬,5.78,5.9,121956703.0,21021394.0,-2.034,-0.020339999999999997,1.21956703
002436,兴森科技,31.53,30.51,3584884640.0,115404369.0,3.343,0.03343,35.8488464
002437,誉衡药业,2.84,2.92,196388034.0,68571800.0,-2.74,-0.0274,1.96388034
002438,江苏神通,14.44,15.29,323616538.0,22048021.0,-5.559,-0.05559,3.23616538
002439,启明星辰,14.68,14.29,842151764.0,58170797.0,2.729,0.027290000000000002,8.42151764
002440,闰土股份,13.04,13.05,704182971.0,54037397.0,-0.077,-0.00077,7.04182971
002441,众业达,7.96,8.02,35793766.0,4508900.0,-0.748,-0.00748,0.35793766
002442,龙星科技,4.98,4.97,47224417.0,9560700.0,0.201,0.00201,0.47224417
002443,金洲管道,8.48,8.4,142079852.0,16848741.0,0.952,0.009519999999999999,1.42079852
002444,巨星科技,30.34,30.22,341721472.0,11226181.0,0.397,0.0039700000000000004,3.41721472
002445,中南文化,2.99,2.98,151657774.0,50786498.0,0.336,0.00336,1.51657774
002446,盛路通信,8.87,8.27,565219711.0,65156845.0,7.255,0.07255,5.65219711
002448,中原内配,12.25,12.22,231354564.0,19026680.0,0.245,0.00245,2.31354564
002449,国星光电,6.42,6.42,55528161.0,8700815.0,0.0,0.0,0.55528161
002451,摩恩电气,7.34,7.32,78995322.0,10833600.0,0.273,0.0027300000000000002,0.78995322
002452,长高电气,11.53,11.5,140922296.0,12331595.0,0.261,0.00261,1.40922296
002453,华软科技,4.4,4.33,45201186.0,10406772.0,1.617,0.01617,0.45201186
002454,松芝股份,5.05,5.04,49135331.0,9753060.0,0.198,0.00198,0.49135331
002455,百川股份,7.05,6.94,241254874.0,34704332.0,1.585,0.01585,2.41254874
002456,欧菲光,7.99,7.87,1077839520.0,137533810.0,1.525,0.01525,10.7783952
002457,青龙管业,10.86,11.11,260159979.0,23948700.0,-2.25,-0.0225,2.60159979
002458,益生股份,9.01,8.95,273734630.0,30527668.0,0.67,0.0067,2.7373463
002459,晶澳科技,7.65,7.78,329813006.0,42886039.0,-1.671,-0.01671,3.29813006
002460,赣锋锂业,52.24,52.98,2136532162.0,40778821.0,-1.397,-0.01397,21.36532162
002461,珠江啤酒,8.81,8.84,54443160.0,6184700.0,-0.339,-0.0033900000000000002,0.5444316
002462,嘉事堂,11.87,11.82,32389466.0,2738074.0,0.423,0.00423,0.32389466
002463,沪电股份,117.2,115.6,6909114239.0,58949114.0,1.384,0.013839999999999998,69.09114239
002465,海格通信,10.7,10.63,663242357.0,62253295.0,0.659,0.00659,6.63242357
002466,天齐锂业,47.18,47.77,2174555826.0,46044568.0,-1.235,-0.012350000000000002,21.74555826
002467,二六三,4.86,4.88,224718454.0,46374700.0,-0.41,-0.0040999999999999995,2.24718454
002468,申通快递,13.92,14.01,445316573.0,32266263.0,-0.642,-0.00642,4.45316573
002469,三维化学,5.9,5.83,31458767.0,5402913.0,1.201,0.01201,0.31458767
002470,金正大,1.95,1.98,155391070.0,80067300.0,-1.515,-0.015149999999999999,1.5539107
002471,中超控股,5.75,5.78,422177055.0,73510105.0,-0.519,-0.00519,4.22177055
002472,双环传动,39.14,39.72,937435575.0,23845658.0,-1.46,-0.0146,9.37435575
002474,榕基软件,6.66,6.44,229193385.0,35186218.0,3.416,0.034159999999999996,2.29193385
002475,立讯精密,55.9,55.87,9587815895.0,172057460.0,0.054,0.00054,95.87815895
002476,新叶股份,4.55,4.51,32204432.0,7130100.0,0.887,0.00887,0.32204432
002478,常宝股份,6.32,6.41,86831071.0,13726146.0,-1.404,-0.014039999999999999,0.86831071
002479,富春环保,5.59,5.54,117535615.0,20942452.0,0.903,0.00903,1.17535615
002480,新筑股份,5.52,5.62,54937000.0,9918200.0,-1.779,-0.01779,0.54937
002481,双塔食品,4.15,4.16,33247291.0,8056700.0,-0.24,-0.0024,0.33247291
002482,广田集团,1.27,1.27,54160421.0,43147237.0,0.0,0.0,0.54160421
002483,润邦股份,5.18,5.26,74847181.0,14498213.0,-1.521,-0.01521,0.74847181
002484,江海股份,65.09,64.24,2730739835.0,42609059.0,1.323,0.013229999999999999,27.30739835
002486,嘉麟杰,2.37,2.31,56180832.0,24049000.0,2.597,0.02597,0.56180832
002487,大金重工,41.76,42.56,1035072278.0,24774045.0,-1.88,-0.018799999999999997,10.35072278
002488,金固股份,9.07,9.18,214075075.0,23375539.0,-1.198,-0.01198,2.14075075
002489,浙江永强,2.73,2.75,47146575.0,17334584.0,-0.727,-0.0072699999999999996,0.47146575
002490,山东墨龙,7.67,7.51,359594553.0,47391669.0,2.13,0.0213,3.59594553
002491,通鼎互联,16.52,16.06,3330505310.0,204843756.0,2.864,0.02864,33.3050531
002492,恒基达鑫,5.62,5.53,35820892.0,6420400.0,1.627,0.01627,0.35820892
002493,荣盛石化,13.14,12.39,1179625275.0,91030780.0,6.053,0.06053,11.79625275
002494,华斯股份,4.66,4.59,45645556.0,9876900.0,1.525,0.01525,0.45645556
002495,佳隆股份,2.29,2.29,42981939.0,18861500.0,0.0,0.0,0.42981939
002496,辉丰股份,2.04,2.04,41818415.0,20663260.0,0.0,0.0,0.41818415
002497,雅化集团,18.23,18.4,666558979.0,36508904.0,-0.924,-0.00924,6.66558979
002498,汉缆股份,6.83,7.25,1326877622.0,192979329.0,-5.793,-0.05793,13.26877622
002500,山西证券,5.36,5.42,86258681.0,16067960.0,-1.107,-0.01107,0.86258681
002506,协鑫集成,2.69,2.76,590534413.0,219078222.0,-2.536,-0.02536,5.90534413
002507,涪陵榨菜,11.53,11.75,183410939.0,15845170.0,-1.872,-0.01872,1.83410939
002508,老板电器,15.44,15.71,145979998.0,9420500.0,-1.719,-0.01719,1.45979998
002510,天汽模,5.67,5.76,117279728.0,20719600.0,-1.563,-0.015629999999999998,1.17279728
002511,中顺洁柔,7.24,7.34,84004644.0,11597000.0,-1.362,-0.01362,0.84004644
002513,蓝丰生化,5.11,4.98,43669679.0,8651783.0,2.61,0.026099999999999998,0.43669679
002515,金字火腿,7.11,6.91,429394232.0,60974361.0,2.894,0.02894,4.29394232
002516,旷达科技,5.4,5.51,111633895.0,20713969.0,-1.996,-0.01996,1.11633895
002517,恺英网络,17.9,18.38,1785570485.0,98742657.0,-2.612,-0.02612,17.85570485
002518,科士达,33.53,33.65,363311940.0,10895013.0,-0.357,-0.00357,3.6331194
002519,银河电子,5.53,5.54,199463039.0,36147830.0,-0.181,-0.00181,1.99463039
002520,日发精机,5.72,5.68,158553909.0,27878011.0,0.704,0.007039999999999999,1.58553909
002521,齐峰新材,6.9,6.96,25375293.0,3673200.0,-0.862,-0.00862,0.25375293
002522,浙江众成,5.02,5.04,141164038.0,28159704.0,-0.397,-0.0039700000000000004,1.41164038
002523,天桥起重,3.29,3.32,67865407.0,20740739.0,-0.904,-0.00904,0.67865407
002524,光正眼科,3.82,3.8,60373415.0,15931804.0,0.526,0.00526,0.60373415
002526,山东矿机,2.69,2.69,79610182.0,29761150.0,0.0,0.0,0.79610182
002527,新时达,11.72,11.81,95161373.0,8114800.0,-0.762,-0.00762,0.95161373
002529,海源复材,6.9,6.82,28545335.0,4152600.0,1.173,0.01173,0.28545335
002530,金财互联,7.5,7.68,259012410.0,34613659.0,-2.344,-0.02344,2.5901241
002531,天顺风能,6.65,6.9,366279358.0,54631995.0,-3.623,-0.036230000000000005,3.66279358
002532,天山铝业,13.4,13.46,1568464017.0,116155403.0,-0.446,-0.00446,15.68464017
002533,金杯电工,11.49,11.75,137469942.0,11928843.0,-2.213,-0.02213,1.37469942
002534,西子洁能,16.0,15.22,324240099.0,20740102.0,5.125,0.05125,3.24240099
002535,林州重机,2.44,2.41,35978601.0,14883140.0,1.245,0.012450000000000001,0.35978601
002536,飞龙股份,37.85,38.17,1708215466.0,45461394.0,-0.838,-0.00838,17.08215466
002537,海联金汇,5.92,5.9,208914408.0,35104306.0,0.339,0.0033900000000000002,2.08914408
002539,云图控股,12.02,12.29,215423420.0,17763100.0,-2.197,-0.02197,2.1542342
002540,亚太科技,5.15,5.16,56332345.0,10962966.0,-0.194,-0.00194,0.56332345
002541,鸿路钢构,18.89,19.34,283212802.0,14930964.0,-2.327,-0.02327,2.83212802
002543,万和电气,6.61,6.67,26418687.0,4004128.0,-0.9,-0.009000000000000001,0.26418687
002544,普天科技,16.67,16.87,233920632.0,13942271.0,-1.186,-0.011859999999999999,2.33920632
002545,东方铁塔,18.61,18.6,474775394.0,25362277.0,0.054,0.00054,4.74775394
002546,新联电子,8.56,8.98,431940892.0,49841500.0,-4.677,-0.04677,4.31940892
002548,金新农,3.98,3.98,95577325.0,24236139.0,0.0,0.0,0.95577325
002549,凯美特气,14.47,14.01,723702468.0,50819196.0,3.283,0.03283,7.23702468
002550,千红制药,6.87,6.92,113348399.0,16523464.0,-0.723,-0.0072299999999999994,1.13348399
002551,尚荣医疗,3.04,3.04,31997010.0,10583502.0,0.0,0.0,0.3199701
002552,宝鼎科技,43.27,39.34,750614106.0,17728600.0,9.99,0.0999,7.50614106
002553,南方精工,16.03,16.26,126636765.0,7873803.0,-1.415,-0.014150000000000001,1.26636765
002554,惠博普,2.86,2.86,42527939.0,14894944.0,0.0,0.0,0.42527939
002555,三七互娱,19.8,20.23,1068756056.0,53560641.0,-2.126,-0.021259999999999998,10.68756056
002556,辉隆股份,4.98,4.95,49512978.0,9983861.0,0.606,0.006059999999999999,0.49512978
002557,洽洽食品,19.51,19.84,145590346.0,7413904.0,-1.663,-0.01663,1.45590346
002558,巨人网络,29.26,30.07,3304008098.0,110964530.0,-2.694,-0.02694,33.04008098
002559,亚威股份,9.53,9.46,295853105.0,31217448.0,0.74,0.0074,2.95853105
002560,通达股份,6.46,6.49,175567817.0,27313280.0,-0.462,-0.00462,1.75567817
002561,徐家汇,6.66,6.64,23214902.0,3508350.0,0.301,0.00301,0.23214902
002562,兄弟科技,4.53,4.57,80110578.0,17744400.0,-0.875,-0.00875,0.80110578
002563,森马服饰,6.1,6.12,132254842.0,21769235.0,-0.327,-0.0032700000000000003,1.32254842
002564,天沃科技,4.48,4.44,65038393.0,14621120.0,0.901,0.00901,0.65038393
002565,顺灏股份,9.88,9.46,1464311413.0,147106765.0,4.44,0.0444,14.64311413
002566,益盛药业,6.47,6.45,60098638.0,9334282.0,0.31,0.0031,0.60098638
002567,唐人神,3.61,3.63,59285951.0,16531200.0,-0.551,-0.00551,0.59285951
002568,百润股份,19.24,19.72,304024196.0,15668298.0,-2.434,-0.02434,3.04024196
002570,贝因美,4.43,4.43,85417216.0,19329092.0,0.0,0.0,0.85417216
002571,德力股份,11.06,10.72,91642318.0,8355624.0,3.172,0.03172,0.91642318
002572,索菲亚,8.33,8.47,97011139.0,11642090.0,-1.653,-0.01653,0.97011139
002573,清新环境,3.24,3.23,19015808.0,5911704.0,0.31,0.0031,0.19015808
002574,明牌珠宝,4.59,4.55,48486396.0,10623512.0,0.879,0.00879,0.48486396
002575,群兴玩具,5.28,5.32,147831610.0,28086658.0,-0.752,-0.00752,1.4783161
002576,通达动力,14.53,14.65,49768403.0,3431550.0,-0.819,-0.00819,0.49768403
002577,雷柏科技,18.97,18.7,75366913.0,4003700.0,1.444,0.01444,0.75366913
002578,闽发铝业,3.21,3.17,97650678.0,30731140.0,1.262,0.01262,0.97650678
002579,中京电子,13.93,12.98,2294047597.0,167381787.0,7.319,0.07319,22.94047597
002580,圣阳股份,19.11,20.39,1700979433.0,87378667.0,-6.278,-0.06278,17.00979433
002582,好想你,10.07,10.17,234281978.0,23288600.0,-0.983,-0.00983,2.34281978
002583,海能达,8.53,8.64,239465450.0,28043325.0,-1.273,-0.012729999999999998,2.3946545
002584,西陇科学,7.98,7.79,305726323.0,38969477.0,2.439,0.024390000000000002,3.05726323
002585,双星新材,9.21,9.41,955435189.0,104004220.0,-2.125,-0.02125,9.55435189
002587,奥拓电子,5.62,5.56,111033021.0,19925436.0,1.079,0.01079,1.11033021
002588,史丹利,8.69,8.76,96117697.0,11089490.0,-0.799,-0.00799,0.96117697
002589,瑞康医药,2.76,2.77,71154436.0,25912861.0,-0.361,-0.00361,0.71154436
002590,万安科技,9.66,9.78,69969316.0,7239294.0,-1.227,-0.012270000000000001,0.69969316
002591,恒大高新,6.2,6.1,55932540.0,9093800.0,1.639,0.016390000000000002,0.5593254
002593,日上集团,4.37,4.36,57162726.0,13141600.0,0.229,0.00229,0.57162726
002594,比亚迪,89.45,90.82,3299953313.0,36737226.0,-1.508,-0.01508,32.99953313
002595,豪迈科技,52.79,53.15,144644635.0,2733618.0,-0.677,-0.006770000000000001,1.44644635
002596,海南瑞泽,3.25,3.23,68361947.0,21245600.0,0.619,0.00619,0.68361947
002597,金禾实业,20.43,20.6,155110502.0,7651600.0,-0.825,-0.00825,1.55110502
002599,盛通股份,6.27,6.35,66988655.0,10672384.0,-1.26,-0.0126,0.66988655
002600,领益智造,12.74,12.97,1391344603.0,108970883.0,-1.773,-0.01773,13.91344603
002601,龙佰集团,16.58,16.7,351347997.0,21174400.0,-0.719,-0.007189999999999999,3.51347997
002602,世纪华通,13.86,14.12,1401837074.0,100192717.0,-1.841,-0.01841,14.01837074
002603,以岭药业,16.26,16.44,390961231.0,23990179.0,-1.095,-0.01095,3.90961231
002605,姚记科技,18.4,18.78,167061276.0,9030300.0,-2.023,-0.02023,1.67061276
002606,大连电瓷,14.46,14.69,446145931.0,30745548.0,-1.566,-0.01566,4.46145931
002607,中公教育,2.17,2.35,1237157999.0,559877086.0,-7.66,-0.0766,12.37157999
002608,江苏国信,7.32,7.4,133446297.0,18279203.0,-1.081,-0.01081,1.33446297
002609,捷顺科技,7.88,7.83,47259100.0,5994246.0,0.639,0.00639,0.472591
002611,东方精工,16.19,16.51,510874541.0,31298908.0,-1.938,-0.019379999999999998,5.10874541
002612,朗姿股份,15.26,14.9,243984873.0,16144759.0,2.416,0.02416,2.43984873
002613,北玻股份,3.34,3.34,84949414.0,25633120.0,0.0,0.0,0.84949414
002614,奥佳华,4.78,4.77,31802902.0,6699225.0,0.21,0.0021,0.31802902
002615,哈尔斯,6.61,6.67,35082691.0,5313748.0,-0.9,-0.009000000000000001,0.35082691
002616,长青集团,4.74,4.76,42307751.0,8982700.0,-0.42,-0.0042,0.42307751
002617,露笑科技,6.32,6.41,549612261.0,86982949.0,-1.404,-0.014039999999999999,5.49612261
002622,皓宸医疗,2.33,2.32,42072307.0,18190956.0,0.431,0.00431,0.42072307
002623,亚玛顿,15.93,16.0,58622853.0,3704616.0,-0.438,-0.00438,0.58622853
002624,完美世界,11.27,11.54,684852662.0,60204307.0,-2.34,-0.023399999999999997,6.84852662
002625,光启技术,30.59,30.9,750920736.0,24397335.0,-1.003,-0.010029999999999999,7.50920736
002626,金达威,13.88,14.14,69775718.0,5000958.0,-1.839,-0.01839,0.69775718
002627,三峡旅游,6.38,6.42,60556812.0,9479110.0,-0.623,-0.00623,0.60556812
002628,成都路桥,4.9,4.62,142169103.0,30088700.0,6.061,0.06061,1.42169103
002629,仁智股份,4.58,4.57,53219209.0,11683600.0,0.219,0.00219,0.53219209
002631,德尔未来,7.89,7.43,241602747.0,31742064.0,6.191,0.06191,2.41602747
002632,道明光学,8.32,8.28,121513126.0,14718900.0,0.483,0.00483,1.21513126
002633,申科股份,14.76,14.72,24925307.0,1703700.0,0.272,0.00272,0.24925307
002635,安洁科技,14.85,14.65,295684748.0,20061966.0,1.365,0.01365,2.95684748
002636,金安国纪,59.99,56.18,4809178430.0,81932567.0,6.782,0.06782,48.0917843
002637,赞宇科技,10.79,10.65,139809030.0,13018713.0,1.315,0.01315,1.3980903
002638,勤上股份,3.77,3.66,103136395.0,27547950.0,3.005,0.03005,1.03136395
002639,雪人集团,12.64,12.87,581549275.0,45937955.0,-1.787,-0.01787,5.81549275
002640,跨境通,3.41,3.47,298057680.0,87617900.0,-1.729,-0.01729,2.9805768
002641,公元股份,3.9,3.89,31993204.0,8262527.0,0.257,0.0025700000000000002,0.31993204
002642,荣联科技,7.45,7.5,149835060.0,20099230.0,-0.667,-0.006670000000000001,1.4983506
002643,万润股份,13.82,13.78,346975769.0,25248398.0,0.29,0.0029,3.46975769
002644,佛慈制药,7.79,7.73,21172495.0,2741599.0,0.776,0.00776,0.21172495
002645,华宏科技,18.55,18.03,1113972321.0,59815971.0,2.884,0.028839999999999998,11.13972321
002646,天佑德酒,6.82,6.82,36078129.0,5311708.0,0.0,0.0,0.36078129
002647,仁东控股,9.68,9.87,222466538.0,22627400.0,-1.925,-0.01925,2.22466538
002648,卫星化学,25.37,25.26,1104937847.0,43522995.0,0.435,0.00435,11.04937847
002649,博彦科技,11.29,10.26,623599748.0,56155742.0,10.039,0.10039,6.23599748
002651,利君股份,7.82,7.86,54118916.0,6905300.0,-0.509,-0.00509,0.54118916
002652,扬子新材,3.86,3.77,64064835.0,16875180.0,2.387,0.02387,0.64064835
002653,海思科,67.07,64.09,717942071.0,10963856.0,4.65,0.04650000000000001,7.17942071
002654,万润科技,12.42,12.57,592652531.0,47768445.0,-1.193,-0.011930000000000001,5.92652531
002655,共达电声,27.84,27.07,1104871740.0,40135500.0,2.844,0.02844,11.0487174
002656,摩登大道,2.95,2.94,46115785.0,15463051.0,0.34,0.0034000000000000002,0.46115785
002657,中科金财,16.03,15.87,316542661.0,19746856.0,1.008,0.01008,3.16542661
002658,雪迪龙,7.28,7.34,36596503.0,5037505.0,-0.817,-0.00817,0.36596503
002659,凯文教育,4.66,5.0,312691533.0,66485200.0,-6.8,-0.068,3.12691533
002660,茂硕电源,6.97,6.76,92386027.0,13213300.0,3.107,0.03107,0.92386027
002661,克明食品,7.53,7.53,19966644.0,2671000.0,0.0,0.0,0.19966644
002662,峰璟股份,3.21,3.22,32087164.0,10042902.0,-0.311,-0.00311,0.32087164
002663,普邦股份,1.62,1.61,58661285.0,36690600.0,0.621,0.00621,0.58661285
002664,信质集团,15.96,16.36,124732403.0,7794993.0,-2.445,-0.02445,1.24732403
002666,德联集团,4.14,4.12,34560418.0,8408600.0,0.485,0.00485,0.34560418
002668,TCL智家,10.84,10.57,307285866.0,28595272.0,2.554,0.025539999999999997,3.07285866
002669,康达新材,12.22,12.17,165704161.0,13636900.0,0.411,0.00411,1.65704161
002670,国盛证券,11.33,11.46,288693624.0,25356100.0,-1.134,-0.01134,2.88693624
002671,龙泉股份,3.87,3.82,47321994.0,12309000.0,1.309,0.01309,0.47321994
002672,东江环保,3.57,3.59,48206080.0,13560190.0,-0.557,-0.00557,0.4820608
002673,西部证券,6.72,6.79,156834108.0,23319818.0,-1.031,-0.01031,1.56834108
002674,兴业科技,28.65,26.93,1202436312.0,42397588.0,6.387,0.06387,12.02436312
002675,东诚药业,12.85,12.84,96282087.0,7491818.0,0.078,0.00078,0.96282087
002676,顺威股份,5.03,5.04,38224314.0,7628300.0,-0.198,-0.00198,0.38224314
002677,浙江美大,6.69,6.66,44499734.0,6720600.0,0.45,0.0045000000000000005,0.44499734
002678,珠江钢琴,4.47,4.46,26015967.0,5857730.0,0.224,0.0022400000000000002,0.26015967
002679,福建金森,8.78,8.68,25444732.0,2920500.0,1.152,0.011519999999999999,0.25444732
002681,奋达科技,4.68,4.75,180801384.0,38576323.0,-1.474,-0.01474,1.80801384
002682,龙洲股份,4.46,4.46,64038462.0,14392850.0,0.0,0.0,0.64038462
002683,广东宏大,27.86,28.53,255408499.0,9113902.0,-2.348,-0.023479999999999997,2.55408499
002685,华东重机,5.35,5.41,134497299.0,25147484.0,-1.109,-0.01109,1.34497299
002686,亿利达,6.57,5.97,200985840.0,31976250.0,10.05,0.1005,2.0098584
002687,乔治白,5.0,4.99,65953389.0,13246145.0,0.2,0.002,0.65953389
002688,金河生物,5.17,5.07,91978901.0,17866500.0,1.972,0.01972,0.91978901
002690,美亚光电,15.25,15.54,89252914.0,5839798.0,-1.866,-0.01866,0.89252914
002692,远程股份,4.07,4.05,47860690.0,11919200.0,0.494,0.00494,0.4786069
002693,双成药业,9.44,9.51,254428730.0,26908045.0,-0.736,-0.00736,2.5442873
002695,煌上煌,10.1,10.07,119905452.0,11951597.0,0.298,0.00298,1.19905452
002696,百洋股份,5.51,5.43,30485349.0,5574590.0,1.473,0.01473,0.30485349
002697,红旗连锁,4.61,4.64,68680887.0,14955490.0,-0.647,-0.00647,0.68680887
002698,博实股份,12.92,13.12,186851813.0,14462574.0,-1.524,-0.01524,1.86851813
002700,万憬能源,6.04,5.9,44542749.0,7461600.0,2.373,0.02373,0.44542749
002701,奥瑞金,4.84,4.91,150012190.0,31089124.0,-1.426,-0.01426,1.5001219
002702,海欣食品,4.76,4.82,223553837.0,47135896.0,-1.245,-0.012450000000000001,2.23553837
002703,浙江世宝,16.35,16.28,2021982043.0,120363736.0,0.43,0.0043,20.21982043
002705,新宝股份,12.31,11.63,328212549.0,27179044.0,5.847,0.05847,3.28212549
002706,良信股份,9.0,9.34,367855316.0,40853883.0,-3.64,-0.0364,3.67855316
002707,众信旅游,5.14,5.18,65431277.0,12755162.0,-0.772,-0.00772,0.65431277
002708,光洋股份,10.45,10.6,163847002.0,15757000.0,-1.415,-0.014150000000000001,1.63847002
002709,天赐材料,39.25,39.05,3049601976.0,78413636.0,0.512,0.00512,30.49601976
002712,思美传媒,4.83,4.82,80959703.0,16839100.0,0.207,0.00207,0.80959703
002713,东易日盛,9.78,10.0,172433538.0,17638919.0,-2.2,-0.022000000000000002,1.72433538
002714,牧原股份,38.37,38.36,1568114931.0,41107390.0,0.026,0.00026,15.68114931
002715,登云股份,13.66,13.47,31870457.0,2349100.0,1.411,0.014110000000000001,0.31870457
002716,湖南白银,8.62,8.77,2455050312.0,278296081.0,-1.71,-0.0171,24.55050312
002718,友邦吊顶,85.49,83.75,89548425.0,1058200.0,2.078,0.02078,0.89548425
002721,金一文化,2.94,2.67,78085812.0,26559800.0,10.112,0.10112,0.78085812
002722,物产金轮,12.68,12.78,33862378.0,2676874.0,-0.782,-0.00782,0.33862378
002723,小崧股份,7.09,7.25,58763555.0,8263200.0,-2.207,-0.02207,0.58763555
002724,海洋王,5.36,5.35,28431262.0,5339600.0,0.187,0.00187,0.28431262
002725,跃岭股份,11.51,11.32,78268960.0,6852320.0,1.678,0.01678,0.7826896
002727,一心堂,11.31,11.32,115764662.0,10272502.0,-0.088,-0.0008799999999999999,1.15764662
002728,特一药业,9.43,9.19,291657456.0,31467000.0,2.612,0.02612,2.91657456
002729,好利科技,13.77,13.71,59572148.0,4337800.0,0.438,0.00438,0.59572148
002730,电光科技,21.6,21.76,179348385.0,8245900.0,-0.735,-0.00735,1.79348385
002732,燕塘乳业,13.49,13.35,24076647.0,1799400.0,1.049,0.01049,0.24076647
002733,雄韬股份,19.09,18.84,261000032.0,13760750.0,1.327,0.013269999999999999,2.61000032
002734,利民股份,16.15,15.16,701576198.0,44187876.0,6.53,0.0653,7.01576198
002735,王子新材,11.78,11.67,208995909.0,17808100.0,0.943,0.00943,2.08995909
002736,国信证券,10.14,10.3,282693096.0,27803501.0,-1.553,-0.015529999999999999,2.82693096
002737,葵花药业,13.07,13.23,71371628.0,5465202.0,-1.209,-0.01209,0.71371628
002738,中矿资源,52.95,51.56,1959671986.0,36920789.0,2.696,0.02696,19.59671986
002739,儒意电影,8.95,8.9,900365434.0,99424652.0,0.562,0.005620000000000001,9.00365434
002741,光华科技,23.91,22.91,869471269.0,36802287.0,4.365,0.04365,8.69471269
002742,冀衡医药,3.75,3.74,58076621.0,15657600.0,0.267,0.00267,0.58076621
002743,富煌钢构,3.89,3.84,25722690.0,6665400.0,1.302,0.01302,0.2572269
002745,木林森,10.98,10.69,752945458.0,69473974.0,2.713,0.02713,7.52945458
002746,仙坛股份,6.17,6.12,63375418.0,10309798.0,0.817,0.00817,0.63375418
002747,埃斯顿,34.81,34.27,3065502017.0,88251424.0,1.576,0.01576,30.65502017
002748,世龙实业,11.0,10.75,58656663.0,5382000.0,2.326,0.02326,0.58656663
002749,国光股份,8.62,8.66,31812545.0,3703695.0,-0.462,-0.00462,0.31812545
002752,昇兴股份,5.94,6.01,70906775.0,11908155.0,-1.165,-0.01165,0.70906775
002753,永东股份,6.2,6.11,22873032.0,3727839.0,1.473,0.01473,0.22873032
002755,奥赛康,13.16,13.33,102478472.0,7770284.0,-1.275,-0.01275,1.02478472
002756,永兴材料,48.0,48.06,645842632.0,13417943.0,-0.125,-0.00125,6.45842632
002757,南兴股份,17.26,17.51,328009200.0,18956201.0,-1.428,-0.01428,3.280092
002758,浙农股份,7.86,7.88,41447105.0,5292850.0,-0.254,-0.00254,0.41447105
002760,凤形股份,17.24,17.28,77128271.0,4501701.0,-0.231,-0.00231,0.77128271
002761,浙江建投,7.25,7.3,86809450.0,11975024.0,-0.685,-0.00685,0.8680945
002762,金发拉比,9.46,9.26,72077840.0,7741400.0,2.16,0.0216,0.7207784
002763,汇洁股份,7.25,7.28,40413067.0,5596460.0,-0.412,-0.0041199999999999995,0.40413067
002765,蓝黛科技,7.11,7.12,52560887.0,7409900.0,-0.14,-0.0014000000000000002,0.52560887
002766,索菱股份,4.43,4.39,548274348.0,118985340.0,0.911,0.00911,5.48274348
002767,先锋电子,17.7,17.28,44050178.0,2517300.0,2.431,0.024310000000000002,0.44050178
002768,国恩股份,57.8,57.1,589037388.0,10309168.0,1.226,0.01226,5.89037388
002769,普路通,6.96,6.9,44708597.0,6478500.0,0.87,0.0087,0.44708597
002771,真视通,12.94,13.01,96042936.0,7416900.0,-0.538,-0.00538,0.96042936
002772,众兴菌业,10.65,10.5,101276812.0,9567800.0,1.429,0.01429,1.01276812
002773,康弘药业,21.05,21.4,173377654.0,8211647.0,-1.636,-0.01636,1.73377654
002774,快意电梯,16.13,15.5,156279641.0,9828600.0,4.065,0.040650000000000006,1.56279641
002775,文科股份,3.91,3.85,81528820.0,21167608.0,1.558,0.01558,0.8152882
002777,久远银海,13.44,13.4,141304569.0,10538800.0,0.299,0.00299,1.41304569
002778,中晟高科,15.18,15.08,30456068.0,2020700.0,0.663,0.0066300000000000005,0.30456068
002779,中坚科技,71.12,69.72,244246043.0,3458485.0,2.008,0.02008,2.44246043
002780,三夫户外,13.15,13.11,56617993.0,4334325.0,0.305,0.0030499999999999998,0.56617993
002782,可立克,14.96,14.98,161089245.0,10817203.0,-0.134,-0.00134,1.61089245
002783,凯龙股份,7.52,7.48,50139879.0,6664100.0,0.535,0.005350000000000001,0.50139879
002785,万里石,34.52,34.23,188018967.0,5465489.0,0.847,0.00847,1.88018967
002786,银宝山新,7.73,7.73,57453583.0,7456449.0,0.0,0.0,0.57453583
002787,华源控股,21.24,20.83,366616085.0,17551600.0,1.968,0.01968,3.66616085
002788,鹭燕医药,10.82,10.76,349454517.0,32357308.0,0.558,0.005580000000000001,3.49454517
002790,瑞尔特,5.78,5.7,19637029.0,3442588.0,1.404,0.014039999999999999,0.19637029
002791,坚朗五金,15.32,15.29,73069338.0,4805900.0,0.196,0.00196,0.73069338
002792,通宇通讯,33.81,30.74,773173933.0,23453547.0,9.987,0.09987,7.73173933
002793,罗欣药业,5.05,5.08,258775371.0,51391412.0,-0.591,-0.0059099999999999995,2.58775371
002795,永和智控,6.64,6.56,90491869.0,13763100.0,1.22,0.012199999999999999,0.90491869
002796,世嘉科技,29.18,27.84,555089859.0,19353243.0,4.813,0.04813,5.55089859
002797,第一创业,6.61,6.68,483287001.0,72469774.0,-1.048,-0.01048,4.83287001
002798,帝欧水华,5.58,5.5,47142697.0,8527400.0,1.455,0.01455,0.47142697
002799,环球印务,6.6,6.58,29770567.0,4536300.0,0.304,0.0030399999999999997,0.29770567
002800,天顺股份,13.29,13.18,37936480.0,2866234.0,0.835,0.00835,0.3793648
002801,微光股份,27.86,28.28,36075423.0,1291596.0,-1.485,-0.01485,0.36075423
002802,洪汇新材,11.27,11.08,22528851.0,2023400.0,1.715,0.017150000000000002,0.22528851
002803,吉宏股份,19.98,19.58,332164964.0,16584042.0,2.043,0.02043,3.32164964
002805,丰元股份,18.58,18.29,295560441.0,16022258.0,1.586,0.01586,2.95560441
002806,华锋股份,13.83,13.56,101187393.0,7412940.0,1.991,0.01991,1.01187393
002807,江阴银行,4.03,4.04,153369698.0,38240453.0,-0.248,-0.00248,1.53369698
002809,红墙股份,8.1,7.96,38637780.0,4829565.0,1.759,0.017589999999999998,0.3863778
002810,山东赫达,20.42,20.33,79581062.0,3916883.0,0.443,0.00443,0.79581062
002811,郑中设计,10.39,10.31,36734214.0,3564450.0,0.776,0.00776,0.36734214
002812,恩捷股份,53.7,54.75,1150908416.0,21398242.0,-1.918,-0.01918,11.50908416
002813,路畅科技,21.1,21.16,63742517.0,3027700.0,-0.284,-0.0028399999999999996,0.63742517
002815,崇达技术,12.44,12.31,503160598.0,40594880.0,1.056,0.01056,5.03160598
002817,黄山胶囊,6.28,6.24,34241361.0,5476347.0,0.641,0.00641,0.34241361
002818,富森美,10.82,10.82,35033084.0,3254040.0,0.0,0.0,0.35033084
002819,东方中科,21.0,21.01,42566059.0,2036200.0,-0.048,-0.00048,0.42566059
002820,桂发祥,9.2,9.15,44707552.0,4897600.0,0.546,0.0054600000000000004,0.44707552
002821,凯莱英,156.6,163.38,2141637239.0,13513117.0,-4.15,-0.0415,21.41637239
002823,凯中精密,13.32,13.35,59074507.0,4446342.0,-0.225,-0.0022500000000000003,0.59074507
002824,和胜股份,22.93,22.0,441181993.0,19773016.0,4.227,0.04227,4.41181993
002825,纳尔股份,8.5,8.44,33845510.0,3992942.0,0.711,0.00711,0.3384551
002826,易明医药,18.15,16.5,108308668.0,6219800.0,10.0,0.1,1.08308668
002827,高争民爆,49.24,44.76,860212545.0,17624206.0,10.009,0.10009,8.60212545
002828,贝肯能源,11.97,12.4,253037551.0,20851247.0,-3.468,-0.03468,2.53037551
002829,星网宇达,20.72,20.76,217934018.0,10486940.0,-0.193,-0.00193,2.17934018
002830,名雕股份,13.41,13.12,37443617.0,2830680.0,2.21,0.022099999999999998,0.37443617
002831,裕同科技,29.1,27.96,323000840.0,11446798.0,4.077,0.04077,3.2300084
002832,比音勒芬,25.61,25.89,433392016.0,17176921.0,-1.081,-0.01081,4.33392016
002833,弘亚数控,18.1,18.03,74045119.0,4105913.0,0.388,0.00388,0.74045119
002835,同为股份,12.34,12.14,48560026.0,3966233.0,1.647,0.01647,0.48560026
002836,新宏泽,9.78,9.43,47000214.0,4869200.0,3.712,0.03712,0.47000214
002837,英维克,52.93,52.33,2103992079.0,40023736.0,1.147,0.011470000000000001,21.03992079
002838,道恩股份,25.92,26.35,224681042.0,8660217.0,-1.632,-0.016319999999999998,2.24681042
002839,张家港行,4.41,4.46,141918393.0,32232941.0,-1.121,-0.01121,1.41918393
002840,华统股份,8.26,8.33,159704669.0,19357500.0,-0.84,-0.0084,1.59704669
002841,视源股份,50.03,49.03,732974061.0,14770492.0,2.04,0.0204,7.32974061
002842,翔鹭钨业,36.98,34.56,2664112295.0,73543627.0,7.002,0.07002,26.64112295
002843,泰嘉股份,16.36,16.27,136330280.0,8392562.0,0.553,0.00553,1.3633028
002845,同兴达,12.74,12.65,109718034.0,8637896.0,0.711,0.00711,1.09718034
002846,英联股份,10.61,10.69,121931718.0,11454932.0,-0.748,-0.00748,1.21931718
002847,盐津铺子,49.9,50.57,174634723.0,3494400.0,-1.325,-0.01325,1.74634723
002848,高斯贝尔,12.76,12.73,81617791.0,6372600.0,0.236,0.0023599999999999997,0.81617791
002849,威星智能,16.09,15.45,184158607.0,11585770.0,4.142,0.041420000000000005,1.84158607
002850,科达利,179.0,183.96,838860246.0,4683842.0,-2.696,-0.02696,8.38860246
002851,麦格米特,121.3,116.5,4028469358.0,33943395.0,4.12,0.0412,40.28469358
002852,道道全,7.77,7.72,30760713.0,3990500.0,0.648,0.0064800000000000005,0.30760713
002853,皮阿诺,21.0,20.79,23612514.0,1134800.0,1.01,0.0101,0.23612514
002855,捷荣技术,9.91,9.81,23106923.0,2348000.0,1.019,0.01019,0.23106923
002857,三晖电气,16.65,16.53,44909834.0,2741062.0,0.726,0.00726,0.44909834
002858,力盛体育,11.49,11.63,39247524.0,3416800.0,-1.204,-0.01204,0.39247524
002859,洁美科技,67.81,65.36,1469382539.0,21962140.0,3.748,0.03748,14.69382539
002860,星帅尔,16.59,16.7,225595288.0,13752807.0,-0.659,-0.00659,2.25595288
002861,瀛通通讯,16.51,16.15,104788414.0,6383603.0,2.229,0.02229,1.04788414
002862,实丰文化,13.67,13.75,44576451.0,3260020.0,-0.582,-0.00582,0.44576451
002863,今飞凯达,4.47,4.4,111693439.0,25136500.0,1.591,0.01591,1.11693439
002864,盘龙药业,21.29,21.25,61916498.0,2927806.0,0.188,0.00188,0.61916498
002865,钧达股份,44.22,44.3,371028864.0,8424499.0,-0.181,-0.00181,3.71028864
002866,传艺科技,15.42,15.56,195399359.0,12702380.0,-0.9,-0.009000000000000001,1.95399359
002867,周大生,12.76,12.77,92354759.0,7243771.0,-0.078,-0.00078,0.92354759
002868,绿康生化,23.02,22.79,47766803.0,2090430.0,1.009,0.010089999999999998,0.47766803
002869,金溢科技,16.16,16.04,69391903.0,4281842.0,0.748,0.00748,0.69391903
002870,香山股份,39.93,39.61,72739419.0,1818800.0,0.808,0.00808,0.72739419
002871,伟隆股份,16.53,16.64,55054489.0,3328076.0,-0.661,-0.00661,0.55054489
002873,新天药业,7.9,7.8,50402725.0,6437648.0,1.282,0.01282,0.50402725
002875,安奈儿,14.01,13.48,119159698.0,8599828.0,3.932,0.03932,1.19159698
002876,三利谱,27.55,27.62,83008053.0,2998800.0,-0.253,-0.00253,0.83008053
002877,智能自控,7.23,7.19,37974229.0,5284740.0,0.556,0.005560000000000001,0.37974229
002878,元隆雅图,12.53,12.6,77074419.0,6156950.0,-0.556,-0.005560000000000001,0.77074419
002879,长缆科技,18.0,19.01,523938900.0,29077164.0,-5.313,-0.05313,5.239389
002880,卫光生物,20.08,20.94,67936914.0,3369263.0,-4.107,-0.04107,0.67936914
002881,美格智能,38.13,37.87,277258866.0,7299099.0,0.687,0.00687,2.77258866
002882,金龙羽,21.97,22.94,419821435.0,18702390.0,-4.228,-0.04228,4.19821435
002884,凌霄泵业,16.23,16.25,27274988.0,1688620.0,-0.123,-0.00123,0.27274988
002885,京泉华,26.86,26.19,409812725.0,15465786.0,2.558,0.02558,4.09812725
002886,沃特股份,19.19,18.91,180795988.0,9518000.0,1.481,0.01481,1.80795988
002887,绿茵生态,10.76,10.23,116725822.0,10926025.0,5.181,0.05181,1.16725822
002888,惠威科技,17.71,17.27,50422175.0,2901019.0,2.548,0.02548,0.50422175
002889,东方嘉盛,12.23,12.28,103038605.0,8490144.0,-0.407,-0.00407,1.03038605
002890,弘宇股份,14.1,13.44,44566956.0,3206047.0,4.911,0.049109999999999994,0.44566956
002891,中宠股份,31.02,31.64,442127422.0,14291392.0,-1.96,-0.0196,4.42127422
002892,科力尔,9.67,9.89,86722294.0,8881560.0,-2.224,-0.022240000000000003,0.86722294
002893,京能热力,9.79,9.73,59740599.0,6143000.0,0.617,0.00617,0.59740599
002895,川恒股份,34.89,34.74,191315978.0,5453087.0,0.432,0.00432,1.91315978
002896,中大力德,78.61,78.92,1426521477.0,18102227.0,-0.393,-0.00393,14.26521477
002897,意华股份,56.75,55.6,602838767.0,10733998.0,2.068,0.02068,6.02838767
002899,英派斯,20.38,19.52,93898686.0,4645239.0,4.406,0.044059999999999995,0.93898686
002900,哈三联,12.25,12.71,360440771.0,29358990.0,-3.619,-0.03619,3.60440771
002901,大博医疗,43.28,43.42,85126729.0,1976356.0,-0.322,-0.00322,0.85126729
002902,铭普光磁,24.07,23.63,719793132.0,30206952.0,1.862,0.01862,7.19793132
002903,宇环数控,27.39,26.15,492603849.0,18063500.0,4.742,0.04742,4.92603849
002905,金逸影视,7.67,7.6,35329875.0,4635640.0,0.921,0.009210000000000001,0.35329875
002906,华阳集团,26.31,26.7,141736616.0,5338900.0,-1.461,-0.014610000000000001,1.41736616
002907,华森制药,13.0,13.06,46675638.0,3599100.0,-0.459,-0.00459,0.46675638
002908,德生科技,7.35,7.58,206022107.0,27954865.0,-3.034,-0.03034,2.06022107
002909,集泰股份,5.04,4.96,26092673.0,5220080.0,1.613,0.01613,0.26092673
002910,庄园牧场,9.14,9.0,60297123.0,6678200.0,1.556,0.015560000000000001,0.60297123
002911,佛燃能源,11.2,11.31,70993262.0,6334833.0,-0.973,-0.009729999999999999,0.70993262
002912,中新赛克,20.93,22.2,256215409.0,12156265.0,-5.721,-0.057210000000000004,2.56215409
002913,奥士康,50.38,47.92,495165392.0,9950813.0,5.134,0.051340000000000004,4.95165392
002915,中欣氟材,18.65,16.95,459944901.0,25570879.0,10.029,0.10029,4.59944901
002916,深南电路,353.99,349.18,3801472748.0,10734638.0,1.378,0.013779999999999999,38.01472748
002917,金奥博,10.55,10.42,36838628.0,3506798.0,1.248,0.01248,0.36838628
002918,蒙娜丽莎,9.76,9.63,118959991.0,12261129.0,1.35,0.013500000000000002,1.18959991
002919,名臣健康,17.5,17.5,64105480.0,3679127.0,0.0,0.0,0.6410548
002920,德赛西威,93.3,95.98,1119230173.0,11854159.0,-2.792,-0.027919999999999997,11.19230173
002921,联诚精密,22.98,23.05,135080475.0,5893700.0,-0.304,-0.0030399999999999997,1.35080475
002922,伊戈尔,25.26,25.69,376663193.0,14923859.0,-1.674,-0.016739999999999998,3.76663193
002923,润都股份,10.8,10.89,84838079.0,7834964.0,-0.826,-0.00826,0.84838079
002925,盈趣科技,23.14,23.48,336310177.0,14399591.0,-1.448,-0.01448,3.36310177
002926,华西证券,8.27,8.4,113846743.0,13706700.0,-1.548,-0.01548,1.13846743
002927,泰永长征,15.59,15.53,73390045.0,4741950.0,0.386,0.00386,0.73390045
002928,华夏航空,6.66,6.77,205190478.0,30833558.0,-1.625,-0.01625,2.05190478
002929,润建股份,57.22,57.77,1162932990.0,20194566.0,-0.952,-0.009519999999999999,11.6293299
002930,宏川智慧,9.08,8.96,80319066.0,8932188.0,1.339,0.013389999999999999,0.80319066
002931,锋龙股份,50.77,49.5,770452803.0,15339697.0,2.566,0.02566,7.70452803
002933,新兴装备,26.7,26.34,33055579.0,1245300.0,1.367,0.01367,0.33055579
002935,天奥电子,16.73,15.99,187035406.0,11229976.0,4.628,0.04628,1.87035406
002936,郑州银行,1.79,1.81,210580110.0,117617225.0,-1.105,-0.011049999999999999,2.1058011
002937,兴瑞科技,29.57,28.52,243295152.0,8392264.0,3.682,0.03682,2.43295152
002938,鹏鼎控股,93.85,91.13,2712485947.0,29192814.0,2.985,0.029849999999999998,27.12485947
002939,长城证券,8.2,8.31,187118002.0,22767483.0,-1.324,-0.01324,1.87118002
002940,昂利康,25.68,25.57,344085662.0,13406437.0,0.43,0.0043,3.44085662
002941,新疆交建,10.91,10.93,187795529.0,17128900.0,-0.183,-0.00183,1.87795529
002942,新农股份,15.17,15.04,17166597.0,1136700.0,0.864,0.00864,0.17166597
002943,宇晶股份,32.69,30.93,433913524.0,13475287.0,5.69,0.056900000000000006,4.33913524
002945,华林证券,14.77,15.03,248829046.0,16778091.0,-1.73,-0.0173,2.48829046
002946,新乳业,16.8,17.3,151018809.0,8953202.0,-2.89,-0.028900000000000002,1.51018809
002947,恒铭达,57.55,56.59,400032942.0,7014500.0,1.696,0.01696,4.00032942
002948,青岛银行,5.74,5.73,209565419.0,36539960.0,0.175,0.0017499999999999998,2.09565419
002949,华阳国际,10.42,10.26,32325602.0,3118681.0,1.559,0.01559,0.32325602
002950,奥美医疗,9.26,9.32,53698281.0,5821600.0,-0.644,-0.00644,0.53698281
002951,金时科技,13.97,13.83,85490308.0,6145600.0,1.012,0.01012,0.85490308
002952,亚世光电,19.67,19.27,84180686.0,4296362.0,2.076,0.02076,0.84180686
002953,日丰股份,9.71,9.71,61033809.0,6319824.0,0.0,0.0,0.61033809
002955,鸿合科技,34.45,33.78,213911348.0,6286384.0,1.983,0.01983,2.13911348
002956,西麦食品,18.09,18.1,68589465.0,3797087.0,-0.055,-0.00055,0.68589465
002957,科瑞技术,38.64,38.47,1217258915.0,31454049.0,0.442,0.00442,12.17258915
002958,青农商行,3.06,3.1,223226849.0,73039979.0,-1.29,-0.0129,2.23226849
002959,小熊电器,34.25,34.3,24659967.0,721444.0,-0.146,-0.00146,0.24659967
002960,青鸟智控,8.19,8.25,61184763.0,7464336.0,-0.727,-0.0072699999999999996,0.61184763
002961,瑞达期货,19.83,20.03,92277438.0,4630158.0,-0.999,-0.00999,0.92277438
002962,五方光电,13.15,12.97,147814569.0,11328584.0,1.388,0.013879999999999998,1.47814569
002963,豪尔赛,19.35,17.59,262601602.0,13733900.0,10.006,0.10006,2.62601602
002965,祥鑫科技,31.4,30.85,501952560.0,16203995.0,1.783,0.01783,5.0195256
002966,苏州银行,8.21,8.25,347021303.0,42268696.0,-0.485,-0.00485,3.47021303
002967,广电计量,17.39,17.39,129931394.0,7374086.0,0.0,0.0,1.29931394
002968,新大正,8.9,8.87,28042701.0,3171781.0,0.338,0.00338,0.28042701
002969,嘉美包装,13.56,13.33,855126108.0,63260244.0,1.725,0.01725,8.55126108
002970,锐明技术,53.42,53.12,205130336.0,3843600.0,0.565,0.00565,2.05130336
002971,和远气体,41.25,37.5,891435481.0,22760400.0,10.0,0.1,8.91435481
002972,科安达,13.6,12.99,175296541.0,12946612.0,4.696,0.046959999999999995,1.75296541
002973,侨银股份,10.99,9.99,131996645.0,12311718.0,10.01,0.1001,1.31996645
002975,博杰股份,93.07,84.61,1433678553.0,15736350.0,9.999,0.09999000000000001,14.33678553
002976,瑞玛精密,21.85,21.56,82512941.0,3813740.0,1.345,0.01345,0.82512941
002978,安宁股份,26.76,27.04,94857679.0,3536700.0,-1.036,-0.010360000000000001,0.94857679
002979,雷赛智能,60.39,60.02,987600745.0,16324578.0,0.616,0.00616,9.87600745
002980,华盛昌,79.03,76.14,851386325.0,10909100.0,3.796,0.03796,8.51386325
002981,朝阳科技,23.68,23.72,45116260.0,1913190.0,-0.169,-0.00169,0.4511626
002982,湘佳股份,11.93,11.89,45763022.0,3870996.0,0.336,0.00336,0.45763022
002983,芯瑞达,19.57,19.4,41537636.0,2137676.0,0.876,0.00876,0.41537636
002984,森麒麟,14.29,14.5,141725058.0,9830956.0,-1.448,-0.01448,1.41725058
002985,北摩高科,26.16,26.37,101273572.0,3876441.0,-0.796,-0.00796,1.01273572
002986,宇新股份,12.43,12.23,60310547.0,4870969.0,1.635,0.01635,0.60310547
002987,京北方,11.62,11.69,464804226.0,39513142.0,-0.599,-0.00599,4.64804226
002988,豪美新材,20.96,21.14,72966674.0,3476584.0,-0.851,-0.00851,0.72966674
002989,中天精装,22.65,22.75,200842127.0,8962650.0,-0.44,-0.0044,2.00842127
002990,盛视科技,49.22,49.29,1124050186.0,22557696.0,-0.142,-0.0014199999999999998,11.24050186
002991,甘源食品,42.49,42.9,24610445.0,578800.0,-0.956,-0.009559999999999999,0.24610445
002992,宝明科技,35.94,36.19,138666075.0,3849780.0,-0.691,-0.0069099999999999995,1.38666075
002993,奥海科技,37.52,37.35,275666366.0,7414170.0,0.455,0.00455,2.75666366
002995,天地在线,18.13,18.28,245996732.0,13507909.0,-0.821,-0.00821,2.45996732
002996,顺博合金,6.26,6.28,42826490.0,6870470.0,-0.318,-0.00318,0.4282649
002997,瑞鹄模具,27.03,27.28,58064061.0,2148374.0,-0.916,-0.00916,0.58064061
002998,优彩资源,7.88,7.9,203344737.0,25812484.0,-0.253,-0.00253,2.03344737
002999,天禾股份,5.74,5.67,30914297.0,5427400.0,1.235,0.012350000000000002,0.30914297
003000,劲仔食品,10.65,10.71,28896554.0,2720400.0,-0.56,-0.005600000000000001,0.28896554
003001,中岩大地,20.02,20.75,495802604.0,24560090.0,-3.518,-0.035179999999999996,4.95802604
003002,壶化股份,16.87,16.7,43330616.0,2598400.0,1.018,0.01018,0.43330616
003003,天元股份,10.62,10.46,31964933.0,3032000.0,1.53,0.015300000000000001,0.31964933
003004,声迅股份,65.5,64.12,95315883.0,1470300.0,2.152,0.02152,0.95315883
003005,竞业达,13.9,14.29,194562916.0,13776028.0,-2.729,-0.027290000000000002,1.94562916
003006,百亚股份,14.37,14.62,81926029.0,5687600.0,-1.71,-0.0171,0.81926029
003007,直真科技,37.99,38.77,108742586.0,2845900.0,-2.012,-0.02012,1.08742586
003008,开普检测,18.45,18.39,23746275.0,1289307.0,0.326,0.0032600000000000003,0.23746275
003009,中天火箭,49.68,49.12,221595445.0,4482923.0,1.14,0.011399999999999999,2.21595445
003010,若羽臣,26.81,26.51,307762149.0,11670290.0,1.132,0.011319999999999998,3.07762149
003011,海象新材,19.03,18.65,46418141.0,2468498.0,2.038,0.02038,0.46418141
003012,东鹏控股,4.73,4.71,38940686.0,8286972.0,0.425,0.00425,0.38940686
003013,地铁设计,18.18,18.2,146119826.0,8242511.0,-0.11,-0.0011,1.46119826
003015,日久光电,11.75,11.01,179503313.0,15760057.0,6.721,0.06721,1.79503313
003016,欣贺股份,6.77,6.75,18410266.0,2734800.0,0.296,0.00296,0.18410266
003017,大洋生物,21.72,21.5,27023239.0,1260924.0,1.023,0.01023,0.27023239
003018,金富科技,39.4,38.24,836638307.0,21627645.0,3.033,0.03033,8.36638307
003019,宸展光电,23.72,23.54,108328169.0,4586300.0,0.765,0.0076500000000000005,1.08328169
003020,立方制药,17.53,17.36,238830074.0,13736069.0,0.979,0.00979,2.38830074
003021,兆威机电,80.25,81.17,257222341.0,3188540.0,-1.133,-0.01133,2.57222341
003022,联泓新科,19.9,19.83,215212818.0,10850476.0,0.353,0.0035299999999999997,2.15212818
003023,彩虹集团,22.47,21.66,121827989.0,5542310.0,3.74,0.0374,1.21827989
003025,思进智能,12.05,12.02,50107358.0,4170037.0,0.25,0.0025,0.50107358
003026,中晶科技,28.69,28.0,341246688.0,12054854.0,2.464,0.02464,3.41246688
003027,同兴科技,16.5,16.42,32560885.0,1977600.0,0.487,0.00487,0.32560885
003028,振邦智能,22.73,22.49,35509117.0,1555790.0,1.067,0.010669999999999999,0.35509117
003029,吉大正元,18.76,17.05,165371130.0,9193900.0,10.029,0.10029,1.6537113
003030,祖名股份,22.13,21.73,99601855.0,4508402.0,1.841,0.01841,0.99601855
003031,中瓷电子,111.76,108.63,1231800143.0,11162288.0,2.881,0.02881,12.31800143
003032,传智教育,10.95,11.73,1228161670.0,109746342.0,-6.65,-0.0665,12.2816167
003033,征和工业,60.75,61.9,90590685.0,1478801.0,-1.858,-0.01858,0.90590685
003035,南网能源,5.6,5.7,147634713.0,26280000.0,-1.754,-0.01754,1.47634713
003036,泰坦股份,52.25,47.5,387588297.0,7746635.0,10.0,0.1,3.87588297
003037,三和管桩,5.7,5.64,18206106.0,3216276.0,1.064,0.01064,0.18206106
003038,鑫铂股份,10.75,10.76,45070461.0,4211910.0,-0.093,-0.0009299999999999999,0.45070461
003039,顺控发展,11.97,11.97,36901282.0,3093617.0,0.0,0.0,0.36901282
003040,楚天龙,12.46,11.33,150579435.0,12408367.0,9.974,0.09974,1.50579435
003041,真爱美家,42.79,44.86,134350892.0,3090041.0,-4.614,-0.04614,1.34350892
003042,中农联合,13.07,12.82,63962413.0,4934095.0,1.95,0.0195,0.63962413
003043,华亚智能,66.71,66.6,425274871.0,6346300.0,0.165,0.00165,4.25274871
003816,中国广核,3.96,3.99,437216226.0,110580200.0,-0.752,-0.00752,4.37216226
300001,特锐德,35.14,35.82,592451884.0,16822777.0,-1.898,-0.01898,5.92451884
300002,神州泰岳,8.59,8.89,663226602.0,76197634.0,-3.375,-0.03375,6.63226602
300003,乐普医疗,12.65,12.95,399110541.0,31411068.0,-2.317,-0.023170000000000003,3.99110541
300004,南风股份,8.35,8.33,136149261.0,16413700.0,0.24,0.0024,1.36149261
300005,探路者,10.86,10.5,634324570.0,59487436.0,3.429,0.03429,6.3432457
300006,莱美药业,4.96,5.04,113520083.0,22877473.0,-1.587,-0.01587,1.13520083
300007,汉威科技,34.65,35.13,409288257.0,11725316.0,-1.366,-0.01366,4.09288257
300008,天海防务,6.25,6.29,280266031.0,44914703.0,-0.636,-0.00636,2.80266031
300009,安科生物,8.2,8.29,147200811.0,17973039.0,-1.086,-0.010860000000000002,1.47200811
300011,鼎汉技术,5.94,5.95,22926000.0,3878700.0,-0.168,-0.00168,0.22926
300012,华测检测,14.0,14.23,556481430.0,39120784.0,-1.616,-0.01616,5.5648143
300013,新宁物流,3.76,3.82,62256585.0,16542000.0,-1.571,-0.01571,0.62256585
300014,亿纬锂能,54.13,55.81,2754082828.0,50454243.0,-3.01,-0.0301,27.54082828
300015,爱尔眼科,8.73,8.88,781154746.0,89405299.0,-1.689,-0.016890000000000002,7.81154746
300016,北陆药业,7.96,8.03,104011731.0,13077746.0,-0.872,-0.00872,1.04011731
300017,网宿科技,14.73,14.98,2368891770.0,159990390.0,-1.669,-0.01669,23.6889177
300018,中元股份,11.89,12.12,153738105.0,12897486.0,-1.898,-0.01898,1.53738105
300019,硅宝科技,14.99,15.18,121461676.0,8073108.0,-1.252,-0.01252,1.21461676
300021,大禹节水,3.96,3.92,53690227.0,13726167.0,1.02,0.0102,0.53690227
300022,吉峰科技,8.15,7.97,74565590.0,9236600.0,2.258,0.02258,0.7456559
300024,机器人,15.67,16.08,664597941.0,42130445.0,-2.55,-0.0255,6.64597941
300025,华星创业,5.07,4.77,154956887.0,31063743.0,6.289,0.06289,1.54956887
300026,红日药业,3.35,3.39,190327851.0,56956987.0,-1.18,-0.0118,1.90327851
300030,阳普医疗,6.59,6.49,44704595.0,6854101.0,1.541,0.01541,0.44704595
300031,宝通科技,21.32,21.92,485496118.0,22567934.0,-2.737,-0.027370000000000002,4.85496118
300032,金龙机电,3.77,3.72,92632035.0,24916700.0,1.344,0.01344,0.92632035
300033,同花顺,238.98,242.33,3320313313.0,13792780.0,-1.382,-0.013819999999999999,33.20313313
300034,钢研高纳,16.02,16.19,160821492.0,10027752.0,-1.05,-0.0105,1.60821492
300035,中科电气,13.88,14.18,223998625.0,16083517.0,-2.116,-0.02116,2.23998625
300036,超图软件,11.9,12.0,152662324.0,12750537.0,-0.833,-0.008329999999999999,1.52662324
300037,新宙邦,67.32,67.0,1065840553.0,15905936.0,0.478,0.0047799999999999995,10.65840553
300039,上海凯宝,5.6,5.55,447915074.0,81207560.0,0.901,0.00901,4.47915074
300040,九洲集团,6.46,6.63,323865333.0,50466140.0,-2.564,-0.02564,3.23865333
300041,回天新材,10.94,10.97,262069416.0,24009218.0,-0.273,-0.0027300000000000002,2.62069416
300042,朗科科技,44.46,44.09,866673635.0,19797151.0,0.839,0.00839,8.66673635
300043,星辉娱乐,4.87,4.94,272574767.0,55576878.0,-1.417,-0.01417,2.72574767
300045,华力创通,13.39,13.39,222750458.0,16589723.0,0.0,0.0,2.22750458
300046,台基股份,24.45,24.51,160465970.0,6569253.0,-0.245,-0.00245,1.6046597
300047,天源迪科,10.31,10.3,205870191.0,19927797.0,0.097,0.00097,2.05870191
300048,合康新能,5.37,5.46,73821444.0,13649235.0,-1.648,-0.016479999999999998,0.73821444
300049,福瑞医科,43.07,46.68,664513634.0,15090914.0,-7.734,-0.07734,6.64513634
300050,世纪鼎利,6.15,5.82,188483948.0,31410800.0,5.67,0.0567,1.88483948
300051,琏升科技,8.78,7.96,434309442.0,50968604.0,10.302,0.10302,4.34309442
300052,中青宝,11.4,11.82,371384146.0,32437601.0,-3.553,-0.03553,3.71384146
300053,航宇微,13.0,13.12,316218517.0,24350169.0,-0.915,-0.00915,3.16218517
300054,鼎龙股份,76.8,74.02,3278088768.0,43216420.0,3.756,0.037559999999999996,32.78088768
300055,万邦达,6.05,5.99,76141891.0,12695619.0,1.002,0.01002,0.76141891
300056,中创环保,8.92,8.66,136469623.0,15582584.0,3.002,0.030019999999999998,1.36469623
300057,万顺新材,6.35,6.35,216528786.0,34193328.0,0.0,0.0,2.16528786
300058,蓝色光标,15.34,15.73,8784097794.0,574825578.0,-2.479,-0.02479,87.84097794
300059,东方财富,20.01,20.36,5442637004.0,271228390.0,-1.719,-0.01719,54.42637004
300061,旗天科技,6.75,6.77,132493894.0,19646230.0,-0.295,-0.00295,1.32493894
300062,中能电气,6.65,6.82,251696611.0,37768990.0,-2.493,-0.024929999999999997,2.51696611
300063,天龙集团,9.45,9.68,899354027.0,93071796.0,-2.376,-0.02376,8.99354027
300065,海兰信,16.85,16.71,766120476.0,45628858.0,0.838,0.00838,7.66120476
300066,三川智慧,5.38,5.39,144144647.0,26611410.0,-0.186,-0.0018599999999999999,1.44144647
300067,安诺其,5.67,5.75,355776282.0,62705802.0,-1.391,-0.01391,3.55776282
300069,金利华电,29.27,28.21,265625933.0,9184110.0,3.758,0.03758,2.65625933
300070,碧水源,3.51,3.55,125326769.0,35750700.0,-1.127,-0.01127,1.25326769
300071,福石控股,4.5,4.61,501165757.0,110741140.0,-2.386,-0.023860000000000003,5.01165757
300072,海新能科,3.52,3.56,86523859.0,24633951.0,-1.124,-0.011240000000000002,0.86523859
300073,当升科技,41.6,42.6,651337826.0,15591997.0,-2.347,-0.02347,6.51337826
300074,华平股份,3.71,3.7,61729463.0,16732900.0,0.27,0.0027,0.61729463
300075,数字政通,11.36,11.49,153752491.0,13502941.0,-1.131,-0.01131,1.53752491
300077,国民技术,18.82,18.48,1179499091.0,62918840.0,1.84,0.0184,11.79499091
300078,思创智联,3.07,3.06,90433050.0,29754195.0,0.327,0.0032700000000000003,0.9043305
300079,数码视讯,4.6,4.64,137108694.0,29718421.0,-0.862,-0.00862,1.37108694
300080,易成新能,3.73,3.79,71416810.0,19220201.0,-1.583,-0.01583,0.7141681
300082,奥克股份,7.89,7.86,61729159.0,7852500.0,0.382,0.00382,0.61729159
300083,创世纪,13.31,12.97,1830194852.0,138304916.0,2.621,0.02621,18.30194852
300084,海默科技,12.54,11.34,352337169.0,28885682.0,10.582,0.10582000000000001,3.52337169
300085,银之杰,31.16,31.82,1813177587.0,57723308.0,-2.074,-0.020739999999999998,18.13177587
300086,康芝药业,6.6,6.57,113580813.0,17352950.0,0.457,0.00457,1.13580813
300088,长信科技,7.83,7.55,2086208380.0,271504308.0,3.709,0.03709,20.8620838
300092,科新机电,11.51,11.59,39740312.0,3457500.0,-0.69,-0.0069,0.39740312
300093,金刚光伏,22.74,23.26,167021163.0,7340500.0,-2.236,-0.02236,1.67021163
300094,国联水产,2.82,2.8,97731989.0,34919484.0,0.714,0.00714,0.97731989
300095,华伍股份,8.55,8.48,55967783.0,6594400.0,0.825,0.00825,0.55967783
300097,智云股份,9.54,8.78,172837770.0,18574602.0,8.656,0.08656000000000001,1.7283777
300098,高新兴,4.77,4.82,226317035.0,47228484.0,-1.037,-0.010369999999999999,2.26317035
300099,尤洛卡,6.11,6.15,86521810.0,14187536.0,-0.65,-0.006500000000000001,0.8652181
300100,双林股份,23.26,23.66,167469323.0,7147600.0,-1.691,-0.01691,1.67469323
300101,振芯科技,14.95,15.2,167133111.0,11149849.0,-1.645,-0.01645,1.67133111
300102,乾照光电,18.8,18.47,755266196.0,40264394.0,1.787,0.01787,7.55266196
300103,达刚控股,7.7,7.49,72977544.0,9524000.0,2.804,0.02804,0.72977544
300105,龙源技术,7.98,8.03,201156280.0,25396495.0,-0.623,-0.00623,2.0115628
300106,西部牧业,9.48,9.52,137280111.0,14570700.0,-0.42,-0.0042,1.37280111
300107,建新股份,6.33,6.35,47951260.0,7609795.0,-0.315,-0.00315,0.4795126
300109,新开源,12.96,13.07,98941492.0,7576660.0,-0.842,-0.00842,0.98941492
300110,华仁药业,2.68,2.7,52400467.0,19625620.0,-0.741,-0.00741,0.52400467
300111,向日葵,2.99,2.99,92540351.0,31153900.0,0.0,0.0,0.92540351
300112,万讯自控,8.45,8.31,128699985.0,15321737.0,1.685,0.01685,1.28699985
300113,顺网科技,18.66,19.02,526511512.0,28091837.0,-1.893,-0.01893,5.26511512
300115,长盈精密,28.04,28.6,1043501732.0,37134435.0,-1.958,-0.01958,10.43501732
300118,东方日升,10.14,10.27,342682729.0,33739609.0,-1.266,-0.01266,3.42682729
300119,瑞普生物,18.05,18.11,131065536.0,7147357.0,-0.331,-0.00331,1.31065536
300120,经纬辉开,6.82,6.72,168636677.0,25012200.0,1.488,0.014879999999999999,1.68636677
300121,阳谷华泰,9.68,9.7,117788498.0,12250822.0,-0.206,-0.0020599999999999998,1.17788498
300122,智飞生物,12.8,13.15,318143941.0,24673388.0,-2.662,-0.026619999999999998,3.18143941
300124,汇川技术,63.39,64.39,1802242067.0,28282630.0,-1.553,-0.015529999999999999,18.02242067
300126,锐奇股份,6.12,5.99,28246030.0,4646964.0,2.17,0.0217,0.2824603
300127,银河磁体,26.8,24.71,426134739.0,16025352.0,8.458,0.08458,4.26134739
300128,锦富技术,4.64,4.66,139323898.0,30055500.0,-0.429,-0.0042899999999999995,1.39323898
300129,泰胜风能,8.17,8.1,205386395.0,25051641.0,0.864,0.00864,2.05386395
300130,新国都,20.39,19.85,594829214.0,28850548.0,2.72,0.027200000000000002,5.94829214
300131,英唐智控,14.96,14.8,901862708.0,60098570.0,1.081,0.01081,9.01862708
300132,青松股份,6.52,6.63,106602620.0,16262500.0,-1.659,-0.01659,1.0660262
300133,华策影视,7.34,7.61,660927928.0,89152511.0,-3.548,-0.03548,6.60927928
300134,大富科技,9.59,8.32,521334262.0,56482888.0,15.264,0.15264,5.21334262
300135,宝利国际,3.31,3.29,47299196.0,14367100.0,0.608,0.0060799999999999995,0.47299196
300136,信维通信,65.38,63.95,4883761243.0,75164260.0,2.236,0.02236,48.83761243
300137,先河环保,12.06,12.13,282389281.0,23642020.0,-0.577,-0.00577,2.82389281
300138,晨光生物,11.53,11.62,58185879.0,5047652.0,-0.775,-0.00775,0.58185879
300139,晓程科技,46.04,44.71,3638127731.0,77544424.0,2.975,0.029750000000000002,36.38127731
300140,节能环境,5.51,5.53,61666734.0,11254000.0,-0.362,-0.00362,0.61666734
300141,和顺电气,10.26,10.46,136982105.0,13381700.0,-1.912,-0.019119999999999998,1.36982105
300142,沃森生物,12.18,12.56,759536973.0,62143528.0,-3.025,-0.03025,7.59536973
300143,盈康生命,7.4,7.51,61927762.0,8379936.0,-1.465,-0.014650000000000002,0.61927762
300144,宋城演艺,6.16,6.19,168637830.0,27383522.0,-0.485,-0.00485,1.6863783
300145,南方泵业,4.41,4.45,262141600.0,59686780.0,-0.899,-0.00899,2.621416
300146,汤臣倍健,10.1,10.3,169202150.0,16712516.0,-1.942,-0.01942,1.6920215
300148,天舟文化,3.59,3.53,178062656.0,49443600.0,1.7,0.017,1.78062656
300149,睿智医药,9.69,9.7,583617049.0,58832205.0,-0.103,-0.0010299999999999999,5.83617049
300150,世纪瑞尔,4.15,4.1,31117731.0,7543600.0,1.22,0.012199999999999999,0.31117731
300151,昌红科技,15.56,15.07,298167661.0,19442083.0,3.251,0.03251,2.98167661
300153,科泰电源,21.35,21.6,156092565.0,7298328.0,-1.157,-0.01157,1.56092565
300154,瑞凌股份,8.76,8.48,95419867.0,10977650.0,3.302,0.03302,0.95419867
300155,安居宝,4.16,4.13,38837978.0,9371704.0,0.726,0.00726,0.38837978
300157,新锦动力,4.25,4.38,270447775.0,63565205.0,-2.968,-0.029679999999999998,2.70447775
300158,振东制药,5.01,5.03,71784773.0,14366807.0,-0.398,-0.00398,0.71784773
300159,新研股份,3.11,3.15,156671717.0,50207500.0,-1.27,-0.0127,1.56671717
300160,秀强股份,4.34,4.34,29043368.0,6707700.0,0.0,0.0,0.29043368
300161,华中数控,26.63,26.13,168945949.0,6368524.0,1.914,0.01914,1.68945949
300162,雷曼光电,7.79,7.74,211653496.0,27328200.0,0.646,0.0064600000000000005,2.11653496
300163,先锋新材,6.32,6.22,164017814.0,26265050.0,1.608,0.01608,1.64017814
300164,通源石油,10.77,10.66,1651622337.0,155147538.0,1.032,0.010320000000000001,16.51622337
300165,天瑞仪器,5.14,5.08,64702012.0,12669600.0,1.181,0.011810000000000001,0.64702012
300166,东方国信,14.13,14.4,863346695.0,60660368.0,-1.875,-0.01875,8.63346695
300168,万达信息,5.3,5.27,153593687.0,28919189.0,0.569,0.00569,1.53593687
300169,天晟新材,5.47,5.54,70218736.0,12872400.0,-1.264,-0.01264,0.70218736
300170,汉得信息,18.3,17.58,2615982368.0,142036494.0,4.096,0.04096,26.15982368
300171,东富龙,12.23,12.52,174960305.0,14132787.0,-2.316,-0.02316,1.74960305
300172,中电环保,4.47,4.53,86880717.0,19334585.0,-1.325,-0.01325,0.86880717
300174,元力股份,19.15,18.99,300725012.0,15826434.0,0.843,0.00843,3.00725012
300175,朗源股份,5.9,5.9,68069414.0,11568800.0,0.0,0.0,0.68069414
300176,鸿特科技,5.23,5.19,50676232.0,9726400.0,0.771,0.00771,0.50676232
300177,中海达,6.41,6.37,70785632.0,11053033.0,0.628,0.00628,0.70785632
300179,四方达,35.0,33.73,1707252326.0,49456983.0,3.765,0.03765,17.07252326
300180,华峰超纤,4.54,4.5,195346823.0,42810404.0,0.889,0.00889,1.95346823
300181,佐力药业,13.99,14.11,262711798.0,18836501.0,-0.85,-0.0085,2.62711798
300182,捷成股份,5.44,5.61,1121954360.0,204713514.0,-3.03,-0.030299999999999997,11.2195436
300183,东软载波,10.74,10.7,40178810.0,3753100.0,0.374,0.00374,0.4017881
300184,力源信息,12.51,12.58,900133775.0,72333040.0,-0.556,-0.005560000000000001,9.00133775
300185,通裕重工,2.81,2.85,257828091.0,91869916.0,-1.404,-0.014039999999999999,2.57828091
300187,永清环保,4.7,4.73,50063765.0,10688000.0,-0.634,-0.00634,0.50063765
300188,国投智能,12.03,12.13,474106232.0,39784949.0,-0.824,-0.008239999999999999,4.74106232
300189,神农种业,5.1,4.67,1184095518.0,241471892.0,9.208,0.09208,11.84095518
300190,维尔利,3.71,3.75,36559183.0,9923065.0,-1.067,-0.010669999999999999,0.36559183
300191,潜能恒信,32.45,30.3,899188592.0,27865717.0,7.096,0.07096,8.99188592
300192,科德教育,13.18,13.47,197894594.0,15008994.0,-2.153,-0.02153,1.97894594
300193,佳士科技,7.62,7.63,25236397.0,3324800.0,-0.131,-0.00131,0.25236397
300194,福安药业,3.69,3.72,47400118.0,12860300.0,-0.806,-0.008060000000000001,0.47400118
300195,长荣股份,5.44,5.53,101159565.0,18600400.0,-1.627,-0.01627,1.01159565
300196,长海股份,17.74,17.3,397452232.0,22606500.0,2.543,0.02543,3.97452232
300197,节能铁汉,1.86,1.89,157184811.0,84763561.0,-1.587,-0.01587,1.57184811
300199,翰宇药业,22.48,22.34,985156280.0,43759405.0,0.627,0.00627,9.8515628
300200,高盟新材,8.66,8.64,79193343.0,9240200.0,0.231,0.00231,0.79193343
300201,海伦哲,15.85,15.38,485670705.0,31241524.0,3.056,0.03056,4.85670705
300203,聚光科技,12.62,12.75,91502804.0,7194047.0,-1.02,-0.0102,0.91502804
300204,舒泰神,23.9,22.95,1138784924.0,48557776.0,4.139,0.04139,11.38784924
300206,理邦仪器,12.21,12.14,52168449.0,4294709.0,0.577,0.00577,0.52168449
300207,欣旺达,18.51,18.93,1207414128.0,64789889.0,-2.219,-0.022189999999999998,12.07414128
300209,行云科技,34.67,36.97,7698490015.0,217019598.0,-6.221,-0.06221,76.98490015
300210,森远股份,8.97,9.12,84833475.0,9409400.0,-1.645,-0.01645,0.84833475
300213,佳讯飞鸿,6.4,6.31,91525945.0,14364700.0,1.426,0.01426,0.91525945
300214,日科化学,12.6,13.23,827658029.0,65088210.0,-4.762,-0.047619999999999996,8.27658029
300215,电科院,6.33,6.39,67838469.0,10674350.0,-0.939,-0.009389999999999999,0.67838469
300217,东方电热,4.57,4.68,164290702.0,35517187.0,-2.35,-0.0235,1.64290702
300218,安利股份,12.45,12.02,62945548.0,5148604.0,3.577,0.035769999999999996,0.62945548
300219,鸿利智汇,6.86,6.89,112589960.0,16445214.0,-0.435,-0.00435,1.1258996
300220,金运激光,10.44,10.43,26153797.0,2504700.0,0.096,0.00096,0.26153797
300221,银禧科技,12.72,12.34,294873752.0,23625086.0,3.079,0.03079,2.94873752
300222,科大智能,10.63,10.73,241095018.0,22706739.0,-0.932,-0.00932,2.41095018
300223,北京君正,137.0,136.03,5648260432.0,41966789.0,0.713,0.00713,56.48260432
300224,正海磁材,11.74,11.47,305197958.0,25984709.0,2.354,0.023540000000000002,3.05197958
300225,金力泰,7.02,6.83,115549741.0,16485304.0,2.782,0.02782,1.15549741
300226,上海钢联,17.0,17.22,181594518.0,10607891.0,-1.278,-0.01278,1.81594518
300227,光韵达,10.55,10.45,197522599.0,18842860.0,0.957,0.00957,1.97522599
300228,富瑞特装,7.47,7.46,97619321.0,13077547.0,0.134,0.00134,0.97619321
300229,拓尔思,15.63,16.15,799595741.0,50642336.0,-3.22,-0.0322,7.99595741
300230,永利股份,4.23,4.23,33258252.0,7911340.0,0.0,0.0,0.33258252
300231,银信科技,8.79,8.88,197278110.0,22488485.0,-1.014,-0.01014,1.9727811
300232,洲明科技,5.38,5.4,70307704.0,13096777.0,-0.37,-0.0037,0.70307704
300233,金城医药,13.1,13.13,115547311.0,8807307.0,-0.228,-0.00228,1.15547311
300234,开尔新材,9.17,9.39,195629151.0,21078000.0,-2.343,-0.02343,1.95629151
300235,方直科技,11.34,11.83,98009283.0,8516550.0,-4.142,-0.041420000000000005,0.98009283
300236,上海新阳,91.89,90.01,1150779283.0,12696954.0,2.089,0.02089,11.50779283
300238,冠昊生物,11.38,11.35,46497405.0,4116400.0,0.264,0.00264,0.46497405
300239,东宝生物,4.85,4.87,31930001.0,6599500.0,-0.411,-0.00411,0.31930001
300240,飞力达,5.62,5.57,39102633.0,7002000.0,0.898,0.00898,0.39102633
300241,瑞丰光电,5.53,5.56,111259419.0,20197775.0,-0.54,-0.0054,1.11259419
300242,佳云科技,4.55,4.52,162862902.0,35617698.0,0.664,0.00664,1.62862902
300243,瑞丰高材,14.31,14.0,235016778.0,16572800.0,2.214,0.02214,2.35016778
300244,迪安诊断,19.61,19.75,632960399.0,32257788.0,-0.709,-0.00709,6.32960399
300247,融捷健康,3.8,3.87,47883634.0,12612500.0,-1.809,-0.01809,0.47883634
300248,新开普,9.95,10.07,615261247.0,61888274.0,-1.192,-0.01192,6.15261247
300249,依米康,12.75,12.9,178795397.0,14023828.0,-1.163,-0.01163,1.78795397
300250,初灵信息,15.92,16.25,313684312.0,19608203.0,-2.031,-0.02031,3.13684312
300251,光线传媒,11.9,12.24,723103022.0,60015671.0,-2.778,-0.02778,7.23103022
300252,金信诺,11.83,11.66,353607066.0,30102122.0,1.458,0.01458,3.53607066
300253,卫宁健康,7.74,7.8,558872225.0,71936618.0,-0.769,-0.00769,5.58872225
300254,仟源医药,8.29,8.26,77265476.0,9348204.0,0.363,0.00363,0.77265476
300255,常山药业,25.87,26.58,1555536630.0,59062091.0,-2.671,-0.026709999999999998,15.5553663
300256,星星科技,2.74,2.73,103795757.0,37887400.0,0.366,0.00366,1.03795757
300257,开山股份,19.29,19.35,156331534.0,8180297.0,-0.31,-0.0031,1.56331534
300258,精锻科技,10.24,10.41,79332240.0,7725706.0,-1.633,-0.01633,0.7933224
300259,新天科技,4.15,4.12,161056003.0,39070800.0,0.728,0.00728,1.61056003
300260,新莱应材,54.9,52.5,1435806675.0,26568926.0,4.571,0.04571,14.35806675
300261,雅本化学,5.14,5.22,108648443.0,21151546.0,-1.533,-0.01533,1.08648443
300263,隆华科技,9.62,9.41,738721987.0,77623435.0,2.232,0.022320000000000003,7.38721987
300264,佳创视讯,6.79,6.78,102234213.0,15101500.0,0.147,0.00147,1.02234213
300265,通光线缆,14.66,14.72,456943706.0,31141112.0,-0.408,-0.004079999999999999,4.56943706
300266,兴源环境,1.88,1.86,32680068.0,17564555.0,1.075,0.01075,0.32680068
300267,尔康制药,3.12,3.14,82568947.0,26540646.0,-0.637,-0.00637,0.82568947
300268,佳沃食品,11.08,10.99,23461781.0,2134125.0,0.819,0.00819,0.23461781
300269,联建光电,4.77,4.74,86539457.0,18282500.0,0.633,0.00633,0.86539457
300270,中威电子,12.96,13.25,533608336.0,39986100.0,-2.189,-0.02189,5.33608336
300271,华宇软件,5.81,5.81,127553901.0,21873400.0,0.0,0.0,1.27553901
300272,开能健康,5.62,5.6,35974156.0,6436956.0,0.357,0.00357,0.35974156
300274,阳光电源,106.7,108.25,5257342242.0,49259302.0,-1.432,-0.01432,52.57342242
300275,梅安森,8.66,8.6,41879713.0,4840460.0,0.698,0.006979999999999999,0.41879713
300276,三丰智能,6.95,7.1,257928051.0,36978857.0,-2.113,-0.02113,2.57928051
300277,汽轮科技,12.39,12.5,166962612.0,13475974.0,-0.88,-0.0088,1.66962612
300278,华昌达,3.9,3.91,68607495.0,17662710.0,-0.256,-0.00256,0.68607495
300279,和晶科技,5.63,5.62,72786523.0,13042256.0,0.178,0.00178,0.72786523
300281,金明精机,6.05,5.86,52057884.0,8764250.0,3.242,0.03242,0.52057884
300283,温州宏丰,16.05,14.44,1085603648.0,71308677.0,11.15,0.1115,10.85603648
300284,苏交科,5.47,5.52,87696855.0,16029646.0,-0.906,-0.00906,0.87696855
300285,国瓷材料,69.53,67.27,12489987429.0,185624531.0,3.36,0.0336,124.89987429
300286,安科瑞,20.84,21.33,127113368.0,6075345.0,-2.297,-0.02297,1.27113368
300287,飞利信,3.94,3.97,182009147.0,46161147.0,-0.756,-0.00756,1.82009147
300288,朗玛信息,10.05,10.0,67124083.0,6670496.0,0.5,0.005,0.67124083
300289,利德曼,5.73,5.75,33202816.0,5829900.0,-0.348,-0.0034799999999999996,0.33202816
300291,百纳千成,5.35,5.47,195936044.0,36500700.0,-2.194,-0.02194,1.95936044
300292,吴通控股,4.32,4.29,220445632.0,51352387.0,0.699,0.00699,2.20445632
300293,蓝英装备,16.1,16.21,152691490.0,9491000.0,-0.679,-0.006790000000000001,1.5269149
300294,博雅生物,15.4,15.82,77763065.0,5012910.0,-2.655,-0.026549999999999997,0.77763065
300296,利亚德,5.48,5.53,272491045.0,49758133.0,-0.904,-0.00904,2.72491045
300298,三诺生物,16.16,16.52,116727898.0,7155000.0,-2.179,-0.021789999999999997,1.16727898
300299,富春股份,5.52,5.52,152714332.0,27498428.0,0.0,0.0,1.52714332
300300,海峡创新,8.08,8.07,449884031.0,56129610.0,0.124,0.00124,4.49884031
300302,同有科技,30.08,29.8,871956788.0,29264912.0,0.94,0.009399999999999999,8.71956788
300303,聚飞光电,7.24,7.32,364610612.0,50426100.0,-1.093,-0.01093,3.64610612
300304,云意电气,11.54,11.38,274354288.0,23939426.0,1.406,0.01406,2.74354288
300305,裕兴股份,6.06,6.25,167844315.0,27678476.0,-3.04,-0.0304,1.67844315
300306,远方信息,9.7,9.6,26526828.0,2747900.0,1.042,0.01042,0.26526828
300307,慈星股份,6.92,6.99,163899381.0,23739600.0,-1.001,-0.010009999999999998,1.63899381
300308,中际旭创,955.0,947.74,39767147899.0,42295059.0,0.766,0.00766,397.67147899
300310,宜通世纪,4.65,4.49,244932811.0,53505499.0,3.563,0.03563,2.44932811
300311,任子行,7.16,5.97,1107074685.0,168866721.0,19.933,0.19933,11.07074685
300313,天山生物,8.35,8.27,42817273.0,5163436.0,0.967,0.00967,0.42817273
300314,戴维医疗,10.01,9.99,23927053.0,2407001.0,0.2,0.002,0.23927053
300315,掌趣科技,4.33,4.44,402429485.0,91713884.0,-2.477,-0.02477,4.02429485
300316,晶盛机电,40.75,41.37,645004390.0,15753318.0,-1.499,-0.014990000000000002,6.4500439
300317,珈伟新能,4.56,4.68,360382191.0,79117454.0,-2.564,-0.02564,3.60382191
300318,博晖创新,4.8,4.83,25044824.0,5227100.0,-0.621,-0.00621,0.25044824
300319,麦捷科技,16.63,16.08,1881107392.0,114833773.0,3.42,0.0342,18.81107392
300320,海达股份,8.35,8.37,59647265.0,7136600.0,-0.239,-0.0023899999999999998,0.59647265
300321,同大股份,32.99,31.83,122409817.0,3753991.0,3.644,0.03644,1.22409817
300322,硕贝德,19.2,17.83,888399553.0,47771018.0,7.684,0.07684,8.88399553
300323,华灿光电,11.88,11.65,808929081.0,68939496.0,1.974,0.01974,8.08929081
300324,旋极信息,3.85,3.83,147094546.0,38317183.0,0.522,0.00522,1.47094546
300327,中颖电子,22.8,22.78,246842465.0,10873794.0,0.088,0.0008799999999999999,2.46842465
300328,宜安科技,14.55,14.46,607354219.0,42026607.0,0.622,0.00622,6.07354219
300329,海伦钢琴,11.74,11.64,32138849.0,2740500.0,0.859,0.00859,0.32138849
300331,苏大维格,44.74,42.45,681004066.0,15491213.0,5.395,0.05395,6.81004066
300332,天壕能源,4.8,4.78,97570844.0,20484800.0,0.418,0.00418,0.97570844
300334,津膜科技,8.4,8.19,65156767.0,7876000.0,2.564,0.02564,0.65156767
300335,迪森股份,5.4,5.42,75354157.0,14081100.0,-0.369,-0.00369,0.75354157
300337,银邦股份,10.05,9.98,181515997.0,18067800.0,0.701,0.00701,1.81515997
300339,润和软件,38.68,39.9,1326303082.0,33874798.0,-3.058,-0.03058,13.26303082
300340,科恒股份,8.5,8.5,48431644.0,5729920.0,0.0,0.0,0.48431644
300341,麦克奥迪,13.3,13.59,74291080.0,5549525.0,-2.134,-0.021339999999999998,0.7429108
300342,天银机电,35.64,35.45,680166366.0,19086697.0,0.536,0.00536,6.80166366
300343,联创股份,6.29,5.94,407341630.0,66561236.0,5.892,0.05892,4.0734163
300345,华民股份,5.76,5.72,94860179.0,16637600.0,0.699,0.00699,0.94860179
300346,南大光电,55.9,53.15,4125072263.0,75584349.0,5.174,0.05174,41.25072263
300347,泰格医药,49.63,50.77,709298794.0,14201227.0,-2.245,-0.02245,7.09298794
300348,长亮科技,9.84,9.79,276732173.0,27852649.0,0.511,0.00511,2.76732173
300349,金卡智能,10.57,10.72,148605821.0,14026669.0,-1.399,-0.01399,1.48605821
300350,华鹏飞,4.35,4.32,69953774.0,16173200.0,0.694,0.006939999999999999,0.69953774
300351,永贵电器,14.45,14.18,185640452.0,13050635.0,1.904,0.019039999999999998,1.85640452
300353,东土科技,19.54,19.84,308436309.0,15718165.0,-1.512,-0.01512,3.08436309
300354,东华测试,30.44,29.97,80385554.0,2625026.0,1.568,0.01568,0.80385554
300355,蒙草生态,2.94,2.96,52879355.0,18039260.0,-0.676,-0.00676,0.52879355
300357,我武生物,23.45,24.1,248091885.0,10498904.0,-2.697,-0.02697,2.48091885
300358,楚天科技,9.0,8.98,299739195.0,33405656.0,0.223,0.00223,2.99739195
300359,全通教育,4.25,4.5,204461897.0,47273550.0,-5.556,-0.05556,2.04461897
300360,炬华科技,12.36,12.59,67771523.0,5470330.0,-1.827,-0.018269999999999998,0.67771523
300363,博腾股份,17.03,17.6,395939792.0,22972788.0,-3.239,-0.03239,3.95939792
300364,中文在线,25.22,26.46,2170366826.0,85052759.0,-4.686,-0.04686,21.70366826
300365,恒华科技,4.82,4.86,63069627.0,13132831.0,-0.823,-0.00823,0.63069627
300368,汇金股份,9.49,9.46,391600049.0,41187482.0,0.317,0.00317,3.91600049
300369,绿盟科技,8.3,7.73,1112017046.0,139763497.0,7.374,0.07374,11.12017046
300370,安控科技,2.15,2.14,62304893.0,28975900.0,0.467,0.0046700000000000005,0.62304893
300371,汇中股份,10.07,9.99,23493619.0,2353057.0,0.801,0.00801,0.23493619
300373,扬杰科技,94.03,91.01,1969894546.0,21132579.0,3.318,0.03318,19.69894546
300374,中铁装配,10.97,10.99,31675356.0,2901140.0,-0.182,-0.00182,0.31675356
300375,鹏翎股份,3.96,3.97,35741529.0,9066000.0,-0.252,-0.00252,0.35741529
300376,易事特,4.84,4.91,101955341.0,21042500.0,-1.426,-0.01426,1.01955341
300377,赢时胜,14.5,14.58,520375277.0,35682768.0,-0.549,-0.00549,5.20375277
300378,鼎捷数智,36.94,36.59,833572445.0,22288135.0,0.957,0.00957,8.33572445
300380,安硕信息,31.01,30.9,110384925.0,3537200.0,0.356,0.00356,1.10384925
300381,溢多利,5.87,5.91,33754551.0,5768150.0,-0.677,-0.006770000000000001,0.33754551
300382,斯莱克,13.96,13.75,315110258.0,22611884.0,1.527,0.015269999999999999,3.15110258
300383,光环新网,13.65,14.01,1140966530.0,83024689.0,-2.57,-0.025699999999999997,11.4096653
300384,三联虹普,12.37,12.41,40060615.0,3241100.0,-0.322,-0.00322,0.40060615
300386,飞天诚信,12.56,10.47,260436568.0,21294339.0,19.962,0.19962,2.60436568
300387,富邦科技,7.21,7.16,38982932.0,5447950.0,0.698,0.006979999999999999,0.38982932
300388,节能国祯,6.78,6.82,33865997.0,5006576.0,-0.587,-0.005869999999999999,0.33865997
300389,艾比森,12.59,12.55,59791500.0,4758143.0,0.319,0.00319,0.597915
300390,天华新能,59.54,59.95,1877046930.0,31665417.0,-0.684,-0.006840000000000001,18.7704693
300393,中来股份,6.25,6.34,121711397.0,19538016.0,-1.42,-0.014199999999999999,1.21711397
300394,天孚通信,225.28,216.85,14710774339.0,67750080.0,3.887,0.03887,147.10774339
300395,菲利华,81.83,79.94,1891883093.0,23356749.0,2.364,0.023639999999999998,18.91883093
300397,天和防务,11.03,10.83,213228707.0,19490600.0,1.847,0.01847,2.13228707
300398,飞凯材料,35.59,34.36,1700384218.0,48378874.0,3.58,0.0358,17.00384218
300399,天利科技,17.89,17.69,97649005.0,5427246.0,1.131,0.01131,0.97649005
300400,劲拓股份,26.07,23.81,564097442.0,22108375.0,9.492,0.09492,5.64097442
300401,花园生物,13.69,13.48,359846661.0,26370737.0,1.558,0.01558,3.59846661
300402,宝色股份,14.81,14.65,53082810.0,3622600.0,1.092,0.010920000000000001,0.5308281
300403,汉宇集团,9.65,9.71,105161543.0,10867318.0,-0.618,-0.00618,1.05161543
300404,博济医药,9.91,9.91,182658365.0,18479220.0,0.0,0.0,1.82658365
300405,科隆股份,5.43,5.37,45775182.0,8456420.0,1.117,0.01117,0.45775182
300406,九强生物,11.53,11.66,39209534.0,3400149.0,-1.115,-0.01115,0.39209534
300407,凯发电气,12.79,12.72,166697772.0,13044400.0,0.55,0.0055000000000000005,1.66697772
300408,三环集团,127.0,128.19,9586754050.0,76769145.0,-0.928,-0.00928,95.8675405
300409,道氏技术,18.17,18.61,353339261.0,19346529.0,-2.364,-0.023639999999999998,3.53339261
300410,正业科技,7.66,7.46,194473315.0,25759000.0,2.681,0.02681,1.94473315
300411,金盾股份,7.38,7.41,56998404.0,7729700.0,-0.405,-0.004050000000000001,0.56998404
300412,迦南科技,4.27,4.25,46630263.0,10935810.0,0.471,0.00471,0.46630263
300413,芒果超媒,16.1,16.47,370042768.0,22824793.0,-2.247,-0.02247,3.70042768
300414,中光防雷,11.47,11.4,179144680.0,15679322.0,0.614,0.00614,1.7914468
300415,伊之密,21.6,21.27,349901993.0,15904668.0,1.551,0.01551,3.49901993
300416,苏试试验,15.16,15.08,290864217.0,19074461.0,0.531,0.0053100000000000005,2.90864217
300417,南华仪器,10.57,10.56,32813630.0,3098900.0,0.095,0.00095,0.3281363
300418,昆仑万维,43.9,44.41,3178028971.0,72042561.0,-1.148,-0.011479999999999999,31.78028971
300420,五洋自控,8.1,7.89,1473070161.0,184186960.0,2.662,0.026619999999999998,14.73070161
300421,力星股份,17.45,17.57,101428437.0,5820945.0,-0.683,-0.00683,1.01428437
300422,博世科,4.52,4.43,51352039.0,11458205.0,2.032,0.02032,0.51352039
300423,昇辉科技,5.86,5.85,52814857.0,9067400.0,0.171,0.0017100000000000001,0.52814857
300424,航新科技,14.28,14.16,121759310.0,8564186.0,0.847,0.00847,1.2175931
300425,中建环能,3.96,3.95,52399177.0,13277500.0,0.253,0.00253,0.52399177
300426,华智数媒,5.98,5.95,53912406.0,9011300.0,0.504,0.00504,0.53912406
300427,红相股份,6.87,7.01,221907061.0,32178800.0,-1.997,-0.01997,2.21907061
300428,立中集团,18.87,19.17,133289409.0,7036524.0,-1.565,-0.01565,1.33289409
300429,强力新材,10.57,10.33,298313653.0,28754595.0,2.323,0.02323,2.98313653
300432,富临精工,15.79,16.25,782211695.0,49200825.0,-2.831,-0.02831,7.82211695
300433,蓝思科技,34.82,35.09,3820201360.0,109927331.0,-0.769,-0.00769,38.2020136
300434,金石亚药,10.52,10.61,143938850.0,13693858.0,-0.848,-0.00848,1.4393885
300435,中泰股份,17.71,17.18,338921806.0,19281683.0,3.085,0.03085,3.38921806
300436,广生堂,92.73,93.05,521914014.0,5620541.0,-0.344,-0.00344,5.21914014
300437,清水源,11.09,11.08,65696466.0,5964200.0,0.09,0.0009,0.65696466
300438,鹏辉能源,61.6,63.81,1528199645.0,24599611.0,-3.463,-0.03463,15.28199645
300439,美康生物,8.69,8.7,20573002.0,2371700.0,-0.115,-0.00115,0.20573002
300440,运达科技,19.01,18.72,240793940.0,12721731.0,1.549,0.015489999999999999,2.4079394
300441,鲍斯股份,6.84,6.9,36756155.0,5390813.0,-0.87,-0.0087,0.36756155
300442,润泽科技,68.8,69.92,2445101440.0,35373886.0,-1.602,-0.01602,24.4510144
300443,金雷股份,21.2,21.64,123568608.0,5805190.0,-2.033,-0.02033,1.23568608
300444,双杰电气,10.63,10.91,620509179.0,58350915.0,-2.566,-0.02566,6.20509179
300445,康斯特,18.87,18.86,42527515.0,2254393.0,0.053,0.00053,0.42527515
300446,航天智造,13.89,14.01,117393615.0,8453600.0,-0.857,-0.00857,1.17393615
300447,全信股份,13.79,13.69,49973671.0,3645700.0,0.73,0.0073,0.49973671
300448,浩云科技,5.79,5.74,97123770.0,16843950.0,0.871,0.00871,0.9712377
300449,汉邦高科,7.16,6.99,75513513.0,10642500.0,2.432,0.024319999999999998,0.75513513
300450,先导智能,34.5,35.18,1373322316.0,39622550.0,-1.933,-0.01933,13.73322316
300451,创业慧康,3.68,3.69,97655522.0,26620350.0,-0.271,-0.00271,0.97655522
300452,山河药辅,12.29,12.24,36823168.0,3017207.0,0.408,0.004079999999999999,0.36823168
300453,三鑫医疗,9.41,9.55,92588864.0,9847000.0,-1.466,-0.01466,0.92588864
300454,深信服,126.01,127.97,3396743242.0,26665166.0,-1.532,-0.01532,33.96743242
300455,航天智装,19.41,19.22,142847722.0,7386170.0,0.989,0.00989,1.42847722
300456,赛微电子,31.49,31.52,756463630.0,24030415.0,-0.095,-0.00095,7.5646363
300457,赢合科技,20.22,20.62,241739335.0,11817981.0,-1.94,-0.0194,2.41739335
300458,全志科技,34.32,34.21,2583622082.0,75415101.0,0.322,0.00322,25.83622082
300459,汤姆猫,3.82,3.91,570928744.0,148172876.0,-2.302,-0.02302,5.70928744
300461,田中精机,31.93,31.12,126079875.0,3977535.0,2.603,0.02603,1.26079875
300463,迈克生物,9.06,9.14,50796359.0,5614362.0,-0.875,-0.00875,0.50796359
300464,星徽股份,6.4,6.41,41258772.0,6475900.0,-0.156,-0.00156,0.41258772
300465,高伟达,13.59,13.66,320881574.0,23627576.0,-0.512,-0.00512,3.20881574
300466,赛摩智能,7.36,7.36,39131211.0,5321200.0,0.0,0.0,0.39131211
300467,迅游科技,34.27,34.29,111850579.0,3248000.0,-0.058,-0.00058,1.11850579
300468,四方精创,23.71,22.28,1570203244.0,66497871.0,6.418,0.06418,15.70203244
300469,信息发展,59.38,55.48,655906730.0,11286129.0,7.03,0.0703,6.5590673
300470,中密控股,29.44,29.93,65287875.0,2211400.0,-1.637,-0.01637,0.65287875
300471,厚普股份,9.79,9.86,106591484.0,10852374.0,-0.71,-0.0070999999999999995,1.06591484
300473,德尔股份,22.27,22.23,89001568.0,4014700.0,0.18,0.0018,0.89001568
300474,景嘉微,53.09,53.96,478068125.0,8981421.0,-1.612,-0.016120000000000002,4.78068125
300475,香农芯创,152.59,151.35,4664862273.0,31011874.0,0.819,0.00819,46.64862273
300476,胜宏科技,250.15,236.35,18012250100.0,72413948.0,5.839,0.058390000000000004,180.122501
300478,杭州高新,28.31,27.93,100607110.0,3574300.0,1.361,0.01361,1.0060711
300479,神思电子,14.26,14.04,110151805.0,7686100.0,1.567,0.01567,1.10151805
300480,光力科技,32.4,30.87,1198750312.0,36857441.0,4.956,0.04956000000000001,11.98750312
300481,濮阳惠成,13.96,13.93,154817982.0,11179845.0,0.215,0.00215,1.54817982
300482,万孚生物,17.12,17.3,88161598.0,5125779.0,-1.04,-0.0104,0.88161598
300483,首华燃气,23.08,22.27,307643449.0,13312720.0,3.637,0.03637,3.07643449
300484,蓝海华腾,12.97,12.9,42196389.0,3274400.0,0.543,0.005430000000000001,0.42196389
300485,赛升药业,9.09,9.15,46285845.0,5094300.0,-0.656,-0.00656,0.46285845
300486,东杰智能,19.9,20.0,219652718.0,11019142.0,-0.5,-0.005,2.19652718
300487,蓝晓科技,64.55,64.08,393692793.0,6062260.0,0.733,0.00733,3.93692793
300488,恒锋工具,31.01,30.96,133879261.0,4320746.0,0.161,0.00161,1.33879261
300489,光智科技,202.0,182.45,3711434691.0,18984300.0,10.715,0.10715,37.11434691
300490,华自科技,11.93,12.09,138937097.0,11621700.0,-1.323,-0.013229999999999999,1.38937097
300491,通合科技,27.7,27.95,253554356.0,9152919.0,-0.894,-0.00894,2.53554356
300492,华图山鼎,25.77,27.12,213841918.0,8146593.0,-4.978,-0.04978,2.13841918
300493,润欣科技,13.15,13.34,174574193.0,13230838.0,-1.424,-0.01424,1.74574193
300494,盛天网络,9.38,9.07,346445400.0,36553440.0,3.418,0.03418,3.464454
300496,中科创达,62.88,63.25,1186760764.0,18658354.0,-0.585,-0.005849999999999999,11.86760764
300497,富祥股份,18.25,17.55,715335671.0,39407602.0,3.989,0.03989,7.15335671
300498,温氏股份,13.55,13.59,496225322.0,36706797.0,-0.294,-0.00294,4.96225322
300499,高澜股份,28.01,27.9,541860953.0,19411125.0,0.394,0.00394,5.41860953
300500,启迪设计,9.14,9.01,26063986.0,2871260.0,1.443,0.01443,0.26063986
300501,海顺新材,10.24,10.17,34597821.0,3392558.0,0.688,0.00688,0.34597821
300502,新易盛,421.87,424.3,21552830074.0,51445777.0,-0.573,-0.00573,215.52830074
300503,昊志机电,72.09,71.19,1628629534.0,22645190.0,1.264,0.01264,16.28629534
300504,天邑股份,14.98,14.6,113405919.0,7655800.0,2.603,0.02603,1.13405919
300505,川金诺,19.2,19.69,372744621.0,19380036.0,-2.489,-0.02489,3.72744621
300506,名家汇,6.53,6.15,368460562.0,57889248.0,6.179,0.061790000000000005,3.68460562
300507,苏奥传感,6.66,6.67,51490863.0,7728098.0,-0.15,-0.0015,0.51490863
300508,维宏股份,46.05,44.87,238689253.0,5186300.0,2.63,0.0263,2.38689253
300509,新美星,8.33,8.32,31760106.0,3821550.0,0.12,0.0012,0.31760106
300510,金冠股份,3.47,3.51,83998192.0,24342506.0,-1.14,-0.011399999999999999,0.83998192
300511,雪榕生物,5.31,5.26,129007525.0,24502290.0,0.951,0.00951,1.29007525
300512,中亚股份,7.06,6.95,30338545.0,4317450.0,1.583,0.01583,0.30338545
300513,恒实科技,7.23,7.21,45573670.0,6291392.0,0.277,0.0027700000000000003,0.4557367
300514,友讯达,9.57,9.48,22747302.0,2391400.0,0.949,0.00949,0.22747302
300515,三德科技,15.75,15.87,85036655.0,5386515.0,-0.756,-0.00756,0.85036655
300516,久之洋,30.95,29.92,215131170.0,6999780.0,3.443,0.03443,2.1513117
300517,海波重科,9.73,9.54,124480272.0,12589040.0,1.992,0.01992,1.24480272
300518,新迅达,23.87,21.14,436642260.0,18600881.0,12.914,0.12914,4.3664226
300519,新光药业,14.07,13.7,88851537.0,6424300.0,2.701,0.02701,0.88851537
300520,科大国创,26.5,26.92,307603196.0,11568904.0,-1.56,-0.015600000000000001,3.07603196
300521,爱司凯,23.32,23.31,130631528.0,5564714.0,0.043,0.00043,1.30631528
300522,世名科技,13.48,12.98,264377467.0,20020188.0,3.852,0.03852,2.64377467
300523,辰安科技,19.62,19.8,45916982.0,2323270.0,-0.909,-0.00909,0.45916982
300525,博思软件,9.42,9.37,478607266.0,50442834.0,0.534,0.00534,4.78607266
300528,幸福蓝海,14.11,13.98,307481710.0,21931600.0,0.93,0.009300000000000001,3.0748171
300529,健帆生物,17.82,18.31,183603383.0,10188977.0,-2.676,-0.026760000000000003,1.83603383
300530,领湃科技,19.01,19.84,166317848.0,8696150.0,-4.183,-0.04183,1.66317848
300531,优博讯,17.68,17.2,613777104.0,33877564.0,2.791,0.02791,6.13777104
300532,今天国际,7.09,7.1,80099373.0,11336636.0,-0.141,-0.0014099999999999998,0.80099373
300533,冰川网络,15.29,15.58,147686831.0,9606638.0,-1.861,-0.01861,1.47686831
300534,陇神戎发,14.9,13.61,1629078682.0,117556939.0,9.478,0.09478,16.29078682
300535,达威股份,14.57,14.66,31119162.0,2138235.0,-0.614,-0.00614,0.31119162
300536,农尚环境,8.88,8.87,65732664.0,7425900.0,0.113,0.00113,0.65732664
300537,广信材料,19.53,18.93,270805002.0,14075620.0,3.17,0.0317,2.70805002
300538,同益股份,13.91,13.82,72340256.0,5255700.0,0.651,0.00651,0.72340256
300539,横河精密,19.27,19.35,138958844.0,7182401.0,-0.413,-0.00413,1.38958844
300540,蜀道装备,33.61,28.01,741169096.0,24160232.0,19.993,0.19993,7.41169096
300541,先进数通,11.09,10.81,204755342.0,18637531.0,2.59,0.0259,2.04755342
300542,新晨科技,12.35,12.28,82294728.0,6633000.0,0.57,0.005699999999999999,0.82294728
300543,朗科智能,7.74,7.59,57502445.0,7492410.0,1.976,0.01976,0.57502445
300545,联得装备,28.1,27.89,188109076.0,6724054.0,0.753,0.00753,1.88109076
300546,雄帝科技,17.59,15.97,316268495.0,18246337.0,10.144,0.10144,3.16268495
300547,川环科技,25.53,25.12,191059303.0,7558400.0,1.632,0.016319999999999998,1.91059303
300548,长芯博创,171.0,159.43,4075262557.0,24301687.0,7.257,0.07257,40.75262557
300549,优德精密,13.77,13.6,22411563.0,1639750.0,1.25,0.0125,0.22411563
300550,和仁科技,12.21,12.28,60705912.0,4949872.0,-0.57,-0.005699999999999999,0.60705912
300551,古鳌科技,10.09,9.82,104543156.0,10436900.0,2.749,0.02749,1.04543156
300552,万集科技,23.6,24.88,581276120.0,24427152.0,-5.145,-0.051449999999999996,5.8127612
300553,集智股份,44.93,43.6,175631014.0,3967000.0,3.05,0.0305,1.75631014
300554,三超新材,20.57,20.09,79904675.0,3931424.0,2.389,0.023889999999999998,0.79904675
300556,丝路视觉,16.22,16.28,87068041.0,5356900.0,-0.369,-0.00369,0.87068041
300557,理工光科,25.84,25.56,76201817.0,2963611.0,1.095,0.01095,0.76201817
300558,贝达药业,61.39,59.59,936417843.0,15564231.0,3.021,0.03021,9.36417843
300559,佳发教育,11.92,11.72,140949235.0,11951321.0,1.706,0.01706,1.40949235
300560,中富通,15.92,15.36,291322166.0,18373775.0,3.646,0.03646,2.91322166
300561,汇金科技,18.65,18.72,508462936.0,27261411.0,-0.374,-0.00374,5.08462936
300562,乐心医疗,14.92,15.13,151609287.0,10233012.0,-1.388,-0.013879999999999998,1.51609287
300563,神宇股份,24.15,23.7,100431218.0,4179380.0,1.899,0.01899,1.00431218
300564,筑博设计,12.28,11.78,77664555.0,6371000.0,4.244,0.04244,0.77664555
300565,科信技术,9.83,9.49,180146893.0,18337250.0,3.583,0.03583,1.80146893
300566,激智科技,25.18,24.52,378077283.0,15200389.0,2.692,0.026920000000000003,3.78077283
300567,精测电子,208.0,204.0,2252721933.0,10923777.0,1.961,0.019610000000000002,22.52721933
300568,星源材质,13.81,14.24,943133513.0,68344843.0,-3.02,-0.0302,9.43133513
300569,天能重工,4.88,4.92,61170778.0,12556800.0,-0.813,-0.00813,0.61170778
300570,太辰光,137.88,132.3,3883730220.0,28786910.0,4.218,0.04218,38.8373022
300571,平治信息,34.57,35.13,383235341.0,11036850.0,-1.594,-0.01594,3.83235341
300572,安车检测,20.37,20.37,111386968.0,5517615.0,0.0,0.0,1.11386968
300573,兴齐眼药,40.87,42.25,381277980.0,9245225.0,-3.266,-0.03266,3.8127798
300575,中旗股份,5.52,5.54,66430464.0,12063454.0,-0.361,-0.00361,0.66430464
300576,容大感光,29.71,28.05,948823373.0,33006546.0,5.918,0.05918,9.48823373
300577,开润股份,18.81,18.4,151540258.0,8096375.0,2.228,0.02228,1.51540258
300578,会畅科技,16.29,16.43,74251835.0,4546050.0,-0.852,-0.00852,0.74251835
300579,数字认证,22.97,22.69,123381224.0,5352200.0,1.234,0.01234,1.23381224
300580,贝斯特,21.83,21.5,358275410.0,16556032.0,1.535,0.015349999999999999,3.5827541
300581,晨曦航空,10.09,10.08,134238776.0,13335021.0,0.099,0.00099,1.34238776
300582,英飞特,11.2,11.05,81381113.0,7308425.0,1.357,0.01357,0.81381113
300583,赛托生物,12.33,12.16,39753880.0,3249600.0,1.398,0.01398,0.3975388
300584,海辰药业,33.18,33.69,108006840.0,3251550.0,-1.514,-0.01514,1.0800684
300585,奥联电子,15.46,14.77,83037935.0,5545000.0,4.672,0.04672,0.83037935
300586,美联新材,8.78,8.69,192597949.0,22105409.0,1.036,0.010360000000000001,1.92597949
300587,天铁科技,4.87,4.7,248715898.0,52276918.0,3.617,0.03617,2.48715898
300588,熙菱信息,22.64,22.82,79804223.0,3518800.0,-0.789,-0.007890000000000001,0.79804223
300589,江龙船艇,13.24,12.96,344449035.0,26172045.0,2.16,0.0216,3.44449035
300590,移为通信,11.1,10.87,283050255.0,25673928.0,2.116,0.02116,2.83050255
300591,万里马,7.43,7.38,124901472.0,17004470.0,0.678,0.0067800000000000004,1.24901472
300592,华凯易佰,16.99,16.69,507851909.0,29853437.0,1.797,0.01797,5.07851909
300593,新雷能,27.02,26.63,1001716627.0,36527392.0,1.465,0.014650000000000002,10.01716627
300595,欧普康视,11.17,11.41,117597073.0,10493774.0,-2.103,-0.021030000000000004,1.17597073
300596,利安隆,41.0,40.99,111299764.0,2730595.0,0.024,0.00024,1.11299764
300597,吉大通信,7.67,7.49,69739118.0,9100511.0,2.403,0.02403,0.69739118
300598,诚迈科技,30.51,31.27,328297107.0,10618178.0,-2.43,-0.024300000000000002,3.28297107
300599,雄塑科技,11.44,11.18,98412082.0,8761050.0,2.326,0.02326,0.98412082
300600,国瑞科技,10.17,10.18,47684062.0,4700500.0,-0.098,-0.00098,0.47684062
300601,康泰生物,12.23,12.48,154823515.0,12596320.0,-2.003,-0.020030000000000003,1.54823515
300602,飞荣达,36.57,36.29,593957038.0,16276449.0,0.772,0.00772,5.93957038
300603,立昂技术,8.09,8.11,85140498.0,10530810.0,-0.247,-0.00247,0.85140498
300604,长川科技,278.53,272.0,7359189707.0,26496481.0,2.401,0.024009999999999997,73.59189707
300605,恒锋信息,10.59,11.09,248699659.0,23375398.0,-4.509,-0.045090000000000005,2.48699659
300606,金太阳,34.0,32.66,476585450.0,14209000.0,4.103,0.04103,4.7658545
300607,拓斯达,32.84,32.83,1038150547.0,31368348.0,0.03,0.0003,10.38150547
300608,思特奇,10.77,10.52,188271106.0,17541734.0,2.376,0.02376,1.88271106
300609,汇纳科技,26.72,25.82,173965052.0,6465062.0,3.486,0.03486,1.73965052
300610,晨化股份,9.8,9.72,29019173.0,2986700.0,0.823,0.00823,0.29019173
300611,美力科技,24.28,24.19,68726158.0,2824900.0,0.372,0.0037199999999999998,0.68726158
300612,宣亚国际,12.38,12.5,102527215.0,8273900.0,-0.96,-0.0096,1.02527215
300613,富瀚微,71.24,70.86,1478087565.0,20819994.0,0.536,0.00536,14.78087565
300614,百川畅银,10.47,10.34,31987610.0,3066100.0,1.257,0.01257,0.3198761
300615,欣天科技,18.02,15.02,783836575.0,43544005.0,19.973,0.19973,7.83836575
300616,尚品宅配,10.35,10.45,45862630.0,4440650.0,-0.957,-0.00957,0.4586263
300617,安靠智电,42.97,44.03,216463867.0,5054200.0,-2.407,-0.02407,2.16463867
300618,寒锐钴业,33.9,34.52,293694074.0,8542141.0,-1.796,-0.01796,2.93694074
300619,金银河,26.7,27.7,290089959.0,10771096.0,-3.61,-0.0361,2.90089959
300620,光库科技,275.67,260.98,5594114452.0,20673013.0,5.629,0.05628999999999999,55.94114452
300621,维业股份,7.13,6.99,29619583.0,4191265.0,2.003,0.020030000000000003,0.29619583
300622,博士眼镜,15.76,16.13,196845460.0,12462302.0,-2.294,-0.022940000000000002,1.9684546
300623,捷捷微电,25.58,25.35,660250039.0,25946334.0,0.907,0.00907,6.60250039
300624,万兴科技,55.8,57.06,897838022.0,15877936.0,-2.208,-0.022080000000000002,8.97838022
300625,三雄极光,9.38,9.28,17000324.0,1826250.0,1.078,0.010780000000000001,0.17000324
300626,华瑞股份,31.42,30.25,267226741.0,8675900.0,3.868,0.03868,2.67226741
300627,华测导航,28.2,28.77,245120165.0,8640380.0,-1.981,-0.01981,2.45120165
300628,亿联网络,39.65,39.43,682720964.0,17075418.0,0.558,0.005580000000000001,6.82720964
300629,新劲刚,17.91,17.75,104850236.0,5873362.0,0.901,0.00901,1.04850236
300631,久吾高科,21.58,21.26,77327069.0,3580674.0,1.505,0.01505,0.77327069
300632,光莆股份,18.63,18.05,471888053.0,25620575.0,3.213,0.03213,4.71888053
300633,开立医疗,20.08,20.63,88845779.0,4397860.0,-2.666,-0.02666,0.88845779
300634,彩讯股份,21.06,21.02,318373717.0,15051979.0,0.19,0.0019,3.18373717
300635,中达安,11.51,11.48,42419906.0,3714100.0,0.261,0.00261,0.42419906
300636,同和药业,6.84,6.79,25701884.0,3788340.0,0.736,0.00736,0.25701884
300637,扬帆新材,8.98,8.63,108570825.0,12106860.0,4.056,0.04056,1.08570825
300638,广和通,21.42,21.32,742589642.0,34388080.0,0.469,0.00469,7.42589642
300639,凯普生物,5.7,5.74,83867560.0,14765378.0,-0.697,-0.00697,0.8386756
300640,德艺文创,6.52,6.5,66336265.0,10190800.0,0.308,0.00308,0.66336265
300641,正丹股份,14.69,14.74,122657589.0,8434177.0,-0.339,-0.0033900000000000002,1.22657589
300642,透景生命,12.88,12.79,38705487.0,3019680.0,0.704,0.007039999999999999,0.38705487
300643,万通智控,17.24,17.49,106989024.0,6229528.0,-1.429,-0.01429,1.06989024
300644,南京聚隆,21.48,21.49,37898804.0,1774870.0,-0.047,-0.00047,0.37898804
300645,正元智慧,13.14,13.0,55373775.0,4220690.0,1.077,0.01077,0.55373775
300647,超频三,5.6,5.57,103155680.0,18508133.0,0.539,0.005390000000000001,1.0315568
300648,星云股份,38.56,37.1,144379965.0,3750994.0,3.935,0.03935,1.44379965
300649,杭州园林,20.75,20.29,84612106.0,4108860.0,2.267,0.02267,0.84612106
300650,太龙股份,11.43,11.32,60566095.0,5348700.0,0.972,0.00972,0.60566095
300651,金陵体育,17.44,17.7,105728017.0,6082787.0,-1.469,-0.014690000000000002,1.05728017
300652,雷迪克,29.52,29.49,47531974.0,1620562.0,0.102,0.0010199999999999999,0.47531974
300653,正海生物,14.53,14.67,15645561.0,1076975.0,-0.954,-0.00954,0.15645561
300654,世纪天鸿,11.18,12.5,646690568.0,56808581.0,-10.56,-0.1056,6.46690568
300655,晶瑞电材,13.28,12.76,1139105578.0,87804463.0,4.075,0.04075,11.39105578
300656,民德电子,25.17,24.73,158639000.0,6387182.0,1.779,0.01779,1.58639
300657,弘信电子,35.27,35.48,917779417.0,26009259.0,-0.592,-0.00592,9.17779417
300658,延江股份,10.61,10.44,82458180.0,7818870.0,1.628,0.01628,0.8245818
300659,中孚信息,10.62,10.29,109774221.0,10418320.0,3.207,0.03207,1.09774221
300660,江苏雷利,28.05,28.46,227524953.0,8082660.0,-1.441,-0.014410000000000001,2.27524953
300661,圣邦股份,106.24,104.02,1394994565.0,13354826.0,2.134,0.021339999999999998,13.94994565
300662,科锐国际,20.99,20.78,173098597.0,8210177.0,1.011,0.01011,1.73098597
300663,科蓝软件,9.81,10.22,753805123.0,76945208.0,-4.012,-0.040119999999999996,7.53805123
300664,鹏鹞环保,4.58,4.58,30023747.0,6595200.0,0.0,0.0,0.30023747
300665,飞鹿股份,9.58,9.57,95323934.0,9953814.0,0.104,0.00104,0.95323934
300666,江丰电子,238.62,222.4,5614238107.0,24155439.0,7.293,0.07293,56.14238107
300667,必创科技,14.25,14.17,75361337.0,5324925.0,0.565,0.00565,0.75361337
300668,杰恩股份,40.49,39.97,178822579.0,4439700.0,1.301,0.013009999999999999,1.78822579
300669,沪宁股份,23.11,22.35,31965309.0,1398000.0,3.4,0.034,0.31965309
300670,大烨智能,6.06,5.95,46499040.0,7731400.0,1.849,0.01849,0.4649904
300671,富满微,61.16,58.97,1060445041.0,17679388.0,3.714,0.03714,10.60445041
300672,国科微,146.73,144.51,1587791286.0,10916637.0,1.536,0.01536,15.87791286
300673,佩蒂股份,13.13,13.27,43486512.0,3307600.0,-1.055,-0.010549999999999999,0.43486512
300674,宇信科技,16.66,16.85,403578028.0,23880598.0,-1.128,-0.011279999999999998,4.03578028
300675,建科院,12.47,12.35,26035661.0,2102500.0,0.972,0.00972,0.26035661
300676,华大基因,38.06,39.44,352512857.0,9093397.0,-3.499,-0.03499,3.52512857
300677,英科医疗,49.82,49.54,538537220.0,10844936.0,0.565,0.00565,5.3853722
300678,中科信息,23.77,24.25,221526383.0,9244810.0,-1.979,-0.019790000000000002,2.21526383
300679,电连技术,40.7,40.89,609038308.0,15039986.0,-0.465,-0.0046500000000000005,6.09038308
300680,隆盛科技,21.91,22.28,164149822.0,7470788.0,-1.661,-0.01661,1.64149822
300681,英搏尔,21.2,21.02,191669407.0,9109067.0,0.856,0.00856,1.91669407
300682,朗新科技,11.72,11.8,231248773.0,19575347.0,-0.678,-0.0067800000000000004,2.31248773
300683,海特生物,26.29,26.71,174586890.0,6604883.0,-1.572,-0.01572,1.7458689
300684,中石科技,48.15,47.2,633627600.0,13307049.0,2.013,0.02013,6.336276
300685,艾德生物,17.47,17.72,106721683.0,6079196.0,-1.411,-0.014110000000000001,1.06721683
300686,智动力,15.23,15.06,565412712.0,37171680.0,1.129,0.01129,5.65412712
300687,赛意信息,27.72,27.19,641941736.0,23187901.0,1.949,0.01949,6.41941736
300688,创业黑马,31.45,31.3,618287333.0,20024870.0,0.479,0.00479,6.18287333
300689,澄天伟业,51.62,46.78,221901813.0,4508550.0,10.346,0.10346,2.21901813
300690,双一科技,21.53,21.63,84339287.0,3893792.0,-0.462,-0.00462,0.84339287
300691,联合光电,13.68,13.62,59434789.0,4360699.0,0.441,0.00441,0.59434789
300692,中赋科技,8.62,8.5,289488768.0,33192687.0,1.412,0.014119999999999999,2.89488768
300693,盛弘股份,36.36,36.93,351460375.0,9709982.0,-1.543,-0.01543,3.51460375
300694,蠡湖股份,10.6,10.44,66700933.0,6276532.0,1.533,0.01533,0.66700933
300695,兆丰股份,49.68,50.61,47261583.0,949481.0,-1.838,-0.01838,0.47261583
300696,爱乐达,20.5,20.28,123222341.0,6032570.0,1.085,0.01085,1.23222341
300697,电工合金,14.06,14.31,195629606.0,13689755.0,-1.747,-0.01747,1.95629606
300698,万马科技,26.2,26.36,182146480.0,6992710.0,-0.607,-0.00607,1.8214648
300699,光威复材,26.19,26.32,393435646.0,14951433.0,-0.494,-0.00494,3.93435646
300700,岱勒新材,17.19,16.98,221368241.0,12874655.0,1.237,0.01237,2.21368241
300701,森霸传感,9.66,9.58,46002207.0,4791800.0,0.835,0.00835,0.46002207
300702,天宇股份,21.01,21.0,65344644.0,3115013.0,0.048,0.00048,0.65344644
300703,创源股份,13.37,13.4,52062480.0,3908000.0,-0.224,-0.0022400000000000002,0.5206248
300705,九典制药,10.93,11.0,54804314.0,5027360.0,-0.636,-0.00636,0.54804314
300706,阿石创,51.09,48.71,777695956.0,15507200.0,4.886,0.04886,7.77695956
300707,威唐工业,11.99,11.99,36202835.0,3041200.0,0.0,0.0,0.36202835
300708,聚灿光电,7.74,7.88,151796278.0,19602581.0,-1.777,-0.017769999999999998,1.51796278
300709,精研科技,38.15,36.88,410492768.0,10807078.0,3.444,0.03444,4.10492768
300710,万隆光电,28.4,28.09,67158825.0,2378450.0,1.104,0.011040000000000001,0.67158825
300711,广哈通信,19.03,15.86,264320847.0,14510743.0,19.987,0.19987,2.64320847
300712,永福股份,20.98,21.24,29115344.0,1385030.0,-1.224,-0.01224,0.29115344
300713,英可瑞,12.84,12.71,38573774.0,3033900.0,1.023,0.01023,0.38573774
300715,凯伦股份,13.31,12.71,196748235.0,15049000.0,4.721,0.04721,1.96748235
300717,华信新材,18.43,17.99,48367994.0,2667900.0,2.446,0.024460000000000003,0.48367994
300718,长盛轴承,68.46,69.94,1054973129.0,15216412.0,-2.116,-0.02116,10.54973129
300719,安达维尔,11.61,11.59,48125618.0,4156650.0,0.173,0.0017299999999999998,0.48125618
300720,海川智能,72.7,64.68,1602340675.0,23050938.0,12.4,0.124,16.02340675
300721,怡达股份,23.41,21.91,374165760.0,16467000.0,6.846,0.06846000000000001,3.7416576
300722,新余国科,21.8,21.86,65125703.0,2992698.0,-0.274,-0.0027400000000000002,0.65125703
300723,一品红,36.46,36.22,438335318.0,12081814.0,0.663,0.0066300000000000005,4.38335318
300724,捷佳伟创,59.12,59.82,537795562.0,9100095.0,-1.17,-0.011699999999999999,5.37795562
300725,药石科技,40.12,40.85,549704368.0,13653355.0,-1.787,-0.01787,5.49704368
300726,宏达电子,53.8,52.8,840520757.0,15837542.0,1.894,0.01894,8.40520757
300727,润禾材料,28.62,28.23,108278292.0,3786939.0,1.382,0.013819999999999999,1.08278292
300729,乐歌股份,10.2,10.21,20608540.0,2026613.0,-0.098,-0.00098,0.2060854
300730,科创信息,12.24,12.04,79767654.0,6535100.0,1.661,0.01661,0.79767654
300731,科创新源,37.74,36.87,253172820.0,6801700.0,2.36,0.0236,2.5317282
300732,设研院,5.99,5.93,28950461.0,4861172.0,1.012,0.01012,0.28950461
300733,西菱动力,14.43,14.22,132372244.0,9316774.0,1.477,0.01477,1.32372244
300735,光弘科技,20.79,20.76,320564786.0,15324569.0,0.145,0.00145,3.20564786
300736,百邦科技,28.63,28.01,128343432.0,4522900.0,2.213,0.02213,1.28343432
300737,科顺股份,5.15,5.13,106269013.0,20850308.0,0.39,0.0039000000000000003,1.06269013
300738,奥飞数据,22.93,23.62,1873396281.0,81395998.0,-2.921,-0.02921,18.73396281
300739,明阳电路,22.37,21.82,309925219.0,13968295.0,2.521,0.02521,3.09925219
300740,水羊股份,21.89,21.48,553472068.0,25654956.0,1.909,0.01909,5.53472068
300741,华宝股份,13.21,13.4,29764024.0,2247301.0,-1.418,-0.01418,0.29764024
300743,天地数码,14.93,14.81,38718171.0,2597320.0,0.81,0.008100000000000001,0.38718171
300745,欣锐科技,29.42,27.54,407228329.0,14051900.0,6.826,0.06826,4.07228329
300746,汉嘉数智,14.71,14.0,159013784.0,10971910.0,5.071,0.05071,1.59013784
300747,锐科激光,35.25,35.26,685470995.0,19540527.0,-0.028,-0.00028000000000000003,6.85470995
300748,金力永磁,27.03,27.13,1165423129.0,42437708.0,-0.369,-0.00369,11.65423129
300749,顶固集创,20.38,19.59,124380348.0,6120400.0,4.033,0.040330000000000005,1.24380348
300750,宁德时代,388.0,405.2,17750194541.0,45320103.0,-4.245,-0.04245,177.50194541
300751,迈为股份,169.38,166.55,1310142688.0,7800950.0,1.699,0.01699,13.10142688
300752,隆利科技,10.13,10.09,70093055.0,6942263.0,0.396,0.00396,0.70093055
300753,爱朋医疗,22.97,23.7,505757629.0,21601181.0,-3.08,-0.0308,5.05757629
300755,华致酒行,11.51,11.57,51436506.0,4473400.0,-0.519,-0.00519,0.51436506
300756,金马游乐,30.11,28.32,214151049.0,7187920.0,6.321,0.06321,2.14151049
300757,罗博特科,470.9,475.0,3252536328.0,6926109.0,-0.863,-0.00863,32.52536328
300758,七彩化学,10.4,10.42,78755793.0,7638230.0,-0.192,-0.00192,0.78755793
300759,康龙化成,39.6,39.96,2227513935.0,55986999.0,-0.901,-0.00901,22.27513935
300760,迈瑞医疗,149.75,154.3,1819952752.0,12038020.0,-2.949,-0.02949,18.19952752
300761,立华股份,18.79,18.95,109884497.0,5867340.0,-0.844,-0.00844,1.09884497
300762,上海瀚讯,32.12,32.08,768659290.0,23877547.0,0.125,0.00125,7.6865929
300763,锦浪科技,61.71,63.11,648525036.0,10515111.0,-2.218,-0.02218,6.48525036
300765,石药创新,40.0,38.0,984466182.0,25192372.0,5.263,0.052629999999999996,9.84466182
300766,每日互动,24.65,25.06,937026757.0,37630753.0,-1.636,-0.01636,9.37026757
300767,震安科技,18.34,17.68,173302033.0,9606836.0,3.733,0.03733,1.73302033
300768,迪普科技,17.37,16.92,377501550.0,22112477.0,2.66,0.026600000000000002,3.7750155
300769,德方纳米,46.55,46.65,726377024.0,15705329.0,-0.214,-0.00214,7.26377024
300770,新媒股份,34.3,34.88,62368208.0,1808350.0,-1.663,-0.01663,0.62368208
300771,智莱科技,12.33,12.12,126539623.0,10306213.0,1.733,0.01733,1.26539623
300772,运达股份,12.61,12.9,230242372.0,18090251.0,-2.248,-0.022480000000000003,2.30242372
300773,拉卡拉,16.31,16.06,1500511428.0,90973400.0,1.557,0.015569999999999999,15.00511428
300774,倍杰特,10.42,10.46,78487894.0,7473900.0,-0.382,-0.00382,0.78487894
300775,三角防务,21.62,21.83,273786629.0,12685814.0,-0.962,-0.00962,2.73786629
300776,帝尔激光,116.75,112.25,1430852648.0,12525742.0,4.009,0.04009,14.30852648
300777,中简科技,24.59,24.97,245141709.0,9875552.0,-1.522,-0.015220000000000001,2.45141709
300778,新城市,10.32,10.31,28371468.0,2767015.0,0.097,0.00097,0.28371468
300779,惠城环保,75.41,86.61,2729410516.0,36003410.0,-12.932,-0.12932,27.29410516
300780,德恩精工,20.23,19.32,216784194.0,10839174.0,4.71,0.0471,2.16784194
300781,因赛集团,28.93,29.52,242725638.0,8345273.0,-1.999,-0.01999,2.42725638
300782,卓胜微,75.38,72.87,1438194027.0,19172013.0,3.444,0.03444,14.38194027
300783,三只松鼠,17.66,18.04,120996675.0,6820709.0,-2.106,-0.02106,1.20996675
300784,利安科技,39.83,39.34,26081365.0,659200.0,1.246,0.01246,0.26081365
300785,值得买,40.6,40.9,650002125.0,15862620.0,-0.733,-0.00733,6.50002125
300786,国林科技,15.48,15.2,163557990.0,10660146.0,1.842,0.018420000000000002,1.6355799
300787,海能实业,8.77,8.75,32374209.0,3693200.0,0.229,0.00229,0.32374209
300788,中信出版,25.82,26.27,135888462.0,5262500.0,-1.713,-0.01713,1.35888462
300789,唐源电气,19.39,18.88,237472072.0,12361503.0,2.701,0.02701,2.37472072
300790,宇瞳光学,17.68,17.67,421557304.0,23822302.0,0.057,0.00057,4.21557304
300791,仙乐健康,16.91,17.06,18281389.0,1085042.0,-0.879,-0.00879,0.18281389
300792,壹网壹创,25.43,25.9,298423845.0,11571250.0,-1.815,-0.01815,2.98423845
300793,佳禾智能,11.25,11.2,70440169.0,6285250.0,0.446,0.00446,0.70440169
300795,米奥会展,15.7,16.54,681047389.0,42480071.0,-5.079,-0.050789999999999995,6.81047389
300796,贝斯美,6.66,6.57,29692284.0,4507310.0,1.37,0.0137,0.29692284
300797,钢研纳克,12.5,12.43,42110951.0,3361900.0,0.563,0.00563,0.42110951
300798,锦鸡股份,7.38,7.69,317868859.0,42746168.0,-4.031,-0.04031,3.17868859
300800,力合科技,9.58,9.5,28841254.0,3016450.0,0.842,0.00842,0.28841254
300801,泰和科技,23.79,23.9,208108776.0,8787000.0,-0.46,-0.0046,2.08108776
300802,矩子科技,21.58,21.25,229027069.0,10671350.0,1.553,0.015529999999999999,2.29027069
300803,指南针,84.34,85.16,1494485143.0,17613747.0,-0.963,-0.00963,14.94485143
300804,广康生化,40.82,38.62,101000201.0,2527507.0,5.697,0.05697,1.01000201
300805,电声股份,8.35,8.45,100597365.0,12056100.0,-1.183,-0.01183,1.00597365
300806,斯迪克,46.97,45.92,1643779183.0,35288248.0,2.287,0.022869999999999998,16.43779183
300807,天迈科技,37.72,38.11,58717815.0,1559450.0,-1.023,-0.01023,0.58717815
300808,久量股份,18.62,18.49,28320512.0,1532700.0,0.703,0.00703,0.28320512
300809,华辰装备,24.3,24.34,139238539.0,5761137.0,-0.164,-0.00164,1.39238539
300810,中科海讯,24.32,24.2,45809910.0,1896700.0,0.496,0.00496,0.4580991
300811,铂科新材,68.73,68.17,877807048.0,12884551.0,0.821,0.00821,8.77807048
300812,易天股份,19.38,19.26,147582255.0,7677140.0,0.623,0.00623,1.47582255
300813,泰林生物,19.48,19.16,36241312.0,1877790.0,1.67,0.0167,0.36241312
300814,中富电路,125.28,117.78,1292879562.0,10467465.0,6.368,0.06368,12.92879562
300815,玉禾田,16.48,16.68,114216997.0,6915053.0,-1.199,-0.01199,1.14216997
300816,艾可蓝,50.71,49.7,119611550.0,2378554.0,2.032,0.02032,1.1961155
300817,双飞集团,15.68,15.7,28298636.0,1808615.0,-0.127,-0.00127,0.28298636
300818,耐普矿机,21.15,21.09,131050126.0,6081585.0,0.284,0.0028399999999999996,1.31050126
300819,聚杰微纤,46.61,45.73,180013991.0,3884100.0,1.924,0.01924,1.80013991
300820,英杰电气,53.61,52.99,580130680.0,10957983.0,1.17,0.011699999999999999,5.8013068
300821,东岳硅材,16.75,16.22,1592273627.0,96138114.0,3.268,0.03268,15.92273627
300822,贝仕达克,12.09,12.78,147287833.0,12101129.0,-5.399,-0.05399,1.47287833
300823,建科智能,14.46,14.27,34032870.0,2388160.0,1.331,0.013309999999999999,0.3403287
300824,北鼎股份,7.81,7.79,31714405.0,4092150.0,0.257,0.0025700000000000002,0.31714405
300825,阿尔特,11.32,11.39,267137708.0,23503797.0,-0.615,-0.00615,2.67137708
300826,测绘股份,13.72,13.4,42717121.0,3158875.0,2.388,0.02388,0.42717121
300827,上能电气,25.44,26.0,338936372.0,13254176.0,-2.154,-0.02154,3.38936372
300828,锐新科技,15.36,15.26,64282826.0,4220100.0,0.655,0.00655,0.64282826
300829,金丹科技,14.46,14.5,37396076.0,2608587.0,-0.276,-0.0027600000000000003,0.37396076
300830,金现代,8.59,8.61,108492309.0,12637339.0,-0.232,-0.00232,1.08492309
300832,新产业,46.94,46.55,194234456.0,4129159.0,0.838,0.00838,1.94234456
300833,浩洋股份,37.23,36.17,39984032.0,1095650.0,2.931,0.02931,0.39984032
300834,星辉环材,40.29,40.15,80738278.0,2008217.0,0.349,0.0034899999999999996,0.80738278
300835,龙磁科技,142.08,138.7,685335694.0,4835214.0,2.437,0.02437,6.85335694
300836,佰奥智能,50.44,49.98,155358763.0,3100211.0,0.92,0.0092,1.55358763
300837,浙矿股份,22.76,22.68,42244504.0,1870800.0,0.353,0.0035299999999999997,0.42244504
300838,浙江力诺,13.29,13.15,32377119.0,2455400.0,1.065,0.01065,0.32377119
300839,博汇股份,10.95,10.84,64361270.0,5899810.0,1.015,0.01015,0.6436127
300840,酷特智能,19.38,19.16,206696611.0,10634350.0,1.148,0.011479999999999999,2.06696611
300841,康华生物,45.57,46.79,89014683.0,1939025.0,-2.607,-0.026070000000000003,0.89014683
300842,帝科股份,55.85,55.49,205975277.0,3710873.0,0.649,0.00649,2.05975277
300843,胜蓝股份,116.44,117.25,823162326.0,7108284.0,-0.691,-0.0069099999999999995,8.23162326
300844,山水比德,22.7,22.8,28741104.0,1264020.0,-0.439,-0.00439,0.28741104
300845,捷安高科,10.91,10.6,82448501.0,7675160.0,2.925,0.029249999999999998,0.82448501
300846,首都在线,21.03,21.53,682897893.0,32157162.0,-2.322,-0.02322,6.82897893
300847,中船汉光,16.06,14.45,476801220.0,28880497.0,11.142,0.11141999999999999,4.7680122
300848,美瑞新材,13.01,12.91,65923721.0,5086385.0,0.775,0.00775,0.65923721
300849,锦盛新材,22.58,20.9,112317586.0,5185699.0,8.038,0.08038000000000001,1.12317586
300850,新强联,29.58,29.89,473162374.0,16042256.0,-1.037,-0.010369999999999999,4.73162374
300851,交大思诺,23.2,22.96,23228792.0,1004800.0,1.045,0.01045,0.23228792
300852,四会富仕,43.34,41.98,424173335.0,9995809.0,3.24,0.032400000000000005,4.24173335
300853,申昊科技,26.41,26.36,161998466.0,6129200.0,0.19,0.0019,1.61998466
300854,中兰环保,17.31,16.67,208531267.0,12181077.0,3.839,0.03839,2.08531267
300855,图南股份,29.3,29.7,229288434.0,7818248.0,-1.347,-0.01347,2.29288434
300856,科思股份,10.99,11.17,41445484.0,3768518.0,-1.611,-0.01611,0.41445484
300857,协创数据,250.11,251.86,7050757219.0,28118477.0,-0.695,-0.00695,70.50757219
300858,科拓生物,14.39,14.41,41585772.0,2908060.0,-0.139,-0.0013900000000000002,0.41585772
300859,西域旅游,27.09,26.98,63821747.0,2369772.0,0.408,0.004079999999999999,0.63821747
300860,锋尚文化,26.74,26.6,103390648.0,3862720.0,0.526,0.00526,1.03390648
300861,美畅股份,17.2,16.9,316628282.0,18507755.0,1.775,0.01775,3.16628282
300863,卡倍亿,38.6,37.75,368967280.0,9651057.0,2.252,0.02252,3.6896728
300864,南大环境,18.88,18.9,22359594.0,1184427.0,-0.106,-0.00106,0.22359594
300865,大宏立,22.96,22.53,28383254.0,1248100.0,1.909,0.01909,0.28383254
300866,安克创新,114.65,117.6,527001229.0,4572160.0,-2.509,-0.025089999999999998,5.27001229
300867,圣元环保,16.45,16.63,51396908.0,3125734.0,-1.082,-0.010820000000000001,0.51396908
300868,杰美特,83.35,80.78,337718097.0,4130400.0,3.181,0.03181,3.37718097
300869,康泰医学,11.13,11.11,28170508.0,2546237.0,0.18,0.0018,0.28170508
300870,欧陆通,213.4,203.76,1775335517.0,8572537.0,4.731,0.04731,17.75335517
300871,回盛生物,22.1,21.99,100897204.0,4591167.0,0.5,0.005,1.00897204
300872,天阳科技,16.65,16.89,315012678.0,18603380.0,-1.421,-0.01421,3.15012678
300873,海晨股份,16.38,16.3,308607798.0,18928432.0,0.491,0.00491,3.08607798
300875,捷强装备,33.59,33.78,188940343.0,5662874.0,-0.562,-0.005620000000000001,1.88940343
300876,蒙泰高新,15.3,15.18,47266750.0,3092889.0,0.791,0.00791,0.4726675
300877,金春股份,25.16,24.2,44591465.0,1812635.0,3.967,0.039670000000000004,0.44591465
300878,维康药业,33.65,31.48,266634604.0,8211625.0,6.893,0.06892999999999999,2.66634604
300879,大叶股份,17.24,16.86,114532837.0,6704829.0,2.254,0.02254,1.14532837
300880,迦南智能,19.69,19.78,68483669.0,3468692.0,-0.455,-0.00455,0.68483669
300881,盛德鑫泰,33.88,33.68,54637844.0,1616330.0,0.594,0.00594,0.54637844
300882,万胜智能,15.12,15.35,43182468.0,2850668.0,-1.498,-0.01498,0.43182468
300883,龙利得,5.72,5.69,91905214.0,16226650.0,0.527,0.00527,0.91905214
300884,狄耐克,11.68,11.58,65127697.0,5559385.0,0.864,0.00864,0.65127697
300885,海昌新材,20.8,20.94,77387710.0,3714240.0,-0.669,-0.006690000000000001,0.7738771
300886,华业香料,22.58,22.35,23625360.0,1049830.0,1.029,0.010289999999999999,0.2362536
300887,谱尼测试,8.28,7.3,462480391.0,56561601.0,13.425,0.13425,4.62480391
300888,稳健医疗,29.54,29.82,101579526.0,3442200.0,-0.939,-0.009389999999999999,1.01579526
300889,爱克股份,20.36,19.72,117684747.0,5865240.0,3.245,0.03245,1.17684747
300890,翔丰华,26.14,26.18,105159693.0,4045857.0,-0.153,-0.00153,1.05159693
300891,惠云钛业,7.03,6.95,40813654.0,5845500.0,1.151,0.01151,0.40813654
300892,品渥食品,22.0,22.49,101874895.0,4609169.0,-2.179,-0.021789999999999997,1.01874895
300893,松原安全,16.51,16.73,28446488.0,1731287.0,-1.315,-0.01315,0.28446488
300894,火星人,12.13,12.05,150649270.0,12493260.0,0.664,0.00664,1.5064927
300895,铜牛信息,54.06,54.48,342624434.0,6329698.0,-0.771,-0.00771,3.42624434
300896,爱美客,102.6,105.2,556456617.0,5403357.0,-2.471,-0.02471,5.56456617
300897,山科智能,17.45,15.54,226779590.0,13460702.0,12.291,0.12291,2.2677959
300898,熊猫乳品,20.33,20.45,66486552.0,3271138.0,-0.587,-0.005869999999999999,0.66486552
300899,上海凯鑫,28.15,28.13,19721189.0,703800.0,0.071,0.0007099999999999999,0.19721189
300900,广联航空,24.18,23.94,463156566.0,19199098.0,1.003,0.010029999999999999,4.63156566
300901,中胤时尚,15.55,15.55,60888612.0,3903400.0,0.0,0.0,0.60888612
300902,国安达,16.66,16.33,78177490.0,4799840.0,2.021,0.02021,0.7817749
300903,科翔股份,64.32,53.6,2525332886.0,42895826.0,20.0,0.2,25.25332886
300904,威力传动,41.14,41.26,34927692.0,852352.0,-0.291,-0.00291,0.34927692
300905,宝丽迪,39.07,38.86,229145921.0,5903594.0,0.54,0.0054,2.29145921
300906,日月明,26.13,26.18,30913450.0,1188500.0,-0.191,-0.00191,0.3091345
300907,康平科技,40.28,39.42,108735115.0,2727400.0,2.182,0.02182,1.08735115
300908,仲景食品,23.84,23.84,33675662.0,1413118.0,0.0,0.0,0.33675662
300909,汇创达,48.28,45.11,236838990.0,5003320.0,7.027,0.07027,2.3683899
300910,瑞丰新材,29.31,29.52,103777361.0,3512879.0,-0.711,-0.00711,1.03777361
300911,亿田智能,21.89,22.55,244571194.0,11083877.0,-2.927,-0.02927,2.44571194
300912,凯龙高科,19.78,20.42,214819116.0,10827105.0,-3.134,-0.03134,2.14819116
300913,兆龙互连,35.64,35.63,260828972.0,7318130.0,0.028,0.00028000000000000003,2.60828972
300915,海融科技,19.77,19.9,27452005.0,1390210.0,-0.653,-0.00653,0.27452005
300916,朗特智能,22.0,20.78,98498271.0,4622196.0,5.871,0.058710000000000005,0.98498271
300917,特发服务,26.6,26.53,168299654.0,6373133.0,0.264,0.00264,1.68299654
300918,南山智尚,10.7,10.6,62574052.0,5863566.0,0.943,0.00943,0.62574052
300919,中伟新材,40.85,41.65,537195404.0,13121883.0,-1.921,-0.01921,5.37195404
300920,润阳科技,31.52,30.07,55390876.0,1785677.0,4.822,0.04822,0.55390876
300921,南凌科技,15.12,15.13,125672903.0,8313780.0,-0.066,-0.00066,1.25672903
300922,天秦装备,17.08,17.61,129326161.0,7470389.0,-3.01,-0.0301,1.29326161
300923,研奥股份,22.94,22.42,33328851.0,1461972.0,2.319,0.02319,0.33328851
300925,法本信息,15.65,15.74,150786370.0,9575500.0,-0.572,-0.005719999999999999,1.5078637
300926,博俊科技,17.81,18.09,58310426.0,3267900.0,-1.548,-0.01548,0.58310426
300927,江天化学,21.52,21.69,68093585.0,3169600.0,-0.784,-0.00784,0.68093585
300928,华安鑫创,25.3,25.31,36961214.0,1465800.0,-0.04,-0.0004,0.36961214
300929,华骐环保,13.98,13.83,70052409.0,5051860.0,1.085,0.01085,0.70052409
300930,屹通新材,24.86,24.66,35278495.0,1427919.0,0.811,0.008110000000000001,0.35278495
300931,通用电梯,11.62,11.46,51729150.0,4481931.0,1.396,0.013959999999999998,0.5172915
300932,三友联众,9.9,9.98,142762000.0,14418614.0,-0.802,-0.008020000000000001,1.42762
300933,中辰股份,6.72,6.83,165048276.0,24466093.0,-1.611,-0.01611,1.65048276
300935,盈建科,33.85,32.0,373427884.0,11172633.0,5.781,0.05781,3.73427884
300936,中英科技,67.78,66.28,214891538.0,3224779.0,2.263,0.022629999999999997,2.14891538
300937,药易购,26.93,24.46,440665716.0,16846624.0,10.098,0.10098000000000001,4.40665716
300938,信测标准,27.35,26.76,416870756.0,15428036.0,2.205,0.02205,4.16870756
300939,秋田微,59.9,56.84,323911196.0,5397305.0,5.384,0.053840000000000006,3.23911196
300940,南极光,14.14,13.96,88012164.0,6290710.0,1.289,0.012889999999999999,0.88012164
300941,创识科技,16.29,14.87,346058169.0,21269277.0,9.549,0.09548999999999999,3.46058169
300942,易瑞生物,6.69,6.49,96848828.0,14465970.0,3.082,0.03082,0.96848828
300943,春晖智控,26.8,26.54,294205919.0,11053639.0,0.98,0.0098,2.94205919
300945,曼卡龙,11.8,11.89,288274721.0,23858305.0,-0.757,-0.00757,2.88274721
300946,恒而达,39.86,40.05,36912485.0,922542.0,-0.474,-0.004739999999999999,0.36912485
300947,德必集团,14.03,14.03,33860114.0,2412375.0,0.0,0.0,0.33860114
300948,冠中生态,20.72,20.19,171341670.0,8349007.0,2.625,0.02625,1.7134167
300949,奥雅股份,21.74,21.51,25152888.0,1162260.0,1.069,0.01069,0.25152888
300950,德固特,16.73,16.74,27775263.0,1654341.0,-0.06,-0.0006,0.27775263
300951,博硕科技,67.26,65.99,596046870.0,9004931.0,1.925,0.01925,5.9604687
300952,恒辉安防,17.17,17.38,66913829.0,3897142.0,-1.208,-0.01208,0.66913829
300953,震裕科技,101.3,101.31,693150238.0,6815859.0,-0.01,-0.0001,6.93150238
300955,嘉亨家化,31.42,31.0,46029092.0,1481816.0,1.355,0.01355,0.46029092
300956,英力股份,11.16,10.88,90812505.0,8150764.0,2.574,0.02574,0.90812505
300957,贝泰妮,32.77,33.6,407676058.0,12412151.0,-2.47,-0.024700000000000003,4.07676058
300958,建工修复,11.26,11.29,53439454.0,4748331.0,-0.266,-0.00266,0.53439454
300959,线上线下,100.6,97.25,351212024.0,3548820.0,3.445,0.03445,3.51212024
300960,通业科技,15.86,15.65,29687756.0,1882520.0,1.342,0.013420000000000001,0.29687756
300961,深水海纳,11.43,10.63,136580952.0,12197700.0,7.526,0.07526,1.36580952
300962,中金辐照,13.23,13.29,35202776.0,2659191.0,-0.451,-0.00451,0.35202776
300963,中洲特材,12.45,12.96,266097987.0,21114960.0,-3.935,-0.03935,2.66097987
300964,本川智能,54.48,51.66,416510948.0,7648380.0,5.459,0.05459,4.16510948
300965,恒宇信通,43.37,43.06,34909141.0,805021.0,0.72,0.0072,0.34909141
300966,共同药业,26.41,25.7,120753624.0,4501950.0,2.763,0.02763,1.20753624
300967,晓鸣股份,15.28,15.17,72959225.0,4819499.0,0.725,0.0072499999999999995,0.72959225
300968,格林精密,10.97,11.13,192532530.0,17536055.0,-1.438,-0.014379999999999999,1.9253253
300969,恒帅股份,75.26,75.8,163930396.0,2171668.0,-0.712,-0.00712,1.63930396
300970,华绿生物,17.48,17.22,100268640.0,5781704.0,1.51,0.0151,1.0026864
300971,博亚精工,18.75,18.63,40458255.0,2179140.0,0.644,0.00644,0.40458255
300972,万辰集团,202.66,205.01,392282415.0,1943401.0,-1.146,-0.01146,3.92282415
300973,立高食品,24.88,25.49,62903925.0,2525030.0,-2.393,-0.023929999999999996,0.62903925
300975,商络电子,27.45,26.3,2046320098.0,75677423.0,4.373,0.043730000000000005,20.46320098
300976,达瑞电子,53.79,52.21,272884191.0,5104693.0,3.026,0.03026,2.72884191
300977,深圳瑞捷,15.81,15.83,18703341.0,1188388.0,-0.126,-0.00126,0.18703341
300978,东箭科技,8.5,8.53,29580322.0,3492100.0,-0.352,-0.0035199999999999997,0.29580322
300979,华利集团,34.42,34.16,90694260.0,2649060.0,0.761,0.0076100000000000004,0.9069426
300980,祥源新材,21.77,21.51,93980452.0,4352400.0,1.209,0.01209,0.93980452
300981,中红医疗,14.46,15.6,448690318.0,31030025.0,-7.308,-0.07307999999999999,4.48690318
300982,苏文电能,15.22,15.3,39310735.0,2589118.0,-0.523,-0.00523,0.39310735
300983,尤安设计,40.64,38.82,83349064.0,2082341.0,4.688,0.04688,0.83349064
300984,金沃股份,33.77,33.74,107001277.0,3170552.0,0.089,0.00089,1.07001277
300985,致远新能,31.51,30.04,153117622.0,4912105.0,4.893,0.04893,1.53117622
300986,志特新材,12.33,12.8,610745793.0,49138649.0,-3.672,-0.03672,6.10745793
300987,川网传媒,13.62,13.71,50628069.0,3709180.0,-0.656,-0.00656,0.50628069
300988,津荣天宇,14.84,14.88,61076680.0,4139650.0,-0.269,-0.00269,0.6107668
300989,蕾奥规划,12.84,13.62,171071660.0,13414413.0,-5.727,-0.05727,1.7107166
300990,同飞股份,70.16,70.17,402173704.0,5793698.0,-0.014,-0.00014000000000000001,4.02173704
300991,创益通,27.77,27.09,87937957.0,3195404.0,2.51,0.025099999999999997,0.87937957
300992,泰福泵业,23.23,22.4,40459686.0,1758600.0,3.705,0.03705,0.40459686
300993,玉马科技,9.91,9.99,24371161.0,2462600.0,-0.801,-0.00801,0.24371161
300994,久祺股份,10.96,10.96,21568553.0,1977927.0,0.0,0.0,0.21568553
300995,奇德新材,26.32,25.99,31566032.0,1208700.0,1.27,0.0127,0.31566032
300996,普联软件,20.31,19.2,2090969682.0,104289363.0,5.781,0.05781,20.90969682
300997,欢乐家,17.4,17.98,387650547.0,22061360.0,-3.226,-0.03226,3.87650547
300998,宁波方正,25.18,24.09,77700026.0,3114101.0,4.525,0.045250000000000005,0.77700026
300999,金龙鱼,26.09,26.18,211630966.0,8128379.0,-0.344,-0.00344,2.11630966
301000,肇民科技,25.62,25.9,115978161.0,4478698.0,-1.081,-0.01081,1.15978161
301001,凯淳股份,23.55,23.77,44260846.0,1876040.0,-0.926,-0.009260000000000001,0.44260846
301002,崧盛股份,28.96,28.68,128757973.0,4461506.0,0.976,0.00976,1.28757973
301003,江苏博云,50.77,49.2,85195069.0,1712534.0,3.191,0.03191,0.85195069
301004,嘉益股份,36.0,35.91,33130441.0,926578.0,0.251,0.00251,0.33130441
301005,超捷股份,76.6,73.98,903596528.0,11918912.0,3.541,0.03541,9.03596528
301006,迈拓股份,13.25,13.07,20579703.0,1567019.0,1.377,0.01377,0.20579703
301007,德迈仕,33.78,28.9,384661119.0,12133925.0,16.886,0.16885999999999998,3.84661119
301008,宏昌科技,34.51,33.8,213672818.0,6235399.0,2.101,0.02101,2.13672818
301009,可靠股份,8.92,8.88,22010887.0,2481200.0,0.45,0.0045000000000000005,0.22010887
301010,晶雪节能,16.68,16.61,22096361.0,1334500.0,0.421,0.00421,0.22096361
301011,华立科技,15.04,15.07,30611180.0,2028800.0,-0.199,-0.00199,0.3061118
301012,扬电科技,26.32,26.86,357515837.0,13516156.0,-2.01,-0.020099999999999996,3.57515837
301013,利和兴,45.27,45.7,1944280618.0,43590902.0,-0.941,-0.00941,19.44280618
301015,百洋医药,22.43,23.51,204860210.0,9004489.0,-4.594,-0.04594,2.0486021
301016,雷尔伟,13.17,13.84,152981150.0,11589103.0,-4.841,-0.04841,1.5298115
301017,漱玉平民,13.72,13.9,165646881.0,11932403.0,-1.295,-0.01295,1.65646881
301018,申菱环境,83.35,84.1,1115012724.0,13386016.0,-0.892,-0.00892,11.15012724
301019,宁波色母,15.37,15.12,40468072.0,2657133.0,1.653,0.01653,0.40468072
301020,密封科技,21.0,20.66,47448287.0,2293394.0,1.646,0.01646,0.47448287
301021,英诺激光,65.25,60.9,691111886.0,10867269.0,7.143,0.07143,6.91111886
301022,海泰科,22.76,23.14,40324516.0,1768200.0,-1.642,-0.01642,0.40324516
301023,奕帆传动,29.96,29.65,45527355.0,1514292.0,1.046,0.01046,0.45527355
301024,霍普股份,32.25,32.11,32679951.0,1020300.0,0.436,0.00436,0.32679951
301025,读客文化,8.95,9.05,70895395.0,7814905.0,-1.105,-0.011049999999999999,0.70895395
301026,浩通科技,22.44,21.49,755472729.0,33882358.0,4.421,0.04421,7.55472729
301027,华蓝集团,20.0,20.3,82284971.0,4077701.0,-1.478,-0.01478,0.82284971
301028,鼎熔岩,12.73,12.49,81169434.0,6436400.0,1.922,0.01922,0.81169434
301029,怡合达,27.27,25.73,565657920.0,21021070.0,5.985,0.05985,5.6565792
301031,中熔电气,88.0,87.98,221607121.0,2528778.0,0.023,0.00023,2.21607121
301032,新柴股份,9.92,9.82,32691742.0,3322859.0,1.018,0.01018,0.32691742
301033,迈普医学,59.16,59.88,71506297.0,1218081.0,-1.202,-0.01202,0.71506297
301035,润丰股份,53.43,54.91,118496987.0,2196309.0,-2.695,-0.026949999999999998,1.18496987
301036,双乐股份,21.42,21.18,22797623.0,1070890.0,1.133,0.01133,0.22797623
301037,保立佳,12.89,12.39,39861141.0,3120539.0,4.036,0.04035999999999999,0.39861141
301038,深水规院,16.59,16.65,54095017.0,3269300.0,-0.36,-0.0036,0.54095017
301039,中集车辆,8.01,8.18,165045660.0,20529506.0,-2.078,-0.02078,1.6504566
301040,中环海陆,25.76,25.69,69563443.0,2695501.0,0.272,0.00272,0.69563443
301041,金百泽,23.88,23.33,116557935.0,4927595.0,2.357,0.02357,1.16557935
301042,安联锐视,31.48,29.81,356328297.0,11610235.0,5.602,0.05602,3.56328297
301043,绿岛风,43.21,41.55,36166134.0,843600.0,3.995,0.03995,0.36166134
301045,天禄科技,66.18,63.36,575060855.0,8805774.0,4.451,0.044509999999999994,5.75060855
301046,能辉科技,19.31,19.16,53780870.0,2804980.0,0.783,0.00783,0.5378087
301047,义翘神州,89.9,90.6,757316196.0,8490112.0,-0.773,-0.00773,7.57316196
301048,金鹰重工,9.09,9.1,32660901.0,3607400.0,-0.11,-0.0011,0.32660901
301049,超越科技,19.21,19.09,21203273.0,1109900.0,0.629,0.0062900000000000005,0.21203273
301050,雷电微力,31.39,31.62,118826949.0,3788695.0,-0.727,-0.0072699999999999996,1.18826949
301051,信濠光电,15.47,14.75,170834085.0,11166415.0,4.881,0.04881,1.70834085
301052,果麦文化,24.72,24.76,138048263.0,5539400.0,-0.162,-0.0016200000000000001,1.38048263
301053,远信工业,40.3,40.8,265215235.0,6607917.0,-1.225,-0.01225,2.65215235
301055,张小泉,29.65,28.51,155119435.0,5261800.0,3.999,0.03999,1.55119435
301056,森赫股份,10.52,9.96,56532574.0,5525300.0,5.622,0.05622,0.56532574
301057,汇隆新材,21.12,21.29,59771123.0,2796440.0,-0.798,-0.007980000000000001,0.59771123
301058,中粮科工,8.67,8.25,155743265.0,18349425.0,5.091,0.050910000000000004,1.55743265
301059,金三江,11.26,11.24,29893792.0,2670627.0,0.178,0.00178,0.29893792
301060,兰卫医学,8.93,8.96,45365399.0,5080600.0,-0.335,-0.00335,0.45365399
301061,匠心家居,35.68,36.3,118365666.0,3315740.0,-1.708,-0.017079999999999998,1.18365666
301062,上海艾录,6.52,6.4,84404629.0,12992200.0,1.875,0.01875,0.84404629
301063,海锅股份,17.5,17.34,23685043.0,1362750.0,0.923,0.00923,0.23685043
301065,本立科技,18.53,18.48,17564459.0,952250.0,0.271,0.00271,0.17564459
301066,万事利,12.5,12.57,36792691.0,2952609.0,-0.557,-0.00557,0.36792691
301067,显盈科技,27.8,27.52,81730254.0,2950199.0,1.017,0.010169999999999998,0.81730254
301068,大地海洋,29.29,28.93,36785304.0,1275520.0,1.244,0.01244,0.36785304
301069,凯盛新材,16.73,16.76,108403875.0,6494747.0,-0.179,-0.00179,1.08403875
301070,开勒股份,61.63,58.58,194965126.0,3244284.0,5.207,0.05207,1.94965126
301071,力量钻石,58.11,56.47,949793464.0,16531906.0,2.904,0.02904,9.49793464
301072,中捷精工,33.67,34.15,114733394.0,3447100.0,-1.406,-0.01406,1.14733394
301073,君亭酒店,17.92,17.98,108842003.0,6028270.0,-0.334,-0.00334,1.08842003
301075,多瑞医药,55.7,55.59,63439655.0,1145700.0,0.198,0.00198,0.63439655
301076,新瀚新材,22.88,23.05,227784700.0,9882166.0,-0.738,-0.00738,2.277847
301077,星华新材,20.54,20.05,54262196.0,2662366.0,2.444,0.02444,0.54262196
301078,孩子王,7.44,7.6,137287469.0,18336925.0,-2.105,-0.02105,1.37287469
301079,邵阳液压,29.1,28.84,124430682.0,4277400.0,0.902,0.00902,1.24430682
301080,百普赛斯,53.96,53.99,336361462.0,6148012.0,-0.056,-0.0005600000000000001,3.36361462
301081,严牌股份,12.34,11.9,54906089.0,4501937.0,3.697,0.03697,0.54906089
301082,久盛电气,11.46,12.13,438040463.0,38306658.0,-5.523,-0.055229999999999994,4.38040463
301083,百胜智能,13.54,13.47,23041381.0,1708435.0,0.52,0.0052,0.23041381
301085,亚康股份,62.34,63.49,261138013.0,4163430.0,-1.811,-0.01811,2.61138013
301086,鸿富瀚,109.22,106.0,399126186.0,3717850.0,3.038,0.030379999999999997,3.99126186
301087,可孚医疗,51.76,53.06,105363434.0,2024324.0,-2.45,-0.0245,1.05363434
301088,戎美股份,12.03,12.01,17308150.0,1451638.0,0.167,0.00167,0.1730815
301089,拓新药业,23.65,23.7,52472076.0,2225216.0,-0.211,-0.00211,0.52472076
301090,华润材料,6.56,6.62,47556843.0,7259800.0,-0.906,-0.00906,0.47556843
301091,深城交,18.22,17.97,188205259.0,10417157.0,1.391,0.01391,1.88205259
301092,争光股份,43.93,43.52,205401169.0,4680636.0,0.942,0.00942,2.05401169
301093,华兰股份,71.38,65.9,604337874.0,8549599.0,8.316,0.08316000000000001,6.04337874
301095,广立微,71.67,71.78,480406716.0,6727459.0,-0.153,-0.00153,4.80406716
301096,百诚医药,41.84,41.5,76093170.0,1830100.0,0.819,0.00819,0.7609317
301097,天益医疗,33.28,33.06,27178712.0,818829.0,0.665,0.0066500000000000005,0.27178712
301098,金埔园林,8.48,8.37,112948196.0,13230734.0,1.314,0.01314,1.12948196
301099,雅创电子,48.57,47.64,463755441.0,9675058.0,1.952,0.01952,4.63755441
301100,风光股份,16.18,15.94,44488440.0,2771405.0,1.506,0.01506,0.4448844
301101,明月镜片,29.44,30.06,62793530.0,2124179.0,-2.063,-0.020630000000000003,0.6279353
301102,兆讯传媒,9.87,9.75,41691512.0,4239853.0,1.231,0.012310000000000001,0.41691512
301103,何氏眼科,16.09,16.11,27050684.0,1684691.0,-0.124,-0.00124,0.27050684
301105,鸿铭股份,47.17,45.8,33788365.0,719960.0,2.991,0.029910000000000003,0.33788365
301106,骏成科技,16.84,16.65,34487178.0,2063880.0,1.141,0.01141,0.34487178
301107,瑜欣电子,19.15,18.56,41169545.0,2163840.0,3.179,0.03179,0.41169545
301108,洁雅股份,36.82,35.75,77621356.0,2117900.0,2.993,0.02993,0.77621356
301109,军信股份,13.6,13.76,72531469.0,5331473.0,-1.163,-0.01163,0.72531469
301110,青木科技,38.01,38.43,174789493.0,4571793.0,-1.093,-0.01093,1.74789493
301111,粤万年青,19.58,19.0,96082304.0,4972599.0,3.053,0.030529999999999998,0.96082304
301112,信邦智能,31.77,32.0,46891247.0,1474504.0,-0.719,-0.007189999999999999,0.46891247
301113,雅艺科技,15.62,15.4,21810097.0,1409828.0,1.429,0.01429,0.21810097
301115,联检科技,26.98,26.29,141861788.0,5282107.0,2.625,0.02625,1.41861788
301116,益客食品,8.72,8.75,43877815.0,5058724.0,-0.343,-0.0034300000000000003,0.43877815
301117,佳缘科技,18.6,18.41,125173213.0,6732420.0,1.032,0.010320000000000001,1.25173213
301118,恒光股份,21.99,21.15,117336789.0,5355720.0,3.972,0.03972,1.17336789
301119,正强股份,21.05,20.96,32755989.0,1560480.0,0.429,0.0042899999999999995,0.32755989
301120,新特电气,15.38,15.89,259926894.0,16840210.0,-3.21,-0.0321,2.59926894
301121,紫建电子,33.87,34.44,48275831.0,1411954.0,-1.655,-0.01655,0.48275831
301122,采纳股份,31.15,31.2,141863190.0,4529291.0,-0.16,-0.0016,1.4186319
301123,奕东电子,70.12,65.5,701285929.0,10392770.0,7.053,0.07053,7.01285929
301125,腾亚精工,13.85,13.69,43601773.0,3174383.0,1.169,0.01169,0.43601773
301126,达嘉维康,9.33,9.27,44820330.0,4841800.0,0.647,0.00647,0.4482033
301127,武汉天源,14.88,14.98,485032746.0,32335653.0,-0.668,-0.00668,4.85032746
301128,强瑞技术,106.88,102.28,944506423.0,8833205.0,4.497,0.044969999999999996,9.44506423
301129,瑞纳智能,21.02,21.05,26643866.0,1269200.0,-0.143,-0.0014299999999999998,0.26643866
301130,西点药业,24.42,24.15,29953439.0,1235422.0,1.118,0.01118,0.29953439
301131,聚赛龙,33.18,32.92,24120395.0,732101.0,0.79,0.0079,0.24120395
301132,满坤科技,32.54,31.5,195002703.0,6073275.0,3.302,0.03302,1.95002703
301133,金钟股份,26.2,26.07,61947427.0,2378469.0,0.499,0.00499,0.61947427
301135,瑞德智能,16.35,16.3,36739209.0,2250471.0,0.307,0.00307,0.36739209
301136,招标股份,11.54,11.51,58577773.0,5090200.0,0.261,0.00261,0.58577773
301137,哈焊华通,36.53,38.36,421278876.0,11358106.0,-4.771,-0.04771,4.21278876
301138,华研精机,26.15,26.15,20968510.0,805800.0,0.0,0.0,0.2096851
301141,中科磁业,41.81,40.02,310105045.0,7489032.0,4.473,0.04473,3.10105045
301148,嘉戎技术,47.28,48.0,61176757.0,1291900.0,-1.5,-0.015,0.61176757
301149,隆华新材,7.9,7.78,56443577.0,7182806.0,1.542,0.01542,0.56443577
301150,中一科技,37.45,36.53,831218835.0,22401191.0,2.518,0.025179999999999998,8.31218835
301151,冠龙节能,17.06,16.02,151884468.0,8879163.0,6.492,0.06492,1.51884468
301152,天力锂能,19.68,19.88,87586276.0,4456300.0,-1.006,-0.01006,0.87586276
301153,中科江南,18.3,18.49,97926828.0,5315683.0,-1.028,-0.010280000000000001,0.97926828
301155,海力风电,46.51,46.07,312248321.0,6737420.0,0.955,0.00955,3.12248321
301156,美农生物,11.2,10.93,40753213.0,3703555.0,2.47,0.024700000000000003,0.40753213
301157,华塑科技,59.31,57.22,57046402.0,979960.0,3.653,0.03653,0.57046402
301158,德石股份,14.79,14.82,107311376.0,7310155.0,-0.202,-0.00202,1.07311376
301159,三维天地,32.32,33.47,218967874.0,6678027.0,-3.436,-0.03436,2.18967874
301160,翔楼新材,37.34,36.96,125574723.0,3372774.0,1.028,0.010280000000000001,1.25574723
301161,唯万密封,26.45,26.54,116904694.0,4427592.0,-0.339,-0.0033900000000000002,1.16904694
301162,国能日新,40.76,41.07,88461570.0,2150824.0,-0.755,-0.00755,0.8846157
301163,宏德股份,22.78,22.93,25905353.0,1142732.0,-0.654,-0.006540000000000001,0.25905353
301165,锐捷网络,119.18,115.52,4276191616.0,36709490.0,3.168,0.03168,42.76191616
301166,优宁维,26.51,26.37,26082482.0,986300.0,0.531,0.0053100000000000005,0.26082482
301167,建研设计,13.48,13.41,22031106.0,1641267.0,0.522,0.00522,0.22031106
301168,通灵股份,42.75,42.81,61517548.0,1449291.0,-0.14,-0.0014000000000000002,0.61517548
301169,零点有数,55.57,54.09,178837027.0,3267918.0,2.736,0.027360000000000002,1.78837027
301170,锡南科技,22.18,22.01,24418264.0,1107092.0,0.772,0.00772,0.24418264
301171,易点天下,38.42,39.01,4003779841.0,103839252.0,-1.512,-0.01512,40.03779841
301172,君逸数码,17.94,17.76,143992769.0,8055874.0,1.014,0.01014,1.43992769
301173,毓恬冠佳,30.34,30.26,28008038.0,926300.0,0.264,0.00264,0.28008038
301175,中科环保,5.45,5.46,91662188.0,16847432.0,-0.183,-0.00183,0.91662188
301176,逸豪新材,45.11,44.0,497512292.0,11128891.0,2.523,0.025230000000000002,4.97512292
301177,迪阿股份,23.31,23.24,41822791.0,1783392.0,0.301,0.00301,0.41822791
301178,天亿马,35.79,36.65,133700678.0,3690480.0,-2.347,-0.02347,1.33700678
301179,泽宇智能,19.97,20.01,70968064.0,3564068.0,-0.2,-0.002,0.70968064
301180,万祥科技,11.54,11.53,33786135.0,2951100.0,0.087,0.0008699999999999999,0.33786135
301181,标榜股份,22.7,22.0,77054649.0,3421854.0,3.182,0.03182,0.77054649
301182,凯旺科技,68.5,69.19,420046205.0,6260976.0,-0.997,-0.00997,4.20046205
301183,东田微,164.3,161.45,781163630.0,4785412.0,1.765,0.01765,7.8116363
301185,鸥玛软件,16.87,16.87,41913685.0,2502706.0,0.0,0.0,0.41913685
301186,超达装备,35.51,35.08,50097353.0,1427558.0,1.226,0.01226,0.50097353
301187,欧圣电气,15.88,15.78,30733912.0,1944440.0,0.634,0.00634,0.30733912
301188,力诺药包,38.41,37.55,675653347.0,17753368.0,2.29,0.0229,6.75653347
301189,奥尼电子,47.57,46.15,215234721.0,4567900.0,3.077,0.03077,2.15234721
301190,善水科技,18.15,18.2,124466344.0,6903253.0,-0.275,-0.0027500000000000003,1.24466344
301191,菲菱科思,93.86,90.23,671238198.0,7269762.0,4.023,0.040229999999999995,6.71238198
301192,泰祥股份,19.19,19.0,22252307.0,1166500.0,1.0,0.01,0.22252307
301193,家联科技,17.68,17.62,73968348.0,4209568.0,0.341,0.0034100000000000003,0.73968348
301195,北路智控,26.57,26.61,35996195.0,1355779.0,-0.15,-0.0015,0.35996195
301196,唯科科技,79.38,75.7,739255239.0,9392768.0,4.861,0.04861,7.39255239
301197,工大科雅,26.06,25.69,123036051.0,4741900.0,1.44,0.0144,1.23036051
301198,喜悦智行,11.86,11.84,42973474.0,3660057.0,0.169,0.00169,0.42973474
301199,迈赫股份,18.28,18.51,35430785.0,1934220.0,-1.243,-0.012430000000000002,0.35430785
301200,大族数控,269.31,261.39,1232783546.0,4639517.0,3.03,0.030299999999999997,12.32783546
301201,诚达药业,33.24,31.18,367365584.0,11214557.0,6.607,0.06607,3.67365584
301202,朗威股份,33.39,33.54,44047460.0,1319112.0,-0.447,-0.00447,0.4404746
301203,国泰环保,32.32,32.86,19815186.0,610500.0,-1.643,-0.01643,0.19815186
301205,联特科技,284.08,261.08,3230081653.0,11578356.0,8.81,0.08810000000000001,32.30081653
301206,三元生物,23.45,23.65,23395715.0,1001500.0,-0.846,-0.00846,0.23395715
301207,华兰疫苗,17.43,17.76,70339663.0,4020380.0,-1.858,-0.01858,0.70339663
301208,中亦科技,30.04,29.81,47329201.0,1576160.0,0.772,0.00772,0.47329201
301209,联合化学,48.86,49.2,126838394.0,2605525.0,-0.691,-0.0069099999999999995,1.26838394
301210,金杨精密,24.0,24.15,91193504.0,3805939.0,-0.621,-0.00621,0.91193504
301211,亨迪药业,10.96,10.85,98529724.0,9059265.0,1.014,0.01014,0.98529724
301212,联盛化学,21.76,21.43,24765669.0,1147900.0,1.54,0.0154,0.24765669
301213,观想科技,44.76,45.99,113085516.0,2527116.0,-2.674,-0.02674,1.13085516
301215,中汽股份,5.28,5.36,96659510.0,18293462.0,-1.493,-0.01493,0.9665951
301216,万凯新材,16.73,16.73,185460386.0,11120764.0,0.0,0.0,1.85460386
301217,铜冠铜箔,99.0,94.9,4889885426.0,49965940.0,4.32,0.0432,48.89885426
301218,华是科技,44.42,40.99,646773666.0,14797528.0,8.368,0.08368,6.46773666
301219,腾远钴业,47.29,47.6,454042447.0,9556776.0,-0.651,-0.00651,4.54042447
301220,亚香股份,27.75,27.92,34537385.0,1249913.0,-0.609,-0.00609,0.34537385
301221,光庭信息,29.09,29.18,82513478.0,2825856.0,-0.308,-0.00308,0.82513478
301222,浙江恒威,24.29,24.39,33180759.0,1367020.0,-0.41,-0.0040999999999999995,0.33180759
301223,中荣股份,16.45,16.42,13707390.0,838500.0,0.183,0.00183,0.1370739
301225,恒勃股份,54.9,54.18,187604804.0,3440836.0,1.329,0.01329,1.87604804
301226,祥明智能,29.55,28.88,64872377.0,2201642.0,2.32,0.0232,0.64872377
301227,森鹰窗业,25.12,23.01,144503219.0,5936125.0,9.17,0.0917,1.44503219
301228,实朴检测,66.77,61.25,275085344.0,4215112.0,9.012,0.09012,2.75085344
301229,纽泰格,11.99,12.0,35764915.0,2984288.0,-0.083,-0.00083,0.35764915
301230,泓博医药,27.02,27.31,292735570.0,10763133.0,-1.062,-0.010620000000000001,2.9273557
301231,荣信文化,27.95,27.7,187670389.0,6672821.0,0.903,0.00903,1.87670389
301232,飞沃科技,113.9,110.03,479436343.0,4281934.0,3.517,0.03517,4.79436343
301233,盛帮股份,32.62,32.05,21496753.0,663300.0,1.778,0.01778,0.21496753
301234,五洲医疗,69.68,71.55,425494860.0,5995110.0,-2.614,-0.02614,4.2549486
301235,华康洁净,40.7,40.6,257368755.0,6364528.0,0.246,0.00246,2.57368755
301236,软通动力,42.18,42.79,1933575585.0,45888631.0,-1.426,-0.01426,19.33575585
301237,和顺科技,53.9,51.34,135621470.0,2569539.0,4.986,0.049859999999999995,1.3562147
301238,瑞泰新材,16.58,16.72,161082327.0,9729254.0,-0.837,-0.008369999999999999,1.61082327
301239,普瑞眼科,32.02,32.3,57136482.0,1788215.0,-0.867,-0.00867,0.57136482
301246,宏源药业,20.36,19.94,189650838.0,9449098.0,2.106,0.02106,1.89650838
301248,杰创智能,62.33,62.65,463683394.0,7459697.0,-0.511,-0.00511,4.63683394
301251,威尔高,39.83,33.19,498119237.0,13425360.0,20.006,0.20006000000000002,4.98119237
301252,同星科技,30.81,30.8,73053571.0,2365300.0,0.032,0.00032,0.73053571
301255,通力科技,20.51,20.47,24106547.0,1175698.0,0.195,0.0019500000000000001,0.24106547
301256,华融化学,10.47,10.17,66567713.0,6452467.0,2.95,0.029500000000000002,0.66567713
301257,普蕊斯,41.17,41.59,168380371.0,4059628.0,-1.01,-0.0101,1.68380371
301258,富士莱,25.1,24.72,30618797.0,1231701.0,1.537,0.01537,0.30618797
301259,艾布鲁,23.9,23.94,114797565.0,4832194.0,-0.167,-0.00167,1.14797565
301260,格力博,13.94,14.1,31196513.0,2237720.0,-1.135,-0.01135,0.31196513
301261,恒工精密,57.4,57.48,129804854.0,2246434.0,-0.139,-0.0013900000000000002,1.29804854
301262,海看股份,20.2,20.74,177251500.0,8718427.0,-2.604,-0.02604,1.772515
301263,泰恩康,20.13,20.41,77597826.0,3853915.0,-1.372,-0.013720000000000001,0.77597826
301265,华新科技,19.34,18.94,124955936.0,6528700.0,2.112,0.02112,1.24955936
301266,宇邦新材,21.09,21.27,54989180.0,2620899.0,-0.846,-0.00846,0.5498918
301267,华厦眼科,15.95,16.34,68461175.0,4265790.0,-2.387,-0.02387,0.68461175
301268,铭利达,13.26,13.34,57763657.0,4364148.0,-0.6,-0.006,0.57763657
301269,华大九天,94.4,92.85,874190450.0,9420888.0,1.669,0.01669,8.7419045
301270,汉仪股份,33.16,33.74,304374367.0,9193868.0,-1.719,-0.01719,3.04374367
301272,英华特,33.17,32.82,22900328.0,695270.0,1.066,0.010660000000000001,0.22900328
301273,瑞晨环保,37.1,35.4,154299074.0,4324236.0,4.802,0.04801999999999999,1.54299074
301275,汉朔科技,44.54,45.83,313470506.0,6996494.0,-2.815,-0.028149999999999998,3.13470506
301276,嘉曼服饰,19.96,19.99,28724954.0,1455040.0,-0.15,-0.0015,0.28724954
301277,新天地,10.24,10.37,60872908.0,5937706.0,-1.254,-0.01254,0.60872908
301278,快可电子,27.33,27.26,38461720.0,1417900.0,0.257,0.0025700000000000002,0.3846172
301279,金道科技,18.32,18.05,31163784.0,1716709.0,1.496,0.01496,0.31163784
301280,珠城科技,39.73,39.47,55017556.0,1392576.0,0.659,0.00659,0.55017556
301281,科源制药,38.2,37.0,90672290.0,2396451.0,3.243,0.03243,0.9067229
301282,金禄电子,23.12,22.76,182804492.0,7958478.0,1.582,0.01582,1.82804492
301283,聚胶股份,25.48,25.61,22306054.0,874845.0,-0.508,-0.00508,0.22306054
301285,鸿日达,70.72,70.39,170345683.0,2423300.0,0.469,0.00469,1.70345683
301286,侨源股份,40.67,39.67,73376877.0,1828900.0,2.521,0.02521,0.73376877
301287,康力源,34.14,33.88,22822632.0,671800.0,0.767,0.00767,0.22822632
301288,清研环境,16.45,16.52,21488466.0,1319300.0,-0.424,-0.00424,0.21488466
301289,国缆检测,43.86,43.92,20978183.0,479328.0,-0.137,-0.0013700000000000001,0.20978183
301290,东星医疗,27.18,26.85,30829355.0,1135100.0,1.229,0.01229,0.30829355
301291,明阳电气,41.26,40.5,419609367.0,10365470.0,1.877,0.01877,4.19609367
301292,海科新源,70.39,69.67,1193145863.0,16897911.0,1.033,0.010329999999999999,11.93145863
301293,三博脑科,55.11,56.56,715549545.0,12870855.0,-2.564,-0.02564,7.15549545
301295,美硕科技,43.62,43.1,93186238.0,2156456.0,1.206,0.01206,0.93186238
301296,新巨丰,6.28,6.28,20251412.0,3230100.0,0.0,0.0,0.20251412
301297,富乐德,33.77,33.73,642403662.0,19125984.0,0.119,0.0011899999999999999,6.42403662
301298,东利机械,12.24,12.15,17695296.0,1453520.0,0.741,0.00741,0.17695296
301299,卓创资讯,44.77,44.81,50899472.0,1138690.0,-0.089,-0.00089,0.50899472
301300,远翔新材,30.58,30.28,19534402.0,642948.0,0.991,0.00991,0.19534402
301301,川宁生物,8.76,8.76,97214814.0,11133072.0,0.0,0.0,0.97214814
301302,华如科技,24.21,24.4,234800512.0,9698628.0,-0.779,-0.00779,2.34800512
301303,真兰仪表,13.39,13.72,70636213.0,5252272.0,-2.405,-0.02405,0.70636213
301305,朗坤科技,22.66,22.69,113333658.0,5000992.0,-0.132,-0.00132,1.13333658
301306,西测测试,93.15,91.4,354060373.0,3818650.0,1.915,0.01915,3.54060373
301307,美利信,51.05,49.08,452159715.0,9057141.0,4.014,0.04014,4.52159715
301308,江波龙,366.33,364.92,7143117259.0,19924768.0,0.386,0.00386,71.43117259
301309,万得凯,30.78,29.99,24704004.0,814100.0,2.634,0.02634,0.24704004
301310,鑫宏业,59.71,54.83,548107450.0,9549430.0,8.9,0.08900000000000001,5.4810745
301311,昆船智能,13.85,13.58,74604148.0,5370495.0,1.988,0.01988,0.74604148
301312,智立方,64.99,62.53,570273043.0,8852088.0,3.934,0.03934,5.70273043
301313,凡拓数创,36.85,37.07,450901483.0,12097355.0,-0.593,-0.0059299999999999995,4.50901483
301314,科瑞思,40.35,39.92,27301894.0,682860.0,1.077,0.01077,0.27301894
301315,威士顿,38.75,38.85,65539566.0,1688697.0,-0.257,-0.0025700000000000002,0.65539566
301316,慧博云通,39.31,39.77,429610507.0,10935921.0,-1.157,-0.01157,4.29610507
301317,鑫磊股份,44.11,44.29,127921017.0,2907399.0,-0.406,-0.00406,1.27921017
301318,维海德,20.85,20.84,25380212.0,1221500.0,0.048,0.00048,0.25380212
301319,唯特偶,108.3,98.01,2146099124.0,21637082.0,10.499,0.10499,21.46099124
301320,豪江智能,12.67,12.58,23408524.0,1857000.0,0.715,0.00715,0.23408524
301321,翰博高新,35.15,35.16,197994899.0,5676600.0,-0.028,-0.00028000000000000003,1.97994899
301322,绿通科技,36.22,36.31,133867715.0,3734409.0,-0.248,-0.00248,1.33867715
301323,新莱福,76.3,73.88,181744795.0,2406985.0,3.276,0.03276,1.81744795
301325,曼恩斯特,31.51,31.87,51536299.0,1631599.0,-1.13,-0.0113,0.51536299
301326,捷邦科技,91.93,87.65,228961147.0,2530407.0,4.883,0.04883,2.28961147
301327,华宝新能,45.2,46.11,60088286.0,1325906.0,-1.974,-0.01974,0.60088286
301328,维峰电子,52.46,48.13,194152483.0,3871184.0,8.996,0.08996,1.94152483
301329,信音电子,19.56,19.42,59650604.0,3070090.0,0.721,0.007209999999999999,0.59650604
301330,熵基科技,24.51,24.91,67258215.0,2728200.0,-1.606,-0.01606,0.67258215
301331,恩威医药,20.89,20.87,24423240.0,1172740.0,0.096,0.00096,0.2442324
301332,德尔玛,8.24,8.36,30591613.0,3703393.0,-1.435,-0.01435,0.30591613
301333,诺思格,50.5,51.3,95763891.0,1885758.0,-1.559,-0.01559,0.95763891
301335,天元宠物,21.12,21.36,23976452.0,1132300.0,-1.124,-0.011240000000000002,0.23976452
301336,趣睡科技,39.62,39.49,24154358.0,612190.0,0.329,0.00329,0.24154358
301337,亚华电子,24.96,25.2,46191137.0,1817900.0,-0.952,-0.009519999999999999,0.46191137
301338,凯格精机,95.14,90.5,730931906.0,7854637.0,5.127,0.051269999999999996,7.30931906
301339,通行宝,11.37,11.5,64582660.0,5656968.0,-1.13,-0.0113,0.6458266
301345,涛涛车业,252.67,246.48,599298198.0,2498600.0,2.511,0.02511,5.99298198
301348,蓝箭电子,19.86,19.75,262146345.0,13297539.0,0.557,0.00557,2.62146345
301349,信德新材,42.2,41.94,188550792.0,4497600.0,0.62,0.0062,1.88550792
301353,普莱得,18.05,17.45,35523605.0,1997736.0,3.438,0.03438,0.35523605
301355,南王科技,9.8,9.68,30935192.0,3175400.0,1.24,0.0124,0.30935192
301356,天振股份,19.28,18.71,52119573.0,2718594.0,3.046,0.030459999999999997,0.52119573
301357,北方长龙,92.3,94.2,459472392.0,4981899.0,-2.017,-0.02017,4.59472392
301358,湖南裕能,65.15,65.91,1021493058.0,15719346.0,-1.153,-0.01153,10.21493058
301359,东南电子,16.11,15.95,20822117.0,1302776.0,1.003,0.010029999999999999,0.20822117
301360,荣旗科技,50.35,50.2,127336889.0,2532110.0,0.299,0.00299,1.27336889
301361,众智科技,29.2,29.36,54912509.0,1886400.0,-0.545,-0.00545,0.54912509
301362,民爆光电,133.01,126.0,853424669.0,6510644.0,5.563,0.05563,8.53424669
301363,美好医疗,16.82,16.9,177237912.0,10503540.0,-0.473,-0.00473,1.77237912
301365,矩阵股份,38.53,37.08,156401253.0,4092896.0,3.91,0.0391,1.56401253
301366,一博科技,44.44,45.83,597847389.0,13313300.0,-3.033,-0.03033,5.97847389
301367,瑞迈特,47.66,45.72,175033367.0,3812413.0,4.243,0.04243,1.75033367
301368,丰立智能,43.2,43.53,103464637.0,2384965.0,-0.758,-0.00758,1.03464637
301369,联动科技,135.24,130.39,359903658.0,2716523.0,3.72,0.037200000000000004,3.59903658
301370,国科恒泰,8.68,8.67,50203727.0,5797400.0,0.115,0.00115,0.50203727
301371,敷尔佳,25.42,25.7,61752627.0,2445825.0,-1.089,-0.01089,0.61752627
301372,科净源,29.77,29.61,27202728.0,919500.0,0.54,0.0054,0.27202728
301373,凌玮科技,89.5,85.97,535005745.0,6098431.0,4.106,0.04106,5.35005745
301376,致欧科技,20.34,20.57,86186941.0,4271599.0,-1.118,-0.01118,0.86186941
301377,鼎泰高科,428.0,416.07,2741010417.0,6429869.0,2.867,0.02867,27.41010417
301378,通达海,26.12,26.6,121620523.0,4627131.0,-1.805,-0.01805,1.21620523
301379,天山电子,21.92,21.21,485681474.0,22384823.0,3.347,0.03347,4.85681474
301380,挖金客,31.49,32.43,170348374.0,5381543.0,-2.899,-0.028990000000000002,1.70348374
301381,赛维时代,23.39,23.61,129622279.0,5512998.0,-0.932,-0.00932,1.29622279
301382,蜂助手,41.01,41.88,1232921224.0,30329540.0,-2.077,-0.02077,12.32921224
301383,天键股份,21.74,21.78,30875609.0,1425417.0,-0.184,-0.00184,0.30875609
301386,未来电器,19.96,19.93,19556028.0,986400.0,0.151,0.00151,0.19556028
301387,光大同创,53.91,52.67,132904589.0,2481898.0,2.354,0.023540000000000002,1.32904589
301388,欣灵电气,23.66,23.83,25672726.0,1091700.0,-0.713,-0.00713,0.25672726
301389,隆扬电子,49.48,48.66,400771007.0,8145553.0,1.685,0.01685,4.00771007
301390,经纬股份,29.97,29.58,26343356.0,886900.0,1.318,0.01318,0.26343356
301391,卡莱特,49.94,49.16,62020837.0,1244329.0,1.587,0.01587,0.62020837
301392,汇成真空,157.37,151.5,1167369559.0,7522749.0,3.875,0.03875,11.67369559
301393,昊帆生物,58.21,58.8,156308963.0,2679995.0,-1.003,-0.010029999999999999,1.56308963
301395,仁信新材,12.12,11.98,51670250.0,4332040.0,1.169,0.01169,0.5167025
301396,宏景科技,199.6,198.9,5302163041.0,26694426.0,0.352,0.0035199999999999997,53.02163041
301397,溯联股份,26.55,25.81,176287209.0,6702843.0,2.867,0.02867,1.76287209
301398,星源卓镁,34.35,36.02,101143112.0,2947863.0,-4.636,-0.04636,1.01143112
301399,英特科技,15.85,15.69,26039140.0,1656434.0,1.02,0.0102,0.2603914
301408,华人健康,15.13,14.79,500044301.0,32904477.0,2.299,0.02299,5.00044301
301413,安培龙,66.48,67.5,454610336.0,6715488.0,-1.511,-0.015109999999999998,4.54610336
301418,协昌科技,37.4,36.14,87209495.0,2379500.0,3.486,0.03486,0.87209495
301419,阿莱德,31.03,30.38,144427301.0,4708276.0,2.14,0.021400000000000002,1.44427301
301421,波长光电,75.07,72.82,644116595.0,8740000.0,3.09,0.030899999999999997,6.44116595
301428,世纪恒通,29.47,29.78,86126688.0,2906362.0,-1.041,-0.010409999999999999,0.86126688
301429,森泰股份,16.55,16.43,24737690.0,1505000.0,0.73,0.0073,0.2473769
301439,泓淋电力,15.1,15.2,112794434.0,7485256.0,-0.658,-0.00658,1.12794434
301446,福事特,36.56,35.67,22271351.0,621090.0,2.495,0.02495,0.22271351
301448,开创电气,42.28,43.49,80960679.0,1907577.0,-2.782,-0.02782,0.80960679
301449,天溯计量,38.3,38.79,95993264.0,2498227.0,-1.263,-0.012629999999999999,0.95993264
301456,盘古智能,23.05,23.08,30672980.0,1333600.0,-0.13,-0.0013,0.3067298
301458,钧崴电子,37.02,36.72,289289928.0,7856832.0,0.817,0.00817,2.89289928
301459,丰茂股份,35.4,35.2,38982998.0,1104850.0,0.568,0.005679999999999999,0.38982998
301468,博盈特焊,33.9,33.11,199595628.0,5930126.0,2.386,0.023860000000000003,1.99595628
301469,恒达新材,26.97,26.87,26630500.0,992500.0,0.372,0.0037199999999999998,0.266305
301479,弘景光电,48.26,48.79,80144719.0,1659820.0,-1.086,-0.010860000000000002,0.80144719
301486,致尚科技,145.8,141.7,846018622.0,5878677.0,2.893,0.028929999999999997,8.46018622
301487,盟固利,16.16,16.39,176870767.0,10930135.0,-1.403,-0.01403,1.76870767
301488,豪恩汽电,109.73,113.0,394979655.0,3598697.0,-2.894,-0.02894,3.94979655
301489,思泉新材,98.05,96.7,563145256.0,5803386.0,1.396,0.013959999999999998,5.63145256
301491,汉桑科技,39.8,39.54,47014975.0,1174071.0,0.658,0.00658,0.47014975
301498,乖宝宠物,42.18,43.05,351247971.0,8295737.0,-2.021,-0.02021,3.51247971
301499,维科精密,24.31,24.3,45707524.0,1889480.0,0.041,0.00041,0.45707524
301500,飞南资源,23.32,23.56,381611479.0,16197090.0,-1.019,-0.01019,3.81611479
301501,恒鑫生活,28.02,28.89,51408810.0,1820489.0,-3.011,-0.03011,0.5140881
301502,华阳智能,51.82,51.28,39401137.0,775789.0,1.053,0.01053,0.39401137
301503,智迪科技,21.6,21.4,17242271.0,801150.0,0.935,0.00935,0.17242271
301505,苏州规划,16.07,15.97,37078103.0,2310000.0,0.626,0.00626,0.37078103
301507,民生健康,12.2,12.17,35961713.0,2960007.0,0.247,0.00247,0.35961713
301508,中机认检,24.59,24.3,82833065.0,3354200.0,1.193,0.011930000000000001,0.82833065
301509,金凯生科,28.51,29.27,103445827.0,3604080.0,-2.597,-0.02597,1.03445827
301510,固高科技,26.56,26.96,195345485.0,7330093.0,-1.484,-0.014839999999999999,1.95345485
301511,德福科技,78.22,76.76,3020178626.0,39017886.0,1.902,0.01902,30.20178626
301512,智信精密,29.87,29.81,32815730.0,1099440.0,0.201,0.00201,0.3281573
301513,尚水智能,49.51,50.14,58995918.0,1191058.0,-1.256,-0.01256,0.58995918
301515,港通医疗,18.2,17.96,23342930.0,1287300.0,1.336,0.01336,0.2334293
301516,中远通,15.81,15.75,77535133.0,4943605.0,0.381,0.00381,0.77535133
301517,陕西华达,40.08,39.41,118455366.0,2964437.0,1.7,0.017,1.18455366
301518,长华化学,25.01,25.15,40256646.0,1614620.0,-0.557,-0.00557,0.40256646
301519,舜禹股份,11.51,11.46,30272517.0,2649594.0,0.436,0.00436,0.30272517
301520,万邦医药,50.2,49.25,757040417.0,14974380.0,1.929,0.01929,7.57040417
301522,上大股份,23.11,23.59,106394820.0,4575577.0,-2.035,-0.02035,1.0639482
301525,儒竞科技,40.58,40.88,46791641.0,1142860.0,-0.734,-0.00734,0.46791641
301526,国际复材,35.2,34.19,8583294463.0,246504166.0,2.954,0.02954,85.83294463
301528,多浦乐,50.52,47.79,90943548.0,1851305.0,5.712,0.05712,0.90943548
301529,福赛科技,79.7,79.85,177174271.0,2217952.0,-0.188,-0.00188,1.77174271
301531,春光集团,51.15,51.88,221895468.0,4309510.0,-1.407,-0.014070000000000001,2.21895468
301533,威马农机,25.96,25.26,35362372.0,1394576.0,2.771,0.02771,0.35362372
301535,浙江华远,15.59,16.81,141687803.0,8858272.0,-7.258,-0.07258,1.41687803
301536,星宸科技,119.0,114.5,2387108539.0,20262188.0,3.93,0.0393,23.87108539
301538,骏鼎达,39.49,39.29,78519462.0,1996774.0,0.509,0.00509,0.78519462
301539,宏鑫科技,14.2,14.21,21689462.0,1535656.0,-0.07,-0.0007000000000000001,0.21689462
301548,崇德科技,64.72,63.96,111996794.0,1749431.0,1.188,0.01188,1.11996794
301550,斯菱智驱,73.77,73.99,441215746.0,5972843.0,-0.297,-0.00297,4.41215746
301551,无线传媒,21.03,21.48,126176323.0,5974981.0,-2.095,-0.020950000000000003,1.26176323
301552,科力装备,23.13,23.69,44837393.0,1928361.0,-2.364,-0.023639999999999998,0.44837393
301555,惠柏新材,30.75,30.49,54277742.0,1775200.0,0.853,0.00853,0.54277742
301556,托普云农,62.85,60.45,234302471.0,3815541.0,3.97,0.0397,2.34302471
301557,常友科技,77.64,77.64,73268489.0,937911.0,0.0,0.0,0.73268489
301558,三态股份,6.63,6.7,41018722.0,6175300.0,-1.045,-0.01045,0.41018722
301559,中集环科,13.37,13.78,45327139.0,3381102.0,-2.975,-0.029750000000000002,0.45327139
301560,众捷汽车,23.31,23.37,43426205.0,1868200.0,-0.257,-0.0025700000000000002,0.43426205
301563,云汉芯城,125.3,125.16,257738323.0,2062850.0,0.112,0.0011200000000000001,2.57738323
301565,中仑新材,19.88,20.89,185001533.0,9324789.0,-4.835,-0.04835,1.85001533
301566,达利凯普,24.22,23.82,694184669.0,28864670.0,1.679,0.01679,6.94184669
301567,贝隆精密,33.77,33.24,41721159.0,1242850.0,1.594,0.01594,0.41721159
301568,思泰克,65.66,63.48,285717748.0,4405296.0,3.434,0.03434,2.85717748
301571,国科天成,60.17,58.37,312960172.0,5286894.0,3.084,0.03084,3.12960172
301575,艾芬达,27.32,27.2,19962178.0,738022.0,0.441,0.00441,0.19962178
301577,美信科技,53.33,52.5,76459026.0,1449281.0,1.581,0.01581,0.76459026
301578,辰奕智能,23.12,21.85,91842082.0,4030330.0,5.812,0.058120000000000005,0.91842082
301580,爱迪特,53.3,53.32,403877410.0,7623897.0,-0.038,-0.00037999999999999997,4.0387741
301581,黄山谷捷,35.86,36.11,21489423.0,600950.0,-0.692,-0.006919999999999999,0.21489423
301583,托伦斯,150.39,158.22,1732054409.0,11451727.0,-4.949,-0.04949,17.32054409
301584,建发致新,23.95,22.17,292386755.0,12672276.0,8.029,0.08029,2.92386755
301585,蓝宇股份,25.64,25.76,16448099.0,642643.0,-0.466,-0.00466,0.16448099
301586,佳力奇,31.41,31.48,25289068.0,805100.0,-0.222,-0.00222,0.25289068
301587,中瑞股份,21.22,21.43,65194902.0,3085897.0,-0.98,-0.0098,0.65194902
301588,美新科技,30.48,30.84,218284493.0,7150363.0,-1.167,-0.01167,2.18284493
301589,诺瓦星云,146.36,145.54,133608981.0,907327.0,0.563,0.00563,1.33608981
301590,优优绿能,76.0,74.93,68996246.0,921640.0,1.428,0.01428,0.68996246
301591,肯特股份,29.43,28.79,132505888.0,4546491.0,2.223,0.02223,1.32505888
301592,六九一二,104.0,100.8,129448809.0,1252147.0,3.175,0.03175,1.29448809
301595,太力科技,40.28,40.62,35682941.0,881544.0,-0.837,-0.008369999999999999,0.35682941
301596,瑞迪智驱,49.5,50.45,162721195.0,3288207.0,-1.883,-0.01883,1.62721195
301598,博科测试,48.05,48.16,24573615.0,512500.0,-0.228,-0.00228,0.24573615
301599,理奇智能,35.18,35.64,135444348.0,3826735.0,-1.291,-0.01291,1.35444348
301600,慧翰股份,90.9,92.67,87391367.0,956915.0,-1.91,-0.0191,0.87391367
301601,惠通科技,15.86,15.75,30879227.0,1959700.0,0.698,0.006979999999999999,0.30879227
301602,超研股份,14.94,15.15,39917787.0,2665734.0,-1.386,-0.013859999999999999,0.39917787
301603,乔锋智能,121.59,119.39,247952682.0,2052366.0,1.843,0.01843,2.47952682
301606,绿联科技,53.5,54.04,160711365.0,3009035.0,-0.999,-0.00999,1.60711365
301607,富特科技,37.17,36.36,406770980.0,10968091.0,2.228,0.02228,4.0677098
301608,博实结,46.72,48.0,73305644.0,1553608.0,-2.667,-0.02667,0.73305644
301609,山大电力,35.97,37.06,174175143.0,4853339.0,-2.941,-0.02941,1.74175143
301611,珂玛科技,95.57,93.73,1298209263.0,13682140.0,1.963,0.01963,12.98209263
301613,新铝时代,38.33,39.18,46234400.0,1201864.0,-2.169,-0.02169,0.462344
301616,浙江华业,34.8,34.78,19221446.0,554120.0,0.058,0.00058,0.19221446
301617,博苑新材,47.7,48.76,82641563.0,1718570.0,-2.174,-0.02174,0.82641563
301618,长联科技,33.39,33.62,39765114.0,1193028.0,-0.684,-0.006840000000000001,0.39765114
301622,英思特,42.61,42.98,66257656.0,1544430.0,-0.861,-0.00861,0.66257656
301626,苏州天脉,230.44,231.29,371848130.0,1622343.0,-0.368,-0.00368,3.7184813
301628,强达电路,80.7,79.85,151444662.0,1888940.0,1.064,0.01064,1.51444662
301629,矽电股份,247.01,239.21,337824938.0,1385053.0,3.261,0.03261,3.37824938
301630,同宇新材,166.2,164.81,243273219.0,1472782.0,0.843,0.00843,2.43273219
301631,壹连科技,60.9,61.51,130338326.0,2148521.0,-0.992,-0.00992,1.30338326
301632,广东建科,15.37,15.48,55850220.0,3611057.0,-0.711,-0.00711,0.5585022
301633,港迪技术,58.44,57.46,70873553.0,1215776.0,1.706,0.01706,0.70873553
301636,泽润新能,41.22,40.38,60694340.0,1503771.0,2.08,0.0208,0.6069434
301638,南网数字,23.84,24.59,466677060.0,19484566.0,-3.05,-0.0305,4.6667706
301656,联合动力,16.95,17.11,89523862.0,5246305.0,-0.935,-0.00935,0.89523862
301658,首航新能,24.61,25.05,93248591.0,3784740.0,-1.756,-0.01756,0.93248591
301662,宏工科技,70.24,71.55,185257237.0,2626139.0,-1.831,-0.01831,1.85257237
301665,泰禾股份,22.53,22.53,51776127.0,2302884.0,0.0,0.0,0.51776127
301666,大普微,439.2,433.34,1239612201.0,2859178.0,1.352,0.01352,12.39612201
301667,纳百川,68.74,70.61,375360553.0,5353639.0,-2.648,-0.02648,3.75360553
301668,昊创瑞通,36.88,38.03,124758730.0,3372588.0,-3.024,-0.03024,1.2475873
301669,高特电子,30.31,30.75,290891047.0,9573155.0,-1.431,-0.01431,2.90891047
301677,欣兴工具,64.17,69.62,656230020.0,10027238.0,-7.828,-0.07828,6.5623002
301678,新恒汇,44.99,45.02,166018701.0,3716994.0,-0.067,-0.00067,1.66018701
301680,固德电材,92.54,95.0,78525683.0,844167.0,-2.589,-0.02589,0.78525683
301682,宏明电子,128.23,130.05,315132892.0,2460335.0,-1.399,-0.01399,3.15132892
301683,慧谷新材,102.5,102.6,73172718.0,713614.0,-0.097,-0.00097,0.73172718
301687,新广益,50.5,49.81,298046262.0,5925659.0,1.385,0.01385,2.98046262
301696,三瑞智能,104.8,106.0,352649775.0,3336874.0,-1.132,-0.011319999999999998,3.52649775
302132,中航成飞,57.85,57.97,295371785.0,5116324.0,-0.207,-0.00207,2.95371785
